()                                                                          ()

<?xml version="1.0"?> <paw_setup version="0.6">
  <!-- Silver setup for the Projector Augmented Wave method. -->
  <!-- Units: Hartree and Bohr radii.                        -->
  <atom symbol="Ag" Z="47" core="36.0" valence="11"/>
  <xc_functional type="GGA" name="GLLBSC"/>
  <generator type="scalar-relativistic" name="gpaw-0.8.0">
    Frozen core: [Kr]
  </generator>
  <ae_energy kinetic="5523.865616" xc="-146.698809"
             electrostatic="-10688.494236" total="-5311.327430"/>
  <core_energy kinetic="5446.377846"/>
  <valence_states>
    <state n="5" l="0" f="1"  rc="2.450" e="-0.22738" id="Ag-5s"/>
    <state n="5" l="1" f="0"  rc="2.450" e="-0.07105" id="Ag-5p"/>
    <state n="4" l="2" f="10" rc="2.450" e="-0.36377" id="Ag-4d"/>
    <state       l="0"        rc="2.450" e=" 0.77262" id="Ag-s1"/>
    <state       l="1"        rc="2.450" e=" 0.92895" id="Ag-p1"/>
    <state       l="2"        rc="2.450" e=" 0.63623" id="Ag-d1"/>
  </valence_states> <radial_grid eq="r=a*i/(n-i)" a="0.40000000000000002"
n="750" istart="0" iend="749" id="g1"/>
  <shape_function type="gauss" rc="7.747580267413e-01"/>
  <ae_core_density grid="g1">
     3.891491398755e+05 3.891491398755e+05 3.432367070122e+05
3.115157230592e+05 2.863299675319e+05 2.650599117203e+05 2.464855753346e+05
2.299313028825e+05 2.149781107119e+05 2.013444646007e+05 1.888294684537e+05
1.772829223063e+05 1.665882843095e+05 1.566523706904e+05 1.473988153768e+05
1.387637439069e+05 1.306928113995e+05 1.231391133877e+05 1.160616737276e+05
1.094243249975e+05 1.031948625779e+05 9.734439382170e+04 9.184682906353e+04
8.667847759944e+04 8.181772261021e+04 7.724475633372e+04 7.294136184023e+04
6.889073130540e+04 6.507731319627e+04 6.148668260726e+04 5.810543031697e+04
5.492106712538e+04 5.192194077256e+04 4.909716330210e+04 4.643654716243e+04
4.393054867190e+04 4.157021773241e+04 3.934715287995e+04 3.725346092164e+04
3.528172053774e+04 3.342494933009e+04 3.167657388220e+04 3.003040246424e+04
2.848060007174e+04 2.702166553273e+04 2.564841045589e+04 2.435593982398e+04
2.313963406316e+04 2.199513244094e+04 2.091831766436e+04 1.990530156580e+04
1.895241177737e+04 1.805617930651e+04 1.721332693512e+04 1.642075837340e+04
1.567554810687e+04 1.497493188141e+04 1.431629777690e+04 1.369717782490e+04
1.311524013007e+04 1.256828145903e+04 1.205422026329e+04 1.157109010640e+04
1.111703346768e+04 1.069029589732e+04 1.028922049999e+04 9.912242725648e+03
9.557885448043e+03 9.224754313122e+03 8.911533340565e+03 8.616980763205e+03
8.339925090070e+03 8.079261379864e+03 7.833947712578e+03 7.603001847843e+03
7.385498059341e+03 7.180564135344e+03 6.987378536092e+03 6.805167699308e+03
6.633203485722e+03 6.470800756956e+03 6.317315078620e+03 6.172140541895e+03
6.034707697264e+03 5.904481594467e+03 5.780959923058e+03 5.663671248305e+03
5.552173337446e+03 5.446051571616e+03 5.344917439012e+03 5.248407105114e+03
5.156180055992e+03 5.067917810976e+03 4.983322701145e+03 4.902116710267e+03
4.824040375050e+03 4.748851741676e+03 4.676325375782e+03 4.606251423205e+03
4.538434718914e+03 4.472693941748e+03 4.408860812631e+03 4.346779334123e+03
4.286305069238e+03 4.227304457572e+03 4.169654166909e+03 4.113240478529e+03
4.057958704569e+03 4.003712635841e+03 3.950414018624e+03 3.897982058979e+03
3.846342953248e+03 3.795429443444e+03 3.745180396300e+03 3.695540404814e+03
3.646459411187e+03 3.597892350089e+03 3.549798811250e+03 3.502142720434e+03
3.454892037866e+03 3.408018473267e+03 3.361497216658e+03 3.315306684166e+03
3.269428278068e+03 3.223846160379e+03 3.178547039308e+03 3.133519967920e+03
3.088756154424e+03 3.044248783481e+03 2.999992847978e+03 2.955984990762e+03
2.912223355807e+03 2.868707448348e+03 2.825438003525e+03 2.782416863109e+03
2.739646859887e+03 2.697131709317e+03 2.654875908086e+03 2.612884639205e+03
2.571163683310e+03 2.529719335839e+03 2.488558329783e+03 2.447687763720e+03
2.407115034841e+03 2.366847776723e+03 2.326893801579e+03 2.287261046751e+03
2.247957525221e+03 2.208991279915e+03 2.170370341600e+03 2.132102690170e+03
2.094196219136e+03 2.056658703150e+03 2.019497768370e+03 1.982720865533e+03
1.946335245565e+03 1.910347937576e+03 1.874765729125e+03 1.839595148595e+03
1.804842449571e+03 1.770513597092e+03 1.736614255670e+03 1.703149778961e+03
1.670125200986e+03 1.637545228817e+03 1.605414236610e+03 1.573736260926e+03
1.542514997230e+03 1.511753797512e+03 1.481455668935e+03 1.451623273448e+03
1.422258928298e+03 1.393364607367e+03 1.364941943288e+03 1.336992230265e+03
1.309516427550e+03 1.282515163531e+03 1.255988740371e+03 1.229937139153e+03
1.204360025498e+03 1.179256755597e+03 1.154626382629e+03 1.130467663524e+03
1.106779066039e+03 1.083558776103e+03 1.060804705416e+03 1.038514499254e+03
1.016685544466e+03 9.953149776299e+02 9.743996933430e+02 9.539363526241e+02
9.339213914047e+02 9.143510290886e+02 8.952212771605e+02 8.765279478245e+02
8.582666626560e+02 8.404328612505e+02 8.230218098537e+02 8.060286099599e+02
7.894482068639e+02 7.732753981560e+02 7.575048421463e+02 7.421310662103e+02
7.271484750434e+02 7.125513588169e+02 6.983339012263e+02 6.844901874244e+02
6.710142118312e+02 6.578998858160e+02 6.451410452433e+02 6.327314578791e+02
6.206648306510e+02 6.089348167594e+02 5.975350226347e+02 5.864590147365e+02
5.757003261939e+02 5.652524632817e+02 5.551089117317e+02 5.452631428770e+02
5.357086196271e+02 5.264388022736e+02 5.174471541241e+02 5.087271469651e+02
5.002722663529e+02 4.920760167318e+02 4.841319263813e+02 4.764335521910e+02
4.689744842650e+02 4.617483503559e+02 4.547488201300e+02 4.479696092650e+02
4.414044833805e+02 4.350472618045e+02 4.288918211761e+02 4.229320988880e+02
4.171620963686e+02 4.115758822082e+02 4.061675951295e+02 4.009314468062e+02
3.958617245312e+02 3.909527937376e+02 3.861991003739e+02 3.815951731376e+02
3.771356255676e+02 3.728151580006e+02 3.686285593917e+02 3.645707090026e+02
3.606365779610e+02 3.568212306914e+02 3.531198262225e+02 3.495276193711e+02
3.460399618062e+02 3.426523029964e+02 3.393601910410e+02 3.361592733886e+02
3.330452974458e+02 3.300141110767e+02 3.270616629982e+02 3.241840030705e+02
3.213772824887e+02 3.186377538752e+02 3.159617712768e+02 3.133457900698e+02
3.107863667749e+02 3.082801587846e+02 3.058239240075e+02 3.034145204303e+02
3.010489056024e+02 2.987241360452e+02 2.964373665884e+02 2.941858496382e+02
2.919669343785e+02 2.897780659092e+02 2.876167843236e+02 2.854807237295e+02
2.833676112142e+02 2.812752657586e+02 2.792015971022e+02 2.771446045609e+02
2.751023758017e+02 2.730730855755e+02 2.710549944111e+02 2.690464472729e+02
2.670458721844e+02 2.650517788192e+02 2.630627570630e+02 2.610774755476e+02
2.590946801599e+02 2.571131925263e+02 2.551319084771e+02 2.531497964903e+02
2.511658961180e+02 2.491793163972e+02 2.471892342461e+02 2.451948928482e+02
2.431956000262e+02 2.411907266063e+02 2.391797047755e+02 2.371620264329e+02
2.351372415370e+02 2.331049564501e+02 2.310648322814e+02 2.290165832302e+02
2.269599749306e+02 2.248948227997e+02 2.228209903887e+02 2.207383877406e+02
2.186469697544e+02 2.165467345569e+02 2.144377218839e+02 2.123200114715e+02
2.101937214587e+02 2.080590068030e+02 2.059160577085e+02 2.037650980691e+02
2.016063839272e+02 1.994402019483e+02 1.972668679129e+02 1.950867252272e+02
1.929001434511e+02 1.907075168480e+02 1.885092629530e+02 1.863058211637e+02
1.840976513515e+02 1.818852324968e+02 1.796690613458e+02 1.774496510917e+02
1.752275300798e+02 1.730032405370e+02 1.707773373268e+02 1.685503867293e+02
1.663229652472e+02 1.640956584385e+02 1.618690597747e+02 1.596437695270e+02
1.574203936786e+02 1.551995428655e+02 1.529818313433e+02 1.507678759831e+02
1.485582952945e+02 1.463537084768e+02 1.441547344981e+02 1.419619912028e+02
1.397760944466e+02 1.375976572607e+02 1.354272890430e+02 1.332655947785e+02
1.311131742865e+02 1.289706214970e+02 1.268385237539e+02 1.247174611468e+02
1.226080058697e+02 1.205107216074e+02 1.184261629492e+02 1.163548748294e+02
1.142973919944e+02 1.122542384972e+02 1.102259272171e+02 1.082129594065e+02
1.062158242623e+02 1.042349985238e+02 1.022709460950e+02 1.003241176923e+02
9.839495051608e+01 9.648386794691e+01 9.459127926511e+01 9.271757939402e+01
9.086314866614e+01 8.902835261194e+01 8.721354177082e+01 8.541905152399e+01
8.364520194872e+01 8.189229769353e+01 8.016062787406e+01 7.845046598889e+01
7.676206985526e+01 7.509568156382e+01 7.345152745234e+01 7.182981809765e+01
7.023074832558e+01 6.865449723814e+01 6.710122825790e+01 6.557108918861e+01
6.406421229207e+01 6.258071438036e+01 6.112069692330e+01 5.968424617044e+01
5.827143328715e+01 5.688231450450e+01 5.551693128216e+01 5.417531048409e+01
5.285746456651e+01 5.156339177747e+01 5.029307636789e+01 4.904648881328e+01
4.782358604584e+01 4.662431169642e+01 4.544859634594e+01 4.429635778563e+01
4.316750128588e+01 4.206191987300e+01 4.097949461358e+01 3.992009490598e+01
3.888357877837e+01 3.786979319309e+01 3.687857435673e+01 3.590974803543e+01
3.496312987522e+01 3.403852572669e+01 3.313573197370e+01 3.225453586570e+01
3.139471585320e+01 3.055604192601e+01 2.973827595382e+01 2.894117202867e+01
2.816447680904e+01 2.740792986497e+01 2.667126402406e+01 2.595420571768e+01
2.525647532726e+01 2.457778753017e+01 2.391785164481e+01 2.327637197462e+01
2.265304815057e+01 2.204757547185e+01 2.145964524441e+01 2.088894511699e+01
2.033515941436e+01 1.979796946743e+01 1.927705393991e+01 1.877208915132e+01
1.828274939591e+01 1.780870725745e+01 1.734963391939e+01 1.690519947033e+01
1.647507320451e+01 1.605892391712e+01 1.565642019421e+01 1.526723069711e+01
1.489102444105e+01 1.452747106810e+01 1.417624111401e+01 1.383700626907e+01
1.350943963290e+01 1.319321596303e+01 1.288801191728e+01 1.259350628996e+01
1.230938024194e+01 1.203531752443e+01 1.177100469674e+01 1.151613133785e+01
1.127039025197e+01 1.103347766802e+01 1.080509343300e+01 1.058494119929e+01
1.037272860575e+01 1.016816745244e+01 9.970973868840e+00 9.780868475292e+00
9.597576537315e+00 9.420828112521e+00 9.250358189690e+00 9.085906819641e+00
8.927219237483e+00 8.774045975904e+00 8.626142969176e+00 8.483271647636e+00
8.345199022482e+00 8.211697760828e+00 8.082546251052e+00 7.957528658567e+00
7.836434972241e+00 7.719061041757e+00 7.605208606261e+00 7.494685314695e+00
7.387304738233e+00 7.282886375221e+00 7.181255649058e+00 7.082243899377e+00
6.985688366922e+00 6.891432172416e+00 6.799324289740e+00 6.709219513676e+00
6.620978422427e+00 6.534467335135e+00 6.449558264556e+00 6.366128865043e+00
6.284062375985e+00 6.203247560817e+00 6.123578641721e+00 6.044955230129e+00
5.967282253142e+00 5.890469875963e+00 5.814433420471e+00 5.739093280034e+00
5.664374830690e+00 5.590208338804e+00 5.516528865349e+00 5.443276166914e+00
5.370394593595e+00 5.297832983901e+00 5.225544556823e+00 5.153486801203e+00
5.081621362579e+00 5.009913927637e+00 4.938334106453e+00 4.866855312673e+00
4.795454641810e+00 4.724112747829e+00 4.652813718181e+00 4.581544947483e+00
4.510297010003e+00 4.439063531156e+00 4.367841058160e+00 4.296628930073e+00
4.225429147375e+00 4.154246241282e+00 4.083087142988e+00 4.011961053021e+00
3.940879310886e+00 3.869855265196e+00 3.798904144468e+00 3.728042928766e+00
3.657290222371e+00 3.586666127653e+00 3.516192120325e+00 3.445890926245e+00
3.375786399926e+00 3.305903404933e+00 3.236267696309e+00 3.166905805180e+00
3.097844925710e+00 3.029112804509e+00 2.960737632670e+00 2.892747940526e+00
2.825172495281e+00 2.758040201602e+00 2.691380005310e+00 2.625220800238e+00
2.559591338383e+00 2.494520143407e+00 2.430035427592e+00 2.366165012303e+00
2.302936252028e+00 2.240375962048e+00 2.178510349786e+00 2.117364949874e+00
2.056964562967e+00 1.997333198331e+00 1.938494020213e+00 1.880469298016e+00
1.823280360253e+00 1.766947552303e+00 1.711490197928e+00 1.656926564544e+00
1.603273832206e+00 1.550548066278e+00 1.498764193741e+00 1.447935983084e+00
1.398076027723e+00 1.349195732898e+00 1.301305305948e+00 1.254413749924e+00
1.208528860435e+00 1.163657225646e+00 1.119804229345e+00 1.076974056975e+00
1.035169704532e+00 9.943929902333e-01 9.546445688296e-01 9.159239484722e-01
8.782295100032e-01 8.415585285597e-01 8.059071973697e-01 7.712706536174e-01
7.376430062552e-01 7.050173656352e-01 6.733858748346e-01 6.427397425476e-01
6.130692774144e-01 5.843639236604e-01 5.566122979160e-01 5.298022270898e-01
5.039207871681e-01 4.789543428133e-01 4.548885876379e-01 4.317085850286e-01
4.093988094009e-01 3.879431877628e-01 3.673251414720e-01 3.475276280709e-01
3.285331830876e-01 3.103239616950e-01 2.928817801218e-01 2.761881567133e-01
2.602243525440e-01 2.449714114875e-01 2.304101996529e-01 2.165214441008e-01
2.032857707581e-01 1.906837414526e-01 1.786958899944e-01 1.673027572365e-01
1.564849250491e-01 1.462230491499e-01 1.364978907351e-01 1.272903468623e-01
1.185814795404e-01 1.103525434867e-01 1.025850125171e-01 9.526060453864e-02
8.836130512066e-02 8.186938962297e-02 7.576744386690e-02 7.003838333796e-02
6.466547091437e-02 5.963233311995e-02 5.492297490438e-02 5.052179295824e-02
4.641358757445e-02 4.258357307171e-02 3.901738679958e-02 3.570109674871e-02
3.262120779322e-02 2.976466659566e-02 2.711886520857e-02 2.467164340934e-02
2.241128980839e-02 2.032654177301e-02 1.840658421213e-02 1.664104726913e-02
1.502000297245e-02 1.353396089500e-02 1.217386287558e-02 1.093107685665e-02
9.797389894057e-03 8.765000395448e-03 7.826509644612e-03 6.974912669822e-03
6.203588514368e-03 5.506289967671e-03 4.877132815213e-03 4.310584665213e-03
3.801453409427e-03 3.344875374712e-03 2.936303221034e-03 2.571493640479e-03
2.246494910495e-03 1.957634353054e-03 1.701505749791e-03 1.474956761284e-03
1.275076396670e-03 1.099182577627e-03 9.448098384790e-04 8.096972017850e-04
6.917762662413e-04 5.891595411396e-04 5.001290589076e-04 4.231252945050e-04
3.567364176224e-04 2.996879007706e-04 2.508325034587e-04 2.091406497665e-04
1.736912137277e-04 1.436627240747e-04 1.183249970747e-04 9.703120341955e-05
7.921037243792e-05 6.436033429984e-05 5.204109838263e-05 4.186866359504e-05
3.350925421437e-05 2.667397269996e-05 2.111385901593e-05 1.661534423639e-05
1.299608462918e-05 1.010116102478e-05 7.799627083708e-06 5.981389080900e-06
4.554399032024e-06 3.442142394508e-06 2.581401182269e-06 1.920273133917e-06
1.416427562305e-06 1.035578679811e-06 7.501575275458e-07 5.381641245173e-07
3.821820797016e-07 2.685386594702e-07 1.865941572086e-07 1.281453526776e-07
8.692885679448e-08 5.821119404584e-08 3.845356107355e-08 2.504029815428e-08
1.606120339320e-08 1.013889177928e-08 6.293438597632e-09 3.837536523336e-09
2.296327345966e-09 1.346934006204e-09 7.735099061503e-10 4.343359197295e-10
2.381290320537e-10 1.272800813771e-10 6.621367806640e-11 3.346482841145e-11
1.639937902174e-11 7.775536689828e-12 3.558580487146e-12 1.568009726297e-12
6.633144998882e-13 2.685591916130e-13 1.037107616082e-13 3.805653467461e-14
1.321414860492e-14 4.321532412059e-15 1.324290673968e-15 3.780742976816e-16
9.991427669992e-17 2.426654834056e-17 5.372903516316e-18 1.074688351100e-18
1.922107023257e-19 3.038552302945e-20 4.190463349238e-21 4.967289436536e-22
4.976582224421e-23 4.134345203073e-24 2.787062067676e-25 1.487739164229e-26
6.119663885701e-28 1.879909552439e-29 4.143448237752e-31 6.322710035229e-33
6.462008989609e-35 4.181842235847e-37 1.614300712675e-39 3.509689323222e-42
4.015840149252e-45 2.237179524301e-48 5.542330195724e-52 5.480253405972e-56
1.893186569636e-60 1.926533803267e-65 4.590226234699e-71 1.841782865278e-77
7.411710899065e-85 1.164586704794e-93 7.149314848569e-105
  </ae_core_density>
  <pseudo_core_density grid="g1">
     2.212756074596e-01 2.212755808356e-01 2.212755006787e-01
2.212753665590e-01 2.212751780430e-01 2.212749346939e-01 2.212746360714e-01
2.212742817317e-01 2.212738712273e-01 2.212734041072e-01 2.212728799168e-01
2.212722981979e-01 2.212716584884e-01 2.212709603228e-01 2.212702032316e-01
2.212693867416e-01 2.212685103758e-01 2.212675736533e-01 2.212665760895e-01
2.212655171955e-01 2.212643964789e-01 2.212632134429e-01 2.212619675871e-01
2.212606584066e-01 2.212592853926e-01 2.212578480323e-01 2.212563458086e-01
2.212547782001e-01 2.212531446813e-01 2.212514447224e-01 2.212496777891e-01
2.212478433429e-01 2.212459408410e-01 2.212439697359e-01 2.212419294758e-01
2.212398195042e-01 2.212376392603e-01 2.212353881785e-01 2.212330656885e-01
2.212306712155e-01 2.212282041799e-01 2.212256639971e-01 2.212230500781e-01
2.212203618286e-01 2.212175986497e-01 2.212147599374e-01 2.212118450828e-01
2.212088534718e-01 2.212057844853e-01 2.212026374991e-01 2.211994118837e-01
2.211961070044e-01 2.211927222214e-01 2.211892568892e-01 2.211857103573e-01
2.211820819694e-01 2.211783710641e-01 2.211745769742e-01 2.211706990269e-01
2.211667365439e-01 2.211626888412e-01 2.211585552289e-01 2.211543350115e-01
2.211500274875e-01 2.211456319496e-01 2.211411476845e-01 2.211365739727e-01
2.211319100889e-01 2.211271553016e-01 2.211223088730e-01 2.211173700591e-01
2.211123381097e-01 2.211072122679e-01 2.211019917709e-01 2.210966758489e-01
2.210912637258e-01 2.210857546189e-01 2.210801477387e-01 2.210744422891e-01
2.210686374670e-01 2.210627324627e-01 2.210567264594e-01 2.210506186331e-01
2.210444081532e-01 2.210380941816e-01 2.210316758731e-01 2.210251523752e-01
2.210185228281e-01 2.210117863645e-01 2.210049421098e-01 2.209979891815e-01
2.209909266899e-01 2.209837537372e-01 2.209764694180e-01 2.209690728191e-01
2.209615630193e-01 2.209539390893e-01 2.209462000918e-01 2.209383450813e-01
2.209303731041e-01 2.209222831982e-01 2.209140743930e-01 2.209057457096e-01
2.208972961604e-01 2.208887247493e-01 2.208800304712e-01 2.208712123125e-01
2.208622692503e-01 2.208532002529e-01 2.208440042796e-01 2.208346802804e-01
2.208252271959e-01 2.208156439575e-01 2.208059294871e-01 2.207960826971e-01
2.207861024900e-01 2.207759877588e-01 2.207657373866e-01 2.207553502465e-01
2.207448252016e-01 2.207341611049e-01 2.207233567989e-01 2.207124111162e-01
2.207013228785e-01 2.206900908972e-01 2.206787139729e-01 2.206671908955e-01
2.206555204441e-01 2.206437013866e-01 2.206317324800e-01 2.206196124699e-01
2.206073400907e-01 2.205949140653e-01 2.205823331050e-01 2.205695959096e-01
2.205567011668e-01 2.205436475527e-01 2.205304337312e-01 2.205170583539e-01
2.205035200603e-01 2.204898174775e-01 2.204759492200e-01 2.204619138895e-01
2.204477100750e-01 2.204333363527e-01 2.204187912856e-01 2.204040734233e-01
2.203891813025e-01 2.203741134460e-01 2.203588683632e-01 2.203434445498e-01
2.203278404873e-01 2.203120546434e-01 2.202960854715e-01 2.202799314108e-01
2.202635908858e-01 2.202470623065e-01 2.202303440680e-01 2.202134345504e-01
2.201963321189e-01 2.201790351233e-01 2.201615418978e-01 2.201438507613e-01
2.201259600168e-01 2.201078679513e-01 2.200895728358e-01 2.200710729250e-01
2.200523664571e-01 2.200334516539e-01 2.200143267200e-01 2.199949898434e-01
2.199754391949e-01 2.199556729277e-01 2.199356891777e-01 2.199154860631e-01
2.198950616841e-01 2.198744141228e-01 2.198535414430e-01 2.198324416902e-01
2.198111128910e-01 2.197895530531e-01 2.197677601653e-01 2.197457321970e-01
2.197234670980e-01 2.197009627984e-01 2.196782172086e-01 2.196552282184e-01
2.196319936978e-01 2.196085114956e-01 2.195847794402e-01 2.195607953389e-01
2.195365569775e-01 2.195120621205e-01 2.194873085105e-01 2.194622938682e-01
2.194370158921e-01 2.194114722581e-01 2.193856606195e-01 2.193595786065e-01
2.193332238262e-01 2.193065938621e-01 2.192796862739e-01 2.192524985975e-01
2.192250283443e-01 2.191972730012e-01 2.191692300304e-01 2.191408968688e-01
2.191122709280e-01 2.190833495939e-01 2.190541302266e-01 2.190246101596e-01
2.189947867001e-01 2.189646571286e-01 2.189342186979e-01 2.189034686340e-01
2.188724041347e-01 2.188410223698e-01 2.188093204807e-01 2.187772955802e-01
2.187449447518e-01 2.187122650498e-01 2.186792534988e-01 2.186459070932e-01
2.186122227971e-01 2.185781975437e-01 2.185438282353e-01 2.185091117425e-01
2.184740449043e-01 2.184386245274e-01 2.184028473859e-01 2.183667102209e-01
2.183302097405e-01 2.182933426186e-01 2.182561054953e-01 2.182184949763e-01
2.181805076321e-01 2.181421399980e-01 2.181033885738e-01 2.180642498228e-01
2.180247201720e-01 2.179847960114e-01 2.179444736934e-01 2.179037495326e-01
2.178626198055e-01 2.178210807496e-01 2.177791285632e-01 2.177367594051e-01
2.176939693937e-01 2.176507546070e-01 2.176071110818e-01 2.175630348132e-01
2.175185217544e-01 2.174735678159e-01 2.174281688651e-01 2.173823207258e-01
2.173360191776e-01 2.172892599556e-01 2.172420387495e-01 2.171943512034e-01
2.171461929151e-01 2.170975594354e-01 2.170484462677e-01 2.169988488677e-01
2.169487626422e-01 2.168981829489e-01 2.168471050958e-01 2.167955243407e-01
2.167434358901e-01 2.166908348990e-01 2.166377164704e-01 2.165840756543e-01
2.165299074470e-01 2.164752067909e-01 2.164199685735e-01 2.163641876267e-01
2.163078587263e-01 2.162509765913e-01 2.161935358830e-01 2.161355312044e-01
2.160769570995e-01 2.160178080527e-01 2.159580784878e-01 2.158977627673e-01
2.158368551919e-01 2.157753499993e-01 2.157132413639e-01 2.156505233956e-01
2.155871901391e-01 2.155232355734e-01 2.154586536103e-01 2.153934380945e-01
2.153275828017e-01 2.152610814385e-01 2.151939276415e-01 2.151261149758e-01
2.150576369347e-01 2.149884869386e-01 2.149186583341e-01 2.148481443929e-01
2.147769383112e-01 2.147050332081e-01 2.146324221256e-01 2.145590980266e-01
2.144850537946e-01 2.144102822322e-01 2.143347760605e-01 2.142585279178e-01
2.141815303585e-01 2.141037758522e-01 2.140252567824e-01 2.139459654456e-01
2.138658940500e-01 2.137850347145e-01 2.137033794675e-01 2.136209202456e-01
2.135376488926e-01 2.134535571582e-01 2.133686366967e-01 2.132828790660e-01
2.131962757260e-01 2.131088180377e-01 2.130204972616e-01 2.129313045564e-01
2.128412309780e-01 2.127502674777e-01 2.126584049011e-01 2.125656339868e-01
2.124719453645e-01 2.123773295542e-01 2.122817769642e-01 2.121852778902e-01
2.120878225132e-01 2.119894008983e-01 2.118900029932e-01 2.117896186265e-01
2.116882375063e-01 2.115858492183e-01 2.114824432243e-01 2.113780088609e-01
2.112725353371e-01 2.111660117333e-01 2.110584269992e-01 2.109497699520e-01
2.108400292750e-01 2.107291935152e-01 2.106172510821e-01 2.105041902453e-01
2.103899991333e-01 2.102746657306e-01 2.101581778768e-01 2.100405232637e-01
2.099216894342e-01 2.098016637796e-01 2.096804335377e-01 2.095579857910e-01
2.094343074642e-01 2.093093853222e-01 2.091832059681e-01 2.090557558407e-01
2.089270212125e-01 2.087969881872e-01 2.086656426977e-01 2.085329705032e-01
2.083989571877e-01 2.082635881565e-01 2.081268486348e-01 2.079887236646e-01
2.078491981021e-01 2.077082566157e-01 2.075658836828e-01 2.074220635878e-01
2.072767804186e-01 2.071300180647e-01 2.069817602141e-01 2.068319903503e-01
2.066806917500e-01 2.065278474797e-01 2.063734403931e-01 2.062174531281e-01
2.060598681036e-01 2.059006675168e-01 2.057398333398e-01 2.055773473168e-01
2.054131909604e-01 2.052473455491e-01 2.050797921233e-01 2.049105114826e-01
2.047394841819e-01 2.045666905284e-01 2.043921105780e-01 2.042157241316e-01
2.040375107321e-01 2.038574496600e-01 2.036755199303e-01 2.034917002887e-01
2.033059692076e-01 2.031183048826e-01 2.029286852283e-01 2.027370878747e-01
2.025434901630e-01 2.023478691415e-01 2.021502015617e-01 2.019504638740e-01
2.017486322236e-01 2.015446824462e-01 2.013385900634e-01 2.011303302789e-01
2.009198779733e-01 2.007072077004e-01 2.004922936819e-01 2.002751098031e-01
2.000556296085e-01 1.998338262962e-01 1.996096727139e-01 1.993831413538e-01
1.991542043474e-01 1.989228334605e-01 1.986890000885e-01 1.984526752508e-01
1.982138295860e-01 1.979724333461e-01 1.977284563917e-01 1.974818681863e-01
1.972326377906e-01 1.969807338574e-01 1.967261246258e-01 1.964687779153e-01
1.962086611203e-01 1.959457412042e-01 1.956799846934e-01 1.954113576713e-01
1.951398257727e-01 1.948653541771e-01 1.945879076028e-01 1.943074503006e-01
1.940239460478e-01 1.937373581413e-01 1.934476493913e-01 1.931547821150e-01
1.928587181301e-01 1.925594187475e-01 1.922568447653e-01 1.919509564616e-01
1.916417135880e-01 1.913290753622e-01 1.910130004615e-01 1.906934470154e-01
1.903703725990e-01 1.900437342251e-01 1.897134883378e-01 1.893795908046e-01
1.890419969097e-01 1.887006613458e-01 1.883555382078e-01 1.880065809841e-01
1.876537425503e-01 1.872969751608e-01 1.869362304416e-01 1.865714593826e-01
1.862026123301e-01 1.858296389789e-01 1.854524883648e-01 1.850711088570e-01
1.846854481500e-01 1.842954532563e-01 1.839010704986e-01 1.835022455017e-01
1.830989231854e-01 1.826910477563e-01 1.822785627004e-01 1.818614107755e-01
1.814395340035e-01 1.810128736628e-01 1.805813702809e-01 1.801449636270e-01
1.797035927046e-01 1.792571957443e-01 1.788057101965e-01 1.783490727245e-01
1.778872191975e-01 1.774200846838e-01 1.769476034442e-01 1.764697089252e-01
1.759863337534e-01 1.754974097286e-01 1.750028678183e-01 1.745026381521e-01
1.739966500161e-01 1.734848318478e-01 1.729671112314e-01 1.724434148928e-01
1.719136686961e-01 1.713777976393e-01 1.708357258508e-01 1.702873765869e-01
1.697326722286e-01 1.691715342798e-01 1.686038833661e-01 1.680296392330e-01
1.674487207462e-01 1.668610458913e-01 1.662665317750e-01 1.656650946266e-01
1.650566498000e-01 1.644411117774e-01 1.638183941729e-01 1.631884097373e-01
1.625510703644e-01 1.619062870975e-01 1.612539701375e-01 1.605940288519e-01
1.599263717853e-01 1.592509066709e-01 1.585675404435e-01 1.578761792538e-01
1.571767284846e-01 1.564690927681e-01 1.557531760052e-01 1.550288813869e-01
1.542961114169e-01 1.535547679365e-01 1.528047521521e-01 1.520459646646e-01
1.512783055007e-01 1.505016741474e-01 1.497159695889e-01 1.489210903464e-01
1.481169345204e-01 1.473033998367e-01 1.464803836952e-01 1.456477832225e-01
1.448054953278e-01 1.439534167630e-01 1.430914441863e-01 1.422194742310e-01
1.413374035772e-01 1.404451290302e-01 1.395425476021e-01 1.386295565998e-01
1.377060537176e-01 1.367719371367e-01 1.358271056296e-01 1.348714586714e-01
1.339048965586e-01 1.329273205334e-01 1.319386329170e-01 1.309387372497e-01
1.299275384399e-01 1.289049429213e-01 1.278708588195e-01 1.268251961280e-01
1.257678668945e-01 1.246987854174e-01 1.236178684538e-01 1.225250354387e-01
1.214202087166e-01 1.203033137866e-01 1.191742795594e-01 1.180330386301e-01
1.168795275649e-01 1.157136872033e-01 1.145354629772e-01 1.133448052462e-01
1.121416696517e-01 1.109260174888e-01 1.096978160987e-01 1.084570392810e-01
1.072036677272e-01 1.059376894777e-01 1.046591004013e-01 1.033679046993e-01
1.020641154358e-01 1.007477550938e-01 9.941885615975e-02 9.807746173703e-02
9.672362618940e-02 9.535741581606e-02 9.397890955932e-02 9.258819974635e-02
9.118539286596e-02 8.977061038212e-02 8.834398958512e-02 8.690568448200e-02
8.545586672725e-02 8.399472659520e-02 8.252247399524e-02 8.103933953101e-02
7.954557560475e-02 7.804145756770e-02 7.652728491744e-02 7.500338254309e-02
7.347010201869e-02 7.192782294545e-02 7.037695434272e-02 6.881793608784e-02
6.725124040413e-02 6.567737339646e-02 6.409687663274e-02 6.251032876987e-02
6.091834722135e-02 5.932158986358e-02 5.772075677675e-02 5.611659201544e-02
5.450988540271e-02 5.290147434060e-02 5.129224562799e-02 4.968313727563e-02
4.807514030578e-02 4.646930052216e-02 4.486672023300e-02 4.326855990738e-02
4.167603974186e-02 4.009044111038e-02 3.851310786649e-02 3.694544746195e-02
3.538893184031e-02 3.384509805775e-02 3.231554857626e-02 3.080195116618e-02
2.930603834574e-02 2.782960627452e-02 2.637451300584e-02 2.494267598914e-02
2.353606869766e-02 2.215671623892e-02 2.080668978467e-02 1.948809963407e-02
1.820308669671e-02 1.695381215165e-02 1.574244500423e-02 1.457114722175e-02
1.344205608445e-02 1.235726333530e-02 1.131879065294e-02 1.032856090352e-02
9.388364548803e-03 8.499820498157e-03 7.664330588836e-03 6.883026760546e-03
6.156709854240e-03 5.485778808584e-03 4.870148847404e-03 4.309157044047e-03
3.801453409428e-03 3.344875374713e-03 2.936303221034e-03 2.571493640479e-03
2.246494910495e-03 1.957634353054e-03 1.701505749791e-03 1.474956761284e-03
1.275076396670e-03 1.099182577627e-03 9.448098384790e-04 8.096972017850e-04
6.917762662413e-04 5.891595411396e-04 5.001290589076e-04 4.231252945050e-04
3.567364176224e-04 2.996879007706e-04 2.508325034587e-04 2.091406497665e-04
1.736912137277e-04 1.436627240747e-04 1.183249970747e-04 9.703120341955e-05
7.921037243792e-05 6.436033429984e-05 5.204109838263e-05 4.186866359504e-05
3.350925421437e-05 2.667397269996e-05 2.111385901593e-05 1.661534423639e-05
1.299608462918e-05 1.010116102478e-05 7.799627083708e-06 5.981389080900e-06
4.554399032024e-06 3.442142394508e-06 2.581401182269e-06 1.920273133917e-06
1.416427562305e-06 1.035578679811e-06 7.501575275458e-07 5.381641245173e-07
3.821820797016e-07 2.685386594702e-07 1.865941572086e-07 1.281453526776e-07
8.692885679448e-08 5.821119404584e-08 3.845356107355e-08 2.504029815428e-08
1.606120339320e-08 1.013889177928e-08 6.293438597632e-09 3.837536523336e-09
2.296327345966e-09 1.346934006204e-09 7.735099061503e-10 4.343359197295e-10
2.381290320537e-10 1.272800813771e-10 6.621367806640e-11 3.346482841145e-11
1.639937902174e-11 7.775536689828e-12 3.558580487146e-12 1.568009726297e-12
6.633144998882e-13 2.685591916130e-13 1.037107616082e-13 3.805653467461e-14
1.321414860492e-14 4.321532412059e-15 1.324290673968e-15 3.780742976816e-16
9.991427669992e-17 2.426654834056e-17 5.372903516316e-18 1.074688351100e-18
1.922107023257e-19 3.038552302945e-20 4.190463349238e-21 4.967289436536e-22
4.976582224421e-23 4.134345203073e-24 2.787062067676e-25 1.487739164229e-26
6.119663885701e-28 1.879909552439e-29 4.143448237752e-31 6.322710035229e-33
6.462008989609e-35 4.181842235847e-37 1.614300712675e-39 3.509689323222e-42
4.015840149252e-45 2.237179524301e-48 5.542330195724e-52 5.480253405972e-56
1.893186569636e-60 1.926533803267e-65 4.590226234699e-71 1.841782865278e-77
7.411710899065e-85 1.164586704794e-93 7.149314848569e-105
  </pseudo_core_density>
  <zero_potential grid="g1">
     1.395752549815e+01 1.395752107418e+01 1.395750775495e+01
1.395748546903e+01 1.395745414446e+01 1.395741370870e+01 1.395736408865e+01
1.395730521066e+01 1.395723700049e+01 1.395715938332e+01 1.395707228376e+01
1.395697562583e+01 1.395686933294e+01 1.395675332794e+01 1.395662753304e+01
1.395649186986e+01 1.395634625941e+01 1.395619062207e+01 1.395602487762e+01
1.395584894519e+01 1.395566274329e+01 1.395546618979e+01 1.395525920190e+01
1.395504169621e+01 1.395481358863e+01 1.395457479443e+01 1.395432522820e+01
1.395406480387e+01 1.395379343467e+01 1.395351103319e+01 1.395321751128e+01
1.395291278015e+01 1.395259675026e+01 1.395226933140e+01 1.395193043264e+01
1.395157996231e+01 1.395121782805e+01 1.395084393675e+01 1.395045819457e+01
1.395006050693e+01 1.394965077848e+01 1.394922891315e+01 1.394879481409e+01
1.394834838367e+01 1.394788952352e+01 1.394741813445e+01 1.394693411652e+01
1.394643736896e+01 1.394592779022e+01 1.394540527794e+01 1.394486972895e+01
1.394432103925e+01 1.394375910400e+01 1.394318381756e+01 1.394259507340e+01
1.394199276419e+01 1.394137678170e+01 1.394074701686e+01 1.394010335973e+01
1.393944569946e+01 1.393877392436e+01 1.393808792181e+01 1.393738757829e+01
1.393667277939e+01 1.393594340977e+01 1.393519935316e+01 1.393444049236e+01
1.393366670923e+01 1.393287788469e+01 1.393207389869e+01 1.393125463020e+01
1.393041995725e+01 1.392956975686e+01 1.392870390507e+01 1.392782227692e+01
1.392692474643e+01 1.392601118663e+01 1.392508146948e+01 1.392413546596e+01
1.392317304595e+01 1.392219407833e+01 1.392119843087e+01 1.392018597031e+01
1.391915656227e+01 1.391811007133e+01 1.391704636091e+01 1.391596529338e+01
1.391486672995e+01 1.391375053072e+01 1.391261655466e+01 1.391146465956e+01
1.391029470209e+01 1.390910653773e+01 1.390790002078e+01 1.390667500438e+01
1.390543134043e+01 1.390416887965e+01 1.390288747154e+01 1.390158696435e+01
1.390026720510e+01 1.389892803958e+01 1.389756931227e+01 1.389619086642e+01
1.389479254397e+01 1.389337418557e+01 1.389193563058e+01 1.389047671701e+01
1.388899728156e+01 1.388749715959e+01 1.388597618509e+01 1.388443419070e+01
1.388287100767e+01 1.388128646588e+01 1.387968039378e+01 1.387805261843e+01
1.387640296545e+01 1.387473125902e+01 1.387303732189e+01 1.387132097532e+01
1.386958203909e+01 1.386782033152e+01 1.386603566939e+01 1.386422786800e+01
1.386239674108e+01 1.386054210086e+01 1.385866375797e+01 1.385676152150e+01
1.385483519895e+01 1.385288459621e+01 1.385090951756e+01 1.384890976566e+01
1.384688514153e+01 1.384483544453e+01 1.384276047235e+01 1.384066002099e+01
1.383853388475e+01 1.383638185624e+01 1.383420372630e+01 1.383199928405e+01
1.382976831685e+01 1.382751061028e+01 1.382522594812e+01 1.382291411234e+01
1.382057488311e+01 1.381820803874e+01 1.381581335568e+01 1.381339060852e+01
1.381093956996e+01 1.380846001080e+01 1.380595169988e+01 1.380341440416e+01
1.380084788859e+01 1.379825191617e+01 1.379562624792e+01 1.379297064282e+01
1.379028485785e+01 1.378756864793e+01 1.378482176593e+01 1.378204396261e+01
1.377923498668e+01 1.377639458467e+01 1.377352250103e+01 1.377061847802e+01
1.376768225574e+01 1.376471357207e+01 1.376171216272e+01 1.375867776114e+01
1.375561009852e+01 1.375250890378e+01 1.374937390358e+01 1.374620482222e+01
1.374300138169e+01 1.373976330162e+01 1.373649029928e+01 1.373318208952e+01
1.372983838478e+01 1.372645889507e+01 1.372304332794e+01 1.371959138844e+01
1.371610277914e+01 1.371257720006e+01 1.370901434869e+01 1.370541391994e+01
1.370177560613e+01 1.369809909697e+01 1.369438407951e+01 1.369063023816e+01
1.368683725462e+01 1.368300480792e+01 1.367913257431e+01 1.367522022730e+01
1.367126743763e+01 1.366727387323e+01 1.366323919917e+01 1.365916307771e+01
1.365504516819e+01 1.365088512707e+01 1.364668260786e+01 1.364243726112e+01
1.363814873442e+01 1.363381667234e+01 1.362944071640e+01 1.362502050506e+01
1.362055567372e+01 1.361604585461e+01 1.361149067688e+01 1.360688976645e+01
1.360224274608e+01 1.359754923530e+01 1.359280885036e+01 1.358802120425e+01
1.358318590664e+01 1.357830256387e+01 1.357337077889e+01 1.356839015127e+01
1.356336027715e+01 1.355828074921e+01 1.355315115663e+01 1.354797108509e+01
1.354274011672e+01 1.353745783006e+01 1.353212380005e+01 1.352673759799e+01
1.352129879150e+01 1.351580694451e+01 1.351026161720e+01 1.350466236600e+01
1.349900874352e+01 1.349330029855e+01 1.348753657603e+01 1.348171711699e+01
1.347584145851e+01 1.346990913373e+01 1.346391967180e+01 1.345787259782e+01
1.345176743283e+01 1.344560369378e+01 1.343938089347e+01 1.343309854054e+01
1.342675613942e+01 1.342035319032e+01 1.341388918916e+01 1.340736362755e+01
1.340077599275e+01 1.339412576765e+01 1.338741243072e+01 1.338063545595e+01
1.337379431288e+01 1.336688846649e+01 1.335991737720e+01 1.335288050082e+01
1.334577728855e+01 1.333860718686e+01 1.333136963754e+01 1.332406407761e+01
1.331668993929e+01 1.330924664999e+01 1.330173363221e+01 1.329415030358e+01
1.328649607673e+01 1.327877035935e+01 1.327097255405e+01 1.326310205841e+01
1.325515826488e+01 1.324714056075e+01 1.323904832813e+01 1.323088094389e+01
1.322263777963e+01 1.321431820164e+01 1.320592157084e+01 1.319744724276e+01
1.318889456748e+01 1.318026288961e+01 1.317155154823e+01 1.316275987685e+01
1.315388720338e+01 1.314493285007e+01 1.313589613348e+01 1.312677636444e+01
1.311757284798e+01 1.310828488333e+01 1.309891176385e+01 1.308945277698e+01
1.307990720422e+01 1.307027432106e+01 1.306055339696e+01 1.305074369530e+01
1.304084447333e+01 1.303085498214e+01 1.302077446658e+01 1.301060216526e+01
1.300033731049e+01 1.298997912824e+01 1.297952683806e+01 1.296897965311e+01
1.295833678004e+01 1.294759741899e+01 1.293676076354e+01 1.292582600065e+01
1.291479231063e+01 1.290365886711e+01 1.289242483695e+01 1.288108938025e+01
1.286965165027e+01 1.285811079341e+01 1.284646594915e+01 1.283471625001e+01
1.282286082152e+01 1.281089878216e+01 1.279882924332e+01 1.278665130927e+01
1.277436407712e+01 1.276196663674e+01 1.274945807078e+01 1.273683745456e+01
1.272410385610e+01 1.271125633603e+01 1.269829394754e+01 1.268521573639e+01
1.267202074085e+01 1.265870799162e+01 1.264527651186e+01 1.263172531710e+01
1.261805341522e+01 1.260425980640e+01 1.259034348313e+01 1.257630343009e+01
1.256213862421e+01 1.254784803455e+01 1.253343062232e+01 1.251888534083e+01
1.250421113545e+01 1.248940694358e+01 1.247447169464e+01 1.245940430999e+01
1.244420370296e+01 1.242886877878e+01 1.241339843455e+01 1.239779155924e+01
1.238204703366e+01 1.236616373039e+01 1.235014051383e+01 1.233397624010e+01
1.231766975708e+01 1.230121990435e+01 1.228462551319e+01 1.226788540654e+01
1.225099839902e+01 1.223396329687e+01 1.221677889797e+01 1.219944399181e+01
1.218195735948e+01 1.216431777368e+01 1.214652399867e+01 1.212857479030e+01
1.211046889599e+01 1.209220505473e+01 1.207378199707e+01 1.205519844515e+01
1.203645311266e+01 1.201754470487e+01 1.199847191864e+01 1.197923344240e+01
1.195982795621e+01 1.194025413172e+01 1.192051063223e+01 1.190059611267e+01
1.188050921964e+01 1.186024859144e+01 1.183981285809e+01 1.181920064133e+01
1.179841055471e+01 1.177744120357e+01 1.175629118508e+01 1.173495908834e+01
1.171344349434e+01 1.169174297607e+01 1.166985609853e+01 1.164778141880e+01
1.162551748611e+01 1.160306284187e+01 1.158041601975e+01 1.155757554575e+01
1.153453993827e+01 1.151130770818e+01 1.148787735889e+01 1.146424738647e+01
1.144041627970e+01 1.141638252017e+01 1.139214458241e+01 1.136770093392e+01
1.134305003537e+01 1.131819034064e+01 1.129312029695e+01 1.126783834501e+01
1.124234291911e+01 1.121663244728e+01 1.119070535142e+01 1.116456004743e+01
1.113819494537e+01 1.111160844964e+01 1.108479895907e+01 1.105776486716e+01
1.103050456224e+01 1.100301642762e+01 1.097529884178e+01 1.094735017861e+01
1.091916880755e+01 1.089075309385e+01 1.086210139875e+01 1.083321207971e+01
1.080408349065e+01 1.077471398219e+01 1.074510190188e+01 1.071524559446e+01
1.068514340213e+01 1.065479366483e+01 1.062419472050e+01 1.059334490535e+01
1.056224255422e+01 1.053088600084e+01 1.049927357814e+01 1.046740361861e+01
1.043527445463e+01 1.040288441877e+01 1.037023184421e+01 1.033731506507e+01
1.030413241680e+01 1.027068223656e+01 1.023696286362e+01 1.020297263979e+01
1.016870990982e+01 1.013417302182e+01 1.009936032778e+01 1.006427018391e+01
1.002890095124e+01 9.993250996009e+00 9.957318690194e+00 9.921102412033e+00
9.884600546532e+00 9.847811486008e+00 9.810733630641e+00 9.773365389038e+00
9.735705178817e+00 9.697751427199e+00 9.659502571619e+00 9.620957060358e+00
9.582113353176e+00 9.542969921977e+00 9.503525251483e+00 9.463777839922e+00
9.423726199738e+00 9.383368858320e+00 9.342704358741e+00 9.301731260525e+00
9.260448140423e+00 9.218853593215e+00 9.176946232529e+00 9.134724691679e+00
9.092187624523e+00 9.049333706344e+00 9.006161634750e+00 8.962670130597e+00
8.918857938931e+00 8.874723829958e+00 8.830266600031e+00 8.785485072666e+00
8.740378099579e+00 8.694944561750e+00 8.649183370510e+00 8.603093468657e+00
8.556673831598e+00 8.509923468517e+00 8.462841423575e+00 8.415426777137e+00
8.367678647027e+00 8.319596189821e+00 8.271178602162e+00 8.222425122120e+00
8.173335030576e+00 8.123907652646e+00 8.074142359142e+00 8.024038568068e+00
7.973595746156e+00 7.922813410448e+00 7.871691129909e+00 7.820228527094e+00
7.768425279854e+00 7.716281123094e+00 7.663795850575e+00 7.610969316770e+00
7.557801438776e+00 7.504292198270e+00 7.450441643542e+00 7.396249891565e+00
7.341717130153e+00 7.286843620161e+00 7.231629697773e+00 7.176075776848e+00
7.120182351355e+00 7.063949997871e+00 7.007379378180e+00 6.950471241939e+00
6.893226429455e+00 6.835645874542e+00 6.777730607485e+00 6.719481758109e+00
6.660900558958e+00 6.601988348588e+00 6.542746574982e+00 6.483176799099e+00
6.423280698544e+00 6.363060071394e+00 6.302516840160e+00 6.241653055910e+00
6.180470902555e+00 6.118972701306e+00 6.057160915305e+00 5.995038154453e+00
5.932607180431e+00 5.869870911926e+00 5.806832430080e+00 5.743494984157e+00
5.679861997457e+00 5.615937073474e+00 5.551724002315e+00 5.487226767387e+00
5.422449552373e+00 5.357396748503e+00 5.292072962123e+00 5.226483022600e+00
5.160631990548e+00 5.094525166404e+00 5.028168099363e+00 4.961566596681e+00
4.894726733370e+00 4.827654862277e+00 4.760357624583e+00 4.692841960718e+00
4.625115121703e+00 4.557184680938e+00 4.489058546441e+00 4.420744973546e+00
4.352252578066e+00 4.283590349926e+00 4.214767667279e+00 4.145794311094e+00
4.076680480221e+00 4.007436806935e+00 3.938074372944e+00 3.868604725855e+00
3.799039896094e+00 3.729392414242e+00 3.659675328785e+00 3.589902224244e+00
3.520087239646e+00 3.450245087306e+00 3.380391071864e+00 3.310541109536e+00
3.240711747503e+00 3.170920183377e+00 3.101184284658e+00 3.031522608089e+00
2.961954418815e+00 2.892499709222e+00 2.823179217325e+00 2.754014444575e+00
2.685027672924e+00 2.616241980960e+00 2.547681258947e+00 2.479370222543e+00
2.411334424988e+00 2.343600267496e+00 2.276195007609e+00 2.209146765219e+00
2.142484525947e+00 2.076238141569e+00 2.010438327125e+00 1.945116654352e+00
1.880305541053e+00 1.816038235990e+00 1.752348798869e+00 1.689272074977e+00
1.626843664009e+00 1.565099882599e+00 1.504077720085e+00 1.443814786993e+00
1.384349255757e+00 1.325719793174e+00 1.267965484100e+00 1.211125745910e+00
1.155240233277e+00 1.100348732827e+00 1.046491047293e+00 9.937068688290e-01
9.420356411986e-01 8.915164106417e-01 8.421876652969e-01 7.940871631678e-01
7.472517487359e-01 7.017171584583e-01 6.575178155448e-01 6.146866145747e-01
5.732546967100e-01 5.332512164660e-01 4.947031012314e-01 4.576348049731e-01
4.220680578262e-01 3.880216135449e-01 3.555109970816e-01 3.245482548600e-01
2.951417106128e-01 2.672957299593e-01 2.410104971972e-01 2.162818080651e-01
1.931008825001e-01 1.714542016428e-01 1.513233735336e-01 1.326850320792e-01
1.155107739352e-01 9.976713794088e-02 8.541563162865e-02 7.241280911557e-02
6.071040433651e-02 5.025552309485e-02 4.099089676863e-02 3.285519970901e-02
2.578343139472e-02 1.970736325757e-02 1.455604877048e-02 1.025639389836e-02
6.733783368304e-03 3.912756442355e-03 1.717724006990e-03 7.371687272775e-05
-1.092846738896e-03 -1.853388387788e-03 -2.276406845889e-03
-2.426742773993e-03 -2.364888760081e-03 -2.146363493749e-03
-1.821168954530e-03 -1.433348934178e-03 -1.020665898990e-03
-6.144110504494e-04 -2.393594099755e-04 8.612217769777e-05 3.498110252409e-04
5.452110437950e-04 6.709903152841e-04 7.302890559641e-04 7.299199142838e-04
6.794889521288e-04 5.904713557769e-04 4.752804375108e-04 3.463713322785e-04
2.154215001690e-04 9.262831777152e-05 -1.384059509198e-05 -9.821620807888e-05
-1.572982755115e-04 -1.904217552517e-04 -1.992285975078e-04
-1.872689333678e-04 -1.594698802902e-04 -1.215221966866e-04
-7.924333570082e-05 -3.797867739571e-05 -2.099814361594e-06 2.535074148281e-05
4.283486318686e-05 5.030141904232e-05 4.898723174807e-05 4.107106971526e-05
2.923539416203e-05 1.620353690672e-05 4.323003363239e-06 -4.742822503848e-06
-1.017172582820e-05 -1.197338806486e-05 -1.083003793191e-05
-7.831893430321e-06 -4.171740599036e-06 -8.682647150816e-07 1.423259952739e-06
2.479579004289e-06 2.457323471512e-06 0.000000000000e+00 0.000000000000e+00
0.000000000000e+00 0.000000000000e+00 0.000000000000e+00 0.000000000000e+00
0.000000000000e+00 0.000000000000e+00 0.000000000000e+00 0.000000000000e+00
0.000000000000e+00 0.000000000000e+00 0.000000000000e+00 0.000000000000e+00
0.000000000000e+00 0.000000000000e+00 0.000000000000e+00 0.000000000000e+00
0.000000000000e+00 0.000000000000e+00 0.000000000000e+00 0.000000000000e+00
0.000000000000e+00 0.000000000000e+00 0.000000000000e+00 0.000000000000e+00
0.000000000000e+00 0.000000000000e+00 0.000000000000e+00 0.000000000000e+00
0.000000000000e+00 0.000000000000e+00 0.000000000000e+00 0.000000000000e+00
0.000000000000e+00 0.000000000000e+00 0.000000000000e+00 0.000000000000e+00
0.000000000000e+00 0.000000000000e+00 0.000000000000e+00 0.000000000000e+00
0.000000000000e+00 0.000000000000e+00 0.000000000000e+00 0.000000000000e+00
0.000000000000e+00 0.000000000000e+00 0.000000000000e+00 0.000000000000e+00
0.000000000000e+00 0.000000000000e+00 0.000000000000e+00 0.000000000000e+00
0.000000000000e+00 0.000000000000e+00 0.000000000000e+00 0.000000000000e+00
0.000000000000e+00 0.000000000000e+00 0.000000000000e+00 0.000000000000e+00
0.000000000000e+00
  </zero_potential>
  <ae_core_kinetic_energy_density grid="g1">
     2.588968070607e+09 2.588968070607e+09 1.644237110831e+09
1.088131586556e+09 8.174386688176e+08 6.597030147402e+08 5.558167698177e+08
4.814632843233e+08 4.250248876214e+08 3.803016265528e+08 3.436957700433e+08
3.129786062707e+08 2.866951918222e+08 2.638539526705e+08 2.437543377283e+08
2.258860205234e+08 2.098673116168e+08 1.954060984953e+08 1.822742619055e+08
1.702904413180e+08 1.593081337789e+08 1.492072929702e+08 1.398882812079e+08
1.312674375034e+08 1.232737772667e+08 1.158464984452e+08 1.089330715891e+08
1.024877589406e+08 9.647045298861e+07 9.084575586638e+07 8.558224241011e+07
8.065186476746e+07 7.602946718917e+07 7.169238738543e+07 6.762012648553e+07
6.379407381252e+07 6.019727579513e+07 5.681424067906e+07 5.363077247627e+07
5.063382895065e+07 4.781139948753e+07 4.515239951003e+07 4.264657874390e+07
4.028444113525e+07 3.805717462529e+07 3.595658930420e+07 3.397506272215e+07
3.210549134185e+07 3.034124728432e+07 2.867613965623e+07 2.710437985894e+07
2.562055037155e+07 2.421957657653e+07 2.289670125957e+07 2.164746146833e+07
2.046766745879e+07 1.935338349507e+07 1.830091030014e+07 1.730676898095e+07
1.636768627473e+07 1.548058098179e+07 1.464255146706e+07 1.385086412662e+07
1.310294272758e+07 1.239635854022e+07 1.172882119054e+07 1.109817016899e+07
1.050236693846e+07 9.939487590174e+06 9.407716001800e+06 8.905337456544e+06
8.430732686069e+06 7.982372303776e+06 7.558811598124e+06 7.158685658518e+06
6.780704808813e+06 6.423650325758e+06 6.086370421695e+06 5.767776472635e+06
5.466839474484e+06 5.182586711623e+06 4.914098623369e+06 4.660505855044e+06
4.420986481439e+06 4.194763391437e+06 3.981101823423e+06 3.779307041931e+06
3.588722146668e+06 3.408726005712e+06 3.238731305305e+06 3.078182709144e+06
2.926555120624e+06 2.783352041874e+06 2.648104023903e+06 2.520367202477e+06
2.399721914767e+06 2.285771392060e+06 2.178140524181e+06 2.076474691500e+06
1.980438660691e+06 1.889715540611e+06 1.804005794925e+06 1.723026308278e+06
1.646509503012e+06 1.574202503628e+06 1.505866346320e+06 1.441275231094e+06
1.380215814126e+06 1.322486538123e+06 1.267896998618e+06 1.216267344222e+06
1.167427708970e+06 1.121217675020e+06 1.077485764045e+06 1.036088955757e+06
9.968922321006e+05 9.597681457126e+05 9.245964113534e+05 8.912635190565e+05
8.596623678363e+05 8.296919188475e+05 8.012568669525e+05 7.742673297135e+05
7.486385528767e+05 7.242906314708e+05 7.011482456880e+05 6.791404107608e+05
6.582002400950e+05 6.382647209524e+05 6.192745020237e+05 6.011736922600e+05
5.839096703709e+05 5.674329044264e+05 5.516967810312e+05 5.366574435676e+05
5.222736390312e+05 5.085065730085e+05 4.953197723689e+05 4.826789552679e+05
4.705519080780e+05 4.589083688845e+05 4.477199172042e+05 4.369598695997e+05
4.266031808837e+05 4.166263506184e+05 4.070073346353e+05 3.977254613134e+05
3.887613523650e+05 3.800968478967e+05 3.717149355194e+05 3.635996832980e+05
3.557361763388e+05 3.481104568245e+05 3.407094673171e+05 3.335209971576e+05
3.265336317992e+05 3.197367049224e+05 3.131202531839e+05 3.066749734637e+05
3.003921824762e+05 2.942637786238e+05 2.882822059740e+05 2.824404202476e+05
2.767318567128e+05 2.711503998854e+05 2.656903549373e+05 2.603464207259e+05
2.551136643562e+05 2.499874971961e+05 2.449636522662e+05 2.400381629324e+05
2.352073428308e+05 2.304677669603e+05 2.258162538793e+05 2.212498489481e+05
2.167658085609e+05 2.123615853142e+05 2.080348140609e+05 2.037832988023e+05
1.996050003737e+05 1.954980248783e+05 1.914606128321e+05 1.874911289774e+05
1.835880527310e+05 1.797499692316e+05 1.759755609530e+05 1.722635998522e+05
1.686129400234e+05 1.650225108289e+05 1.614913104810e+05 1.580184000498e+05
1.546028978722e+05 1.512439743406e+05 1.479408470495e+05 1.446927762786e+05
1.414990607954e+05 1.383590339568e+05 1.352720600940e+05 1.322375311636e+05
1.292548636496e+05 1.263234957016e+05 1.234428844953e+05 1.206125038022e+05
1.178318417563e+05 1.151003988046e+05 1.124176858331e+05 1.097832224540e+05
1.071965354472e+05 1.046571573450e+05 1.021646251515e+05 9.971847918777e+04
9.731826205558e+04 9.496351771104e+04 9.265379064170e+04 9.038862513989e+04
8.816756466572e+04 8.599015129422e+04 8.385592524019e+04 8.176442445526e+04
7.971518429248e+04 7.770773723306e+04 7.574161267077e+04 7.381633674956e+04
7.193143225020e+04 7.008641852205e+04 6.828081145618e+04 6.651412349627e+04
6.478586368409e+04 6.309553773625e+04 6.144264814941e+04 5.982669433095e+04
5.824717275273e+04 5.670357712524e+04 5.519539858993e+04 5.372212592750e+04
5.228324578013e+04 5.087824288582e+04 4.950660032289e+04 4.816779976317e+04
4.686132173221e+04 4.558664587518e+04 4.434325122709e+04 4.313061648603e+04
4.194822028842e+04 4.079554148506e+04 3.967205941715e+04 3.857725419117e+04
3.751060695191e+04 3.647160015273e+04 3.545971782245e+04 3.447444582797e+04
3.351527213221e+04 3.258168704652e+04 3.167318347725e+04 3.078925716587e+04
2.992940692218e+04 2.909313485034e+04 2.827994656725e+04 2.748935141317e+04
2.672086265425e+04 2.597399767682e+04 2.524827817344e+04 2.454323032053e+04
2.385838494762e+04 2.319327769833e+04 2.254744918293e+04 2.192044512288e+04
2.131181648715e+04 2.072111962073e+04 2.014791636528e+04 1.959177417218e+04
1.905226620812e+04 1.852897145341e+04 1.802147479309e+04 1.752936710113e+04
1.705224531780e+04 1.658971252029e+04 1.614137798694e+04 1.570685725494e+04
1.528577217188e+04 1.487775094119e+04 1.448242816152e+04 1.409944486032e+04
1.372844852168e+04 1.336909310859e+04 1.302103907967e+04 1.268395340064e+04
1.235750955042e+04 1.204138752232e+04 1.173527382014e+04 1.143886144946e+04
1.115184990428e+04 1.087394514903e+04 1.060485959625e+04 1.034431207983e+04
1.009202782427e+04 9.847738409816e+03 9.611181733751e+03 9.382101967983e+03
9.160249513021e+03 8.945380948510e+03 8.737258980466e+03 8.535652385340e+03
8.340335951064e+03 8.151090415206e+03 7.967702400387e+03 7.789964347084e+03
7.617674443962e+03 7.450636555873e+03 7.288660149649e+03 7.131560217826e+03
6.979157200425e+03 6.831276904931e+03 6.687750424576e+03 6.548414055073e+03
6.413109209907e+03 6.281682334324e+03 6.153984818108e+03 6.029872907297e+03
5.909207614925e+03 5.791854630921e+03 5.677684231258e+03 5.566571186485e+03
5.458394669715e+03 5.353038164202e+03 5.250389370586e+03 5.150340113918e+03
5.052786250547e+03 4.957627574973e+03 4.864767726749e+03 4.774114097523e+03
4.685577738292e+03 4.599073266974e+03 4.514518776345e+03 4.431835742444e+03
4.350948933500e+03 4.271786319459e+03 4.194278982179e+03 4.118361026352e+03
4.043969491215e+03 3.971044263110e+03 3.899527988953e+03 3.829365990651e+03
3.760506180529e+03 3.692898977810e+03 3.626497226190e+03 3.561256112557e+03
3.497133086877e+03 3.434087783301e+03 3.372081942515e+03 3.311079335373e+03
3.251045687825e+03 3.191948607190e+03 3.133757509772e+03 3.076443549864e+03
3.019979550139e+03 2.964339933459e+03 2.909500656105e+03 2.855439142453e+03
2.802134221097e+03 2.749566062427e+03 2.697716117675e+03 2.646567059429e+03
2.596102723621e+03 2.546308052984e+03 2.497169041984e+03 2.448672683221e+03
2.400806915302e+03 2.353560572164e+03 2.306923333864e+03 2.260885678806e+03
2.215438837416e+03 2.170574747232e+03 2.126286009420e+03 2.082565846688e+03
2.039408062587e+03 1.996807002197e+03 1.954757514156e+03 1.913254914046e+03
1.872294949095e+03 1.831873764192e+03 1.791987869183e+03 1.752634107447e+03
1.713809625709e+03 1.675511845088e+03 1.637738433353e+03 1.600487278360e+03
1.563756462660e+03 1.527544239239e+03 1.491849008384e+03 1.456669295643e+03
1.422003730859e+03 1.387851028247e+03 1.354209967506e+03 1.321079375926e+03
1.288458111476e+03 1.256345046844e+03 1.224739054412e+03 1.193638992132e+03
1.163043690283e+03 1.132951939100e+03 1.103362477217e+03 1.074273980941e+03
1.045685054299e+03 1.017594219861e+03 9.899999102941e+02 9.629004606439e+02
9.362941013062e+02 9.101789516747e+02 8.845530144400e+02 8.594141705174e+02
8.347601745847e+02 8.105886512070e+02 7.868970915258e+02 7.636828504972e+02
7.409431446539e+02 7.186750503750e+02 6.968755026412e+02 6.755412942584e+02
6.546690755304e+02 6.342553543611e+02 6.142964967695e+02 5.947887277987e+02
5.757281328007e+02 5.571106590808e+02 5.389321178830e+02 5.211881866995e+02
5.038744118884e+02 4.869862115807e+02 4.705188788627e+02 4.544675852143e+02
4.388273841898e+02 4.235932153226e+02 4.087599082399e+02 3.943221869706e+02
3.802746744307e+02 3.666118970725e+02 3.533282896805e+02 3.404182003017e+02
3.278758952943e+02 3.156955644816e+02 3.038713263985e+02 2.923972336161e+02
2.812672781336e+02 2.704753968267e+02 2.600154769399e+02 2.498813616169e+02
2.400668554587e+02 2.305657301046e+02 2.213717298322e+02 2.124785771714e+02
2.038799785333e+02 1.955696298515e+02 1.875412222353e+02 1.797884476351e+02
1.723050045151e+02 1.650846035283e+02 1.581209731838e+02 1.514078654903e+02
1.449390615558e+02 1.387083771158e+02 1.327096679575e+02 1.269368352040e+02
1.213838304181e+02 1.160446604862e+02 1.109133922437e+02 1.059841568093e+02
1.012511535988e+02 9.670865400129e+01 9.235100470729e+01 8.817263068694e+01
8.416803782842e+01 8.033181525160e+01 7.665863731966e+01 7.314326537535e+01
6.978054923120e+01 6.656542844334e+01 6.349293339820e+01 6.055818623871e+01
5.775640165409e+01 5.508288755364e+01 5.253304564135e+01 5.010237190454e+01
4.778645702657e+01 4.558098673058e+01 4.348174205887e+01 4.148459959050e+01
3.958553159817e+01 3.778060614440e+01 3.606598711604e+01 3.443793419605e+01
3.289280277097e+01 3.142704377261e+01 3.003720345256e+01 2.871992308839e+01
2.747193862062e+01 2.629008021983e+01 2.517127178359e+01 2.411253036333e+01
2.311096552137e+01 2.216377861884e+01 2.126826203520e+01 2.042179832061e+01
1.962185928246e+01 1.886600500751e+01 1.815188282137e+01 1.747722618713e+01
1.683985354513e+01 1.623766709591e+01 1.566865152853e+01 1.513087269643e+01
1.462247624334e+01 1.414168618142e+01 1.368680342423e+01 1.325620427699e+01
1.284833888665e+01 1.246172965447e+01 1.209496961366e+01 1.174672077473e+01
1.141571244141e+01 1.110073949974e+01 1.080066068310e+01 1.051439681611e+01
1.024092903996e+01 9.979297022288e+00 9.728597154133e+00 9.487980737005e+00
9.256652162788e+00 9.033867089325e+00 8.818930614471e+00 8.611195451396e+00
8.410060107870e+00 8.214967072259e+00 8.025401008878e+00 7.840886965333e+00
7.660988594404e+00 7.485306392973e+00 7.313475960416e+00 7.145166278826e+00
6.980078017322e+00 6.817941862646e+00 6.658516878127e+00 6.501588893011e+00
6.346968924054e+00 6.194491631165e+00 6.044013808770e+00 5.895412914470e+00
5.748585636445e+00 5.603446500922e+00 5.459926520935e+00 5.317971887458e+00
5.177542703881e+00 5.038611764678e+00 4.901163378981e+00 4.765192239671e+00
4.630702338454e+00 4.497705927285e+00 4.366222526381e+00 4.236277978928e+00
4.107903552516e+00 3.981135087169e+00 3.856012189763e+00 3.732577474531e+00
3.610875849199e+00 3.490953846255e+00 3.372858998733e+00 3.256639259790e+00
3.142342465312e+00 3.030015838655e+00 2.919705536583e+00 2.811456235386e+00
2.705310756101e+00 2.601309727672e+00 2.499491286866e+00 2.399890813706e+00
2.302540701102e+00 2.207470157369e+00 2.114705040257e+00 2.024267721097e+00
1.936176977656e+00 1.850447914254e+00 1.767091907690e+00 1.686116577540e+00
1.607525779344e+00 1.531319619233e+00 1.457494488539e+00 1.386043116946e+00
1.316954642753e+00 1.250214698827e+00 1.185805512877e+00 1.123706020655e+00
1.063891990781e+00 1.006336159861e+00 9.510083766439e-01 8.978757539848e-01
8.469028274171e-01 7.980517191901e-01 7.512823066657e-01 7.065523940148e-01
6.638178862030e-01 6.230329643034e-01 5.841502612239e-01 5.471210369884e-01
5.118953527611e-01 4.784222428582e-01 4.466498840391e-01 4.165257614265e-01
3.879968304531e-01 3.610096742869e-01 3.355106562369e-01 3.114460666935e-01
2.887622642063e-01 2.674058103513e-01 2.473235980886e-01 2.284629733565e-01
2.107718496946e-01 1.941988157313e-01 1.786932354140e-01 1.642053409009e-01
1.506863180711e-01 1.380883846475e-01 1.263648609623e-01 1.154702334260e-01
1.053602107954e-01 9.599177336136e-02 8.732321520572e-02 7.931417970273e-02
7.192568846067e-02 6.512016392185e-02 5.886144585687e-02 5.311480200580e-02
4.784693313317e-02 4.302597277617e-02 3.862148197572e-02 3.460443928880e-02
3.094722638659e-02 2.762360954813e-02 2.460871736179e-02 2.187901494852e-02
1.941227502016e-02 1.718754608431e-02 1.518511810406e-02 1.338648591581e-02
1.177431070283e-02 1.033237981446e-02 9.045565212986e-03 7.899780820631e-03
6.881939028812e-03 5.979906620835e-03 5.182460347279e-03 4.479242380845e-03
3.860715864457e-03 3.318120752871e-03 2.843430134239e-03 2.429307203917e-03
2.069063048483e-03 1.756615383543e-03 1.486448374389e-03 1.253573654223e-03
1.053492640371e-03 8.821602348526e-04 7.359499818932e-04 6.116207415184e-04
5.062849253457e-04 4.173783281311e-04 3.426315765928e-04 2.800432055898e-04
2.278543609106e-04 1.845251177836e-04 1.487123947852e-04 1.192494341390e-04
9.512681148138e-05 7.547493105797e-05 5.954795600423e-05 4.670911788317e-05
3.641734498877e-05 2.821514508088e-05 2.171767518168e-05 1.660292881665e-05
1.260296960215e-05 9.496139334234e-06 7.100168684301e-06 5.266119213523e-06
3.873086632245e-06 2.823597001062e-06 2.039629839935e-06 1.459204820431e-06
1.033471800145e-06 7.242473514428e-07 5.019445710010e-07 3.438467642879e-07
2.326795129404e-07 1.554395887377e-07 1.024431151338e-07 6.655924124876e-08
4.259933528153e-08 2.683528296718e-08 1.662385765017e-08 1.011728466384e-08
6.043033804959e-09 3.538526173499e-09 2.028828133020e-09 1.137524103426e-09
6.228152516870e-10 3.324918347704e-10 1.727863727692e-10 8.725017648772e-11
4.272718777439e-11 2.024883725583e-11 9.265002006908e-12 4.082611262281e-12
1.727705151195e-12 7.000261254716e-13 2.706532998202e-13 9.948539677456e-14
3.462397044145e-14 1.135797448883e-14 3.494232389852e-15 1.002551478034e-15
2.666038836228e-16 6.525562135849e-17 1.458781350163e-17 2.952602448414e-18
5.358206758882e-19 8.623057893934e-20 1.215499175448e-20 1.479915436299e-21
1.532020218458e-22 1.324670976223e-23 9.376388974113e-25 5.311092337866e-26
2.346816955248e-27 7.864828493901e-29 1.934494130910e-30 3.350900944763e-32
3.940347496356e-34 3.037005343424e-36 1.447104298781e-38 4.004391531720e-41
6.051551068288e-44 4.641728770182e-47 1.659237612491e-50 2.498275244513e-54
1.400784913555e-58 2.503147640634e-63 1.159959153056e-68 1.042563432920e-74
1.162801656236e-81 7.301520368921e-90 1.613165396281e-99
  </ae_core_kinetic_energy_density>
  <pseudo_core_kinetic_energy_density grid="g1">
     7.165746635447e-01 7.165745770216e-01 7.165743165263e-01
7.165738806616e-01 7.165732680190e-01 7.165724771789e-01 7.165715067104e-01
7.165703551709e-01 7.165690211065e-01 7.165675030515e-01 7.165657995285e-01
7.165639090481e-01 7.165618301092e-01 7.165595611985e-01 7.165571007903e-01
7.165544473469e-01 7.165515993182e-01 7.165485551413e-01 7.165453132410e-01
7.165418720292e-01 7.165382299050e-01 7.165343852544e-01 7.165303364506e-01
7.165260818534e-01 7.165216198093e-01 7.165169486514e-01 7.165120666991e-01
7.165069722585e-01 7.165016636214e-01 7.164961390661e-01 7.164903968566e-01
7.164844352427e-01 7.164782524601e-01 7.164718467298e-01 7.164652162586e-01
7.164583592381e-01 7.164512738454e-01 7.164439582426e-01 7.164364105767e-01
7.164286289792e-01 7.164206115666e-01 7.164123564396e-01 7.164038616833e-01
7.163951253670e-01 7.163861455441e-01 7.163769202518e-01 7.163674475110e-01
7.163577253264e-01 7.163477516861e-01 7.163375245612e-01 7.163270419063e-01
7.163163016588e-01 7.163053017389e-01 7.162940400497e-01 7.162825144766e-01
7.162707228872e-01 7.162586631317e-01 7.162463330419e-01 7.162337304317e-01
7.162208530965e-01 7.162076988134e-01 7.161942653407e-01 7.161805504179e-01
7.161665517654e-01 7.161522670844e-01 7.161376940570e-01 7.161228303453e-01
7.161076735919e-01 7.160922214196e-01 7.160764714307e-01 7.160604212076e-01
7.160440683119e-01 7.160274102846e-01 7.160104446459e-01 7.159931688947e-01
7.159755805089e-01 7.159576769445e-01 7.159394556363e-01 7.159209139967e-01
7.159020494163e-01 7.158828592633e-01 7.158633408834e-01 7.158434915994e-01
7.158233087112e-01 7.158027894956e-01 7.157819312059e-01 7.157607310716e-01
7.157391862987e-01 7.157172940687e-01 7.156950515390e-01 7.156724558425e-01
7.156495040870e-01 7.156261933555e-01 7.156025207056e-01 7.155784831694e-01
7.155540777532e-01 7.155293014373e-01 7.155041511756e-01 7.154786238956e-01
7.154527164980e-01 7.154264258561e-01 7.153997488164e-01 7.153726821974e-01
7.153452227897e-01 7.153173673562e-01 7.152891126308e-01 7.152604553192e-01
7.152313920977e-01 7.152019196135e-01 7.151720344844e-01 7.151417332981e-01
7.151110126122e-01 7.150798689539e-01 7.150482988197e-01 7.150162986750e-01
7.149838649536e-01 7.149509940581e-01 7.149176823586e-01 7.148839261931e-01
7.148497218672e-01 7.148150656530e-01 7.147799537899e-01 7.147443824831e-01
7.147083479042e-01 7.146718461903e-01 7.146348734440e-01 7.145974257329e-01
7.145594990889e-01 7.145210895086e-01 7.144821929522e-01 7.144428053437e-01
7.144029225702e-01 7.143625404814e-01 7.143216548897e-01 7.142802615695e-01
7.142383562567e-01 7.141959346486e-01 7.141529924033e-01 7.141095251394e-01
7.140655284356e-01 7.140209978302e-01 7.139759288207e-01 7.139303168636e-01
7.138841573735e-01 7.138374457232e-01 7.137901772429e-01 7.137423472199e-01
7.136939508983e-01 7.136449834782e-01 7.135954401156e-01 7.135453159216e-01
7.134946059622e-01 7.134433052578e-01 7.133914087825e-01 7.133389114641e-01
7.132858081830e-01 7.132320937720e-01 7.131777630160e-01 7.131228106512e-01
7.130672313646e-01 7.130110197937e-01 7.129541705259e-01 7.128966780976e-01
7.128385369943e-01 7.127797416496e-01 7.127202864449e-01 7.126601657085e-01
7.125993737155e-01 7.125379046869e-01 7.124757527891e-01 7.124129121335e-01
7.123493767756e-01 7.122851407146e-01 7.122201978927e-01 7.121545421946e-01
7.120881674469e-01 7.120210674174e-01 7.119532358143e-01 7.118846662858e-01
7.118153524194e-01 7.117452877414e-01 7.116744657157e-01 7.116028797437e-01
7.115305231635e-01 7.114573892488e-01 7.113834712089e-01 7.113087621874e-01
7.112332552616e-01 7.111569434421e-01 7.110798196717e-01 7.110018768248e-01
7.109231077068e-01 7.108435050531e-01 7.107630615284e-01 7.106817697258e-01
7.105996221666e-01 7.105166112985e-01 7.104327294958e-01 7.103479690580e-01
7.102623222090e-01 7.101757810964e-01 7.100883377907e-01 7.099999842845e-01
7.099107124911e-01 7.098205142443e-01 7.097293812973e-01 7.096373053214e-01
7.095442779056e-01 7.094502905556e-01 7.093553346925e-01 7.092594016522e-01
7.091624826844e-01 7.090645689515e-01 7.089656515275e-01 7.088657213975e-01
7.087647694562e-01 7.086627865070e-01 7.085597632610e-01 7.084556903361e-01
7.083505582557e-01 7.082443574477e-01 7.081370782434e-01 7.080287108766e-01
7.079192454821e-01 7.078086720948e-01 7.076969806486e-01 7.075841609753e-01
7.074702028029e-01 7.073550957551e-01 7.072388293497e-01 7.071213929975e-01
7.070027760010e-01 7.068829675531e-01 7.067619567360e-01 7.066397325198e-01
7.065162837611e-01 7.063915992020e-01 7.062656674683e-01 7.061384770685e-01
7.060100163924e-01 7.058802737094e-01 7.057492371677e-01 7.056168947920e-01
7.054832344830e-01 7.053482440151e-01 7.052119110355e-01 7.050742230624e-01
7.049351674836e-01 7.047947315549e-01 7.046529023985e-01 7.045096670015e-01
7.043650122143e-01 7.042189247489e-01 7.040713911771e-01 7.039223979293e-01
7.037719312922e-01 7.036199774076e-01 7.034665222703e-01 7.033115517267e-01
7.031550514725e-01 7.029970070514e-01 7.028374038529e-01 7.026762271108e-01
7.025134619009e-01 7.023490931393e-01 7.021831055805e-01 7.020154838154e-01
7.018462122694e-01 7.016752752001e-01 7.015026566955e-01 7.013283406718e-01
7.011523108716e-01 7.009745508613e-01 7.007950440293e-01 7.006137735836e-01
7.004307225497e-01 7.002458737685e-01 7.000592098937e-01 6.998707133896e-01
6.996803665288e-01 6.994881513900e-01 6.992940498553e-01 6.990980436079e-01
6.989001141295e-01 6.987002426980e-01 6.984984103851e-01 6.982945980530e-01
6.980887863526e-01 6.978809557205e-01 6.976710863763e-01 6.974591583199e-01
6.972451513286e-01 6.970290449549e-01 6.968108185227e-01 6.965904511252e-01
6.963679216218e-01 6.961432086350e-01 6.959162905472e-01 6.956871454984e-01
6.954557513822e-01 6.952220858433e-01 6.949861262742e-01 6.947478498118e-01
6.945072333342e-01 6.942642534577e-01 6.940188865328e-01 6.937711086416e-01
6.935208955936e-01 6.932682229227e-01 6.930130658836e-01 6.927553994477e-01
6.924951983003e-01 6.922324368360e-01 6.919670891557e-01 6.916991290624e-01
6.914285300571e-01 6.911552653357e-01 6.908793077841e-01 6.906006299746e-01
6.903192041621e-01 6.900350022792e-01 6.897479959328e-01 6.894581563993e-01
6.891654546203e-01 6.888698611986e-01 6.885713463933e-01 6.882698801155e-01
6.879654319237e-01 6.876579710192e-01 6.873474662411e-01 6.870338860620e-01
6.867171985826e-01 6.863973715272e-01 6.860743722385e-01 6.857481676727e-01
6.854187243940e-01 6.850860085698e-01 6.847499859652e-01 6.844106219376e-01
6.840678814313e-01 6.837217289720e-01 6.833721286613e-01 6.830190441707e-01
6.826624387361e-01 6.823022751519e-01 6.819385157648e-01 6.815711224683e-01
6.812000566961e-01 6.808252794161e-01 6.804467511241e-01 6.800644318372e-01
6.796782810877e-01 6.792882579163e-01 6.788943208655e-01 6.784964279727e-01
6.780945367633e-01 6.776886042441e-01 6.772785868959e-01 6.768644406663e-01
6.764461209626e-01 6.760235826444e-01 6.755967800159e-01 6.751656668186e-01
6.747301962233e-01 6.742903208225e-01 6.738459926224e-01 6.733971630346e-01
6.729437828682e-01 6.724858023217e-01 6.720231709740e-01 6.715558377762e-01
6.710837510430e-01 6.706068584440e-01 6.701251069943e-01 6.696384430458e-01
6.691468122781e-01 6.686501596891e-01 6.681484295854e-01 6.676415655729e-01
6.671295105468e-01 6.666122066822e-01 6.660895954236e-01 6.655616174753e-01
6.650282127904e-01 6.644893205608e-01 6.639448792068e-01 6.633948263656e-01
6.628390988812e-01 6.622776327929e-01 6.617103633240e-01 6.611372248708e-01
6.605581509908e-01 6.599730743907e-01 6.593819269153e-01 6.587846395347e-01
6.581811423323e-01 6.575713644928e-01 6.569552342888e-01 6.563326790691e-01
6.557036252448e-01 6.550679982769e-01 6.544257226626e-01 6.537767219220e-01
6.531209185844e-01 6.524582341744e-01 6.517885891981e-01 6.511119031285e-01
6.504280943912e-01 6.497370803501e-01 6.490387772920e-01 6.483331004120e-01
6.476199637981e-01 6.468992804160e-01 6.461709620931e-01 6.454349195028e-01
6.446910621485e-01 6.439392983476e-01 6.431795352142e-01 6.424116786435e-01
6.416356332940e-01 6.408513025708e-01 6.400585886083e-01 6.392573922523e-01
6.384476130427e-01 6.376291491951e-01 6.368018975828e-01 6.359657537182e-01
6.351206117344e-01 6.342663643661e-01 6.334029029303e-01 6.325301173076e-01
6.316478959219e-01 6.307561257213e-01 6.298546921576e-01 6.289434791662e-01
6.280223691458e-01 6.270912429376e-01 6.261499798047e-01 6.251984574104e-01
6.242365517974e-01 6.232641373664e-01 6.222810868537e-01 6.212872713098e-01
6.202825600772e-01 6.192668207678e-01 6.182399192405e-01 6.172017195787e-01
6.161520840667e-01 6.150908731674e-01 6.140179454983e-01 6.129331578085e-01
6.118363649550e-01 6.107274198786e-01 6.096061735803e-01 6.084724750972e-01
6.073261714778e-01 6.061671077585e-01 6.049951269383e-01 6.038100699549e-01
6.026117756595e-01 6.014000807926e-01 6.001748199588e-01 5.989358256021e-01
5.976829279811e-01 5.964159551441e-01 5.951347329040e-01 5.938390848137e-01
5.925288321412e-01 5.912037938448e-01 5.898637865482e-01 5.885086245165e-01
5.871381196310e-01 5.857520813656e-01 5.843503167623e-01 5.829326304075e-01
5.814988244085e-01 5.800486983697e-01 5.785820493702e-01 5.770986719408e-01
5.755983580418e-01 5.740808970415e-01 5.725460756943e-01 5.709936781208e-01
5.694234857868e-01 5.678352774843e-01 5.662288293128e-01 5.646039146608e-01
5.629603041888e-01 5.612977658132e-01 5.596160646907e-01 5.579149632041e-01
5.561942209490e-01 5.544535947219e-01 5.526928385098e-01 5.509117034802e-01
5.491099379741e-01 5.472872874989e-01 5.454434947249e-01 5.435782994814e-01
5.416914387569e-01 5.397826466997e-01 5.378516546215e-01 5.358981910036e-01
5.339219815043e-01 5.319227489704e-01 5.299002134509e-01 5.278540922131e-01
5.257840997631e-01 5.236899478683e-01 5.215713455846e-01 5.194279992864e-01
5.172596127014e-01 5.150658869490e-01 5.128465205835e-01 5.106012096418e-01
5.083296476963e-01 5.060315259133e-01 5.037065331161e-01 5.013543558549e-01
4.989746784827e-01 4.965671832378e-01 4.941315503327e-01 4.916674580512e-01
4.891745828531e-01 4.866525994861e-01 4.841011811080e-01 4.815199994164e-01
4.789087247891e-01 4.762670264342e-01 4.735945725507e-01 4.708910305009e-01
4.681560669942e-01 4.653893482835e-01 4.625905403750e-01 4.597593092516e-01
4.568953211108e-01 4.539982426188e-01 4.510677411796e-01 4.481034852221e-01
4.451051445048e-01 4.420723904392e-01 4.390048964337e-01 4.359023382574e-01
4.327643944272e-01 4.295907466168e-01 4.263810800908e-01 4.231350841644e-01
4.198524526890e-01 4.165328845677e-01 4.131760842990e-01 4.097817625526e-01
4.063496367775e-01 4.028794318448e-01 3.993708807269e-01 3.958237252138e-01
3.922377166702e-01 3.886126168339e-01 3.849481986582e-01 3.812442472002e-01
3.775005605577e-01 3.737169508564e-01 3.698932452900e-01 3.660292872166e-01
3.621249373125e-01 3.581800747871e-01 3.541945986624e-01 3.501684291180e-01
3.461015089072e-01 3.419938048452e-01 3.378453093741e-01 3.336560422075e-01
3.294260520583e-01 3.251554184532e-01 3.208442536383e-01 3.164927045781e-01
3.121009550537e-01 3.076692278623e-01 3.031977871243e-01 2.986869406992e-01
2.941370427170e-01 2.895484962284e-01 2.849217559770e-01 2.802573312999e-01
2.755557891579e-01 2.708177573019e-01 2.660439275785e-01 2.612350593773e-01
2.563919832255e-01 2.515156045314e-01 2.466069074804e-01 2.416669590856e-01
2.366969133947e-01 2.316980158548e-01 2.266716078349e-01 2.216191313062e-01
2.165421336781e-01 2.114422727868e-01 2.063213220325e-01 2.011811756593e-01
1.960238541682e-01 1.908515098543e-01 1.856664324535e-01 1.804710548836e-01
1.752679590581e-01 1.700598817504e-01 1.648497204776e-01 1.596405393709e-01
1.544355749909e-01 1.492382420414e-01 1.440521389233e-01 1.388810530661e-01
1.337289659590e-01 1.286000577938e-01 1.234987116185e-01 1.184295168826e-01
1.133972722381e-01 1.084069874413e-01 1.034638841722e-01 9.857339556899e-02
9.374116423548e-02 8.897303845371e-02 8.427506628710e-02 7.965348721854e-02
7.511472091454e-02 7.066535264817e-02 6.631211484644e-02 6.206186415116e-02
5.792155329482e-02 5.389819699344e-02 4.999883094399e-02 4.623046288378e-02
4.260001452016e-02 3.911425296809e-02 3.577971013814e-02 3.260258829363e-02
2.958864973937e-02 2.674308831062e-02 2.407037999350e-02 2.157410962078e-02
1.925677014222e-02 1.711953045641e-02 1.516196720270e-02 1.338175523318e-02
1.177431070283e-02 1.033237981446e-02 9.045565212986e-03 7.899780820631e-03
6.881939028812e-03 5.979906620835e-03 5.182460347279e-03 4.479242380845e-03
3.860715864457e-03 3.318120752871e-03 2.843430134239e-03 2.429307203917e-03
2.069063048483e-03 1.756615383543e-03 1.486448374389e-03 1.253573654223e-03
1.053492640371e-03 8.821602348526e-04 7.359499818932e-04 6.116207415184e-04
5.062849253457e-04 4.173783281311e-04 3.426315765928e-04 2.800432055898e-04
2.278543609106e-04 1.845251177836e-04 1.487123947852e-04 1.192494341390e-04
9.512681148138e-05 7.547493105797e-05 5.954795600423e-05 4.670911788317e-05
3.641734498877e-05 2.821514508088e-05 2.171767518168e-05 1.660292881665e-05
1.260296960215e-05 9.496139334234e-06 7.100168684301e-06 5.266119213523e-06
3.873086632245e-06 2.823597001062e-06 2.039629839935e-06 1.459204820431e-06
1.033471800145e-06 7.242473514428e-07 5.019445710010e-07 3.438467642879e-07
2.326795129404e-07 1.554395887377e-07 1.024431151338e-07 6.655924124876e-08
4.259933528153e-08 2.683528296718e-08 1.662385765017e-08 1.011728466384e-08
6.043033804959e-09 3.538526173499e-09 2.028828133020e-09 1.137524103426e-09
6.228152516870e-10 3.324918347704e-10 1.727863727692e-10 8.725017648772e-11
4.272718777439e-11 2.024883725583e-11 9.265002006908e-12 4.082611262281e-12
1.727705151195e-12 7.000261254716e-13 2.706532998202e-13 9.948539677456e-14
3.462397044145e-14 1.135797448883e-14 3.494232389852e-15 1.002551478034e-15
2.666038836228e-16 6.525562135849e-17 1.458781350163e-17 2.952602448414e-18
5.358206758882e-19 8.623057893934e-20 1.215499175448e-20 1.479915436299e-21
1.532020218458e-22 1.324670976223e-23 9.376388974113e-25 5.311092337866e-26
2.346816955248e-27 7.864828493901e-29 1.934494130910e-30 3.350900944763e-32
3.940347496356e-34 3.037005343424e-36 1.447104298781e-38 4.004391531720e-41
6.051551068288e-44 4.641728770182e-47 1.659237612491e-50 2.498275244513e-54
1.400784913555e-58 2.503147640634e-63 1.159959153056e-68 1.042563432920e-74
1.162801656236e-81 7.301520368921e-90 1.613165396281e-99
  </pseudo_core_kinetic_energy_density>
  <GLLB_core_response grid="g1">
     1.177672778144e+06 1.177672778144e+06 1.038857300544e+06
9.429703857146e+05 8.668444884779e+05 8.025536853403e+05 7.464069132590e+05
6.963601005513e+05 6.511457889610e+05 6.099124050085e+05 5.720523713552e+05
5.371115150549e+05 5.047375175693e+05 4.746487505144e+05 4.466144861022e+05
4.204418067547e+05 3.959666415992e+05 3.730474437836e+05 3.515606137453e+05
3.313971100119e+05 3.124598880891e+05 2.946619296805e+05 2.779247011335e+05
2.621769295684e+05 2.473536179521e+05 2.333952425517e+05 2.202470914823e+05
2.078587137718e+05 1.961834559925e+05 1.851780690195e+05 1.748023715113e+05
1.650189597007e+05 1.557929553242e+05 1.470917852242e+05 1.388849874531e+05
1.311440397198e+05 1.238422068008e+05 1.169544041528e+05 1.104570754550e+05
1.043280821957e+05 9.854660373246e+04 9.309304650661e+04 8.794896130000e+04
8.309696758992e+04 7.852068419680e+04 7.420466553440e+04 7.013434286778e+04
6.629597006453e+04 6.267657339157e+04 5.926390496709e+04 5.604639952516e+04
5.301313419142e+04 5.015379100382e+04 4.745862194204e+04 4.491841625570e+04
4.252446990353e+04 4.026855693573e+04 3.814290266840e+04 3.614015851402e+04
3.425337834520e+04 3.247599628009e+04 3.080180578858e+04 2.922494002679e+04
2.773985331614e+04 2.634130368971e+04 2.502433643561e+04 2.378426857246e+04
2.261667419727e+04 2.151737065093e+04 2.048240545028e+04 1.950804393989e+04
1.859075762001e+04 1.772721311018e+04 1.691426171098e+04 1.614892952892e+04
1.542840813202e+04 1.475004570541e+04 1.411133867890e+04 1.350992379968e+04
1.294357062549e+04 1.241017441486e+04 1.190774939270e+04 1.143442237064e+04
1.098842670291e+04 1.056809655971e+04 1.017186150092e+04 9.798241334236e+03
9.445841242478e+03 9.113347165978e+03 8.799521426446e+03 8.503198579702e+03
8.223281485254e+03 7.958737581390e+03 7.708595355057e+03 7.471940996400e+03
7.247915228373e+03 7.035710302337e+03 6.834567151057e+03 6.643772690975e+03
6.462657266045e+03 6.290592225845e+03 6.126987631042e+03 5.971290079682e+03
5.822980648083e+03 5.681572940455e+03 5.546611241671e+03 5.417668767899e+03
5.294346010078e+03 5.176269165481e+03 5.063088652852e+03 4.954477706826e+03
4.850131047576e+03 4.749763621822e+03 4.653109411534e+03 4.559920306864e+03
4.469965040002e+03 4.383028176806e+03 4.298909163263e+03 4.217421423922e+03
4.138391509643e+03 4.061658292101e+03 3.987072202632e+03 3.914494513127e+03
3.843796656796e+03 3.774859586720e+03 3.707573170250e+03 3.641835617363e+03
3.577552941216e+03 3.514638449221e+03 3.453012263027e+03 3.392600865912e+03
3.333336676132e+03 3.275157644867e+03 3.218006877461e+03 3.161832276728e+03
3.106586207156e+03 3.052225178888e+03 2.998709550441e+03 2.946003249145e+03
2.894073508373e+03 2.842890620634e+03 2.792427705695e+03 2.742660492914e+03
2.693567117003e+03 2.645127926502e+03 2.597325304260e+03 2.550143499279e+03
2.503568469269e+03 2.457587733357e+03 2.412190234351e+03 2.367366210055e+03
2.323107073112e+03 2.279405298900e+03 2.236254321029e+03 2.193648434004e+03
2.151582702645e+03 2.110052877876e+03 2.069055318527e+03 2.028586918778e+03
1.988645040938e+03 1.949227453237e+03 1.910332272330e+03 1.871957910243e+03
1.834103025490e+03 1.796766478109e+03 1.759947288384e+03 1.723644599021e+03
1.687857640573e+03 1.652585699906e+03 1.617828091515e+03 1.583584131520e+03
1.549853114155e+03 1.516634290609e+03 1.483926850040e+03 1.451729902652e+03
1.420042464664e+03 1.388863445073e+03 1.358191634064e+03 1.328025692976e+03
1.298364145695e+03 1.269205371386e+03 1.240547598466e+03 1.212388899718e+03
1.184727188473e+03 1.157560215773e+03 1.130885568438e+03 1.104700667966e+03
1.079002770205e+03 1.053788965728e+03 1.029056180847e+03 1.004801179221e+03
9.810205640010e+02 9.577107804521e+02 9.348681190283e+02 9.124887188341e+02
8.905685714464e+02 8.691035250526e+02 8.480892888699e+02 8.275214378134e+02
8.073954173804e+02 7.877065487222e+02 7.684500338752e+02 7.496209611273e+02
7.312143104938e+02 7.132249592822e+02 6.956476877244e+02 6.784771846571e+02
6.617080532330e+02 6.453348166457e+02 6.293519238537e+02 6.137537552888e+02
5.985346285357e+02 5.836888039717e+02 5.692104903540e+02 5.550938503463e+02
5.413330059733e+02 5.279220439971e+02 5.148550212052e+02 5.021259696050e+02
4.897289015183e+02 4.776578145695e+02 4.659066965625e+02 4.544695302426e+02
4.433402979393e+02 4.325129860855e+02 4.219815896116e+02 4.117401162116e+02
4.017825904786e+02 3.921030579083e+02 3.826955887700e+02 3.735542818425e+02
3.646732680166e+02 3.560467137611e+02 3.476688244548e+02 3.395338475834e+02
3.316360758018e+02 3.239698498631e+02 3.165295614146e+02 3.093096556624e+02
3.023046339053e+02 2.955090559400e+02 2.889175423384e+02 2.825247766001e+02
2.763255071792e+02 2.703145493905e+02 2.644867871944e+02 2.588371748642e+02
2.533607385362e+02 2.480525776465e+02 2.429078662556e+02 2.379218542629e+02
2.330898685138e+02 2.284073138019e+02 2.238696737673e+02 2.194725116958e+02
2.152114712183e+02 2.110822769163e+02 2.070807348332e+02 2.032027328952e+02
1.994442412452e+02 1.958013124907e+02 1.922700818695e+02 1.888467673361e+02
1.855276695706e+02 1.823091719142e+02 1.791877402329e+02 1.761599227124e+02
1.732223495883e+02 1.703717328122e+02 1.676048656578e+02 1.649186222699e+02
1.623099571576e+02 1.597759046355e+02 1.573135782148e+02 1.549201699474e+02
1.525929497237e+02 1.503292645294e+02 1.481265376599e+02 1.459822678979e+02
1.438940286541e+02 1.418594670741e+02 1.398763031128e+02 1.379423285793e+02
1.360554061534e+02 1.342134683755e+02 1.324145166125e+02 1.306566200002e+02
1.289379143656e+02 1.272566011289e+02 1.256109461885e+02 1.239992787890e+02
1.224199903755e+02 1.208715334337e+02 1.193524203192e+02 1.178612220761e+02
1.163965672462e+02 1.149571406718e+02 1.135416822909e+02 1.121489859285e+02
1.107778980830e+02 1.094273167112e+02 1.080961900108e+02 1.067835152032e+02
1.054883373168e+02 1.042097479719e+02 1.029468841692e+02 1.016989270812e+02
1.004651008486e+02 9.924467138277e+01 9.803694517441e+01 9.684126810942e+01
9.565702429335e+01 9.448363488465e+01 9.332055693758e+01 9.216728225572e+01
9.102333625642e+01 8.988827684714e+01 8.876169331417e+01 8.764320522426e+01
8.653246133984e+01 8.542913854828e+01 8.433294080575e+01 8.324359809601e+01
8.216086540478e+01 8.108452170988e+01 8.001436898772e+01 7.895023123630e+01
7.789195351523e+01 7.683940100294e+01 7.579245807141e+01 7.475102737866e+01
7.371502897926e+01 7.268439945291e+01 7.165909105156e+01 7.063907086484e+01
6.962432000430e+01 6.861483280632e+01 6.761061605387e+01 6.661168821716e+01
6.561807871332e+01 6.462982718497e+01 6.364698279782e+01 6.266960355726e+01
6.169775564391e+01 6.073151276805e+01 5.977095554293e+01 5.881617087687e+01
5.786725138400e+01 5.692429481364e+01 5.598740349810e+01 5.505668381885e+01
5.413224569087e+01 5.321420206502e+01 5.230266844828e+01 5.139776244169e+01
5.049960329582e+01 4.960831148345e+01 4.872400828945e+01 4.784681541748e+01
4.697685461331e+01 4.611424730468e+01 4.525911425717e+01 4.441157524619e+01
4.357174874446e+01 4.273975162508e+01 4.191569887966e+01 4.109970335135e+01
4.029187548249e+01 3.949232307665e+01 3.870115107462e+01 3.791846134425e+01
3.714435248378e+01 3.637891963826e+01 3.562225432899e+01 3.487444429550e+01
3.413557334983e+01 3.340572124285e+01 3.268496354227e+01 3.197337152205e+01
3.127101206297e+01 3.057794756395e+01 2.989423586391e+01 2.921993017385e+01
2.855507901882e+01 2.789972618952e+01 2.725391070323e+01 2.661766677374e+01
2.599102378999e+01 2.537400630322e+01 2.476663402221e+01 2.416892181637e+01
2.358087972643e+01 2.300251298243e+01 2.243382202868e+01 2.187480255548e+01
2.132544553730e+01 2.078573727709e+01 2.025565945659e+01 1.973518919222e+01
1.922429909638e+01 1.872295734384e+01 1.823112774311e+01 1.774876981227e+01
1.727583885931e+01 1.681228606649e+01 1.635805857869e+01 1.591309959529e+01
1.547734846559e+01 1.505074078726e+01 1.463320850795e+01 1.422468002946e+01
1.382508031449e+01 1.343433099580e+01 1.305235048727e+01 1.267905409706e+01
1.231435414230e+01 1.195816006539e+01 1.161037855157e+01 1.127091364756e+01
1.093966688117e+01 1.061653738170e+01 1.030142200083e+01 9.994215433982e+00
9.694810341858e+00 9.403097472108e+00 9.118965780868e+00 8.842302554068e+00
8.572993528351e+00 8.310923011449e+00 8.055974001886e+00 7.808028307864e+00
7.566966665206e+00 7.332668854235e+00 7.105013815459e+00 6.883879763960e+00
6.669144302369e+00 6.460684532326e+00 6.258377164339e+00 6.062098625932e+00
5.871725168010e+00 5.687132969366e+00 5.508198239239e+00 5.334797317879e+00
5.166806775035e+00 5.004103506332e+00 4.846564827466e+00 4.694068566183e+00
4.546493151993e+00 4.403717703574e+00 4.265622113831e+00 4.132087132550e+00
4.002994446619e+00 3.878226757734e+00 3.757667857554e+00 3.641202700201e+00
3.528717472043e+00 3.420099658641e+00 3.315238108765e+00 3.214023095352e+00
3.116346373280e+00 3.022101233846e+00 2.931182555817e+00 2.843486852959e+00
2.758912317957e+00 2.677358862666e+00 2.598728154672e+00 2.522923650171e+00
2.449850623205e+00 2.379416191351e+00 2.311529337964e+00 2.246100931119e+00
2.183043739424e+00 2.122272444866e+00 2.063703652897e+00 2.007255899915e+00
1.952849658353e+00 1.900407339514e+00 1.849853294335e+00 1.801113812189e+00
1.754117117876e+00 1.708793366882e+00 1.665074639013e+00 1.622894930467e+00
1.582190144410e+00 1.542898080112e+00 1.504958420677e+00 1.468312719411e+00
1.432904384865e+00 1.398678664574e+00 1.365582627526e+00 1.333565145402e+00
1.302576872588e+00 1.272570225022e+00 1.243499357886e+00 1.215320142185e+00
1.187990140250e+00 1.161468580193e+00 1.135716329373e+00 1.110695866885e+00
1.086371255143e+00 1.062708110584e+00 1.039673573545e+00 1.017236277351e+00
9.953663166844e-01 9.740352152494e-01 9.532158928172e-01 9.328826316763e-01
9.130110425518e-01 8.935780300411e-01 8.745617576177e-01 8.559416122564e-01
8.376981687306e-01 8.198131536347e-01 8.022694091834e-01 7.850508568396e-01
7.681424608229e-01 7.515301915494e-01 7.352009890539e-01 7.191427264444e-01
7.033441734384e-01 6.877949600298e-01 6.724855403340e-01 6.574071566584e-01
6.425518038434e-01 6.279121939196e-01 6.134817211240e-01 5.992544273175e-01
5.852249678449e-01 5.713885778764e-01 5.577410392690e-01 5.442786479840e-01
5.309981820953e-01 5.178968704222e-01 5.049723618178e-01 4.922226951422e-01
4.796462699506e-01 4.672418179190e-01 4.550083750358e-01 4.429452545785e-01
4.310520208981e-01 4.193284640291e-01 4.077745751425e-01 3.963905228554e-01
3.851766304128e-01 3.741333537491e-01 3.632612604425e-01 3.525610095663e-01
3.420333324447e-01 3.316790143160e-01 3.214988769044e-01 3.114937619025e-01
3.016645153596e-01 2.920119729763e-01 2.825369462961e-01 2.732402097910e-01
2.641224888305e-01 2.551844485246e-01 2.464266834297e-01 2.378497081054e-01
2.294539485057e-01 2.212397341922e-01 2.132072913496e-01 2.053567365883e-01
1.976880715126e-01 1.902011780367e-01 1.828958144255e-01 1.757716120390e-01
1.688280727584e-01 1.620645670681e-01 1.554803327716e-01 1.490744743145e-01
1.428459626904e-01 1.367936359027e-01 1.309161999571e-01 1.252122303559e-01
1.196801740701e-01 1.143183519590e-01 1.091249616119e-01 1.040980805839e-01
9.923566999806e-02 9.453557848659e-02 8.999554644451e-02 8.561321056768e-02
8.138610864903e-02 7.731168460628e-02 7.338729371505e-02 6.961020802156e-02
6.597762190966e-02 6.248665779755e-02 5.913437193983e-02 5.591776031145e-02
5.283376455062e-02 4.987927793836e-02 4.705115139332e-02 4.434619946104e-02
4.176120627774e-02 3.929293148956e-02 3.693811610884e-02 3.469348829028e-02
3.255576901020e-02 3.052167763356e-02 2.858793735383e-02 2.675128049217e-02
2.500845364304e-02 2.335622265441e-02 2.179137743170e-02 2.031073655555e-02
1.891115170443e-02 1.758951187417e-02 1.634274738718e-02 1.516783368542e-02
1.406179490191e-02 1.302170720639e-02 1.204470192188e-02 1.112796840962e-02
1.026875672077e-02 9.464380014112e-03 8.712216739734e-03 8.009712589635e-03
7.354382216760e-03 6.743810724877e-03 6.175654932310e-03 5.647644413277e-03
5.157582321204e-03 4.703345998997e-03 4.282887381844e-03 3.894233198633e-03
3.535484978600e-03 3.204818870276e-03 2.900485280214e-03 2.620808339390e-03
2.364185205496e-03 2.129085209677e-03 1.914048856487e-03 1.717686686131e-03
1.538678008189e-03 1.375769516193e-03 1.227773792552e-03 1.093567713345e-03
9.720907625885e-04 8.623432655261e-04 7.633845504890e-04 6.743310487596e-04
5.943543417818e-04 5.226791648952e-04 4.585813765965e-04 4.013859021140e-04
3.504646598346e-04 3.052344788518e-04 2.651550156011e-04 2.297266772206e-04
1.984885589269e-04 1.710164023209e-04 1.469205811482e-04 1.258441206262e-04
1.074607560254e-04 9.147303575103e-05 7.761047372318e-05 6.562775538992e-05
5.530300124643e-05 4.643609126041e-05 3.884705313475e-05 3.237451686844e-05
2.687423761186e-05 2.221768835322e-05 1.829072352405e-05 1.499231417358e-05
1.223335493864e-05 9.935542629279e-06 8.030325862633e-06 6.457924811732e-06
5.166419792893e-06 4.110907098140e-06 3.252720188432e-06 2.558714101460e-06
2.000610695312e-06 1.554402147488e-06 1.199809958156e-06 9.197965676595e-07
7.001265910508e-07 5.289745966426e-07 3.965763106580e-07 2.949201150063e-07
2.174757188371e-07 1.589569251939e-07 1.151154799239e-07 8.256307881664e-08
5.861871832012e-08 4.117870247658e-08 2.860676114152e-08 1.964188920738e-08
1.332168051202e-08 8.919100462712e-09 5.890815308165e-09 3.835370735222e-09
2.459685506701e-09 1.552494855600e-09 9.635412036119e-10 5.874646384409e-10
3.514909099876e-10 2.061492428950e-10 1.183750877907e-10 6.646345433786e-11
3.643642736490e-11 1.947392693660e-11 1.013009795506e-11 5.119533315500e-12
2.508694736529e-12 1.189411252737e-12 5.443298163092e-13 2.398390847483e-13
1.014561989098e-13 4.107606472808e-14 1.586222030422e-14 5.820525407521e-15
2.020999502366e-15 6.609368629574e-16 2.025357323613e-16 5.782190975801e-17
1.528060140619e-17 3.711240382508e-18 8.217103412815e-19 1.643581504647e-19
2.939581762280e-20 4.647016179413e-21 6.408688527139e-22 7.596724047071e-23
7.610933318463e-24 6.322857203854e-25 4.262390358045e-26 2.275272104140e-27
9.359100202639e-29 2.875037221172e-30 6.336777077004e-32 9.669628161034e-34
9.882664800856e-36 6.395494818116e-38 2.468828629547e-40 5.367538657133e-43
6.141619743015e-46 3.421427503028e-49 8.476155246433e-53 8.381218191267e-57
2.895342339379e-61 2.946341886374e-66 7.020056331366e-72 2.816728153104e-78
1.133509011602e-85 1.781059113953e-94 1.093379506836e-105
  </GLLB_core_response>
  <GLLB_all_electron_response grid="g1">
     1.072654805703e+01 1.072654805703e+01 1.072787538842e+01
1.072926046787e+01 1.073065603547e+01 1.073203632094e+01 1.073337892711e+01
1.073466138496e+01 1.073586009770e+01 1.073694988232e+01 1.073790370153e+01
1.073869246646e+01 1.073928486778e+01 1.073964721882e+01 1.073974330334e+01
1.073953422474e+01 1.073897825560e+01 1.073803068707e+01 1.073664367864e+01
1.073476610897e+01 1.073234342901e+01 1.072931751872e+01 1.072562654941e+01
1.072120485353e+01 1.071598280457e+01 1.070988670971e+01 1.070283871842e+01
1.069475675063e+01 1.068555444819e+01 1.067514115416e+01 1.066342192462e+01
1.065029757802e+01 1.063566478764e+01 1.061941622305e+01 1.060144074649e+01
1.058162367068e+01 1.055984708434e+01 1.053599025175e+01 1.050993009282e+01
1.048154174913e+01 1.045069924167e+01 1.041727622435e+01 1.038114683691e+01
1.034218665920e+01 1.030027376693e+01 1.025528988737e+01 1.020712165063e+01
1.015566192979e+01 1.010081125996e+01 1.004247932318e+01 9.980586482565e+00
9.915065345628e+00 9.845862333282e+00 9.772939227493e+00 9.696274667754e+00
9.615865563865e+00 9.531728390719e+00 9.443900329720e+00 9.352440221423e+00
9.257429295114e+00 9.158971643374e+00 9.057194413286e+00 8.952247690932e+00
8.844304061902e+00 8.733557837818e+00 8.620223946956e+00 8.504536495753e+00
8.386747016944e+00 8.267122428970e+00 8.145942739692e+00 8.023498535007e+00
7.900088299336e+00 7.776015619820e+00 7.651586329234e+00 7.527105643959e+00
7.402875352748e+00 7.279191109641e+00 7.156339880263e+00 7.034597585150e+00
6.914226977010e+00 6.795475781201e+00 6.678575120606e+00 6.563738237835e+00
6.451159519611e+00 6.341013820628e+00 6.233456077292e+00 6.128621195839e+00
6.026624194385e+00 5.927560574679e+00 5.831506896619e+00 5.738521526963e+00
5.648645533032e+00 5.561903692397e+00 5.478305590587e+00 5.397846780360e+00
5.320509978206e+00 5.246266276073e+00 5.175076348932e+00 5.106891641449e+00
5.041655519724e+00 4.979304376632e+00 4.919768681765e+00 4.862973969234e+00
4.808841758636e+00 4.757290406311e+00 4.708235885589e+00 4.661592496065e+00
4.617273503050e+00 4.575191709273e+00 4.535259961567e+00 4.497391595863e+00
4.461500824149e+00 4.427503067315e+00 4.395315237950e+00 4.364855977164e+00
4.336045849513e+00 4.308807499950e+00 4.283065776649e+00 4.258747823293e+00
4.235783144274e+00 4.214103645986e+00 4.193643657189e+00 4.174339931175e+00
4.156131632240e+00 4.138960308735e+00 4.122769854762e+00 4.107506462366e+00
4.093118565873e+00 4.079556779866e+00 4.066773832090e+00 4.054724492443e+00
4.043365499068e+00 4.032655482414e+00 4.022554888037e+00 4.013025898794e+00
4.004032356986e+00 3.995539686934e+00 3.987514818388e+00 3.979926111098e+00
3.972743280830e+00 3.965937327050e+00 3.959480462450e+00 3.953346044471e+00
3.947508508921e+00 3.941943305771e+00 3.936626837180e+00 3.931536397800e+00
3.926650117358e+00 3.921946905541e+00 3.917406399155e+00 3.913008911568e+00
3.908735384393e+00 3.904567341398e+00 3.900486844604e+00 3.896476452552e+00
3.892519180681e+00 3.888598463820e+00 3.884698120728e+00 3.880802320674e+00
3.876895552025e+00 3.872962592815e+00 3.868988483280e+00 3.864958500336e+00
3.860858133998e+00 3.856673065720e+00 3.852389148667e+00 3.847992389903e+00
3.843468934522e+00 3.838805051707e+00 3.833987122755e+00 3.829001631073e+00
3.823835154161e+00 3.818474357628e+00 3.812905991243e+00 3.807116887071e+00
3.801093959711e+00 3.794824208677e+00 3.788294722946e+00 3.781492687719e+00
3.774405393396e+00 3.767020246826e+00 3.759324784825e+00 3.751306689996e+00
3.742953808853e+00 3.734254172258e+00 3.725196018154e+00 3.715767816589e+00
3.705958296988e+00 3.695756477640e+00 3.685151697330e+00 3.674133649051e+00
3.662692415686e+00 3.650818507565e+00 3.638502901740e+00 3.625737082831e+00
3.612513085268e+00 3.598823536703e+00 3.584661702381e+00 3.570021530205e+00
3.554897696220e+00 3.539285650198e+00 3.523181661019e+00 3.506582861477e+00
3.489487292147e+00 3.471893943929e+00 3.453802798852e+00 3.435214868733e+00
3.416132231255e+00 3.396558063040e+00 3.376496669280e+00 3.355953509505e+00
3.334935219068e+00 3.313449625954e+00 3.291505762529e+00 3.269113871881e+00
3.246285408437e+00 3.223033032591e+00 3.199370599087e+00 3.175313139009e+00
3.150876835224e+00 3.126078991239e+00 3.100937993450e+00 3.075473266862e+00
3.049705224403e+00 3.023655210044e+00 2.997345435976e+00 2.970798914199e+00
2.944039382910e+00 2.917091228158e+00 2.889979401270e+00 2.862729332630e+00
2.835366842417e+00 2.807918048932e+00 2.780409275210e+00 2.752866954602e+00
2.725317536026e+00 2.697787389599e+00 2.670302713351e+00 2.642889441693e+00
2.615573156308e+00 2.588379000080e+00 2.561331594652e+00 2.534454962147e+00
2.507772451528e+00 2.481306670052e+00 2.455079420144e+00 2.429111642032e+00
2.403423362364e+00 2.378033648971e+00 2.352960571912e+00 2.328221170813e+00
2.303831428513e+00 2.279806250921e+00 2.256159452975e+00 2.232903750507e+00
2.210050757816e+00 2.187610990660e+00 2.165593874403e+00 2.144007756965e+00
2.122859926249e+00 2.102156631680e+00 2.081903109464e+00 2.062103611204e+00
2.042761435485e+00 2.023878962028e+00 2.005457688058e+00 1.987498266507e+00
1.970000545697e+00 1.952963610161e+00 1.936385822293e+00 1.920264864496e+00
1.904597781578e+00 1.889381023106e+00 1.874610485490e+00 1.860281553583e+00
1.846389141586e+00 1.832927733108e+00 1.819891420200e+00 1.807273941254e+00
1.795068717649e+00 1.783268889037e+00 1.771867347223e+00 1.760856768546e+00
1.750229644746e+00 1.739978312274e+00 1.730094980023e+00 1.720571755501e+00
1.711400669415e+00 1.702573698718e+00 1.694082788115e+00 1.685919870072e+00
1.678076883363e+00 1.670545790195e+00 1.663318591957e+00 1.656387343641e+00
1.649744166991e+00 1.643381262434e+00 1.637290919841e+00 1.631465528185e+00
1.625897584142e+00 1.620579699703e+00 1.615504608841e+00 1.610665173296e+00
1.606054387532e+00 1.601665382911e+00 1.597491431147e+00 1.593525947079e+00
1.589762490814e+00 1.586194769290e+00 1.582816637297e+00 1.579622098000e+00
1.576605302999e+00 1.573760551975e+00 1.571082291947e+00 1.568565116167e+00
1.566203762714e+00 1.563993112769e+00 1.561928188651e+00 1.560004151592e+00
1.558216299311e+00 1.556560063383e+00 1.555031006440e+00 1.553624819216e+00
1.552337317450e+00 1.551164438665e+00 1.550102238844e+00 1.549146889004e+00
1.548294671681e+00 1.547541977353e+00 1.546885300780e+00 1.546321237299e+00
1.545846479063e+00 1.545457811228e+00 1.545152108117e+00 1.544926329324e+00
1.544777515808e+00 1.544702785941e+00 1.544699331532e+00 1.544764413829e+00
1.544895359485e+00 1.545089556505e+00 1.545344450158e+00 1.545657538869e+00
1.546026370075e+00 1.546448536048e+00 1.546921669687e+00 1.547443440268e+00
1.548011549159e+00 1.548623725481e+00 1.549277721732e+00 1.549971309346e+00
1.550702274206e+00 1.551468412086e+00 1.552267524029e+00 1.553097411661e+00
1.553955872412e+00 1.554840694672e+00 1.555749652847e+00 1.556680502327e+00
1.557630974359e+00 1.558598770811e+00 1.559581558835e+00 1.560576965410e+00
1.561582571773e+00 1.562595907730e+00 1.563614445838e+00 1.564635595460e+00
1.565656696697e+00 1.566675014176e+00 1.567687730721e+00 1.568691940876e+00
1.569684644311e+00 1.570662739093e+00 1.571623014838e+00 1.572562145740e+00
1.573476683499e+00 1.574363050146e+00 1.575217530782e+00 1.576036266250e+00
1.576815245749e+00 1.577550299422e+00 1.578237090941e+00 1.578871110109e+00
1.579447665527e+00 1.579961877353e+00 1.580408670202e+00 1.580782766234e+00
1.581078678483e+00 1.581290704496e+00 1.581412920338e+00 1.581439175044e+00
1.581363085608e+00 1.581178032582e+00 1.580877156399e+00 1.580453354515e+00
1.579899279503e+00 1.579207338192e+00 1.578369692024e+00 1.577378258729e+00
1.576224715502e+00 1.574900503816e+00 1.573396836044e+00 1.571704704063e+00
1.569814890010e+00 1.567717979364e+00 1.565404376554e+00 1.562864323251e+00
1.560087919529e+00 1.557065148075e+00 1.553785901601e+00 1.550240013609e+00
1.546417292644e+00 1.542307560146e+00 1.537900691989e+00 1.533186663752e+00
1.528155599751e+00 1.522797825794e+00 1.517103925591e+00 1.511064800686e+00
1.504671733728e+00 1.497916454814e+00 1.490791210592e+00 1.483288835716e+00
1.475402826178e+00 1.467127413969e+00 1.458457642420e+00 1.449389441528e+00
1.439919702463e+00 1.430046350411e+00 1.419768414824e+00 1.409086096125e+00
1.398000827836e+00 1.386515333113e+00 1.374633674639e+00 1.362361296851e+00
1.349705059504e+00 1.336673261636e+00 1.323275655058e+00 1.309523446632e+00
1.295429288680e+00 1.281007257044e+00 1.266272816463e+00 1.251242773137e+00
1.235935214509e+00 1.220369436527e+00 1.204565858854e+00 1.188545928680e+00
1.172332014017e+00 1.155947287526e+00 1.139415602116e+00 1.122761359686e+00
1.106009374532e+00 1.089184733014e+00 1.072312651140e+00 1.055418331796e+00
1.038526823274e+00 1.021662880781e+00 1.004850832498e+00 9.881144516669e-01
9.714768360537e-01 9.549602959887e-01 9.385862520010e-01 9.223751428900e-01
9.063463448792e-01 8.905181023007e-01 8.749074700654e-01 8.595302679850e-01
8.444010468330e-01 8.295330658705e-01 8.149382814111e-01 8.006273458753e-01
7.866096166730e-01 7.728931741663e-01 7.594848478984e-01 7.463902502269e-01
7.336138164732e-01 7.211588506899e-01 7.090275761537e-01 6.972211897139e-01
6.857399191572e-01 6.745830827926e-01 6.637491505128e-01 6.532358056424e-01
6.430400069463e-01 6.331580502328e-01 6.235856290538e-01 6.143178940639e-01
6.053495106668e-01 5.966747146357e-01 5.882873654512e-01 5.801809971552e-01
5.723488665677e-01 5.647839987585e-01 5.574792297070e-01 5.504272461198e-01
5.436206224062e-01 5.370518548414e-01 5.307133929702e-01 5.245976683210e-01
5.186971205221e-01 5.130042209181e-01 5.075114938010e-01 5.022115353725e-01
4.970970305628e-01 4.921607678323e-01 4.873956520851e-01 4.827947158206e-01
4.783511286513e-01 4.740582053088e-01 4.699094122595e-01 4.658983730442e-01
4.620188724540e-01 4.582648596472e-01 4.546304503085e-01 4.511099279451e-01
4.476977444076e-01 4.443885197214e-01 4.411770413041e-01 4.380582626425e-01
4.350273014953e-01 4.320794376844e-01 4.292101105299e-01 4.264149159825e-01
4.236896034997e-01 4.210300727095e-01 4.184323699015e-01 4.158926843795e-01
4.134073447104e-01 4.109728148949e-01 4.085856904891e-01 4.062426946981e-01
4.039406744632e-01 4.016765965606e-01 3.994475437281e-01 3.972507108331e-01
3.950834010957e-01 3.929430223766e-01 3.908270835395e-01 3.887331908958e-01
3.866590447392e-01 3.846024359747e-01 3.825612428482e-01 3.805334277789e-01
3.785170343001e-01 3.765101841082e-01 3.745110742243e-01 3.725179742679e-01
3.705292238449e-01 3.685432300497e-01 3.665584650818e-01 3.645734639777e-01
3.625868224553e-01 3.605971948735e-01 3.586032923035e-01 3.566038807117e-01
3.545977792545e-01 3.525838586806e-01 3.505610398433e-01 3.485282923180e-01
3.464846331258e-01 3.444291255600e-01 3.423608781148e-01 3.402790435139e-01
3.381828178381e-01 3.360714397478e-01 3.339441898018e-01 3.318003898671e-01
3.296394026194e-01 3.274606311315e-01 3.252635185473e-01 3.230475478384e-01
3.208122416414e-01 3.185571621724e-01 3.162819112155e-01 3.139861301831e-01
3.116695002429e-01 3.093317425087e-01 3.069726182914e-01 3.045919294047e-01
3.021895185215e-01 2.997652695754e-01 2.973191082029e-01 2.948510022190e-01
2.923609621210e-01 2.898490416132e-01 2.873153381454e-01 2.847599934580e-01
2.821831941244e-01 2.795851720832e-01 2.769662051504e-01 2.743266175017e-01
2.716667801150e-01 2.689871111629e-01 2.662880763430e-01 2.635701891345e-01
2.608340109706e-01 2.580801513124e-01 2.553092676127e-01 2.525220651567e-01
2.497192967669e-01 2.469017623582e-01 2.440703083317e-01 2.412258267928e-01
2.383692545825e-01 2.355015721094e-01 2.326238019710e-01 2.297370073535e-01
2.268422902010e-01 2.239407891461e-01 2.210336771932e-01 2.181221591514e-01
2.152074688109e-01 2.122908658632e-01 2.093736325646e-01 2.064570701459e-01
2.035424949742e-01 2.006312344743e-01 1.977246228220e-01 1.948239964217e-01
1.919306891874e-01 1.890460276463e-01 1.861713258887e-01 1.833078803921e-01
1.804569647486e-01 1.776198243289e-01 1.747976709190e-01 1.719916773689e-01
1.692029722938e-01 1.664326348706e-01 1.636816897767e-01 1.609511023154e-01
1.582417737768e-01 1.555545370813e-01 1.528901527528e-01 1.502493052699e-01
1.476325998391e-01 1.450405596347e-01 1.424736235458e-01 1.399321444690e-01
1.374163881798e-01 1.349265328144e-01 1.324626689845e-01 1.300248005472e-01
1.276128460410e-01 1.252266407982e-01 1.228659397323e-01 1.205304207964e-01
1.182196890988e-01 1.159332816559e-01 1.136706727565e-01 1.114312799024e-01
1.092144702860e-01 1.070195677556e-01 1.048458602175e-01 1.026926074130e-01
1.005590490073e-01 9.844441291967e-02 9.634792382157e-02 9.426881172528e-02
9.220632058260e-02 9.015971681169e-02 8.812829766852e-02 8.611139937925e-02
8.410840495046e-02 8.211875157577e-02 8.014193755985e-02 7.817752868478e-02
7.622516394796e-02 7.428456060695e-02 7.235551847324e-02 7.043792340491e-02
6.853174995699e-02 6.663706315854e-02 6.475401939567e-02 6.288286639184e-02
6.102394228832e-02 5.917767384030e-02 5.734457375660e-02 5.552523722278e-02
5.372033765930e-02 5.193062177655e-02 5.015690399790e-02 4.840006032928e-02
4.666102175905e-02 4.494076727550e-02 4.324031659025e-02 4.156072265510e-02
3.990306405719e-02 3.826843737349e-02 3.665794956108e-02 3.507271045489e-02
3.351382543986e-02 3.198238836115e-02 3.047947473316e-02 2.900613530613e-02
2.756339004872e-02 2.615222260316e-02 2.477357526899e-02 2.342834456758e-02
2.211737743498e-02 2.084146808157e-02 1.960135554512e-02 1.839772194780e-02
1.723119144765e-02 1.610232985247e-02 1.501164483899e-02 1.395958669445e-02
1.294654947202e-02 1.197287242816e-02 1.103884158910e-02 1.014469128562e-02
9.290605460903e-03 8.476718534491e-03 7.703115659234e-03 6.969832193096e-03
6.276852155856e-03 5.624105478008e-03 5.011463873386e-03 4.438735169729e-03
3.905655952505e-03 3.411882406058e-03 2.956979280217e-03 2.540406976591e-03
2.161506769977e-03 1.819484266035e-03 1.513391409306e-03 1.242107364504e-03
1.004318745304e-03 7.985003372687e-04 6.228993358039e-04 4.755314010039e-04
3.542084586650e-04 2.564979299460e-04 1.791108248340e-04 1.167306316598e-04
6.239107815855e-05 1.775594182477e-05 1.786367271073e-06 8.772539795879e-08
2.568264039533e-09 4.295927128768e-11 3.701215818566e-13 1.445777755208e-15
2.200239233450e-18 1.085162841232e-21 1.372722687303e-25 3.237511624645e-30
8.801853779376e-36 1.187517666516e-42 1.114251745536e-51
  </GLLB_all_electron_response>
  <GLLB_w_j grid="g1">
     0.000000000000e+00 0.000000000000e+00 0.000000000000e+00
0.000000000000e+00 1.411154576314e+00 0.000000000000e+00
  </GLLB_w_j>
  <ae_partial_wave state="Ag-5s" grid="g1">
     1.384364224488e+01 1.303772792108e+01 1.222965874615e+01
1.163386493482e+01 1.113482578562e+01 1.069267492778e+01 1.028891742918e+01
9.913430520403e+00 9.560047637078e+00 9.224717346425e+00 8.904623161493e+00
8.597719023556e+00 8.302465047224e+00 8.017668041995e+00 7.742380554652e+00
7.475834382661e+00 7.217395309377e+00 6.966531401031e+00 6.722790251786e+00
6.485782298476e+00 6.255168353566e+00 6.030650132972e+00 5.811962951047e+00
5.598870010712e+00 5.391157885857e+00 5.188632907346e+00 4.991118242587e+00
4.798451513605e+00 4.610482837710e+00 4.427073203044e+00 4.248093111897e+00
4.073421439941e+00 3.902944470940e+00 3.736555075074e+00 3.574152005650e+00
3.415639293976e+00 3.260925726166e+00 3.109924388663e+00 2.962552271758e+00
2.818729922250e+00 2.678381137987e+00 2.541432698226e+00 2.407814124787e+00
2.277457469767e+00 2.150297126270e+00 2.026269659129e+00 1.905313653098e+00
1.787369576310e+00 1.672379657160e+00 1.560287773001e+00 1.451039349295e+00
1.344581268005e+00 1.240861784216e+00 1.139830450073e+00 1.041438045254e+00
9.456365132960e-01 8.523789031627e-01 7.616193155277e-01 6.733128533011e-01
5.874155759839e-01 5.038844574808e-01 4.226773470431e-01 3.437529330474e-01
2.670707093476e-01 1.925909439651e-01 1.202746499049e-01 5.008355790752e-02
-1.801990903429e-02 -8.407265955082e-02 -1.481109563011e-01
-2.101704370365e-01 -2.702861344369e-01 -3.284924948221e-01
-3.848233958339e-01 -4.393121631709e-01 -4.919915864546e-01
-5.428939342937e-01 -5.920509686089e-01 -6.394939582732e-01
-6.852536921179e-01 -7.293604913472e-01 -7.718442214026e-01
-8.127343033122e-01 -8.520597245557e-01 -8.898490494757e-01
-9.261304292597e-01 -9.609316115171e-01 -9.942799494719e-01
-1.026202410792e+00 -1.056725586070e+00 -1.085875696975e+00
-1.113678604090e+00 -1.140159814444e+00 -1.165344488758e+00
-1.189257448414e+00 -1.211923182149e+00 -1.233365852502e+00
-1.253609302007e+00 -1.272677059145e+00 -1.290592344067e+00
-1.307378074095e+00 -1.323056869005e+00 -1.337651056105e+00
-1.351182675118e+00 -1.363673482866e+00 -1.375144957786e+00
-1.385618304260e+00 -1.395114456788e+00 -1.403654084003e+00
-1.411257592541e+00 -1.417945130764e+00 -1.423736592358e+00
-1.428651619802e+00 -1.432709607718e+00 -1.435929706116e+00
-1.438330823522e+00 -1.439931630022e+00 -1.440750560194e+00
-1.440805815965e+00 -1.440115369381e+00 -1.438696965288e+00
-1.436568123949e+00 -1.433746143583e+00 -1.430248102837e+00
-1.426090863195e+00 -1.421291071320e+00 -1.415865161343e+00
-1.409829357099e+00 -1.403199674301e+00 -1.395991922667e+00
-1.388221708009e+00 -1.379904434258e+00 -1.371055305465e+00
-1.361689327742e+00 -1.351821311178e+00 -1.341465871711e+00
-1.330637432961e+00 -1.319350228035e+00 -1.307618301293e+00
-1.295455510087e+00 -1.282875526467e+00 -1.269891838854e+00
-1.256517753698e+00 -1.242766397090e+00 -1.228650716369e+00
-1.214183481685e+00 -1.199377287551e+00 -1.184244554370e+00
-1.168797529932e+00 -1.153048290899e+00 -1.137008744267e+00
-1.120690628802e+00 -1.104105516465e+00 -1.087264813813e+00
-1.070179763385e+00 -1.052861445066e+00 -1.035320777443e+00
-1.017568519134e+00 -9.996152701051e-01 -9.814714729785e-01
-9.631474143156e-01 -9.446532258919e-01 -9.259988859558e-01
-9.071942204741e-01 -8.882489043647e-01 -8.691724627155e-01
-8.499742719917e-01 -8.306635612308e-01 -8.112494132260e-01
-7.917407656977e-01 -7.721464124546e-01 -7.524750045442e-01
-7.327350513923e-01 -7.129349219330e-01 -6.930828457290e-01
-6.731869140825e-01 -6.532550811366e-01 -6.332951649686e-01
-6.133148486748e-01 -5.933216814462e-01 -5.733230796377e-01
-5.533263278289e-01 -5.333385798774e-01 -5.133668599659e-01
-4.934180636422e-01 -4.734989588523e-01 -4.536161869678e-01
-4.337762638076e-01 -4.139855806532e-01 -3.942504052593e-01
-3.745768828585e-01 -3.549710371622e-01 -3.354387713553e-01
-3.159858690878e-01 -2.966179954613e-01 -2.773406980121e-01
-2.581594076897e-01 -2.390794398322e-01 -2.201059951383e-01
-2.012441606355e-01 -1.824989106458e-01 -1.638751077477e-01
-1.453775037359e-01 -1.270107405780e-01 -1.087793513685e-01
-9.068776128047e-02 -7.274028851433e-02 -5.494114524457e-02
-3.729443856382e-02 -1.980417142456e-02 -2.474243578461e-03 1.469154748672e-02
3.168950561270e-02 4.851603503878e-02 6.516763947251e-02 8.164092116310e-02
9.793257997754e-02 1.140394124798e-01 1.299583110129e-01 1.456862627845e-01
1.612203489557e-01 1.765577437332e-01 1.916957134660e-01 2.066316157456e-01
2.213628985102e-01 2.358870991542e-01 2.502018436418e-01 2.643048456260e-01
2.781939055726e-01 2.918669098899e-01 3.053218300646e-01 3.185567218036e-01
3.315697241821e-01 3.443590587990e-01 3.569230289393e-01 3.692600187441e-01
3.813684923878e-01 3.932469932648e-01 4.048941431837e-01 4.163086415702e-01
4.274892646805e-01 4.384348648222e-01 4.491443695869e-01 4.596167810909e-01
4.698511752268e-01 4.798467009251e-01 4.896025794255e-01 4.991181035579e-01
5.083926370334e-01 5.174256137441e-01 5.262165370722e-01 5.347649792065e-01
5.430705804668e-01 5.511330486353e-01 5.589521582929e-01 5.665277501614e-01
5.738597304484e-01 5.809480701963e-01 5.877928046316e-01 5.943940325167e-01
6.007519155000e-01 6.068666774658e-01 6.127386038825e-01 6.183680411473e-01
6.237553959290e-01 6.289011345062e-01 6.338057821019e-01 6.384699222142e-01
6.428941959416e-01 6.470793013052e-01 6.510259925658e-01 6.547350795364e-01
6.582074268918e-01 6.614439534735e-01 6.644456315911e-01 6.672134863214e-01
6.697485948037e-01 6.720520855330e-01 6.741251376511e-01 6.759689802357e-01
6.775848915881e-01 6.789741985195e-01 6.801382756363e-01 6.810785446253e-01
6.817964735372e-01 6.822935760708e-01 6.825714108568e-01 6.826315807410e-01
6.824757320687e-01 6.821055539679e-01 6.815227776343e-01 6.807291756151e-01
6.797265610942e-01 6.785167871776e-01 6.771017461788e-01 6.754833689046e-01
6.736636239424e-01 6.716445169460e-01 6.694280899237e-01 6.670164205255e-01
6.644116213311e-01 6.616158391385e-01 6.586312542526e-01 6.554600797742e-01
6.521045608900e-01 6.485669741618e-01 6.448496268174e-01 6.409548560408e-01
6.368850282640e-01 6.326425384580e-01 6.282298094256e-01 6.236492910939e-01
6.189034598075e-01 6.139948176232e-01 6.089258916044e-01 6.036992331169e-01
5.983174171251e-01 5.927830414904e-01 5.870987262684e-01 5.812671130098e-01
5.752908640599e-01 5.691726618616e-01 5.629152082580e-01 5.565212237975e-01
5.499934470394e-01 5.433346338620e-01 5.365475567716e-01 5.296350042133e-01
5.225997798835e-01 5.154447020445e-01 5.081726028405e-01 5.007863276153e-01
4.932887342329e-01 4.856826923988e-01 4.779710829844e-01 4.701567973526e-01
4.622427366863e-01 4.542318113180e-01 4.461269400628e-01 4.379310495522e-01
4.296470735715e-01 4.212779523980e-01 4.128266321424e-01 4.042960640921e-01
3.956892040567e-01 3.870090117158e-01 3.782584499687e-01 3.694404842871e-01
3.605580820691e-01 3.516142119961e-01 3.426118433913e-01 3.335539455813e-01
3.244434872588e-01 3.152834358482e-01 3.060767568732e-01 2.968264133263e-01
2.875353650407e-01 2.782065680643e-01 2.688429740353e-01 2.594475295606e-01
2.500231755958e-01 2.405728468274e-01 2.310994710566e-01 2.216059685860e-01
2.120952516075e-01 2.025702235924e-01 1.930337786839e-01 1.834888010907e-01
1.739381644839e-01 1.643847313944e-01 1.548313526136e-01 1.452808665954e-01
1.357360988604e-01 1.261998614022e-01 1.166749520959e-01 1.071641541088e-01
9.767023531264e-02 8.819594769907e-02 7.874402679675e-02 6.931719109103e-02
5.991814144606e-02 5.054956052947e-02 4.121411223968e-02 3.191444113593e-02
2.265317187128e-02 1.343290862847e-02 4.256234559119e-03 -4.874288773899e-03
-1.395612195051e-02 -2.298674824382e-02 -3.196367416664e-02
-4.088443001385e-02 -4.974657040046e-02 -5.854767479504e-02
-6.728534804830e-02 -7.595722091650e-02 -8.456095057941e-02
-9.309422115242e-02 -1.015547441926e-01 -1.099402591983e-01
-1.182485341017e-01 -1.264773657539e-01 -1.346245804034e-01
-1.426880341647e-01 -1.506656134800e-01 -1.585552355704e-01
-1.663548488788e-01 -1.740624335022e-01 -1.816760016128e-01
-1.891935978692e-01 -1.966132998153e-01 -2.039332182666e-01
-2.111514976848e-01 -2.182663165382e-01 -2.252758876481e-01
-2.321784585218e-01 -2.389723116692e-01 -2.456557649048e-01
-2.522271716329e-01 -2.586849211167e-01 -2.650274387293e-01
-2.712531861880e-01 -2.773606617696e-01 -2.833484005072e-01
-2.892149743685e-01 -2.949589924139e-01 -3.005791009355e-01
-3.060739835761e-01 -3.114423614284e-01 -3.166829931133e-01
-3.217946748396e-01 -3.267762404430e-01 -3.316265614062e-01
-3.363445468600e-01 -3.409291435666e-01 -3.453793358858e-01
-3.496941457255e-01 -3.538726324774e-01 -3.579138929416e-01
-3.618170612394e-01 -3.655813087203e-01 -3.692058438630e-01
-3.726899121770e-01 -3.760327961063e-01 -3.792338149414e-01
-3.822923247444e-01 -3.852077182925e-01 -3.879794250462e-01
-3.906069111497e-01 -3.930896794688e-01 -3.954272696752e-01
-3.976192583828e-01 -3.996652593441e-01 -4.015649237113e-01
-4.033179403686e-01 -4.049240363384e-01 -4.063829772628e-01
-4.076945679617e-01 -4.088586530623e-01 -4.098751176953e-01
-4.107438882502e-01 -4.114649331771e-01 -4.120382638227e-01
-4.124639352851e-01 -4.127420472719e-01 -4.128727449444e-01
-4.128562197315e-01 -4.126927100999e-01 -4.123825022662e-01
-4.119259308409e-01 -4.113233793960e-01 -4.105752809520e-01
-4.096821183811e-01 -4.086444247270e-01 -4.074627834451e-01
-4.061378285655e-01 -4.046702447866e-01 -4.030607675038e-01
-4.013101827822e-01 -3.994193272785e-01 -3.973890881198e-01
-3.952204027451e-01 -3.929142587151e-01 -3.904716934950e-01
-3.878937942132e-01 -3.851816974011e-01 -3.823365887146e-01
-3.793597026395e-01 -3.762523221830e-01 -3.730157785506e-01
-3.696514508095e-01 -3.661607655388e-01 -3.625451964653e-01
-3.588062640859e-01 -3.549455352741e-01 -3.509646228717e-01
-3.468651852642e-01 -3.426489259386e-01 -3.383175930239e-01
-3.338729788120e-01 -3.293169192597e-01 -3.246512934699e-01
-3.198780231514e-01 -3.149990720570e-01 -3.100164453984e-01
-3.049321892384e-01 -2.997483898583e-01 -2.944671731013e-01
-2.890907036909e-01 -2.836211845238e-01 -2.780608559371e-01
-2.724119949502e-01 -2.666769144797e-01 -2.608579625292e-01
-2.549575213530e-01 -2.489780065934e-01 -2.429218663930e-01
-2.367915804813e-01 -2.305896592365e-01 -2.243186427227e-01
-2.179810997030e-01 -2.115796266294e-01 -2.051168466100e-01
-1.985954083529e-01 -1.920179850909e-01 -1.853872734832e-01
-1.787059924990e-01 -1.719768822813e-01 -1.652027029932e-01
-1.583862336462e-01 -1.515302709134e-01 -1.446376279264e-01
-1.377111330583e-01 -1.307536286937e-01 -1.237679699857e-01
-1.167570236020e-01 -1.097236664602e-01 -1.026707844545e-01
-9.560127117285e-02 -8.851802660813e-02 -8.142395586161e-02
-7.432196784191e-02 -6.721497395912e-02 -6.010588681564e-02
-5.299761889445e-02 -4.589308124587e-02 -3.879518217376e-02
-3.170682592204e-02 -2.463091136242e-02 -1.757033068438e-02
-1.052796808814e-02 -3.506698481543e-03 3.490613818253e-03 1.046111637749e-02
1.740196993211e-02 2.431034966676e-02 3.118344648587e-02 3.801846827590e-02
4.481264115808e-02 5.156321073094e-02 5.826744330190e-02 6.492262710727e-02
7.152607352005e-02 7.807511824476e-02 8.456712249898e-02 9.099947418070e-02
9.736958902121e-02 1.036749117229e-01 1.099129170814e-01 1.160811110919e-01
1.221770320388e-01 1.281982515685e-01 1.341423757454e-01 1.400070460898e-01
1.457899405983e-01 1.514887747460e-01 1.571013024703e-01 1.626253171363e-01
1.680586524833e-01 1.733991835529e-01 1.786448275974e-01 1.837935449698e-01
1.888433399950e-01 1.937922618213e-01 1.986384052533e-01 2.033799115665e-01
2.080149693022e-01 2.125418150447e-01 2.169587341798e-01 2.212640616354e-01
2.254561826042e-01 2.295335332491e-01 2.334946013916e-01 2.373379271834e-01
2.410621037618e-01 2.446657778899e-01 2.481476505810e-01 2.515064777090e-01
2.547410706042e-01 2.578502966368e-01 2.608330797869e-01 2.636884012032e-01
2.664152997500e-01 2.690128725449e-01 2.714802754857e-01 2.738167237701e-01
2.760214924061e-01 2.780939167171e-01 2.800333928396e-01 2.818393782173e-01
2.835113920896e-01 2.850490159783e-01 2.864518941712e-01 2.877197342050e-01
2.888523073470e-01 2.898494490784e-01 2.907110595785e-01 2.914371042102e-01
2.920276140105e-01 2.924826861825e-01 2.928024845937e-01 2.929872402776e-01
2.930372519424e-01 2.929528864842e-01 2.927345795073e-01 2.923828358510e-01
2.918982301223e-01 2.912814072358e-01 2.905330829601e-01 2.896540444699e-01
2.886451509039e-01 2.875073339285e-01 2.862415983054e-01 2.848490224630e-01
2.833307590712e-01 2.816880356167e-01 2.799221549799e-01 2.780344960101e-01
2.760265140990e-01 2.738997417505e-01 2.716557891446e-01 2.692963446958e-01
2.668231756017e-01 2.642381283839e-01 2.615431294160e-01 2.587401854409e-01
2.558313840748e-01 2.528188942968e-01 2.497049669256e-01 2.464919350821e-01
2.431822146385e-01 2.397783046562e-01 2.362827878141e-01 2.326983308296e-01
2.290276848772e-01 2.252736860088e-01 2.214392555822e-01 2.175274007045e-01
2.135412147006e-01 2.094838776152e-01 2.053586567609e-01 2.011689073263e-01
1.969180730572e-01 1.926096870277e-01 1.882473725185e-01 1.838348440181e-01
1.793759083661e-01 1.748744660526e-01 1.703345126887e-01 1.657601406566e-01
1.611555409437e-01 1.565250051530e-01 1.518729276757e-01 1.472038079902e-01
1.425222530382e-01 1.378329796019e-01 1.331408165806e-01 1.284507070346e-01
1.237677098323e-01 1.190970006996e-01 1.144438724434e-01 1.098137340890e-01
1.052121086497e-01 1.006446292401e-01 9.611703324050e-02 9.163515424104e-02
8.720491152410e-02 8.283229688973e-02 7.852335868643e-02 7.428418297297e-02
7.012087179974e-02 6.603951865432e-02 6.204618115819e-02 5.814685112524e-02
5.434742209565e-02 5.065365444265e-02 4.707113811879e-02 4.360525307303e-02
4.026112734134e-02 3.704359280556e-02 3.395713864165e-02 3.100586255115e-02
2.819341999527e-02 2.552297183166e-02 2.299713098567e-02 2.061790905569e-02
1.838666403766e-02 1.630405063927e-02 1.436997490849e-02 1.258355510801e-02
1.094309098599e-02 9.446043075731e-03 8.089024589342e-03 6.867807923469e-03
5.777346593761e-03 4.811814100133e-03 3.964660620606e-03 3.228687529119e-03
2.596139261847e-03 2.058811365711e-03 1.608172846129e-03 1.235500204490e-03
9.320198069757e-04 6.890543955869e-04 4.981694494558e-04 3.513139488651e-04
2.409500133669e-04 1.601660405739e-04 1.027678896425e-04 6.334304945942e-05
3.729343132999e-05 2.083339872336e-05 1.093601557301e-05 5.307411954627e-06
2.370220498248e-06 9.763376354073e-07 3.588641630733e-07 1.136003521566e-07
3.027618391507e-08 6.552834122446e-09 1.099771075576e-09 1.351835055569e-10
1.135226681118e-11 5.987158549000e-13 1.789313603701e-14 2.660353983614e-16
1.648998671589e-18 3.261692553902e-21 1.278450388893e-24 3.134189434871e-29
  </ae_partial_wave>
  <pseudo_partial_wave state="Ag-5s" grid="g1">
     2.484854304244e-01 2.484854684938e-01 2.484855066650e-01
2.484855705336e-01 2.484856603060e-01 2.484857761902e-01 2.484859183958e-01
2.484860871342e-01 2.484862826183e-01 2.484865050629e-01 2.484867546844e-01
2.484870317009e-01 2.484873363323e-01 2.484876688003e-01 2.484880293283e-01
2.484884181415e-01 2.484888354669e-01 2.484892815335e-01 2.484897565717e-01
2.484902608143e-01 2.484907944956e-01 2.484913578518e-01 2.484919511213e-01
2.484925745441e-01 2.484932283622e-01 2.484939128197e-01 2.484946281626e-01
2.484953746388e-01 2.484961524984e-01 2.484969619933e-01 2.484978033775e-01
2.484986769073e-01 2.484995828408e-01 2.485005214383e-01 2.485014929622e-01
2.485024976771e-01 2.485035358497e-01 2.485046077488e-01 2.485057136456e-01
2.485068538133e-01 2.485080285274e-01 2.485092380659e-01 2.485104827086e-01
2.485117627381e-01 2.485130784389e-01 2.485144300981e-01 2.485158180050e-01
2.485172424515e-01 2.485187037316e-01 2.485202021419e-01 2.485217379816e-01
2.485233115520e-01 2.485249231573e-01 2.485265731038e-01 2.485282617006e-01
2.485299892594e-01 2.485317560943e-01 2.485335625221e-01 2.485354088622e-01
2.485372954369e-01 2.485392225707e-01 2.485411905912e-01 2.485431998285e-01
2.485452506158e-01 2.485473432886e-01 2.485494781855e-01 2.485516556479e-01
2.485538760201e-01 2.485561396491e-01 2.485584468850e-01 2.485607980808e-01
2.485631935925e-01 2.485656337789e-01 2.485681190020e-01 2.485706496269e-01
2.485732260216e-01 2.485758485573e-01 2.485785176084e-01 2.485812335523e-01
2.485839967698e-01 2.485868076448e-01 2.485896665645e-01 2.485925739194e-01
2.485955301032e-01 2.485985355131e-01 2.486015905496e-01 2.486046956166e-01
2.486078511216e-01 2.486110574754e-01 2.486143150923e-01 2.486176243903e-01
2.486209857910e-01 2.486243997193e-01 2.486278666041e-01 2.486313868777e-01
2.486349609765e-01 2.486385893402e-01 2.486422724126e-01 2.486460106412e-01
2.486498044773e-01 2.486536543764e-01 2.486575607975e-01 2.486615242040e-01
2.486655450630e-01 2.486696238457e-01 2.486737610276e-01 2.486779570880e-01
2.486822125108e-01 2.486865277837e-01 2.486909033988e-01 2.486953398526e-01
2.486998376457e-01 2.487043972834e-01 2.487090192752e-01 2.487137041350e-01
2.487184523814e-01 2.487232645374e-01 2.487281411307e-01 2.487330826935e-01
2.487380897629e-01 2.487431628805e-01 2.487483025928e-01 2.487535094512e-01
2.487587840118e-01 2.487641268357e-01 2.487695384889e-01 2.487750195426e-01
2.487805705730e-01 2.487861921611e-01 2.487918848937e-01 2.487976493621e-01
2.488034861635e-01 2.488093959000e-01 2.488153791792e-01 2.488214366143e-01
2.488275688237e-01 2.488337764315e-01 2.488400600675e-01 2.488464203668e-01
2.488528579706e-01 2.488593735256e-01 2.488659676845e-01 2.488726411057e-01
2.488793944537e-01 2.488862283988e-01 2.488931436177e-01 2.489001407928e-01
2.489072206131e-01 2.489143837734e-01 2.489216309752e-01 2.489289629263e-01
2.489363803406e-01 2.489438839390e-01 2.489514744485e-01 2.489591526032e-01
2.489669191435e-01 2.489747748168e-01 2.489827203773e-01 2.489907565860e-01
2.489988842110e-01 2.490071040275e-01 2.490154168176e-01 2.490238233708e-01
2.490323244839e-01 2.490409209609e-01 2.490496136132e-01 2.490584032599e-01
2.490672907275e-01 2.490762768503e-01 2.490853624701e-01 2.490945484368e-01
2.491038356080e-01 2.491132248493e-01 2.491227170345e-01 2.491323130454e-01
2.491420137720e-01 2.491518201127e-01 2.491617329744e-01 2.491717532723e-01
2.491818819302e-01 2.491921198807e-01 2.492024680650e-01 2.492129274333e-01
2.492234989447e-01 2.492341835673e-01 2.492449822782e-01 2.492558960641e-01
2.492669259207e-01 2.492780728531e-01 2.492893378763e-01 2.493007220145e-01
2.493122263018e-01 2.493238517823e-01 2.493355995097e-01 2.493474705480e-01
2.493594659712e-01 2.493715868637e-01 2.493838343201e-01 2.493962094456e-01
2.494087133559e-01 2.494213471776e-01 2.494341120477e-01 2.494470091146e-01
2.494600395375e-01 2.494732044868e-01 2.494865051441e-01 2.494999427027e-01
2.495135183671e-01 2.495272333536e-01 2.495410888904e-01 2.495550862173e-01
2.495692265865e-01 2.495835112622e-01 2.495979415208e-01 2.496125186512e-01
2.496272439551e-01 2.496421187466e-01 2.496571443527e-01 2.496723221135e-01
2.496876533822e-01 2.497031395252e-01 2.497187819224e-01 2.497345819673e-01
2.497505410668e-01 2.497666606421e-01 2.497829421282e-01 2.497993869742e-01
2.498159966436e-01 2.498327726144e-01 2.498497163792e-01 2.498668294455e-01
2.498841133357e-01 2.499015695873e-01 2.499191997531e-01 2.499370054014e-01
2.499549881162e-01 2.499731494971e-01 2.499914911600e-01 2.500100147368e-01
2.500287218756e-01 2.500476142414e-01 2.500666935155e-01 2.500859613965e-01
2.501054195998e-01 2.501250698581e-01 2.501449139217e-01 2.501649535586e-01
2.501851905545e-01 2.502056267134e-01 2.502262638572e-01 2.502471038266e-01
2.502681484810e-01 2.502893996985e-01 2.503108593764e-01 2.503325294313e-01
2.503544117995e-01 2.503765084368e-01 2.503988213192e-01 2.504213524429e-01
2.504441038243e-01 2.504670775008e-01 2.504902755305e-01 2.505136999929e-01
2.505373529885e-01 2.505612366397e-01 2.505853530908e-01 2.506097045081e-01
2.506342930803e-01 2.506591210189e-01 2.506841905580e-01 2.507095039552e-01
2.507350634913e-01 2.507608714708e-01 2.507869302222e-01 2.508132420984e-01
2.508398094764e-01 2.508666347585e-01 2.508937203718e-01 2.509210687688e-01
2.509486824276e-01 2.509765638525e-01 2.510047155739e-01 2.510331401486e-01
2.510618401606e-01 2.510908182209e-01 2.511200769680e-01 2.511496190683e-01
2.511794472161e-01 2.512095641345e-01 2.512399725752e-01 2.512706753189e-01
2.513016751761e-01 2.513329749868e-01 2.513645776213e-01 2.513964859804e-01
2.514287029956e-01 2.514612316299e-01 2.514940748777e-01 2.515272357653e-01
2.515607173513e-01 2.515945227273e-01 2.516286550176e-01 2.516631173802e-01
2.516979130068e-01 2.517330451235e-01 2.517685169909e-01 2.518043319048e-01
2.518404931963e-01 2.518770042325e-01 2.519138684168e-01 2.519510891892e-01
2.519886700270e-01 2.520266144451e-01 2.520649259961e-01 2.521036082716e-01
2.521426649016e-01 2.521820995558e-01 2.522219159437e-01 2.522621178149e-01
2.523027089601e-01 2.523436932110e-01 2.523850744410e-01 2.524268565660e-01
2.524690435444e-01 2.525116393779e-01 2.525546481118e-01 2.525980738358e-01
2.526419206843e-01 2.526861928369e-01 2.527308945191e-01 2.527760300027e-01
2.528216036064e-01 2.528676196963e-01 2.529140826865e-01 2.529609970396e-01
2.530083672675e-01 2.530561979315e-01 2.531044936434e-01 2.531532590657e-01
2.532024989124e-01 2.532522179495e-01 2.533024209956e-01 2.533531129228e-01
2.534042986567e-01 2.534559831777e-01 2.535081715212e-01 2.535608687783e-01
2.536140800966e-01 2.536678106808e-01 2.537220657932e-01 2.537768507546e-01
2.538321709447e-01 2.538880318030e-01 2.539444388295e-01 2.540013975853e-01
2.540589136932e-01 2.541169928385e-01 2.541756407698e-01 2.542348632997e-01
2.542946663053e-01 2.543550557293e-01 2.544160375804e-01 2.544776179342e-01
2.545398029340e-01 2.546025987914e-01 2.546660117873e-01 2.547300482725e-01
2.547947146683e-01 2.548600174680e-01 2.549259632366e-01 2.549925586127e-01
2.550598103085e-01 2.551277251110e-01 2.551963098827e-01 2.552655715625e-01
2.553355171666e-01 2.554061537889e-01 2.554774886024e-01 2.555495288598e-01
2.556222818944e-01 2.556957551206e-01 2.557699560355e-01 2.558448922191e-01
2.559205713355e-01 2.559970011336e-01 2.560741894482e-01 2.561521442007e-01
2.562308734000e-01 2.563103851435e-01 2.563906876181e-01 2.564717891005e-01
2.565536979591e-01 2.566364226538e-01 2.567199717379e-01 2.568043538582e-01
2.568895777565e-01 2.569756522701e-01 2.570625863331e-01 2.571503889768e-01
2.572390693312e-01 2.573286366255e-01 2.574191001889e-01 2.575104694520e-01
2.576027539473e-01 2.576959633103e-01 2.577901072802e-01 2.578851957009e-01
2.579812385220e-01 2.580782457995e-01 2.581762276966e-01 2.582751944849e-01
2.583751565450e-01 2.584761243672e-01 2.585781085527e-01 2.586811198143e-01
2.587851689769e-01 2.588902669786e-01 2.589964248717e-01 2.591036538229e-01
2.592119651143e-01 2.593213701443e-01 2.594318804281e-01 2.595435075983e-01
2.596562634059e-01 2.597701597206e-01 2.598852085314e-01 2.600014219476e-01
2.601188121988e-01 2.602373916358e-01 2.603571727307e-01 2.604781680779e-01
2.606003903939e-01 2.607238525180e-01 2.608485674127e-01 2.609745481636e-01
2.611018079799e-01 2.612303601945e-01 2.613602182642e-01 2.614913957695e-01
2.616239064147e-01 2.617577640281e-01 2.618929825614e-01 2.620295760898e-01
2.621675588116e-01 2.623069450477e-01 2.624477492415e-01 2.625899859578e-01
2.627336698829e-01 2.628788158230e-01 2.630254387040e-01 2.631735535704e-01
2.633231755838e-01 2.634743200225e-01 2.636270022794e-01 2.637812378610e-01
2.639370423858e-01 2.640944315823e-01 2.642534212873e-01 2.644140274438e-01
2.645762660988e-01 2.647401534009e-01 2.649057055975e-01 2.650729390324e-01
2.652418701425e-01 2.654125154548e-01 2.655848915828e-01 2.657590152228e-01
2.659349031503e-01 2.661125722154e-01 2.662920393387e-01 2.664733215065e-01
2.666564357655e-01 2.668413992178e-01 2.670282290151e-01 2.672169423527e-01
2.674075564631e-01 2.676000886093e-01 2.677945560778e-01 2.679909761707e-01
2.681893661980e-01 2.683897434693e-01 2.685921252846e-01 2.687965289249e-01
2.690029716427e-01 2.692114706513e-01 2.694220431136e-01 2.696347061309e-01
2.698494767303e-01 2.700663718524e-01 2.702854083371e-01 2.705066029097e-01
2.707299721660e-01 2.709555325565e-01 2.711833003695e-01 2.714132917143e-01
2.716455225024e-01 2.718800084284e-01 2.721167649499e-01 2.723558072664e-01
2.725971502968e-01 2.728408086559e-01 2.730867966305e-01 2.733351281528e-01
2.735858167742e-01 2.738388756362e-01 2.740943174415e-01 2.743521544218e-01
2.746123983061e-01 2.748750602857e-01 2.751401509785e-01 2.754076803915e-01
2.756776578807e-01 2.759500921105e-01 2.762249910093e-01 2.765023617251e-01
2.767822105768e-01 2.770645430050e-01 2.773493635193e-01 2.776366756434e-01
2.779264818580e-01 2.782187835403e-01 2.785135809011e-01 2.788108729188e-01
2.791106572702e-01 2.794129302582e-01 2.797176867357e-01 2.800249200266e-01
2.803346218421e-01 2.806467821942e-01 2.809613893039e-01 2.812784295064e-01
2.815978871504e-01 2.819197444942e-01 2.822439815953e-01 2.825705761965e-01
2.828995036052e-01 2.832307365678e-01 2.835642451383e-01 2.838999965402e-01
2.842379550226e-01 2.845780817088e-01 2.849203344387e-01 2.852646676031e-01
2.856110319703e-01 2.859593745056e-01 2.863096381809e-01 2.866617617763e-01
2.870156796728e-01 2.873713216340e-01 2.877286125792e-01 2.880874723449e-01
2.884478154356e-01 2.888095507629e-01 2.891725813727e-01 2.895368041595e-01
2.899021095675e-01 2.902683812781e-01 2.906354958829e-01 2.910033225409e-01
2.913717226214e-01 2.917405493288e-01 2.921096473111e-01 2.924788522504e-01
2.928479904345e-01 2.932168783085e-01 2.935853220067e-01 2.939531168627e-01
2.943200468974e-01 2.946858842839e-01 2.950503887878e-01 2.954133071831e-01
2.957743726416e-01 2.961333040944e-01 2.964898055659e-01 2.968435654781e-01
2.971942559241e-01 2.975415319097e-01 2.978850305624e-01 2.982243703057e-01
2.985591499988e-01 2.988889480384e-01 2.992133214239e-01 2.995318047824e-01
2.998439093543e-01 3.001491219368e-01 3.004469037849e-01 3.007366894683e-01
3.010178856843e-01 3.012898700237e-01 3.015519896911e-01 3.018035601772e-01
3.020438638827e-01 3.022721486948e-01 3.024876265137e-01 3.026894717313e-01
3.028768196614e-01 3.030487649215e-01 3.032043597692e-01 3.033426123921e-01
3.034624851558e-01 3.035628928110e-01 3.036427006634e-01 3.037007227123e-01
3.037357197596e-01 3.037463975002e-01 3.037314045966e-01 3.036893307509e-01
3.036187047818e-01 3.035179927212e-01 3.033855959440e-01 3.032198493490e-01
3.030190196110e-01 3.027813035261e-01 3.025048264797e-01 3.021876410657e-01
3.018277258944e-01 3.014229846301e-01 3.009712453060e-01 3.004702599701e-01
2.999177047270e-01 2.993111802443e-01 2.986482128085e-01 2.979262560233e-01
2.971426932579e-01 2.962948409681e-01 2.953799530324e-01 2.943952262618e-01
2.933378072686e-01 2.922048009021e-01 2.909932804938e-01 2.897003001820e-01
2.883229096319e-01 2.868581715057e-01 2.853031820932e-01 2.836550955669e-01
2.819111523971e-01 2.800687125353e-01 2.781252940639e-01 2.760786181113e-01
2.739266609451e-01 2.716677142913e-01 2.693004550798e-01 2.668240259911e-01
2.642381283839e-01 2.615431294160e-01 2.587401854409e-01 2.558313840748e-01
2.528188942968e-01 2.497049669256e-01 2.464919350821e-01 2.431822146385e-01
2.397783046562e-01 2.362827878141e-01 2.326983308296e-01 2.290276848772e-01
2.252736860088e-01 2.214392555822e-01 2.175274007045e-01 2.135412147006e-01
2.094838776152e-01 2.053586567609e-01 2.011689073263e-01 1.969180730572e-01
1.926096870277e-01 1.882473725185e-01 1.838348440181e-01 1.793759083661e-01
1.748744660526e-01 1.703345126887e-01 1.657601406566e-01 1.611555409437e-01
1.565250051530e-01 1.518729276757e-01 1.472038079902e-01 1.425222530382e-01
1.378329796019e-01 1.331408165806e-01 1.284507070346e-01 1.237677098323e-01
1.190970006996e-01 1.144438724434e-01 1.098137340890e-01 1.052121086497e-01
1.006446292401e-01 9.611703324050e-02 9.163515424104e-02 8.720491152410e-02
8.283229688973e-02 7.852335868643e-02 7.428418297297e-02 7.012087179974e-02
6.603951865432e-02 6.204618115819e-02 5.814685112524e-02 5.434742209565e-02
5.065365444265e-02 4.707113811879e-02 4.360525307303e-02 4.026112734134e-02
3.704359280556e-02 3.395713864165e-02 3.100586255115e-02 2.819341999527e-02
2.552297183166e-02 2.299713098567e-02 2.061790905569e-02 1.838666403766e-02
1.630405063927e-02 1.436997490849e-02 1.258355510801e-02 1.094309098599e-02
9.446043075731e-03 8.089024589342e-03 6.867807923469e-03 5.777346593761e-03
4.811814100133e-03 3.964660620606e-03 3.228687529119e-03 2.596139261847e-03
2.058811365711e-03 1.608172846129e-03 1.235500204490e-03 9.320198069757e-04
6.890543955869e-04 4.981694494558e-04 3.513139488651e-04 2.409500133669e-04
1.601660405739e-04 1.027678896425e-04 6.334304945942e-05 3.729343132999e-05
2.083339872336e-05 1.093601557301e-05 5.307411954627e-06 2.370220498248e-06
9.763376354073e-07 3.588641630733e-07 1.136003521566e-07 3.027618391507e-08
6.552834122446e-09 1.099771075576e-09 1.351835055569e-10 1.135226681118e-11
5.987158549000e-13 1.789313603701e-14 2.660353983614e-16 1.648998671589e-18
3.261692553902e-21 1.278450388893e-24 3.134189434871e-29
  </pseudo_partial_wave>
  <projector_function state="Ag-5s" grid="g1">
     2.534735530652e+00 2.534733225847e+00 2.534730914880e+00
2.534727048158e+00 2.534721613222e+00 2.534714597528e+00 2.534705988449e+00
2.534695773270e+00 2.534683939189e+00 2.534670473320e+00 2.534655362688e+00
2.534638594229e+00 2.534620154794e+00 2.534600031143e+00 2.534578209947e+00
2.534554677789e+00 2.534529421159e+00 2.534502426458e+00 2.534473679996e+00
2.534443167991e+00 2.534410876570e+00 2.534376791764e+00 2.534340899515e+00
2.534303185668e+00 2.534263635976e+00 2.534222236097e+00 2.534178971593e+00
2.534133827931e+00 2.534086790481e+00 2.534037844519e+00 2.533986975221e+00
2.533934167667e+00 2.533879406838e+00 2.533822677618e+00 2.533763964789e+00
2.533703253036e+00 2.533640526944e+00 2.533575770996e+00 2.533508969575e+00
2.533440106962e+00 2.533369167336e+00 2.533296134774e+00 2.533220993250e+00
2.533143726633e+00 2.533064318691e+00 2.532982753086e+00 2.532899013374e+00
2.532813083008e+00 2.532724945333e+00 2.532634583590e+00 2.532541980910e+00
2.532447120320e+00 2.532349984738e+00 2.532250556974e+00 2.532148819729e+00
2.532044755596e+00 2.531938347056e+00 2.531829576484e+00 2.531718426141e+00
2.531604878180e+00 2.531488914640e+00 2.531370517450e+00 2.531249668427e+00
2.531126349274e+00 2.531000541583e+00 2.530872226831e+00 2.530741386382e+00
2.530608001486e+00 2.530472053277e+00 2.530333522775e+00 2.530192390885e+00
2.530048638396e+00 2.529902245981e+00 2.529753194194e+00 2.529601463476e+00
2.529447034149e+00 2.529289886415e+00 2.529130000362e+00 2.528967355958e+00
2.528801933052e+00 2.528633711373e+00 2.528462670534e+00 2.528288790025e+00
2.528112049217e+00 2.527932427363e+00 2.527749903592e+00 2.527564456915e+00
2.527376066220e+00 2.527184710275e+00 2.526990367725e+00 2.526793017096e+00
2.526592636789e+00 2.526389205084e+00 2.526182700139e+00 2.525973099988e+00
2.525760382544e+00 2.525544525594e+00 2.525325506806e+00 2.525103303721e+00
2.524877893758e+00 2.524649254213e+00 2.524417362258e+00 2.524182194939e+00
2.523943729182e+00 2.523701941786e+00 2.523456809428e+00 2.523208308659e+00
2.522956415907e+00 2.522701107476e+00 2.522442359546e+00 2.522180148172e+00
2.521914449287e+00 2.521645238698e+00 2.521372492090e+00 2.521096185021e+00
2.520816292930e+00 2.520532791129e+00 2.520245654807e+00 2.519954859031e+00
2.519660378746e+00 2.519362188771e+00 2.519060263805e+00 2.518754578423e+00
2.518445107081e+00 2.518131824110e+00 2.517814703721e+00 2.517493720005e+00
2.517168846930e+00 2.516840058347e+00 2.516507327984e+00 2.516170629452e+00
2.515829936242e+00 2.515485221727e+00 2.515136459164e+00 2.514783621688e+00
2.514426682324e+00 2.514065613975e+00 2.513700389433e+00 2.513330981372e+00
2.512957362356e+00 2.512579504832e+00 2.512197381138e+00 2.511810963498e+00
2.511420224026e+00 2.511025134728e+00 2.510625667499e+00 2.510221794128e+00
2.509813486295e+00 2.509400715576e+00 2.508983453442e+00 2.508561671261e+00
2.508135340297e+00 2.507704431715e+00 2.507268916579e+00 2.506828765854e+00
2.506383950409e+00 2.505934441016e+00 2.505480208353e+00 2.505021223006e+00
2.504557455469e+00 2.504088876146e+00 2.503615455352e+00 2.503137163319e+00
2.502653970191e+00 2.502165846029e+00 2.501672760816e+00 2.501174684453e+00
2.500671586766e+00 2.500163437503e+00 2.499650206343e+00 2.499131862890e+00
2.498608376682e+00 2.498079717189e+00 2.497545853819e+00 2.497006755917e+00
2.496462392767e+00 2.495912733600e+00 2.495357747590e+00 2.494797403861e+00
2.494231671487e+00 2.493660519499e+00 2.493083916880e+00 2.492501832579e+00
2.491914235502e+00 2.491321094527e+00 2.490722378496e+00 2.490118056228e+00
2.489508096514e+00 2.488892468127e+00 2.488271139823e+00 2.487644080344e+00
2.487011258420e+00 2.486372642779e+00 2.485728202144e+00 2.485077905240e+00
2.484421720800e+00 2.483759617566e+00 2.483091564293e+00 2.482417529757e+00
2.481737482755e+00 2.481051392114e+00 2.480359226691e+00 2.479660955381e+00
2.478956547124e+00 2.478245970902e+00 2.477529195752e+00 2.476806190769e+00
2.476076925109e+00 2.475341367997e+00 2.474599488732e+00 2.473851256690e+00
2.473096641336e+00 2.472335612224e+00 2.471568139003e+00 2.470794191430e+00
2.470013739369e+00 2.469226752798e+00 2.468433201823e+00 2.467633056673e+00
2.466826287719e+00 2.466012865472e+00 2.465192760593e+00 2.464365943902e+00
2.463532386383e+00 2.462692059194e+00 2.461844933670e+00 2.460990981339e+00
2.460130173921e+00 2.459262483341e+00 2.458387881738e+00 2.457506341472e+00
2.456617835131e+00 2.455722335543e+00 2.454819815782e+00 2.453910249182e+00
2.452993609339e+00 2.452069870127e+00 2.451139005704e+00 2.450200990522e+00
2.449255799342e+00 2.448303407234e+00 2.447343789600e+00 2.446376922172e+00
2.445402781033e+00 2.444421342623e+00 2.443432583749e+00 2.442436481600e+00
2.441433013756e+00 2.440422158200e+00 2.439403893331e+00 2.438378197976e+00
2.437345051399e+00 2.436304433319e+00 2.435256323918e+00 2.434200703856e+00
2.433137554286e+00 2.432066856862e+00 2.430988593758e+00 2.429902747679e+00
2.428809301874e+00 2.427708240153e+00 2.426599546901e+00 2.425483207090e+00
2.424359206295e+00 2.423227530712e+00 2.422088167167e+00 2.420941103139e+00
2.419786326771e+00 2.418623826884e+00 2.417453593001e+00 2.416275615354e+00
2.415089884908e+00 2.413896393372e+00 2.412695133223e+00 2.411486097716e+00
2.410269280905e+00 2.409044677662e+00 2.407812283691e+00 2.406572095552e+00
2.405324110673e+00 2.404068327372e+00 2.402804744877e+00 2.401533363341e+00
2.400254183867e+00 2.398967208521e+00 2.397672440357e+00 2.396369883433e+00
2.395059542834e+00 2.393741424693e+00 2.392415536205e+00 2.391081885658e+00
2.389740482445e+00 2.388391337088e+00 2.387034461262e+00 2.385669867814e+00
2.384297570783e+00 2.382917585424e+00 2.381529928233e+00 2.380134616961e+00
2.378731670644e+00 2.377321109622e+00 2.375902955563e+00 2.374477231483e+00
2.373043961772e+00 2.371603172215e+00 2.370154890016e+00 2.368699143821e+00
2.367235963741e+00 2.365765381375e+00 2.364287429834e+00 2.362802143764e+00
2.361309559369e+00 2.359809714438e+00 2.358302648362e+00 2.356788402162e+00
2.355267018514e+00 2.353738541766e+00 2.352203017968e+00 2.350660494892e+00
2.349111022055e+00 2.347554650746e+00 2.345991434042e+00 2.344421426837e+00
2.342844685862e+00 2.341261269707e+00 2.339671238845e+00 2.338074655654e+00
2.336471584436e+00 2.334862091441e+00 2.333246244887e+00 2.331624114981e+00
2.329995773939e+00 2.328361296008e+00 2.326720757482e+00 2.325074236723e+00
2.323421814179e+00 2.321763572402e+00 2.320099596066e+00 2.318429971982e+00
2.316754789114e+00 2.315074138598e+00 2.313388113749e+00 2.311696810082e+00
2.310000325322e+00 2.308298759413e+00 2.306592214534e+00 2.304880795104e+00
2.303164607794e+00 2.301443761531e+00 2.299718367511e+00 2.297988539196e+00
2.296254392321e+00 2.294516044900e+00 2.292773617220e+00 2.291027231846e+00
2.289277013615e+00 2.287523089635e+00 2.285765589275e+00 2.284004644162e+00
2.282240388169e+00 2.280472957402e+00 2.278702490190e+00 2.276929127063e+00
2.275153010741e+00 2.273374286109e+00 2.271593100191e+00 2.269809602132e+00
2.268023943161e+00 2.266236276566e+00 2.264446757655e+00 2.262655543720e+00
2.260862793998e+00 2.259068669625e+00 2.257273333588e+00 2.255476950677e+00
2.253679687426e+00 2.251881712057e+00 2.250083194417e+00 2.248284305911e+00
2.246485219430e+00 2.244686109276e+00 2.242887151082e+00 2.241088521727e+00
2.239290399245e+00 2.237492962732e+00 2.235696392241e+00 2.233900868682e+00
2.232106573707e+00 2.230313689593e+00 2.228522399119e+00 2.226732885433e+00
2.224945331923e+00 2.223159922067e+00 2.221376839288e+00 2.219596266792e+00
2.217818387412e+00 2.216043383428e+00 2.214271436392e+00 2.212502726941e+00
2.210737434601e+00 2.208975737582e+00 2.207217812565e+00 2.205463834483e+00
2.203713976289e+00 2.201968408717e+00 2.200227300027e+00 2.198490815755e+00
2.196759118435e+00 2.195032367320e+00 2.193310718097e+00 2.191594322576e+00
2.189883328387e+00 2.188177878645e+00 2.186478111623e+00 2.184784160397e+00
2.183096152490e+00 2.181414209496e+00 2.179738446697e+00 2.178068972659e+00
2.176405888827e+00 2.174749289092e+00 2.173099259359e+00 2.171455877085e+00
2.169819210819e+00 2.168189319713e+00 2.166566253032e+00 2.164950049634e+00
2.163340737449e+00 2.161738332933e+00 2.160142840513e+00 2.158554252010e+00
2.156972546050e+00 2.155397687461e+00 2.153829626648e+00 2.152268298956e+00
2.150713624017e+00 2.149165505078e+00 2.147623828314e+00 2.146088462123e+00
2.144559256412e+00 2.143036041851e+00 2.141518629129e+00 2.140006808181e+00
2.138500347403e+00 2.136998992855e+00 2.135502467437e+00 2.134010470067e+00
2.132522674826e+00 2.131038730100e+00 2.129558257704e+00 2.128080851992e+00
2.126606078956e+00 2.125133475305e+00 2.123662547544e+00 2.122192771031e+00
2.120723589029e+00 2.119254411747e+00 2.117784615372e+00 2.116313541093e+00
2.114840494124e+00 2.113364742709e+00 2.111885517139e+00 2.110402008755e+00
2.108913368954e+00 2.107418708198e+00 2.105917095020e+00 2.104407555041e+00
2.102889069988e+00 2.101360576724e+00 2.099820966286e+00 2.098269082940e+00
2.096703723250e+00 2.095123635164e+00 2.093527517125e+00 2.091914017204e+00
2.090281732262e+00 2.088629207144e+00 2.086954933905e+00 2.085257351079e+00
2.083534842985e+00 2.081785739085e+00 2.080008313393e+00 2.078200783929e+00
2.076361312250e+00 2.074488003034e+00 2.072578903737e+00 2.070632004326e+00
2.068645237096e+00 2.066616476565e+00 2.064543539475e+00 2.062424184876e+00
2.060256114329e+00 2.058036972208e+00 2.055764346134e+00 2.053435767515e+00
2.051048712240e+00 2.048600601489e+00 2.046088802707e+00 2.043510630719e+00
2.040863349013e+00 2.038144171187e+00 2.035350262573e+00 2.032478742040e+00
2.029526683994e+00 2.026491120571e+00 2.023369044035e+00 2.020157409387e+00
2.016853137201e+00 2.013453116673e+00 2.009954208913e+00 2.006353250470e+00
2.002647057102e+00 1.998832427797e+00 1.994906149043e+00 1.990864999362e+00
1.986705754099e+00 1.982425190477e+00 1.978020092921e+00 1.973487258638e+00
1.968823503465e+00 1.964025667986e+00 1.959090623897e+00 1.954015280633e+00
1.948796592235e+00 1.943431564464e+00 1.937917262134e+00 1.932250816666e+00
1.926429433837e+00 1.920450401719e+00 1.914311098770e+00 1.908009002071e+00
1.901541695673e+00 1.894906879022e+00 1.888102375445e+00 1.881126140634e+00
1.873976271116e+00 1.866651012636e+00 1.859148768433e+00 1.851468107329e+00
1.843607771594e+00 1.835566684503e+00 1.827343957546e+00 1.818938897185e+00
1.810351011108e+00 1.801580013886e+00 1.792625831934e+00 1.783488607710e+00
1.774168703022e+00 1.764666701369e+00 1.754983409187e+00 1.745119855891e+00
1.735077292614e+00 1.724857189495e+00 1.714461231415e+00 1.703891312045e+00
1.693149526077e+00 1.682238159516e+00 1.671159677900e+00 1.659916712317e+00
1.648512043107e+00 1.636948581115e+00 1.625229346393e+00 1.613357444230e+00
1.601336038436e+00 1.589168321776e+00 1.576857483498e+00 1.564406673904e+00
1.551818965930e+00 1.539097313743e+00 1.526244508367e+00 1.513263130409e+00
1.500155499962e+00 1.486923623846e+00 1.473569140336e+00 1.460093261643e+00
1.446496714403e+00 1.432779678545e+00 1.418941724940e+00 1.404981752325e+00
1.390897924044e+00 1.376687605272e+00 1.362347301427e+00 1.347872598600e+00
1.333258106902e+00 1.318497407741e+00 1.303583006119e+00 1.288506289165e+00
1.273257492181e+00 1.257825673613e+00 1.242198700406e+00 1.226363245332e+00
1.210304797911e+00 1.194007690638e+00 1.177455142254e+00 1.160629319854e+00
1.143511421587e+00 1.126081781733e+00 1.108319999830e+00 1.090205095490e+00
1.071715690356e+00 1.052830218503e+00 1.033527166344e+00 1.013785342801e+00
9.935841801483e-01 9.729040655119e-01 9.517267025074e-01 9.300355019220e-01
9.078159996965e-01 8.850562997268e-01 8.617475381916e-01 8.378843652286e-01
8.134654388185e-01 7.884939247198e-01 7.629779952288e-01 7.369313184362e-01
7.103735285430e-01 6.833306666961e-01 6.558355807565e-01 6.279282714394e-01
5.996561714257e-01 5.710743433701e-01 5.422455822934e-01 5.132404076858e-01
4.841369308461e-01 4.550205835835e-01 4.259836955014e-01 3.971249087075e-01
3.685484210315e-01 3.403630517151e-01 3.126811271167e-01 2.856171882581e-01
2.592865270342e-01 2.338035635689e-01 2.092800834734e-01 1.858233605181e-01
1.635341973335e-01 1.425049239708e-01 1.228174012351e-01 1.045410823246e-01
8.773119208508e-02 7.242708770966e-02 5.865086750921e-02 4.640629497346e-02
3.567810325703e-02 2.643174001741e-02 1.861360382661e-02 1.215181091649e-02
6.957514700171e-03 2.926780451794e-03 -5.700589909691e-05 -2.120242011037e-03
-3.395801332900e-03 -4.019416235406e-03 -4.125881652522e-03
-3.845231967148e-03 -3.299061348909e-03 -2.597167250304e-03
-1.834696112300e-03 -1.089957692495e-03 -4.230485979690e-04 1.246137230313e-04
5.297972238354e-04 7.860147140651e-04 9.012183126889e-04 8.947807048069e-04
7.939796507694e-04 6.302540783224e-04 4.355317546819e-04 2.389334265441e-04
6.413189578966e-05 -7.241458875661e-05 -1.622241774489e-04 -2.045292478398e-04
-2.050921021813e-04 -1.743154386688e-04 -1.249554526815e-04
-6.979535934551e-05 -1.963353334518e-05 1.812126401539e-05 4.006897533929e-05
4.662159821026e-05 4.111659207308e-05 2.849667856024e-05 1.388687514741e-05
1.397647893147e-06 -6.598015597293e-06 -9.607246588138e-06 0.000000000000e+00
0.000000000000e+00 0.000000000000e+00 0.000000000000e+00 0.000000000000e+00
0.000000000000e+00 0.000000000000e+00 0.000000000000e+00 0.000000000000e+00
0.000000000000e+00 0.000000000000e+00 0.000000000000e+00 0.000000000000e+00
0.000000000000e+00 0.000000000000e+00 0.000000000000e+00 0.000000000000e+00
0.000000000000e+00 0.000000000000e+00 0.000000000000e+00 0.000000000000e+00
0.000000000000e+00 0.000000000000e+00 0.000000000000e+00 0.000000000000e+00
0.000000000000e+00 0.000000000000e+00 0.000000000000e+00 0.000000000000e+00
0.000000000000e+00 0.000000000000e+00 0.000000000000e+00 0.000000000000e+00
0.000000000000e+00 0.000000000000e+00 0.000000000000e+00 0.000000000000e+00
0.000000000000e+00 0.000000000000e+00 0.000000000000e+00 0.000000000000e+00
0.000000000000e+00 0.000000000000e+00 0.000000000000e+00 0.000000000000e+00
0.000000000000e+00 0.000000000000e+00 0.000000000000e+00 0.000000000000e+00
0.000000000000e+00 0.000000000000e+00 0.000000000000e+00 0.000000000000e+00
0.000000000000e+00 0.000000000000e+00 0.000000000000e+00 0.000000000000e+00
0.000000000000e+00 0.000000000000e+00 0.000000000000e+00 0.000000000000e+00
0.000000000000e+00 0.000000000000e+00
  </projector_function>
  <ae_partial_wave state="Ag-5p" grid="g1">
     -0.000000000000e+00 -8.833444077663e-02 -1.483713361157e-01
-2.026479152526e-01 -2.535662095497e-01 -3.020361340978e-01
-3.485099306113e-01 -3.932507014271e-01 -4.364286835257e-01
-4.781629715431e-01 -5.185420506219e-01 -5.576348800355e-01
-5.954973155259e-01 -6.321760464061e-01 -6.677111228680e-01
-7.021376418820e-01 -7.354869091188e-01 -7.677872625616e-01
-7.990646707750e-01 -8.293431769416e-01 -8.586452347836e-01
-8.869919670679e-01 -9.144033676176e-01 -9.408984613846e-01
-9.664954329031e-01 -9.912117305682e-01 -1.015064152189e+00
-1.038068915866e+00 -1.060241719243e+00 -1.081597789445e+00
-1.102151925509e+00 -1.121918534675e+00 -1.140911663643e+00
-1.159145025672e+00 -1.176632024184e+00 -1.193385773460e+00
-1.209419116866e+00 -1.224744642981e+00 -1.239374699934e+00
-1.253321408192e+00 -1.266596672030e+00 -1.279212189829e+00
-1.291179463385e+00 -1.302509806317e+00 -1.313214351713e+00
-1.323304059085e+00 -1.332789720723e+00 -1.341681967507e+00
-1.349991274245e+00 -1.357727964578e+00 -1.364902215513e+00
-1.371524061602e+00 -1.377603398826e+00 -1.383149988194e+00
-1.388173459104e+00 -1.392683312477e+00 -1.396688923690e+00
-1.400199545339e+00 -1.403224309833e+00 -1.405772231853e+00
-1.407852210677e+00 -1.409473032399e+00 -1.410643372043e+00
-1.411371795590e+00 -1.411666761930e+00 -1.411536624742e+00
-1.410989634318e+00 -1.410033939332e+00 -1.408677588569e+00
-1.406928532611e+00 -1.404794625489e+00 -1.402283626305e+00
-1.399403200829e+00 -1.396160923067e+00 -1.392564276808e+00
-1.388620657146e+00 -1.384337371978e+00 -1.379721643482e+00
-1.374780609566e+00 -1.369521325292e+00 -1.363950764270e+00
-1.358075820025e+00 -1.351903307333e+00 -1.345439963517e+00
-1.338692449716e+00 -1.331667352113e+00 -1.324371183126e+00
-1.316810382563e+00 -1.308991318736e+00 -1.300920289533e+00
-1.292603523457e+00 -1.284047180618e+00 -1.275257353685e+00
-1.266240068800e+00 -1.257001286450e+00 -1.247546902295e+00
-1.237882747958e+00 -1.228014591773e+00 -1.217948139490e+00
-1.207689034947e+00 -1.197242860696e+00 -1.186615138598e+00
-1.175811330377e+00 -1.164836838147e+00 -1.153697004904e+00
-1.142397114991e+00 -1.130942394535e+00 -1.119338011865e+00
-1.107589077905e+00 -1.095700646548e+00 -1.083677715019e+00
-1.071525224217e+00 -1.059248059047e+00 -1.046851048746e+00
-1.034338967191e+00 -1.021716533210e+00 -1.008988410872e+00
-9.961592097877e-01 -9.832334853920e-01 -9.702157392291e-01
-9.571104192322e-01 -9.439219200007e-01 -9.306545830743e-01
-9.173126972051e-01 -9.039004986285e-01 -8.904221713317e-01
-8.768818473212e-01 -8.632836068900e-01 -8.496314788827e-01
-8.359294409608e-01 -8.221814198674e-01 -8.083912916906e-01
-7.945628821278e-01 -7.806999667490e-01 -7.668062712597e-01
-7.528854717643e-01 -7.389411950290e-01 -7.249770187446e-01
-7.109964717895e-01 -6.970030344925e-01 -6.830001388952e-01
-6.689911690150e-01 -6.549794611077e-01 -6.409683039297e-01
-6.269609390006e-01 -6.129605608658e-01 -5.989703173576e-01
-5.849933098582e-01 -5.710325935608e-01 -5.570911777309e-01
-5.431720259678e-01 -5.292780564653e-01 -5.154121422720e-01
-5.015771115517e-01 -4.877757478426e-01 -4.740107903173e-01
-4.602849340410e-01 -4.466008302304e-01 -4.329610865112e-01
-4.193682671756e-01 -4.058248934395e-01 -3.923334436985e-01
-3.788963537840e-01 -3.655160172187e-01 -3.521947854711e-01
-3.389349682103e-01 -3.257388335594e-01 -3.126086083492e-01
-2.995464783710e-01 -2.865545886290e-01 -2.736350435922e-01
-2.607899074463e-01 -2.480212043444e-01 -2.353309186585e-01
-2.227209952295e-01 -2.101933396177e-01 -1.977498183526e-01
-1.853922591830e-01 -1.731224513262e-01 -1.609421457178e-01
-1.488530552610e-01 -1.368568550757e-01 -1.249551827486e-01
-1.131496385816e-01 -1.014417858422e-01 -8.983315101272e-02
-7.832522404043e-02 -6.691945858749e-02 -5.561727228150e-02
-4.442004696627e-02 -3.332912895298e-02 -2.234582927177e-02
-1.147142392384e-02 -7.071541340070e-04 9.945773396155e-03 2.048618623461e-02
3.091294596457e-02 4.122494792954e-02 5.142112097776e-02 6.150042720595e-02
7.146186170248e-02 8.130445228972e-02 9.102725926590e-02 1.006293751462e-01
1.101099244034e-01 1.194680632074e-01 1.287029791653e-01 1.378138910594e-01
1.468000485861e-01 1.556607320939e-01 1.643952523206e-01 1.730029501310e-01
1.814831962540e-01 1.898353910197e-01 1.980589640964e-01 2.061533742280e-01
2.141181089714e-01 2.219526844341e-01 2.296566450130e-01 2.372295631331e-01
2.446710389869e-01 2.519807002756e-01 2.591582019506e-01 2.662032259562e-01
2.731154809742e-01 2.798947021698e-01 2.865406509389e-01 2.930531146579e-01
2.994319064352e-01 3.056768648650e-01 3.117878537836e-01 3.177647620283e-01
3.236075031992e-01 3.293160154243e-01 3.348902611268e-01 3.403302267972e-01
3.456359227683e-01 3.508073829939e-01 3.558446648318e-01 3.607478488311e-01
3.655170385234e-01 3.701523602188e-01 3.746539628068e-01 3.790220175607e-01
3.832567179482e-01 3.873582794454e-01 3.913269393560e-01 3.951629566346e-01
3.988666117141e-01 4.024382063377e-01 4.058780633931e-01 4.091865267510e-01
4.123639611054e-01 4.154107518164e-01 4.183273047545e-01 4.211140461449e-01
4.237714224132e-01 4.262999000299e-01 4.286999653537e-01 4.309721244741e-01
4.331169030506e-01 4.351348461504e-01 4.370265180817e-01 4.387925022250e-01
4.404334008593e-01 4.419498349857e-01 4.433424441455e-01 4.446118862356e-01
4.457588373191e-01 4.467839914316e-01 4.476880603848e-01 4.484717735651e-01
4.491358777295e-01 4.496811367986e-01 4.501083316452e-01 4.504182598822e-01
4.506117356461e-01 4.506895893797e-01 4.506526676122e-01 4.505018327378e-01
4.502379627925e-01 4.498619512303e-01 4.493747066977e-01 4.487771528073e-01
4.480702279107e-01 4.472548848713e-01 4.463320908354e-01 4.453028270038e-01
4.441680884023e-01 4.429288836525e-01 4.415862347417e-01 4.401411767929e-01
4.385947578341e-01 4.369480385682e-01 4.352020921412e-01 4.333580039118e-01
4.314168712195e-01 4.293798031529e-01 4.272479203180e-01 4.250223546053e-01
4.227042489577e-01 4.202947571375e-01 4.177950434928e-01 4.152062827241e-01
4.125296596507e-01 4.097663689759e-01 4.069176150529e-01 4.039846116496e-01
4.009685817138e-01 3.978707571373e-01 3.946923785204e-01 3.914346949359e-01
3.880989636930e-01 3.846864501008e-01 3.811984272317e-01 3.776361756846e-01
3.740009833485e-01 3.702941451653e-01 3.665169628931e-01 3.626707448692e-01
3.587568057731e-01 3.547764663903e-01 3.507310533751e-01 3.466218990143e-01
3.424503409908e-01 3.382177221477e-01 3.339253902523e-01 3.295746977606e-01
3.251670015819e-01 3.207036628439e-01 3.161860466584e-01 3.116155218866e-01
3.069934609059e-01 3.023212393760e-01 2.976002360062e-01 2.928318323229e-01
2.880174124375e-01 2.831583628151e-01 2.782560720430e-01 2.733119306003e-01
2.683273306279e-01 2.633036656988e-01 2.582423305887e-01 2.531447210477e-01
2.480122335719e-01 2.428462651758e-01 2.376482131649e-01 2.324194749088e-01
2.271614476151e-01 2.218755281034e-01 2.165631125794e-01 2.112255964102e-01
2.058643738993e-01 2.004808380620e-01 1.950763804018e-01 1.896523906863e-01
1.842102567236e-01 1.787513641397e-01 1.732770961549e-01 1.677888333617e-01
1.622879535021e-01 1.567758312454e-01 1.512538379661e-01 1.457233415220e-01
1.401857060328e-01 1.346422916578e-01 1.290944543752e-01 1.235435457603e-01
1.179909127640e-01 1.124378974921e-01 1.068858369839e-01 1.013360629910e-01
9.578990175664e-02 9.024867379438e-02 8.471369366752e-02 7.918626976814e-02
7.366770409649e-02 6.815929204026e-02 6.266232215418e-02 5.717807593959e-02
5.170782762427e-02 4.625284394240e-02 4.081438391485e-02 3.539369862964e-02
2.999203102281e-02 2.461061565965e-02 1.925067851636e-02 1.391343676227e-02
8.600098542646e-03 3.311862762186e-03 -1.950081130716e-03 -7.184553358793e-03
-1.239038402973e-02 -1.756641334889e-02 -2.271149183071e-02
-2.782448050878e-02 -3.290425114432e-02 -3.794968643290e-02
-4.295968020934e-02 -4.793313765042e-02 -5.286897547542e-02
-5.776612214404e-02 -6.262351805166e-02 -6.744011572167e-02
-7.221487999451e-02 -7.694678821334e-02 -8.163483040591e-02
-8.627800946245e-02 -9.087534130927e-02 -9.542585507774e-02
-9.992859326832e-02 -1.043826119095e-01 -1.087869807109e-01
-1.131407832110e-01 -1.174431169180e-01 -1.216930934446e-01
-1.258898386355e-01 -1.300324926883e-01 -1.341202102658e-01
-1.381521606015e-01 -1.421275275954e-01 -1.460455099031e-01
-1.499053210140e-01 -1.537061893217e-01 -1.574473581842e-01
-1.611280859746e-01 -1.647476461217e-01 -1.683053271407e-01
-1.718004326529e-01 -1.752322813962e-01 -1.786002072235e-01
-1.819035590923e-01 -1.851417010429e-01 -1.883140121672e-01
-1.914198865671e-01 -1.944587333046e-01 -1.974299763424e-01
-2.003330544768e-01 -2.031674212643e-01 -2.059325449417e-01
-2.086279083428e-01 -2.112530088120e-01 -2.138073581177e-01
-2.162904823672e-01 -2.187019219270e-01 -2.210412313494e-01
-2.233079793107e-01 -2.255017485643e-01 -2.276221359116e-01
-2.296687521966e-01 -2.316412223272e-01 -2.335391853292e-01
-2.353622944351e-01 -2.371102172150e-01 -2.387826357495e-01
-2.403792468499e-01 -2.418997623268e-01 -2.433439093064e-01
-2.447114305948e-01 -2.460020850871e-01 -2.472156482162e-01
-2.483519124372e-01 -2.494106877378e-01 -2.503918021673e-01
-2.512951023754e-01 -2.521204541496e-01 -2.528677429426e-01
-2.535368743807e-01 -2.541277747446e-01 -2.546403914163e-01
-2.550746932863e-01 -2.554306711189e-01 -2.557083378721e-01
-2.559077289730e-01 -2.560289025495e-01 -2.560719396205e-01
-2.560369442469e-01 -2.559240436492e-01 -2.557333882930e-01
-2.554651519486e-01 -2.551195317273e-01 -2.546967480986e-01
-2.541970448921e-01 -2.536206892857e-01 -2.529679717836e-01
-2.522392061862e-01 -2.514347295521e-01 -2.505549021556e-01
-2.496001074376e-01 -2.485707519541e-01 -2.474672653188e-01
-2.462901001427e-01 -2.450397319694e-01 -2.437166592059e-01
-2.423214030493e-01 -2.408545074079e-01 -2.393165388174e-01
-2.377080863508e-01 -2.360297615222e-01 -2.342821981835e-01
-2.324660524136e-01 -2.305820024001e-01 -2.286307483110e-01
-2.266130121594e-01 -2.245295376569e-01 -2.223810900578e-01
-2.201684559926e-01 -2.178924432903e-01 -2.155538807897e-01
-2.131536181391e-01 -2.106925255831e-01 -2.081714937384e-01
-2.055914333561e-01 -2.029532750717e-01 -2.002579691419e-01
-1.975064851693e-01 -1.946998118130e-01 -1.918389564869e-01
-1.889249450452e-01 -1.859588214546e-01 -1.829416474541e-01
-1.798745022020e-01 -1.767584819110e-01 -1.735946994706e-01
-1.703842840586e-01 -1.671283807397e-01 -1.638281500547e-01
-1.604847675970e-01 -1.570994235802e-01 -1.536733223946e-01
-1.502076821545e-01 -1.467037342363e-01 -1.431627228074e-01
-1.395859043473e-01 -1.359745471606e-01 -1.323299308820e-01
-1.286533459756e-01 -1.249460932261e-01 -1.212094832260e-01
-1.174448358550e-01 -1.136534797565e-01 -1.098367518083e-01
-1.059959965894e-01 -1.021325658440e-01 -9.824781794140e-02
-9.434311733408e-02 -9.041983401356e-02 -8.647934296447e-02
-8.252302361766e-02 -7.855225930268e-02 -7.456843670010e-02
-7.057294529411e-02 -6.656717682601e-02 -6.255252474885e-02
-5.853038368387e-02 -5.450214887910e-02 -5.046921567053e-02
-4.643297894644e-02 -4.239483261513e-02 -3.835616907666e-02
-3.431837869893e-02 -3.028284929851e-02 -2.625096562669e-02
-2.222410886105e-02 -1.820365610311e-02 -1.419097988223e-02
-1.018744766631e-02 -6.194421379607e-03 -2.213256927918e-03 1.754696268319e-03
5.708095732855e-03 9.645606383979e-03 1.356590097607e-02 1.746766053210e-02
2.134957476670e-02 2.521034249965e-02 2.904867205940e-02 3.286328167637e-02
3.665289986596e-02 4.041626580079e-02 4.415212967212e-02 4.785925304026e-02
5.153640917367e-02 5.518238337667e-02 5.879597330562e-02 6.237598927336e-02
6.592125454182e-02 6.943060560277e-02 7.290289244647e-02 7.633697881833e-02
7.973174246339e-02 8.308607535867e-02 8.639888393337e-02 8.966908927684e-02
9.289562733460e-02 9.607744909206e-02 9.921352074650e-02 1.023028238669e-01
1.053443555423e-01 1.083371285182e-01 1.112801713217e-01 1.141725283752e-01
1.170132600994e-01 1.198014430051e-01 1.225361697742e-01 1.252165493313e-01
1.278417069044e-01 1.304107840762e-01 1.329229388266e-01 1.353773455653e-01
1.377731951568e-01 1.401096949367e-01 1.423860687199e-01 1.446015568029e-01
1.467554159575e-01 1.488469194192e-01 1.508753568696e-01 1.528400344127e-01
1.547402745473e-01 1.565754161333e-01 1.583448143557e-01 1.600478406839e-01
1.616838828276e-01 1.632523446911e-01 1.647526463242e-01 1.661842238716e-01
1.675465295203e-01 1.688390314463e-01 1.700612137600e-01 1.712125764502e-01
1.722926353287e-01 1.733009219733e-01 1.742369836719e-01 1.751003833651e-01
1.758906995897e-01 1.766075264221e-01 1.772504734218e-01 1.778191655749e-01
1.783132432386e-01 1.787323620861e-01 1.790761930519e-01 1.793444222792e-01
1.795367510693e-01 1.796528958329e-01 1.796925880460e-01 1.796555742116e-01
1.795416158275e-01 1.793504893651e-01 1.790819862607e-01 1.787359129233e-01
1.783120907649e-01 1.778103562579e-01 1.772305610279e-01 1.765725719903e-01
1.758362715415e-01 1.750215578168e-01 1.741283450314e-01 1.731565639208e-01
1.721061623023e-01 1.709771057822e-01 1.697693786363e-01 1.684829848974e-01
1.671179496859e-01 1.656743208284e-01 1.641521708107e-01 1.625515991202e-01
1.608727350382e-01 1.591157409482e-01 1.572808162304e-01 1.553682018206e-01
1.533781855110e-01 1.513111080761e-01 1.491673703002e-01 1.469474409856e-01
1.446518660034e-01 1.422812784423e-01 1.398364098866e-01 1.373181028298e-01
1.347273241994e-01 1.320651799313e-01 1.293329304908e-01 1.265320071949e-01
1.236640291513e-01 1.207308205912e-01 1.177344283487e-01 1.146771392245e-01
1.115614969741e-01 1.083903186772e-01 1.051667102804e-01 1.018940811483e-01
9.857615750868e-02 9.521699472229e-02 9.182098833604e-02 8.839288388542e-02
8.493778537897e-02 8.146116232581e-02 7.796885505155e-02 7.446707789194e-02
7.096241966854e-02 6.746184065170e-02 6.397266502457e-02 6.050256770188e-02
5.705955425368e-02 5.365193265757e-02 5.028827567575e-02 4.697737282477e-02
4.372817117821e-02 4.054970461326e-02 3.745101155009e-02 3.444104173216e-02
3.152855335528e-02 2.872200083269e-02 2.602941657472e-02 2.345828984950e-02
2.101544321237e-02 1.870691026369e-02 1.653781850907e-02 1.451228003422e-02
1.263329319069e-02 1.090265838705e-02 9.320910953750e-03 7.887273918952e-03
6.599633206395e-03 5.454536494876e-03 4.447220101767e-03 3.571663965651e-03
2.820675589946e-03 2.186006057001e-03 1.658498864829e-03 1.228267977742e-03
8.848880928102e-04 6.175440502857e-04 4.145622407181e-04 2.646386703902e-04
1.614330000590e-04 9.517029803547e-05 5.245179049868e-05 2.619285280067e-05
1.173929260393e-05 4.605984670839e-06 1.526718501458e-06 4.072744075794e-07
8.187163442757e-08 1.135298611122e-08 9.666213831427e-10 4.345875682225e-11
8.457441152828e-13 5.355559849310e-15 6.773177551805e-18 5.369097890231e-22
  </ae_partial_wave>
  <pseudo_partial_wave state="Ag-5p" grid="g1">
     0.000000000000e+00 3.860514966154e-05 7.731353312953e-05
1.161255766070e-04 1.550417087068e-04 1.940623604688e-04 2.331879653777e-04
2.724189593805e-04 3.117557809047e-04 3.511988708759e-04 3.907486727365e-04
4.304056324636e-04 4.701701985878e-04 5.100428222117e-04 5.500239570290e-04
5.901140593432e-04 6.303135880870e-04 6.706230048416e-04 7.110427738564e-04
7.515733620683e-04 7.922152391221e-04 8.329688773901e-04 8.738347519926e-04
9.148133408184e-04 9.559051245452e-04 9.971105866605e-04 1.038430213483e-03
1.079864494182e-03 1.121413920803e-03 1.163078988283e-03 1.204860194478e-03
1.246758040181e-03 1.288773029149e-03 1.330905668118e-03 1.373156466834e-03
1.415525938067e-03 1.458014597643e-03 1.500622964459e-03 1.543351560514e-03
1.586200910927e-03 1.629171543961e-03 1.672263991052e-03 1.715478786828e-03
1.758816469136e-03 1.802277579068e-03 1.845862660982e-03 1.889572262532e-03
1.933406934689e-03 1.977367231771e-03 2.021453711466e-03 2.065666934858e-03
2.110007466455e-03 2.154475874216e-03 2.199072729577e-03 2.243798607477e-03
2.288654086388e-03 2.333639748342e-03 2.378756178957e-03 2.424003967469e-03
2.469383706754e-03 2.514895993367e-03 2.560541427561e-03 2.606320613323e-03
2.652234158398e-03 2.698282674326e-03 2.744466776467e-03 2.790787084031e-03
2.837244220114e-03 2.883838811724e-03 2.930571489814e-03 2.977442889315e-03
3.024453649166e-03 3.071604412349e-03 3.118895825919e-03 3.166328541038e-03
3.213903213009e-03 3.261620501308e-03 3.309481069620e-03 3.357485585871e-03
3.405634722267e-03 3.453929155323e-03 3.502369565901e-03 3.550956639249e-03
3.599691065032e-03 3.648573537371e-03 3.697604754879e-03 3.746785420698e-03
3.796116242538e-03 3.845597932714e-03 3.895231208184e-03 3.945016790586e-03
3.994955406281e-03 4.045047786390e-03 4.095294666834e-03 4.145696788374e-03
4.196254896653e-03 4.246969742236e-03 4.297842080650e-03 4.348872672432e-03
4.400062283162e-03 4.451411683515e-03 4.502921649298e-03 4.554592961495e-03
4.606426406315e-03 4.658422775231e-03 4.710582865029e-03 4.762907477851e-03
4.815397421243e-03 4.868053508201e-03 4.920876557216e-03 4.973867392326e-03
5.027026843158e-03 5.080355744981e-03 5.133854938754e-03 5.187525271175e-03
5.241367594729e-03 5.295382767743e-03 5.349571654433e-03 5.403935124958e-03
5.458474055473e-03 5.513189328177e-03 5.568081831371e-03 5.623152459511e-03
5.678402113262e-03 5.733831699550e-03 5.789442131624e-03 5.845234329107e-03
5.901209218053e-03 5.957367731009e-03 6.013710807066e-03 6.070239391926e-03
6.126954437954e-03 6.183856904242e-03 6.240947756667e-03 6.298227967956e-03
6.355698517745e-03 6.413360392641e-03 6.471214586288e-03 6.529262099431e-03
6.587503939976e-03 6.645941123063e-03 6.704574671124e-03 6.763405613958e-03
6.822434988791e-03 6.881663840350e-03 6.941093220930e-03 7.000724190464e-03
7.060557816593e-03 7.120595174740e-03 7.180837348178e-03 7.241285428109e-03
7.301940513732e-03 7.362803712321e-03 7.423876139302e-03 7.485158918324e-03
7.546653181345e-03 7.608360068699e-03 7.670280729186e-03 7.732416320146e-03
7.794768007540e-03 7.857336966035e-03 7.920124379084e-03 7.983131439010e-03
8.046359347092e-03 8.109809313651e-03 8.173482558135e-03 8.237380309207e-03
8.301503804835e-03 8.365854292381e-03 8.430433028692e-03 8.495241280190e-03
8.560280322970e-03 8.625551442886e-03 8.691055935655e-03 8.756795106947e-03
8.822770272484e-03 8.888982758140e-03 8.955433900039e-03 9.022125044656e-03
9.089057548921e-03 9.156232780320e-03 9.223652117000e-03 9.291316947876e-03
9.359228672737e-03 9.427388702353e-03 9.495798458589e-03 9.564459374511e-03
9.633372894501e-03 9.702540474370e-03 9.771963581473e-03 9.841643694825e-03
9.911582305221e-03 9.981780915350e-03 1.005224103992e-02 1.012296420579e-02
1.019395195207e-02 1.026520583025e-02 1.033672740437e-02 1.040851825108e-02
1.048057995982e-02 1.055291413294e-02 1.062552238582e-02 1.069840634702e-02
1.077156765840e-02 1.084500797527e-02 1.091872896654e-02 1.099273231485e-02
1.106701971669e-02 1.114159288260e-02 1.121645353726e-02 1.129160341967e-02
1.136704428331e-02 1.144277789626e-02 1.151880604138e-02 1.159513051646e-02
1.167175313438e-02 1.174867572325e-02 1.182590012662e-02 1.190342820358e-02
1.198126182900e-02 1.205940289364e-02 1.213785330434e-02 1.221661498421e-02
1.229568987277e-02 1.237507992617e-02 1.245478711734e-02 1.253481343619e-02
1.261516088977e-02 1.269583150249e-02 1.277682731629e-02 1.285815039084e-02
1.293980280371e-02 1.302178665063e-02 1.310410404560e-02 1.318675712117e-02
1.326974802862e-02 1.335307893815e-02 1.343675203911e-02 1.352076954021e-02
1.360513366973e-02 1.368984667576e-02 1.377491082638e-02 1.386032840994e-02
1.394610173525e-02 1.403223313181e-02 1.411872495006e-02 1.420557956164e-02
1.429279935957e-02 1.438038675855e-02 1.446834419518e-02 1.455667412821e-02
1.464537903881e-02 1.473446143082e-02 1.482392383101e-02 1.491376878934e-02
1.500399887924e-02 1.509461669787e-02 1.518562486641e-02 1.527702603033e-02
1.536882285966e-02 1.546101804933e-02 1.555361431938e-02 1.564661441533e-02
1.574002110846e-02 1.583383719606e-02 1.592806550184e-02 1.602270887614e-02
1.611777019632e-02 1.621325236704e-02 1.630915832061e-02 1.640549101730e-02
1.650225344571e-02 1.659944862306e-02 1.669707959559e-02 1.679514943885e-02
1.689366125812e-02 1.699261818871e-02 1.709202339638e-02 1.719188007766e-02
1.729219146027e-02 1.739296080346e-02 1.749419139844e-02 1.759588656873e-02
1.769804967060e-02 1.780068409344e-02 1.790379326018e-02 1.800738062772e-02
1.811144968734e-02 1.821600396513e-02 1.832104702240e-02 1.842658245619e-02
1.853261389964e-02 1.863914502248e-02 1.874617953151e-02 1.885372117102e-02
1.896177372331e-02 1.907034100913e-02 1.917942688822e-02 1.928903525976e-02
1.939917006290e-02 1.950983527726e-02 1.962103492345e-02 1.973277306360e-02
1.984505380191e-02 1.995788128516e-02 2.007125970329e-02 2.018519328994e-02
2.029968632304e-02 2.041474312536e-02 2.053036806513e-02 2.064656555659e-02
2.076334006064e-02 2.088069608542e-02 2.099863818697e-02 2.111717096980e-02
2.123629908760e-02 2.135602724385e-02 2.147636019250e-02 2.159730273863e-02
2.171885973915e-02 2.184103610347e-02 2.196383679423e-02 2.208726682801e-02
2.221133127604e-02 2.233603526496e-02 2.246138397755e-02 2.258738265351e-02
2.271403659023e-02 2.284135114356e-02 2.296933172863e-02 2.309798382066e-02
2.322731295577e-02 2.335732473182e-02 2.348802480929e-02 2.361941891209e-02
2.375151282849e-02 2.388431241200e-02 2.401782358225e-02 2.415205232595e-02
2.428700469781e-02 2.442268682148e-02 2.455910489053e-02 2.469626516944e-02
2.483417399460e-02 2.497283777530e-02 2.511226299480e-02 2.525245621133e-02
2.539342405922e-02 2.553517324993e-02 2.567771057318e-02 2.582104289805e-02
2.596517717414e-02 2.611012043273e-02 2.625587978792e-02 2.640246243786e-02
2.654987566597e-02 2.669812684214e-02 2.684722342403e-02 2.699717295832e-02
2.714798308202e-02 2.729966152379e-02 2.745221610527e-02 2.760565474247e-02
2.775998544716e-02 2.791521632823e-02 2.807135559320e-02 2.822841154965e-02
2.838639260667e-02 2.854530727642e-02 2.870516417566e-02 2.886597202729e-02
2.902773966194e-02 2.919047601962e-02 2.935419015131e-02 2.951889122069e-02
2.968458850578e-02 2.985129140075e-02 3.001900941758e-02 3.018775218793e-02
3.035752946492e-02 3.052835112501e-02 3.070022716984e-02 3.087316772819e-02
3.104718305792e-02 3.122228354793e-02 3.139847972019e-02 3.157578223182e-02
3.175420187714e-02 3.193374958980e-02 3.211443644496e-02 3.229627366148e-02
3.247927260417e-02 3.266344478604e-02 3.284880187062e-02 3.303535567434e-02
3.322311816893e-02 3.341210148382e-02 3.360231790866e-02 3.379377989584e-02
3.398650006305e-02 3.418049119589e-02 3.437576625056e-02 3.457233835655e-02
3.477022081938e-02 3.496942712345e-02 3.516997093483e-02 3.537186610423e-02
3.557512666991e-02 3.577976686071e-02 3.598580109908e-02 3.619324400425e-02
3.640211039532e-02 3.661241529456e-02 3.682417393065e-02 3.703740174202e-02
3.725211438027e-02 3.746832771360e-02 3.768605783033e-02 3.790532104251e-02
3.812613388953e-02 3.834851314183e-02 3.857247580469e-02 3.879803912205e-02
3.902522058043e-02 3.925403791288e-02 3.948450910302e-02 3.971665238921e-02
3.995048626864e-02 4.018602950167e-02 4.042330111611e-02 4.066232041165e-02
4.090310696433e-02 4.114568063109e-02 4.139006155444e-02 4.163627016714e-02
4.188432719702e-02 4.213425367184e-02 4.238607092429e-02 4.263980059698e-02
4.289546464763e-02 4.315308535425e-02 4.341268532046e-02 4.367428748089e-02
4.393791510666e-02 4.420359181095e-02 4.447134155468e-02 4.474118865228e-02
4.501315777753e-02 4.528727396949e-02 4.556356263861e-02 4.584204957283e-02
4.612276094382e-02 4.640572331335e-02 4.669096363973e-02 4.697850928431e-02
4.726838801820e-02 4.756062802894e-02 4.785525792742e-02 4.815230675477e-02
4.845180398947e-02 4.875377955448e-02 4.905826382452e-02 4.936528763346e-02
4.967488228174e-02 4.998707954401e-02 5.030191167680e-02 5.061941142630e-02
5.093961203628e-02 5.126254725603e-02 5.158825134857e-02 5.191675909874e-02
5.224810582159e-02 5.258232737074e-02 5.291946014692e-02 5.325954110655e-02
5.360260777042e-02 5.394869823255e-02 5.429785116899e-02 5.465010584683e-02
5.500550213325e-02 5.536408050467e-02 5.572588205591e-02 5.609094850954e-02
5.645932222520e-02 5.683104620901e-02 5.720616412307e-02 5.758472029498e-02
5.796675972739e-02 5.835232810767e-02 5.874147181748e-02 5.913423794252e-02
5.953067428212e-02 5.993082935900e-02 6.033475242889e-02 6.074249349024e-02
6.115410329381e-02 6.156963335227e-02 6.198913594971e-02 6.241266415114e-02
6.284027181178e-02 6.327201358641e-02 6.370794493840e-02 6.414812214878e-02
6.459260232500e-02 6.504144340961e-02 6.549470418861e-02 6.595244429964e-02
6.641472423991e-02 6.688160537374e-02 6.735314993987e-02 6.782942105831e-02
6.831048273685e-02 6.879639987712e-02 6.928723828009e-02 6.978306465115e-02
7.028394660452e-02 7.078995266707e-02 7.130115228144e-02 7.181761580843e-02
7.233941452858e-02 7.286662064285e-02 7.339930727244e-02 7.393754845745e-02
7.448141915462e-02 7.503099523375e-02 7.558635347293e-02 7.614757155235e-02
7.671472804669e-02 7.728790241590e-02 7.786717499433e-02 7.845262697797e-02
7.904434040985e-02 7.964239816328e-02 8.024688392286e-02 8.085788216319e-02
8.147547812489e-02 8.209975778806e-02 8.273080784265e-02 8.336871565588e-02
8.401356923618e-02 8.466545719370e-02 8.532446869700e-02 8.599069342561e-02
8.666422151843e-02 8.734514351740e-02 8.803355030634e-02 8.872953304454e-02
8.943318309479e-02 9.014459194551e-02 9.086385112649e-02 9.159105211801e-02
9.232628625274e-02 9.306964461003e-02 9.382121790214e-02 9.458109635181e-02
9.534936956066e-02 9.612612636791e-02 9.691145469865e-02 9.770544140115e-02
9.850817207244e-02 9.931973087148e-02 1.001402003191e-01 1.009696610838e-01
1.018081917529e-01 1.026558685875e-01 1.035127652612e-01 1.043789525800e-01
1.052544981848e-01 1.061394662318e-01 1.070339170538e-01 1.079379067974e-01
1.088514870363e-01 1.097747043606e-01 1.107075999374e-01 1.116502090442e-01
1.126025605719e-01 1.135646764953e-01 1.145365713105e-01 1.155182514364e-01
1.165097145781e-01 1.175109490509e-01 1.185219330614e-01 1.195426339451e-01
1.205730073555e-01 1.216129964052e-01 1.226625307536e-01 1.237215256399e-01
1.247898808581e-01 1.258674796711e-01 1.269541876604e-01 1.280498515092e-01
1.291542977138e-01 1.302673312223e-01 1.313887339952e-01 1.325182634853e-01
1.336556510334e-01 1.348006001764e-01 1.359527848638e-01 1.371118475800e-01
1.382773973684e-01 1.394490077553e-01 1.406262145689e-01 1.418085136533e-01
1.429953584738e-01 1.441861576115e-01 1.453802721482e-01 1.465770129395e-01
1.477756377785e-01 1.489753484502e-01 1.501752876821e-01 1.513745359947e-01
1.525721084590e-01 1.537669513716e-01 1.549579388580e-01 1.561438694210e-01
1.573234624526e-01 1.584953547351e-01 1.596580969587e-01 1.608101502925e-01
1.619498830526e-01 1.630755675177e-01 1.641853769540e-01 1.652773829248e-01
1.663495529690e-01 1.673997487540e-01 1.684257248228e-01 1.694251280799e-01
1.703954981834e-01 1.713342690402e-01 1.722387716381e-01 1.731062384824e-01
1.739338099579e-01 1.747185429842e-01 1.754574223992e-01 1.761473755759e-01
1.767852908643e-01 1.773680405463e-01 1.778925091100e-01 1.783556277808e-01
1.787544164063e-01 1.790860339729e-01 1.793478392465e-01 1.795374632817e-01
1.796528958329e-01 1.796925880460e-01 1.796555742116e-01 1.795416158275e-01
1.793504893651e-01 1.790819862607e-01 1.787359129233e-01 1.783120907649e-01
1.778103562579e-01 1.772305610279e-01 1.765725719903e-01 1.758362715415e-01
1.750215578168e-01 1.741283450314e-01 1.731565639208e-01 1.721061623023e-01
1.709771057822e-01 1.697693786363e-01 1.684829848974e-01 1.671179496859e-01
1.656743208284e-01 1.641521708107e-01 1.625515991202e-01 1.608727350382e-01
1.591157409482e-01 1.572808162304e-01 1.553682018206e-01 1.533781855110e-01
1.513111080761e-01 1.491673703002e-01 1.469474409856e-01 1.446518660034e-01
1.422812784423e-01 1.398364098866e-01 1.373181028298e-01 1.347273241994e-01
1.320651799313e-01 1.293329304908e-01 1.265320071949e-01 1.236640291513e-01
1.207308205912e-01 1.177344283487e-01 1.146771392245e-01 1.115614969741e-01
1.083903186772e-01 1.051667102804e-01 1.018940811483e-01 9.857615750868e-02
9.521699472229e-02 9.182098833604e-02 8.839288388542e-02 8.493778537897e-02
8.146116232581e-02 7.796885505155e-02 7.446707789194e-02 7.096241966854e-02
6.746184065170e-02 6.397266502457e-02 6.050256770188e-02 5.705955425368e-02
5.365193265757e-02 5.028827567575e-02 4.697737282477e-02 4.372817117821e-02
4.054970461326e-02 3.745101155009e-02 3.444104173216e-02 3.152855335528e-02
2.872200083269e-02 2.602941657472e-02 2.345828984950e-02 2.101544321237e-02
1.870691026369e-02 1.653781850907e-02 1.451228003422e-02 1.263329319069e-02
1.090265838705e-02 9.320910953750e-03 7.887273918952e-03 6.599633206395e-03
5.454536494876e-03 4.447220101767e-03 3.571663965651e-03 2.820675589946e-03
2.186006057001e-03 1.658498864829e-03 1.228267977742e-03 8.848880928102e-04
6.175440502857e-04 4.145622407181e-04 2.646386703902e-04 1.614330000590e-04
9.517029803547e-05 5.245179049868e-05 2.619285280067e-05 1.173929260393e-05
4.605984670839e-06 1.526718501458e-06 4.072744075794e-07 8.187163442757e-08
1.135298611122e-08 9.666213831427e-10 4.345875682225e-11 8.457441152828e-13
5.355559849310e-15 6.773177551805e-18 5.369097890231e-22
  </pseudo_partial_wave>
  <projector_function state="Ag-5p" grid="g1">
     0.000000000000e+00 4.451300580811e-04 8.914640150767e-04
1.339020627924e-03 1.787818846577e-03 2.237877901831e-03 2.689217265373e-03
3.141856678952e-03 3.595816127622e-03 4.051115883092e-03 4.507776469384e-03
4.965818684200e-03 5.425263602208e-03 5.886132571528e-03 6.348447228110e-03
6.812229482271e-03 7.277501537645e-03 7.744285887573e-03 8.212605320228e-03
8.682482919793e-03 9.153942074308e-03 9.627006475411e-03 1.010170012479e-02
1.057804733441e-02 1.105607273355e-02 1.153580127353e-02 1.201725822523e-02
1.250046919141e-02 1.298546010279e-02 1.347225722774e-02 1.396088717498e-02
1.445137689401e-02 1.494375368502e-02 1.543804519762e-02 1.593427943886e-02
1.643248477618e-02 1.693268994124e-02 1.743492403395e-02 1.793921652904e-02
1.844559727731e-02 1.895409651390e-02 1.946474485860e-02 1.997757332466e-02
2.049261331917e-02 2.100989665267e-02 2.152945553848e-02 2.205132260217e-02
2.257553088419e-02 2.310211384457e-02 2.363110536909e-02 2.416253977331e-02
2.469645180786e-02 2.523287666470e-02 2.577184998036e-02 2.631340784299e-02
2.685758679683e-02 2.740442384729e-02 2.795395646745e-02 2.850622260274e-02
2.906126067696e-02 2.961910959717e-02 3.017980876088e-02 3.074339805993e-02
3.130991788778e-02 3.187940914508e-02 3.245191324543e-02 3.302747212115e-02
3.360612822983e-02 3.418792456034e-02 3.477290463942e-02 3.536111253755e-02
3.595259287523e-02 3.654739082962e-02 3.714555214160e-02 3.774712312128e-02
3.835215065598e-02 3.896068221567e-02 3.957276586098e-02 4.018845024877e-02
4.080778464022e-02 4.143081890812e-02 4.205760354227e-02 4.268818965864e-02
4.332262900607e-02 4.396097397224e-02 4.460327759355e-02 4.524959356074e-02
4.589997622726e-02 4.655448061745e-02 4.721316243289e-02 4.787607806197e-02
4.854328458656e-02 4.921483979030e-02 4.989080216782e-02 5.057123093137e-02
5.125618602027e-02 5.194572810866e-02 5.263991861449e-02 5.333881970804e-02
5.404249431968e-02 5.475100615012e-02 5.546441967850e-02 5.618280017108e-02
5.690621369097e-02 5.763472710673e-02 5.836840810215e-02 5.910732518472e-02
5.985154769641e-02 6.060114582199e-02 6.135619059950e-02 6.211675392933e-02
6.288290858492e-02 6.365472822174e-02 6.443228738844e-02 6.521566153612e-02
6.600492702897e-02 6.680016115494e-02 6.760144213553e-02 6.840884913747e-02
6.922246228201e-02 7.004236265729e-02 7.086863232816e-02 7.170135434786e-02
7.254061276861e-02 7.338649265358e-02 7.423908008789e-02 7.509846219015e-02
7.596472712406e-02 7.683796411058e-02 7.771826343918e-02 7.860571648012e-02
7.950041569671e-02 8.040245465751e-02 8.131192804810e-02 8.222893168489e-02
8.315356252598e-02 8.408591868531e-02 8.502609944493e-02 8.597420526810e-02
8.693033781192e-02 8.789459994163e-02 8.886709574278e-02 8.984793053549e-02
9.083721088807e-02 9.183504463022e-02 9.284154086723e-02 9.385680999456e-02
9.488096371053e-02 9.591411503265e-02 9.695637830972e-02 9.800786923847e-02
9.906870487713e-02 1.001390036600e-01 1.012188854134e-01 1.023084713701e-01
1.034078841844e-01 1.045172479482e-01 1.056366882058e-01 1.067663319700e-01
1.079063077375e-01 1.090567455053e-01 1.102177767862e-01 1.113895346255e-01
1.125721536171e-01 1.137657699202e-01 1.149705212750e-01 1.161865470214e-01
1.174139881138e-01 1.186529871390e-01 1.199036883343e-01 1.211662376030e-01
1.224407825334e-01 1.237274724157e-01 1.250264582596e-01 1.263378928132e-01
1.276619305795e-01 1.289987278357e-01 1.303484426512e-01 1.317112349060e-01
1.330872663093e-01 1.344767004181e-01 1.358797026563e-01 1.372964403337e-01
1.387270826648e-01 1.401718007883e-01 1.416307677865e-01 1.431041587049e-01
1.445921505717e-01 1.460949224175e-01 1.476126552957e-01 1.491455323021e-01
1.506937385953e-01 1.522574614167e-01 1.538368901114e-01 1.554322161486e-01
1.570436331418e-01 1.586713368703e-01 1.603155252998e-01 1.619763986033e-01
1.636541591823e-01 1.653490116883e-01 1.670611630436e-01 1.687908224635e-01
1.705382014771e-01 1.723035139495e-01 1.740869761034e-01 1.758888065407e-01
1.777092262648e-01 1.795484587024e-01 1.814067297256e-01 1.832842676743e-01
1.851813033783e-01 1.870980701793e-01 1.890348039540e-01 1.909917431360e-01
1.929691287384e-01 1.949672043765e-01 1.969862162905e-01 1.990264133676e-01
2.010880471655e-01 2.031713719345e-01 2.052766446403e-01 2.074041249871e-01
2.095540754400e-01 2.117267612480e-01 2.139224504668e-01 2.161414139812e-01
2.183839255282e-01 2.206502617199e-01 2.229407020653e-01 2.252555289942e-01
2.275950278787e-01 2.299594870564e-01 2.323491978524e-01 2.347644546023e-01
2.372055546739e-01 2.396727984896e-01 2.421664895486e-01 2.446869344489e-01
2.472344429090e-01 2.498093277895e-01 2.524119051150e-01 2.550424940953e-01
2.577014171463e-01 2.603889999116e-01 2.631055712828e-01 2.658514634202e-01
2.686270117734e-01 2.714325551009e-01 2.742684354903e-01 2.771349983776e-01
2.800325925668e-01 2.829615702482e-01 2.859222870175e-01 2.889151018937e-01
2.919403773372e-01 2.949984792671e-01 2.980897770780e-01 3.012146436572e-01
3.043734554002e-01 3.075665922268e-01 3.107944375959e-01 3.140573785206e-01
3.173558055819e-01 3.206901129423e-01 3.240606983587e-01 3.274679631949e-01
3.309123124331e-01 3.343941546845e-01 3.379139022000e-01 3.414719708798e-01
3.450687802815e-01 3.487047536286e-01 3.523803178175e-01 3.560959034234e-01
3.598519447060e-01 3.636488796137e-01 3.674871497870e-01 3.713672005610e-01
3.752894809667e-01 3.792544437312e-01 3.832625452771e-01 3.873142457201e-01
3.914100088659e-01 3.955503022060e-01 3.997355969113e-01 4.039663678255e-01
4.082430934564e-01 4.125662559658e-01 4.169363411579e-01 4.213538384668e-01
4.258192409415e-01 4.303330452294e-01 4.348957515590e-01 4.395078637196e-01
4.441698890398e-01 4.488823383645e-01 4.536457260289e-01 4.584605698315e-01
4.633273910048e-01 4.682467141831e-01 4.732190673694e-01 4.782449818986e-01
4.833249923998e-01 4.884596367551e-01 4.936494560562e-01 4.988949945586e-01
5.041967996332e-01 5.095554217146e-01 5.149714142477e-01 5.204453336299e-01
5.259777391519e-01 5.315691929340e-01 5.372202598604e-01 5.429315075094e-01
5.487035060808e-01 5.545368283196e-01 5.604320494362e-01 5.663897470230e-01
5.724105009671e-01 5.784948933594e-01 5.846435083992e-01 5.908569322960e-01
5.971357531650e-01 6.034805609206e-01 6.098919471638e-01 6.163705050657e-01
6.229168292467e-01 6.295315156498e-01 6.362151614103e-01 6.429683647196e-01
6.497917246838e-01 6.566858411775e-01 6.636513146919e-01 6.706887461770e-01
6.777987368785e-01 6.849818881684e-01 6.922388013699e-01 6.995700775761e-01
7.069763174620e-01 7.144581210902e-01 7.220160877101e-01 7.296508155498e-01
7.373629016017e-01 7.451529414002e-01 7.530215287924e-01 7.609692557013e-01
7.689967118812e-01 7.771044846656e-01 7.852931587062e-01 7.935633157043e-01
8.019155341340e-01 8.103503889559e-01 8.188684513228e-01 8.274702882757e-01
8.361564624313e-01 8.449275316597e-01 8.537840487520e-01 8.627265610793e-01
8.717556102403e-01 8.808717316995e-01 8.900754544148e-01 8.993673004543e-01
9.087477846020e-01 9.182174139531e-01 9.277766874971e-01 9.374260956901e-01
9.471661200149e-01 9.569972325291e-01 9.669198954011e-01 9.769345604341e-01
9.870416685766e-01 9.972416494206e-01 1.007534920687e+00 1.017921887695e+00
1.028402942825e+00 1.038978464957e+00 1.049648818906e+00 1.060414354835e+00
1.071275407657e+00 1.082232296425e+00 1.093285323699e+00 1.104434774910e+00
1.115680917696e+00 1.127024001232e+00 1.138464255537e+00 1.150001890777e+00
1.161637096534e+00 1.173370041078e+00 1.185200870608e+00 1.197129708483e+00
1.209156654437e+00 1.221281783776e+00 1.233505146556e+00 1.245826766746e+00
1.258246641376e+00 1.270764739663e+00 1.283381002123e+00 1.296095339666e+00
1.308907632669e+00 1.321817730039e+00 1.334825448255e+00 1.347930570386e+00
1.361132845106e+00 1.374431985678e+00 1.387827668927e+00 1.401319534197e+00
1.414907182288e+00 1.428590174377e+00 1.442368030924e+00 1.456240230559e+00
1.470206208952e+00 1.484265357675e+00 1.498417023036e+00 1.512660504910e+00
1.526995055546e+00 1.541419878363e+00 1.555934126738e+00 1.570536902769e+00
1.585227256035e+00 1.600004182343e+00 1.614866622455e+00 1.629813460818e+00
1.644843524275e+00 1.659955580768e+00 1.675148338038e+00 1.690420442314e+00
1.705770476999e+00 1.721196961349e+00 1.736698349152e+00 1.752273027401e+00
1.767919314976e+00 1.783635461312e+00 1.799419645086e+00 1.815269972898e+00
1.831184477964e+00 1.847161118814e+00 1.863197778005e+00 1.879292260838e+00
1.895442294106e+00 1.911645524840e+00 1.927899519092e+00 1.944201760729e+00
1.960549650260e+00 1.976940503691e+00 1.993371551405e+00 2.009839937087e+00
2.026342716680e+00 2.042876857388e+00 2.059439236719e+00 2.076026641589e+00
2.092635767466e+00 2.109263217584e+00 2.125905502214e+00 2.142559038002e+00
2.159220147387e+00 2.175885058084e+00 2.192549902664e+00 2.209210718209e+00
2.225863446074e+00 2.242503931735e+00 2.259127924758e+00 2.275731078868e+00
2.292308952142e+00 2.308857007331e+00 2.325370612310e+00 2.341845040664e+00
2.358275472438e+00 2.374656995018e+00 2.390984604196e+00 2.407253205393e+00
2.423457615069e+00 2.439592562310e+00 2.455652690625e+00 2.471632559937e+00
2.487526648789e+00 2.503329356780e+00 2.519035007226e+00 2.534637850065e+00
2.550132065009e+00 2.565511764969e+00 2.580770999731e+00 2.595903759929e+00
2.610903981295e+00 2.625765549216e+00 2.640482303597e+00 2.655048044035e+00
2.669456535334e+00 2.683701513341e+00 2.697776691139e+00 2.711675765585e+00
2.725392424215e+00 2.738920352516e+00 2.752253241575e+00 2.765384796110e+00
2.778308742894e+00 2.791018839571e+00 2.803508883869e+00 2.815772723221e+00
2.827804264784e+00 2.839597485874e+00 2.851146444797e+00 2.862445292092e+00
2.873488282175e+00 2.884269785375e+00 2.894784300370e+00 2.905026467000e+00
2.914991079450e+00 2.924673099798e+00 2.934067671897e+00 2.943170135592e+00
2.951976041230e+00 2.960481164454e+00 2.968681521249e+00 2.976573383195e+00
2.984153292919e+00 2.991418079673e+00 2.998364875020e+00 3.004991128565e+00
3.011294623679e+00 3.017273493160e+00 3.022926234753e+00 3.028251726485e+00
3.033249241699e+00 3.037918463738e+00 3.042259500163e+00 3.046272896425e+00
3.049959648868e+00 3.053321216963e+00 3.056359534644e+00 3.059077020617e+00
3.061476587502e+00 3.063561649672e+00 3.065336129605e+00 3.066804462620e+00
3.067971599787e+00 3.068843008853e+00 3.069424672976e+00 3.069723087066e+00
3.069745251524e+00 3.069498663159e+00 3.068991303050e+00 3.068231621109e+00
3.067228517121e+00 3.065991317980e+00 3.064529750885e+00 3.062853912222e+00
3.060974231863e+00 3.058901432622e+00 3.056646484586e+00 3.054220554051e+00
3.051634946809e+00 3.048901045508e+00 3.046030240835e+00 3.043033856294e+00
3.039923066327e+00 3.036708807585e+00 3.033401683153e+00 3.030011859579e+00
3.026548956557e+00 3.023021929194e+00 3.019438942802e+00 3.015807240212e+00
3.012133001677e+00 3.008421197477e+00 3.004675433423e+00 3.000897789530e+00
2.997088652227e+00 2.993246540555e+00 2.989367926928e+00 2.985447053150e+00
2.981475742482e+00 2.977443208747e+00 2.973335863547e+00 2.969137122884e+00
2.964827214615e+00 2.960382988361e+00 2.955777729699e+00 2.950980980648e+00
2.945958368682e+00 2.940671446725e+00 2.935077546804e+00 2.929129650259e+00
2.922776277654e+00 2.915961401754e+00 2.908624387153e+00 2.900699960373e+00
2.892118214436e+00 2.882804652120e+00 2.872680272253e+00 2.861661703553e+00
2.849661390600e+00 2.836587836587e+00 2.822345907492e+00 2.806837202243e+00
2.789960493318e+00 2.771612241968e+00 2.751687191975e+00 2.730079045372e+00
2.706681223037e+00 2.681387712375e+00 2.654094003453e+00 2.624698113995e+00
2.593101702433e+00 2.559211266911e+00 2.522939426593e+00 2.484206279886e+00
2.442940832282e+00 2.399082484416e+00 2.352582568601e+00 2.303405919648e+00
2.251532463109e+00 2.196958801331e+00 2.139699774820e+00 2.079789973499e+00
2.017285169543e+00 1.952263640604e+00 1.884827349606e+00 1.815102944834e+00
1.743242542012e+00 1.669424248489e+00 1.593852388738e+00 1.516757390227e+00
1.438395289495e+00 1.359046820198e+00 1.279016048054e+00 1.198628522225e+00
1.118228918907e+00 1.038178160818e+00 9.588500060350e-01 8.806271113068e-01
8.038965884612e-01 7.290450879305e-01 6.564534604083e-01 5.864910660866e-01
5.195098203761e-01 4.558380849761e-01 3.957745329970e-01 3.395821357339e-01
2.874824357067e-01 2.396502846267e-01 1.962092348333e-01 1.572277771792e-01
1.227166160248e-01 9.262716166251e-02 6.685140098719e-02 4.522327765047e-02
2.752167273181e-02 1.347502605462e-02 2.767577237038e-03 -4.952864288429e-03
-1.006578752528e-02 -1.296773360637e-02 -1.406126135951e-02
-1.374352468299e-02 -1.239492358125e-02 -1.036833467612e-02
-7.979446579411e-03 -5.498714695415e-03 -3.145403956016e-03
-1.084103722760e-03 5.760236119561e-04 1.779156670175e-03 2.517973825512e-03
2.826340448037e-03 2.770010317725e-03 2.436009296982e-03 1.921510845751e-03
1.323092171446e-03 7.272584305432e-04 2.030284994253e-04 -2.028128247444e-04
-4.674644767452e-04 -5.908622357200e-04 -5.917925294546e-04
-5.020537637107e-04 -3.596028430332e-04 -2.017481571375e-04
-5.941284817528e-05 4.671546996150e-05 1.076872691226e-04 1.254301169803e-04
1.099600197848e-04 7.546208039374e-05 3.622082578249e-05 3.333896333655e-06
-1.713063277011e-05 0.000000000000e+00 0.000000000000e+00 0.000000000000e+00
0.000000000000e+00 0.000000000000e+00 0.000000000000e+00 0.000000000000e+00
0.000000000000e+00 0.000000000000e+00 0.000000000000e+00 0.000000000000e+00
0.000000000000e+00 0.000000000000e+00 0.000000000000e+00 0.000000000000e+00
0.000000000000e+00 0.000000000000e+00 0.000000000000e+00 0.000000000000e+00
0.000000000000e+00 0.000000000000e+00 0.000000000000e+00 0.000000000000e+00
0.000000000000e+00 0.000000000000e+00 0.000000000000e+00 0.000000000000e+00
0.000000000000e+00 0.000000000000e+00 0.000000000000e+00 0.000000000000e+00
0.000000000000e+00 0.000000000000e+00 0.000000000000e+00 0.000000000000e+00
0.000000000000e+00 0.000000000000e+00 0.000000000000e+00 0.000000000000e+00
0.000000000000e+00 0.000000000000e+00 0.000000000000e+00 0.000000000000e+00
0.000000000000e+00 0.000000000000e+00 0.000000000000e+00 0.000000000000e+00
0.000000000000e+00 0.000000000000e+00 0.000000000000e+00 0.000000000000e+00
0.000000000000e+00 0.000000000000e+00 0.000000000000e+00 0.000000000000e+00
0.000000000000e+00 0.000000000000e+00 0.000000000000e+00 0.000000000000e+00
0.000000000000e+00 0.000000000000e+00 0.000000000000e+00 0.000000000000e+00
  </projector_function>
  <ae_partial_wave state="Ag-4d" grid="g1">
     -0.000000000000e+00 -5.014639529978e-04 -1.586091056275e-03
-3.214722262727e-03 -5.359823987980e-03 -8.003975160652e-03
-1.113337773513e-02 -1.473596926172e-02 -1.880067784668e-02
-2.331707148532e-02 -2.827517136733e-02 -3.366534285436e-02
-3.947822702810e-02 -4.570469512087e-02 -5.233581668165e-02
-5.936283642444e-02 -6.677715680926e-02 -7.457032455222e-02
-8.273401991682e-02 -9.126004802966e-02 -1.001403317070e-01
-1.093669054335e-01 -1.189319102358e-01 -1.288275892658e-01
-1.390462839517e-01 -1.495804306132e-01 -1.604225574578e-01
-1.715652818967e-01 -1.830013081272e-01 -1.947234249437e-01
-2.067245037433e-01 -2.189974966987e-01 -2.315354350768e-01
-2.443314276842e-01 -2.573786594233e-01 -2.706703899456e-01
-2.841999523910e-01 -2.979607522029e-01 -3.119462660089e-01
-3.261500405625e-01 -3.405656917351e-01 -3.551869035558e-01
-3.700074272901e-01 -3.850210805562e-01 -4.002217464718e-01
-4.156033728282e-01 -4.311599712890e-01 -4.468856166095e-01
-4.627744458739e-01 -4.788206577480e-01 -4.950185117454e-01
-5.113623275055e-01 -5.278464840802e-01 -5.444654192304e-01
-5.612136287295e-01 -5.780856656735e-01 -5.950761397979e-01
-6.121797168006e-01 -6.293911176708e-01 -6.467051180257e-01
-6.641165474534e-01 -6.816202888647e-01 -6.992112778551e-01
-7.168845020765e-01 -7.346350006224e-01 -7.524578634273e-01
-7.703482306822e-01 -7.883012922684e-01 -8.063122872119e-01
-8.243765031601e-01 -8.424892758821e-01 -8.606459887966e-01
-8.788420725260e-01 -8.970730044808e-01 -9.153343084741e-01
-9.336215543661e-01 -9.519303577416e-01 -9.702563796175e-01
-9.885953261818e-01 -1.006942948563e+00 -1.025295042629e+00
-1.043647448811e+00 -1.061996051959e+00 -1.080336781219e+00
-1.098665609928e+00 -1.116978555542e+00 -1.135271679568e+00
-1.153541087527e+00 -1.171782928924e+00 -1.189993397232e+00
-1.208168729892e+00 -1.226305208314e+00 -1.244399157898e+00
-1.262446948046e+00 -1.280444992188e+00 -1.298389747803e+00
-1.316277716440e+00 -1.334105443733e+00 -1.351869519412e+00
-1.369566577303e+00 -1.387193295319e+00 -1.404746395437e+00
-1.422222643665e+00 -1.439618849992e+00 -1.456931868324e+00
-1.474158596405e+00 -1.491295975725e+00 -1.508340991415e+00
-1.525290672127e+00 -1.542142089901e+00 -1.558892360025e+00
-1.575538640882e+00 -1.592078133789e+00 -1.608508082829e+00
-1.624825774674e+00 -1.641028538404e+00 -1.657113745321e+00
-1.673078808759e+00 -1.688921183886e+00 -1.704638367509e+00
-1.720227897872e+00 -1.735687354451e+00 -1.751014357754e+00
-1.766206569109e+00 -1.781261690460e+00 -1.796177464152e+00
-1.810951672729e+00 -1.825582138717e+00 -1.840066724413e+00
-1.854403331678e+00 -1.868589901719e+00 -1.882624414883e+00
-1.896504890440e+00 -1.910229386375e+00 -1.923795999178e+00
-1.937202863630e+00 -1.950448152593e+00 -1.963530076805e+00
-1.976446884669e+00 -1.989196862043e+00 -2.001778332037e+00
-2.014189654804e+00 -2.026429227339e+00 -2.038495483270e+00
-2.050386892658e+00 -2.062101961796e+00 -2.073639233004e+00
-2.084997284433e+00 -2.096174729863e+00 -2.107170218507e+00
-2.117982434813e+00 -2.128610098266e+00 -2.139051963191e+00
-2.149306818564e+00 -2.159373487812e+00 -2.169250828618e+00
-2.178937732734e+00 -2.188433125781e+00 -2.197735967061e+00
-2.206845249360e+00 -2.215759998761e+00 -2.224479274445e+00
-2.233002168504e+00 -2.241327805745e+00 -2.249455343497e+00
-2.257383971420e+00 -2.265112911305e+00 -2.272641416886e+00
-2.279968773638e+00 -2.287094298587e+00 -2.294017340104e+00
-2.300737277715e+00 -2.307253521893e+00 -2.313565513861e+00
-2.319672725390e+00 -2.325574658589e+00 -2.331270845704e+00
-2.336760848905e+00 -2.342044260082e+00 -2.347120700626e+00
-2.351989821218e+00 -2.356651301613e+00 -2.361104850420e+00
-2.365350204879e+00 -2.369387130640e+00 -2.373215421539e+00
-2.376834899360e+00 -2.380245413616e+00 -2.383446841305e+00
-2.386439086679e+00 -2.389222081005e+00 -2.391795782319e+00
-2.394160175189e+00 -2.396315270462e+00 -2.398261105019e+00
-2.399997741521e+00 -2.401525268159e+00 -2.402843798398e+00
-2.403953470715e+00 -2.404854448347e+00 -2.405546919025e+00
-2.406031094717e+00 -2.406307211359e+00 -2.406375528595e+00
-2.406236329514e+00 -2.405889920380e+00 -2.405336630374e+00
-2.404576811323e+00 -2.403610837440e+00 -2.402439105063e+00
-2.401062032390e+00 -2.399480059220e+00 -2.397693646699e+00
-2.395703277065e+00 -2.393509453394e+00 -2.391112699354e+00
-2.388513558962e+00 -2.385712596344e+00 -2.382710395499e+00
-2.379507560072e+00 -2.376104713131e+00 -2.372502496948e+00
-2.368701572787e+00 -2.364702620707e+00 -2.360506339359e+00
-2.356113445801e+00 -2.351524675319e+00 -2.346740781256e+00
-2.341762534851e+00 -2.336590725087e+00 -2.331226158547e+00
-2.325669659289e+00 -2.319922068722e+00 -2.313984245499e+00
-2.307857065423e+00 -2.301541421360e+00 -2.295038223170e+00
-2.288348397652e+00 -2.281472888497e+00 -2.274412656259e+00
-2.267168678340e+00 -2.259741948986e+00 -2.252133479299e+00
-2.244344297266e+00 -2.236375447791e+00 -2.228227992747e+00
-2.219903011042e+00 -2.211401598683e+00 -2.202724868859e+00
-2.193873952027e+00 -2.184849996003e+00 -2.175654166051e+00
-2.166287644980e+00 -2.156751633233e+00 -2.147047348971e+00
-2.137176028150e+00 -2.127138924593e+00 -2.116937310042e+00
-2.106572474199e+00 -2.096045724753e+00 -2.085358387386e+00
-2.074511805763e+00 -2.063507341501e+00 -2.052346374114e+00
-2.041030300946e+00 -2.029560537076e+00 -2.017938515207e+00
-2.006165685536e+00 -1.994243515602e+00 -1.982173490125e+00
-1.969957110819e+00 -1.957595896201e+00 -1.945091381379e+00
-1.932445117835e+00 -1.919658673194e+00 -1.906733630984e+00
-1.893671590395e+00 -1.880474166024e+00 -1.867142987623e+00
-1.853679699836e+00 -1.840085961938e+00 -1.826363447573e+00
-1.812513844485e+00 -1.798538854256e+00 -1.784440192037e+00
-1.770219586285e+00 -1.755878778494e+00 -1.741419522936e+00
-1.726843586393e+00 -1.712152747896e+00 -1.697348798466e+00
-1.682433540850e+00 -1.667408789266e+00 -1.652276369143e+00
-1.637038116864e+00 -1.621695879510e+00 -1.606251514604e+00
-1.590706889857e+00 -1.575063882914e+00 -1.559324381096e+00
-1.543490281153e+00 -1.527563489003e+00 -1.511545919485e+00
-1.495439496100e+00 -1.479246150760e+00 -1.462967823534e+00
-1.446606462392e+00 -1.430164022955e+00 -1.413642468235e+00
-1.397043768387e+00 -1.380369900447e+00 -1.363622848083e+00
-1.346804601336e+00 -1.329917156369e+00 -1.312962515207e+00
-1.295942685486e+00 -1.278859680195e+00 -1.261715517423e+00
-1.244512220104e+00 -1.227251815765e+00 -1.209936336265e+00
-1.192567817551e+00 -1.175148299398e+00 -1.157679825160e+00
-1.140164441517e+00 -1.122604198224e+00 -1.105001147861e+00
-1.087357345584e+00 -1.069674848876e+00 -1.051955717297e+00
-1.034202012242e+00 -1.016415796689e+00 -9.985991349583e-01
-9.807540924662e-01 -9.628827354825e-01 -9.449871308878e-01
-9.270693459322e-01 -9.091314479946e-01 -8.911755043435e-01
-8.732035818973e-01 -8.552177469873e-01 -8.372200651196e-01
-8.192126007389e-01 -8.011974169927e-01 -7.831765754958e-01
-7.651521360955e-01 -7.471261566377e-01 -7.291006927326e-01
-7.110777975213e-01 -6.930595214426e-01 -6.750479120000e-01
-6.570450135281e-01 -6.390528669602e-01 -6.210735095949e-01
-6.031089748626e-01 -5.851612920924e-01 -5.672324862776e-01
-5.493245778417e-01 -5.314395824034e-01 -5.135795105408e-01
-4.957463675553e-01 -4.779421532341e-01 -4.601688616126e-01
-4.424284807349e-01 -4.247229924139e-01 -4.070543719896e-01
-3.894245880869e-01 -3.718356023712e-01 -3.542893693032e-01
-3.367878358924e-01 -3.193329414482e-01 -3.019266173300e-01
-2.845707866960e-01 -2.672673642494e-01 -2.500182559838e-01
-2.328253589260e-01 -2.156905608779e-01 -1.986157401560e-01
-1.816027653296e-01 -1.646534949566e-01 -1.477697773186e-01
-1.309534501533e-01 -1.142063403862e-01 -9.753026386024e-02
-8.092702506394e-02 -6.439841685886e-02 -4.794622020528e-02
-3.157220388711e-02 -1.527812423598e-02 9.342751453808e-04 1.706326366014e-02
3.310712399452e-02 4.906415239482e-02 6.493265894409e-02 8.071096783792e-02
9.639741765925e-02 1.119903616515e-01 1.274881679899e-01 1.428892200501e-01
1.581919166743e-01 1.733946724333e-01 1.884959178853e-01 2.034940998289e-01
2.183876815518e-01 2.331751430730e-01 2.478549813783e-01 2.624257106479e-01
2.768858624763e-01 2.912339860824e-01 3.054686485097e-01 3.195884348153e-01
3.335919482474e-01 3.474778104085e-01 3.612446614063e-01 3.748911599876e-01
3.884159836575e-01 4.018178287804e-01 4.150954106623e-01 4.282474636143e-01
4.412727409947e-01 4.541700152287e-01 4.669380778061e-01 4.795757392532e-01
4.920818290806e-01 5.044551957035e-01 5.166947063348e-01 5.287992468496e-01
5.407677216197e-01 5.525990533186e-01 5.642921826950e-01 5.758460683149e-01
5.872596862719e-01 5.985320298661e-01 6.096621092509e-01 6.206489510489e-01
6.314915979383e-01 6.421891082102e-01 6.527405552993e-01 6.631450272911e-01
6.734016264080e-01 6.835094684793e-01 6.934676823996e-01 7.032754095816e-01
7.129318034111e-01 7.224360287116e-01 7.317872612296e-01 7.409846871496e-01
7.500275026527e-01 7.589149135314e-01 7.676461348757e-01 7.762203908453e-01
7.846369145443e-01 7.928949480135e-01 8.009937423564e-01 8.089325580111e-01
8.167106651809e-01 8.243273444307e-01 8.317818874537e-01 8.390735980078e-01
8.462017930153e-01 8.531658038153e-01 8.599649775495e-01 8.665986786615e-01
8.730662904812e-01 8.793672168647e-01 8.855008838584e-01 8.914667413549e-01
8.972642647098e-01 9.028929562928e-01 9.083523469472e-01 9.136419973411e-01
9.187614991948e-01 9.237104763776e-01 9.284885858712e-01 9.330955186010e-01
9.375310001428e-01 9.417947913127e-01 9.458866886530e-01 9.498065248263e-01
9.535541689312e-01 9.571295267533e-01 9.605325409636e-01 9.637631912769e-01
9.668214945783e-01 9.697075050296e-01 9.724213141606e-01 9.749630509522e-01
9.773328819162e-01 9.795310111753e-01 9.815576805452e-01 9.834131696209e-01
9.850977958688e-01 9.866119147236e-01 9.879559196905e-01 9.891302424524e-01
9.901353529813e-01 9.909717596511e-01 9.916400093537e-01 9.921406876136e-01
9.924744187019e-01 9.926418657461e-01 9.926437308361e-01 9.924807551226e-01
9.921537189071e-01 9.916634417224e-01 9.910107823993e-01 9.901966391216e-01
9.892219494635e-01 9.880876904113e-01 9.867948783651e-01 9.853445691207e-01
9.837378578298e-01 9.819758789366e-01 9.800598060905e-01 9.779908520330e-01
9.757702684587e-01 9.733993458484e-01 9.708794132751e-01 9.682118381803e-01
9.653980261228e-01 9.624394204965e-01 9.593375022200e-01 9.560937893957e-01
9.527098369394e-01 9.491872361808e-01 9.455276144335e-01 9.417326345370e-01
9.378039943696e-01 9.337434263320e-01 9.295526968049e-01 9.252336055775e-01
9.207879852502e-01 9.162177006113e-01 9.115246479881e-01 9.067107545732e-01
9.017779777275e-01 8.967283042597e-01 8.915637496835e-01 8.862863574536e-01
8.808981981811e-01 8.754013688293e-01 8.697979918900e-01 8.640902145426e-01
8.582802077959e-01 8.523701656137e-01 8.463623040246e-01 8.402588602185e-01
8.340620916285e-01 8.277742750011e-01 8.213977054539e-01 8.149346955232e-01
8.083875742013e-01 8.017586859650e-01 7.950503897959e-01 7.882650581929e-01
7.814050761798e-01 7.744728403057e-01 7.674707576417e-01 7.604012447738e-01
7.532667267925e-01 7.460696362806e-01 7.388124122995e-01 7.314974993753e-01
7.241273464852e-01 7.167044060446e-01 7.092311328970e-01 7.017099833061e-01
6.941434139511e-01 6.865338809273e-01 6.788838387505e-01 6.711957393678e-01
6.634720311750e-01 6.557151580405e-01 6.479275583378e-01 6.401116639858e-01
6.322698994988e-01 6.244046810464e-01 6.165184155230e-01 6.086134996296e-01
6.006923189664e-01 5.927572471376e-01 5.848106448700e-01 5.768548591435e-01
5.688922223369e-01 5.609250513868e-01 5.529556469627e-01 5.449862926563e-01
5.370192541873e-01 5.290567786252e-01 5.211010936275e-01 5.131544066958e-01
5.052189044483e-01 4.972967519106e-01 4.893900918244e-01 4.815010439747e-01
4.736317045356e-01 4.657841454348e-01 4.579604137376e-01 4.501625310500e-01
4.423924929410e-01 4.346522683852e-01 4.269437992242e-01 4.192689996487e-01
4.116297557001e-01 4.040279247913e-01 3.964653352485e-01 3.889437858720e-01
3.814650455164e-01 3.740308526911e-01 3.666429151796e-01 3.593029096778e-01
3.520124814514e-01 3.447732440117e-01 3.375867788096e-01 3.304546349469e-01
3.233783289057e-01 3.163593442935e-01 3.093991316056e-01 3.024991080020e-01
2.956606571002e-01 2.888851287814e-01 2.821738390109e-01 2.755280696703e-01
2.689490684026e-01 2.624380484672e-01 2.559961886052e-01 2.496246329144e-01
2.433244907311e-01 2.370968365197e-01 2.309427097682e-01 2.248631148885e-01
2.188590211200e-01 2.129313624366e-01 2.070810374554e-01 2.013089093449e-01
1.956158057345e-01 1.900025186210e-01 1.844698042739e-01 1.790183831367e-01
1.736489397249e-01 1.683621225185e-01 1.631585438498e-01 1.580387797854e-01
1.530033700011e-01 1.480528176513e-01 1.431875892317e-01 1.384081144347e-01
1.337147859999e-01 1.291079595575e-01 1.245879534676e-01 1.201550486545e-01
1.158094884386e-01 1.115514783654e-01 1.073811860349e-01 1.032987409325e-01
9.930423426285e-02 9.539771878977e-02 9.157920868436e-02 8.784867938394e-02
8.420606746474e-02 8.065127053142e-02 7.718414712633e-02 7.380451666189e-02
7.051215937871e-02 6.730681633268e-02 6.418818941305e-02 6.115594139361e-02
5.820969601780e-02 5.534903811779e-02 5.257351376575e-02 4.988263045410e-02
4.727585729887e-02 4.475262525786e-02 4.231232735210e-02 3.995431887558e-02
3.767791757468e-02 3.548240377480e-02 3.336702042829e-02 3.133097305500e-02
2.937342954451e-02 2.749351978901e-02 2.569033511728e-02 2.396292750415e-02
2.231030853634e-02 2.073144812542e-02 1.922527297005e-02 1.779066478411e-02
1.642645832220e-02 1.513143924905e-02 1.390434191350e-02 1.274384709847e-02
1.164857982620e-02 1.061710730107e-02 9.647937071076e-03 8.739515483664e-03
7.890226503515e-03 7.098390950160e-03 6.362266204285e-03 5.680046424583e-03
5.049863313877e-03 4.469787474660e-03 3.937830400346e-03 3.451947158576e-03
3.010039835024e-03 2.609961818177e-03 2.249523013966e-03 1.926496081189e-03
1.638623772138e-03 1.383627445051e-03 1.159216785929e-03 9.631007443645e-04
7.929995855022e-04 6.466579954361e-04 5.218590701395e-04 4.164388793480e-04
3.283013288016e-04 2.554329720321e-04 1.959173513226e-04 1.479484294165e-04
1.098426590682e-04 8.004924385325e-05 5.715817252678e-05 3.990566037416e-05
2.717670225649e-05 1.800456640141e-05 1.156715114160e-05 7.180283453612e-06
4.288201530498e-06 2.451611478857e-06 1.333857108282e-06 6.858685088021e-07
3.306428806912e-07 1.478066294175e-07 6.018779208714e-08 2.212888171532e-08
7.326518194124e-09 2.113392859613e-09 5.123530052928e-10 1.016346120994e-10
1.587771946700e-11 1.864025068999e-12 1.555067567211e-13 8.627591337389e-15
2.941012652835e-16 5.590858313189e-18 5.233085756288e-20 2.030390377427e-22
2.507497115583e-25 6.131985960741e-29 9.379130060678e-34
  </ae_partial_wave>
  <pseudo_partial_wave state="Ag-4d" grid="g1">
     0.000000000000e+00 9.309683997149e-08 3.733836013796e-07
8.423634839222e-07 1.501551551618e-06 2.352474834911e-06 3.396672433742e-06
4.635695621599e-06 6.071107950556e-06 7.704485357305e-06 9.537416270208e-06
1.157150171735e-05 1.380835543565e-05 1.624960398096e-05 1.889688683929e-05
2.175185653904e-05 2.481617876431e-05 2.809153246929e-05 3.157960999382e-05
3.528211717992e-05 3.920077348957e-05 4.333731212355e-05 4.769348014143e-05
5.227103858272e-05 5.707176258922e-05 6.209744152847e-05 6.734987911847e-05
7.283089355357e-05 7.854231763157e-05 8.448599888204e-05 9.066379969593e-05
9.707759745640e-05 1.037292846709e-04 1.106207691045e-04 1.177539739148e-04
1.251308377875e-04 1.327533150742e-04 1.406233759307e-04 1.487430064570e-04
1.571142088390e-04 1.657390014908e-04 1.746194191990e-04 1.837575132686e-04
1.931553516694e-04 2.028150191846e-04 2.127386175609e-04 2.229282656596e-04
2.333860996095e-04 2.441142729612e-04 2.551149568429e-04 2.663903401178e-04
2.779426295431e-04 2.897740499305e-04 3.018868443079e-04 3.142832740836e-04
3.269656192114e-04 3.399361783575e-04 3.531972690688e-04 3.667512279436e-04
3.806004108036e-04 3.947471928668e-04 4.091939689238e-04 4.239431535143e-04
4.389971811063e-04 4.543585062764e-04 4.700296038927e-04 4.860129692987e-04
5.023111184997e-04 5.189265883507e-04 5.358619367461e-04 5.531197428116e-04
5.707026070979e-04 5.886131517764e-04 6.068540208363e-04 6.254278802850e-04
6.443374183489e-04 6.635853456774e-04 6.831743955484e-04 7.031073240762e-04
7.233869104213e-04 7.440159570018e-04 7.649972897085e-04 7.863337581201e-04
8.080282357222e-04 8.300836201280e-04 8.525028333008e-04 8.752888217794e-04
8.984445569055e-04 9.219730350531e-04 9.458772778612e-04 9.701603324676e-04
9.948252717461e-04 1.019875194546e-03 1.045313225932e-03 1.071142517431e-03
1.097366247276e-03 1.123987620660e-03 1.151009869980e-03 1.178436255098e-03
1.206270063595e-03 1.234514611032e-03 1.263173241208e-03 1.292249326431e-03
1.321746267783e-03 1.351667495386e-03 1.382016468684e-03 1.412796676710e-03
1.444011638371e-03 1.475664902726e-03 1.507760049272e-03 1.540300688234e-03
1.573290460848e-03 1.606733039664e-03 1.640632128835e-03 1.674991464421e-03
1.709814814689e-03 1.745105980419e-03 1.780868795217e-03 1.817107125822e-03
1.853824872423e-03 1.891025968979e-03 1.928714383542e-03 1.966894118579e-03
2.005569211302e-03 2.044743734002e-03 2.084421794384e-03 2.124607535904e-03
2.165305138115e-03 2.206518817011e-03 2.248252825378e-03 2.290511453148e-03
2.333299027755e-03 2.376619914497e-03 2.420478516901e-03 2.464879277092e-03
2.509826676163e-03 2.555325234557e-03 2.601379512440e-03 2.647994110093e-03
2.695173668295e-03 2.742922868718e-03 2.791246434324e-03 2.840149129765e-03
2.889635761788e-03 2.939711179647e-03 2.990380275513e-03 3.041647984894e-03
3.093519287060e-03 3.145999205464e-03 3.199092808180e-03 3.252805208337e-03
3.307141564557e-03 3.362107081406e-03 3.417707009837e-03 3.473946647654e-03
3.530831339963e-03 3.588366479643e-03 3.646557507812e-03 3.705409914305e-03
3.764929238151e-03 3.825121068059e-03 3.885991042907e-03 3.947544852239e-03
4.009788236766e-03 4.072726988867e-03 4.136366953109e-03 4.200714026755e-03
4.265774160292e-03 4.331553357956e-03 4.398057678267e-03 4.465293234568e-03
4.533266195571e-03 4.601982785905e-03 4.671449286677e-03 4.741672036029e-03
4.812657429714e-03 4.884411921666e-03 4.956942024581e-03 5.030254310507e-03
5.104355411438e-03 5.179252019909e-03 5.254950889608e-03 5.331458835987e-03
5.408782736881e-03 5.486929533135e-03 5.565906229237e-03 5.645719893959e-03
5.726377661000e-03 5.807886729643e-03 5.890254365418e-03 5.973487900762e-03
6.057594735702e-03 6.142582338533e-03 6.228458246511e-03 6.315230066546e-03
6.402905475909e-03 6.491492222944e-03 6.580998127790e-03 6.671431083104e-03
6.762799054801e-03 6.855110082795e-03 6.948372281753e-03 7.042593841851e-03
7.137783029544e-03 7.233948188343e-03 7.331097739598e-03 7.429240183292e-03
7.528384098841e-03 7.628538145906e-03 7.729711065210e-03 7.831911679367e-03
7.935148893721e-03 8.039431697185e-03 8.144769163102e-03 8.251170450109e-03
8.358644803005e-03 8.467201553638e-03 8.576850121798e-03 8.687600016116e-03
8.799460834975e-03 8.912442267437e-03 9.026554094167e-03 9.141806188379e-03
9.258208516786e-03 9.375771140563e-03 9.494504216316e-03 9.614417997067e-03
9.735522833246e-03 9.857829173693e-03 9.981347566678e-03 1.010608866092e-02
1.023206320662e-02 1.035928205652e-02 1.048775616696e-02 1.061749659893e-02
1.074851451917e-02 1.088082120126e-02 1.101442802672e-02 1.114934648611e-02
1.128558818021e-02 1.142316482109e-02 1.156208823332e-02 1.170237035509e-02
1.184402323944e-02 1.198705905537e-02 1.213149008913e-02 1.227732874538e-02
1.242458754842e-02 1.257327914344e-02 1.272341629779e-02 1.287501190221e-02
1.302807897213e-02 1.318263064897e-02 1.333868020143e-02 1.349624102682e-02
1.365532665239e-02 1.381595073667e-02 1.397812707086e-02 1.414186958016e-02
1.430719232520e-02 1.447410950342e-02 1.464263545052e-02 1.481278464185e-02
1.498457169387e-02 1.515801136565e-02 1.533311856030e-02 1.550990832649e-02
1.568839585994e-02 1.586859650497e-02 1.605052575600e-02 1.623419925914e-02
1.641963281375e-02 1.660684237400e-02 1.679584405051e-02 1.698665411195e-02
1.717928898665e-02 1.737376526428e-02 1.757009969753e-02 1.776830920374e-02
1.796841086664e-02 1.817042193804e-02 1.837435983959e-02 1.858024216449e-02
1.878808667931e-02 1.899791132570e-02 1.920973422224e-02 1.942357366627e-02
1.963944813566e-02 1.985737629071e-02 2.007737697601e-02 2.029946922233e-02
2.052367224848e-02 2.075000546329e-02 2.097848846752e-02 2.120914105581e-02
2.144198321865e-02 2.167703514439e-02 2.191431722123e-02 2.215385003927e-02
2.239565439252e-02 2.263975128098e-02 2.288616191275e-02 2.313490770604e-02
2.338601029139e-02 2.363949151375e-02 2.389537343460e-02 2.415367833420e-02
2.441442871369e-02 2.467764729737e-02 2.494335703487e-02 2.521158110341e-02
2.548234291004e-02 2.575566609394e-02 2.603157452871e-02 2.631009232464e-02
2.659124383110e-02 2.687505363882e-02 2.716154658228e-02 2.745074774211e-02
2.774268244743e-02 2.803737627830e-02 2.833485506815e-02 2.863514490617e-02
2.893827213984e-02 2.924426337735e-02 2.955314549012e-02 2.986494561527e-02
3.017969115818e-02 3.049740979500e-02 3.081812947517e-02 3.114187842406e-02
3.146868514544e-02 3.179857842416e-02 3.213158732869e-02 3.246774121374e-02
3.280706972293e-02 3.314960279134e-02 3.349537064823e-02 3.384440381966e-02
3.419673313115e-02 3.455238971038e-02 3.491140498981e-02 3.527381070946e-02
3.563963891951e-02 3.600892198306e-02 3.638169257881e-02 3.675798370379e-02
3.713782867603e-02 3.752126113734e-02 3.790831505595e-02 3.829902472928e-02
3.869342478667e-02 3.909155019201e-02 3.949343624655e-02 3.989911859154e-02
4.030863321096e-02 4.072201643421e-02 4.113930493879e-02 4.156053575298e-02
4.198574625851e-02 4.241497419319e-02 4.284825765360e-02 4.328563509763e-02
4.372714534716e-02 4.417282759061e-02 4.462272138551e-02 4.507686666101e-02
4.553530372044e-02 4.599807324374e-02 4.646521628997e-02 4.693677429967e-02
4.741278909729e-02 4.789330289352e-02 4.837835828758e-02 4.886799826951e-02
4.936226622235e-02 4.986120592432e-02 5.036486155096e-02 5.087327767714e-02
5.138649927906e-02 5.190457173621e-02 5.242754083322e-02 5.295545276164e-02
5.348835412167e-02 5.402629192379e-02 5.456931359035e-02 5.511746695697e-02
5.567080027396e-02 5.622936220760e-02 5.679320184128e-02 5.736236867657e-02
5.793691263421e-02 5.851688405486e-02 5.910233369989e-02 5.969331275190e-02
6.028987281514e-02 6.089206591584e-02 6.149994450234e-02 6.211356144503e-02
6.273297003618e-02 6.335822398960e-02 6.398937744005e-02 6.462648494253e-02
6.526960147132e-02 6.591878241886e-02 6.657408359436e-02 6.723556122221e-02
6.790327194016e-02 6.857727279723e-02 6.925762125138e-02 6.994437516689e-02
7.063759281147e-02 7.133733285306e-02 7.204365435637e-02 7.275661677904e-02
7.347627996747e-02 7.420270415237e-02 7.493594994387e-02 7.567607832628e-02
7.642315065249e-02 7.717722863788e-02 7.793837435388e-02 7.870665022107e-02
7.948211900178e-02 8.026484379222e-02 8.105488801417e-02 8.185231540604e-02
8.265719001349e-02 8.346957617944e-02 8.428953853344e-02 8.511714198056e-02
8.595245168952e-02 8.679553308019e-02 8.764645181049e-02 8.850527376241e-02
8.937206502747e-02 9.024689189126e-02 9.112982081727e-02 9.202091842983e-02
9.292025149624e-02 9.382788690793e-02 9.474389166075e-02 9.566833283423e-02
9.660127756992e-02 9.754279304853e-02 9.849294646616e-02 9.945180500925e-02
1.004194358285e-01 1.013959060112e-01 1.023812825532e-01 1.033756323283e-01
1.043790220570e-01 1.053915182743e-01 1.064131872948e-01 1.074440951774e-01
1.084843076877e-01 1.095338902592e-01 1.105929079525e-01 1.116614254129e-01
1.127395068261e-01 1.138272158717e-01 1.149246156756e-01 1.160317687593e-01
1.171487369876e-01 1.182755815140e-01 1.194123627239e-01 1.205591401753e-01
1.217159725370e-01 1.228829175244e-01 1.240600318323e-01 1.252473710656e-01
1.264449896664e-01 1.276529408386e-01 1.288712764693e-01 1.301000470467e-01
1.313393015758e-01 1.325890874889e-01 1.338494505543e-01 1.351204347802e-01
1.364020823150e-01 1.376944333444e-01 1.389975259832e-01 1.403113961635e-01
1.416360775188e-01 1.429716012631e-01 1.443179960650e-01 1.456752879178e-01
1.470435000037e-01 1.484226525531e-01 1.498127626984e-01 1.512138443225e-01
1.526259079009e-01 1.540489603378e-01 1.554830047967e-01 1.569280405239e-01
1.583840626649e-01 1.598510620751e-01 1.613290251221e-01 1.628179334814e-01
1.643177639240e-01 1.658284880959e-01 1.673500722902e-01 1.688824772096e-01
1.704256577211e-01 1.719795626009e-01 1.735441342704e-01 1.751193085220e-01
1.767050142354e-01 1.783011730835e-01 1.799076992268e-01 1.815244989980e-01
1.831514705741e-01 1.847885036375e-01 1.864354790244e-01 1.880922683610e-01
1.897587336867e-01 1.914347270640e-01 1.931200901745e-01 1.948146539007e-01
1.965182378939e-01 1.982306501261e-01 1.999516864271e-01 2.016811300053e-01
2.034187509529e-01 2.051643057333e-01 2.069175366518e-01 2.086781713087e-01
2.104459220337e-01 2.122204853020e-01 2.140015411314e-01 2.157887524595e-01
2.175817645006e-01 2.193802040832e-01 2.211836789647e-01 2.229917771268e-01
2.248040660473e-01 2.266200919506e-01 2.284393790352e-01 2.302614286784e-01
2.320857186172e-01 2.339117021061e-01 2.357388070503e-01 2.375664351147e-01
2.393939608090e-01 2.412207305475e-01 2.430460616846e-01 2.448692415248e-01
2.466895263091e-01 2.485061401759e-01 2.503182740973e-01 2.521250847919e-01
2.539256936133e-01 2.557191854155e-01 2.575046073959e-01 2.592809679159e-01
2.610472353018e-01 2.628023366244e-01 2.645451564621e-01 2.662745356457e-01
2.679892699894e-01 2.696881090080e-01 2.713697546245e-01 2.730328598694e-01
2.746760275752e-01 2.762978090696e-01 2.778967028716e-01 2.794711533941e-01
2.810195496576e-01 2.825402240217e-01 2.840314509390e-01 2.854914457381e-01
2.869183634438e-01 2.883102976415e-01 2.896652793951e-01 2.909812762287e-01
2.922561911814e-01 2.934878619480e-01 2.946740601184e-01 2.958124905292e-01
2.969007907436e-01 2.979365306759e-01 2.989172123787e-01 2.998402700142e-01
3.007030700293e-01 3.015029115597e-01 3.022370270885e-01 3.029025833862e-01
3.034966827637e-01 3.040163646698e-01 3.044586076689e-01 3.048203318375e-01
3.050984016202e-01 3.052896291889e-01 3.053907783536e-01 3.053985690755e-01
3.053096826369e-01 3.051207675260e-01 3.048284460996e-01 3.044293220889e-01
3.039199890199e-01 3.032970396218e-01 3.025570763021e-01 3.016967227714e-01
3.007126369036e-01 2.996015249212e-01 2.983601569998e-01 2.969853843863e-01
2.954741581292e-01 2.938235495195e-01 2.920307723401e-01 2.900932070216e-01
2.880084267958e-01 2.857742259353e-01 2.833886501558e-01 2.808500292473e-01
2.781570119812e-01 2.753086033190e-01 2.723042039186e-01 2.691436518974e-01
2.658272667638e-01 2.623558953710e-01 2.587309596752e-01 2.549545059896e-01
2.510292553181e-01 2.469586542197e-01 2.427469254914e-01 2.383991177641e-01
2.339211528662e-01 2.293198695272e-01 2.246030616489e-01 2.197795089567e-01
2.148589973519e-01 2.098523256875e-01 2.047712949798e-01 1.996286752160e-01
1.944381438963e-01 1.892141892302e-01 1.839719694491e-01 1.787271179526e-01
1.734954819238e-01 1.682927795594e-01 1.631341580820e-01 1.580336311473e-01
1.530033700011e-01 1.480528176513e-01 1.431875892317e-01 1.384081144347e-01
1.337147859999e-01 1.291079595575e-01 1.245879534676e-01 1.201550486545e-01
1.158094884386e-01 1.115514783654e-01 1.073811860349e-01 1.032987409325e-01
9.930423426285e-02 9.539771878977e-02 9.157920868436e-02 8.784867938394e-02
8.420606746474e-02 8.065127053142e-02 7.718414712633e-02 7.380451666189e-02
7.051215937871e-02 6.730681633268e-02 6.418818941305e-02 6.115594139361e-02
5.820969601780e-02 5.534903811779e-02 5.257351376575e-02 4.988263045410e-02
4.727585729887e-02 4.475262525786e-02 4.231232735210e-02 3.995431887558e-02
3.767791757468e-02 3.548240377480e-02 3.336702042829e-02 3.133097305500e-02
2.937342954451e-02 2.749351978901e-02 2.569033511728e-02 2.396292750415e-02
2.231030853634e-02 2.073144812542e-02 1.922527297005e-02 1.779066478411e-02
1.642645832220e-02 1.513143924905e-02 1.390434191350e-02 1.274384709847e-02
1.164857982620e-02 1.061710730107e-02 9.647937071076e-03 8.739515483664e-03
7.890226503515e-03 7.098390950160e-03 6.362266204285e-03 5.680046424583e-03
5.049863313877e-03 4.469787474660e-03 3.937830400346e-03 3.451947158576e-03
3.010039835024e-03 2.609961818177e-03 2.249523013966e-03 1.926496081189e-03
1.638623772138e-03 1.383627445051e-03 1.159216785929e-03 9.631007443645e-04
7.929995855022e-04 6.466579954361e-04 5.218590701395e-04 4.164388793480e-04
3.283013288016e-04 2.554329720321e-04 1.959173513226e-04 1.479484294165e-04
1.098426590682e-04 8.004924385325e-05 5.715817252678e-05 3.990566037416e-05
2.717670225649e-05 1.800456640141e-05 1.156715114160e-05 7.180283453612e-06
4.288201530498e-06 2.451611478857e-06 1.333857108282e-06 6.858685088021e-07
3.306428806912e-07 1.478066294175e-07 6.018779208714e-08 2.212888171532e-08
7.326518194124e-09 2.113392859613e-09 5.123530052928e-10 1.016346120994e-10
1.587771946700e-11 1.864025068999e-12 1.555067567211e-13 8.627591337389e-15
2.941012652835e-16 5.590858313189e-18 5.233085756288e-20 2.030390377427e-22
2.507497115583e-25 6.131985960741e-29 9.379130060678e-34
  </pseudo_partial_wave>
  <projector_function state="Ag-4d" grid="g1">
     0.000000000000e+00 -3.609835905130e-07 -1.430099864529e-06
-3.233942493245e-06 -5.763184682076e-06 -9.030384698131e-06
-1.303727445431e-05 -1.779263073115e-05 -2.330053820508e-05
-2.956860411725e-05 -3.660064514069e-05 -4.440394376098e-05
-5.298392085008e-05 -6.234690314108e-05 -7.249843178590e-05
-8.344465305794e-05 -9.519143166538e-05 -1.077449586563e-04
-1.211111007290e-04 -1.352957246765e-04 -1.503052648320e-04
-1.661455255366e-04 -1.828227557794e-04 -2.003428549940e-04
-2.187120207927e-04 -2.379364041668e-04 -2.580220600893e-04
-2.789752214833e-04 -3.008019773841e-04 -3.235085215781e-04
-3.471010563419e-04 -3.715857087652e-04 -3.969687311540e-04
-4.232563299577e-04 -4.504546636794e-04 -4.785700327174e-04
-5.076085822746e-04 -5.375766333710e-04 -5.684803706112e-04
-6.003260672683e-04 -6.331199671393e-04 -6.668683196316e-04
-7.015774071103e-04 -7.372534466490e-04 -7.739027338651e-04
-8.115315326522e-04 -8.501460866176e-04 -8.897526650529e-04
-9.303575196086e-04 -9.719669197193e-04 -1.014587107848e-03
-1.058224328441e-03 -1.102884822749e-03 -1.148574839152e-03
-1.195300594588e-03 -1.243068299684e-03 -1.291884184466e-03
-1.341754429549e-03 -1.392685225290e-03 -1.444682746211e-03
-1.497753154254e-03 -1.551902593632e-03 -1.607137176705e-03
-1.663463037888e-03 -1.720886257157e-03 -1.779412900473e-03
-1.839049028197e-03 -1.899800657742e-03 -1.961673790340e-03
-2.024674415587e-03 -2.088808471371e-03 -2.154081884225e-03
-2.220500545094e-03 -2.288070313601e-03 -2.356797016053e-03
-2.426686452548e-03 -2.497744373191e-03 -2.569976494193e-03
-2.643388507065e-03 -2.717986033327e-03 -2.793774685246e-03
-2.870760000152e-03 -2.948947492875e-03 -3.028342609772e-03
-3.108950764101e-03 -3.190777301355e-03 -3.273827524298e-03
-3.358106677095e-03 -3.443619942912e-03 -3.530372441691e-03
-3.618369241606e-03 -3.707615329555e-03 -3.798115640682e-03
-3.889875034066e-03 -3.982898295933e-03 -4.077190142125e-03
-4.172755209275e-03 -4.269598054711e-03 -4.367723154007e-03
-4.467134903823e-03 -4.567837604724e-03 -4.669835477532e-03
-4.773132643868e-03 -4.877733132509e-03 -4.983640877397e-03
-5.090859706186e-03 -5.199393345073e-03 -5.309245418196e-03
-5.420419430635e-03 -5.532918783389e-03 -5.646746753145e-03
-5.761906505196e-03 -5.878401075660e-03 -5.996233377615e-03
-6.115406193021e-03 -6.235922173381e-03 -6.357783827979e-03
-6.480993532424e-03 -6.605553513150e-03 -6.731465849044e-03
-6.858732470390e-03 -6.987355146860e-03 -7.117335491922e-03
-7.248674953481e-03 -7.381374813502e-03 -7.515436173874e-03
-7.650859972431e-03 -7.787646954814e-03 -7.925797685858e-03
-8.065312537005e-03 -8.206191687154e-03 -8.348435116976e-03
-8.492042597625e-03 -8.637013694428e-03 -8.783347755929e-03
-8.931043911984e-03 -9.080101068023e-03 -9.230517896987e-03
-9.382292837263e-03 -9.535424087374e-03 -9.689909594691e-03
-9.845747056905e-03 -1.000293391545e-02 -1.016146734172e-02
-1.032134424009e-02 -1.048256123710e-02 -1.064511467664e-02
-1.080900061235e-02 -1.097421480500e-02 -1.114075270951e-02
-1.130860947172e-02 -1.147777992262e-02 -1.164825856919e-02
-1.182003958970e-02 -1.199311682237e-02 -1.216748376446e-02
-1.234313355536e-02 -1.252005897982e-02 -1.269825245127e-02
-1.287770600854e-02 -1.305841130791e-02 -1.324035961201e-02
-1.342354178304e-02 -1.360794827654e-02 -1.379356912897e-02
-1.398039395127e-02 -1.416841191765e-02 -1.435761176089e-02
-1.454798175898e-02 -1.473950972617e-02 -1.493218300511e-02
-1.512598845683e-02 -1.532091244963e-02 -1.551694084900e-02
-1.571405900972e-02 -1.591225176161e-02 -1.611150340300e-02
-1.631179768522e-02 -1.651311780874e-02 -1.671544640328e-02
-1.691876552328e-02 -1.712305663327e-02 -1.732830059616e-02
-1.753447766319e-02 -1.774156745924e-02 -1.794954897274e-02
-1.815840054056e-02 -1.836809983928e-02 -1.857862386731e-02
-1.878994893643e-02 -1.900205065403e-02 -1.921490391271e-02
-1.942848287494e-02 -1.964276095969e-02 -1.985771082741e-02
-2.007330436601e-02 -2.028951267569e-02 -2.050630605379e-02
-2.072365398124e-02 -2.094152510474e-02 -2.115988722092e-02
-2.137870726292e-02 -2.159795128230e-02 -2.181758443104e-02
-2.203757094901e-02 -2.225787414211e-02 -2.247845636760e-02
-2.269927901743e-02 -2.292030249679e-02 -2.314148620928e-02
-2.336278853694e-02 -2.358416682110e-02 -2.380557734567e-02
-2.402697531419e-02 -2.424831483321e-02 -2.446954889094e-02
-2.469062933766e-02 -2.491150686412e-02 -2.513213098203e-02
-2.535245000130e-02 -2.557241101047e-02 -2.579195985329e-02
-2.601104110670e-02 -2.622959805913e-02 -2.644757268717e-02
-2.666490563235e-02 -2.688153617767e-02 -2.709740222384e-02
-2.731244026470e-02 -2.752658536380e-02 -2.773977112706e-02
-2.795192968062e-02 -2.816299164240e-02 -2.837288609825e-02
-2.858154057330e-02 -2.878888100773e-02 -2.899483172720e-02
-2.919931541750e-02 -2.940225309488e-02 -2.960356407855e-02
-2.980316596217e-02 -3.000097458440e-02 -3.019690399928e-02
-3.039086644663e-02 -3.058277232198e-02 -3.077253014514e-02
-3.096004652974e-02 -3.114522615185e-02 -3.132797171723e-02
-3.150818393003e-02 -3.168576145853e-02 -3.186060090409e-02
-3.203259676593e-02 -3.220164140705e-02 -3.236762502110e-02
-3.253043559587e-02 -3.268995887970e-02 -3.284607834359e-02
-3.299867514775e-02 -3.314762810238e-02 -3.329281363236e-02
-3.343410573901e-02 -3.357137596232e-02 -3.370449334255e-02
-3.383332438184e-02 -3.395773300472e-02 -3.407758051848e-02
-3.419272557276e-02 -3.430302411981e-02 -3.440832937257e-02
-3.450849176494e-02 -3.460335890794e-02 -3.469277554889e-02
-3.477658352808e-02 -3.485462173680e-02 -3.492672607235e-02
-3.499272939509e-02 -3.505246148424e-02 -3.510574899261e-02
-3.515241540224e-02 -3.519228097832e-02 -3.522516272386e-02
-3.525087433267e-02 -3.526922614383e-02 -3.528002509396e-02
-3.528307466979e-02 -3.527817486148e-02 -3.526512211324e-02
-3.524370927635e-02 -3.521372555964e-02 -3.517495648029e-02
-3.512718381577e-02 -3.507018555336e-02 -3.500373584056e-02
-3.492760493499e-02 -3.484155915441e-02 -3.474536082613e-02
-3.463876823557e-02 -3.452153557670e-02 -3.439341289972e-02
-3.425414606080e-02 -3.410347666960e-02 -3.394114203952e-02
-3.376687513434e-02 -3.358040451786e-02 -3.338145430165e-02
-3.316974409377e-02 -3.294498894684e-02 -3.270689930674e-02
-3.245518096099e-02 -3.218953498716e-02 -3.190965770203e-02
-3.161524061020e-02 -3.130597035342e-02 -3.098152865972e-02
-3.064159229318e-02 -3.028583300402e-02 -2.991391747922e-02
-2.952550729247e-02 -2.912025885635e-02 -2.869782337340e-02
-2.825784678862e-02 -2.779996974259e-02 -2.732382752468e-02
-2.682905002779e-02 -2.631526170265e-02 -2.578208151452e-02
-2.522912289948e-02 -2.465599372213e-02 -2.406229623494e-02
-2.344762703719e-02 -2.281157703699e-02 -2.215373141234e-02
-2.147366957637e-02 -2.077096514078e-02 -2.004518588298e-02
-1.929589371420e-02 -1.852264464897e-02 -1.772498877690e-02
-1.690247023548e-02 -1.605462718566e-02 -1.518099178893e-02
-1.428109018719e-02 -1.335444248391e-02 -1.240056272817e-02
-1.141895890189e-02 -1.040913290807e-02 -9.370580563314e-03
-8.302791592337e-03 -7.205249625744e-03 -6.077432200707e-03
-4.918810765295e-03 -3.728850685838e-03 -2.507011258087e-03
-1.252745721889e-03 3.449872005411e-05 1.355280879655e-03 2.710165556383e-03
4.099723506272e-03 5.524531406151e-03 6.985171812730e-03 8.482233117888e-03
1.001630949750e-02 1.158800085619e-02 1.319791276569e-02 1.484665639790e-02
1.653484845215e-02 1.826311107574e-02 2.003207177913e-02 2.184236334335e-02
2.369462372130e-02 2.558949593221e-02 2.752762794781e-02 2.950967257199e-02
3.153628731199e-02 3.360813424181e-02 3.572587985705e-02 3.789019492111e-02
4.010175430275e-02 4.236123680415e-02 4.466932497966e-02 4.702670494447e-02
4.943406617362e-02 5.189210129020e-02 5.440150584296e-02 5.696297807292e-02
5.957721866853e-02 6.224493050913e-02 6.496681839642e-02 6.774358877318e-02
7.057594943013e-02 7.346460919855e-02 7.641027763013e-02 7.941366466321e-02
8.247548027409e-02 8.559643411450e-02 8.877723513379e-02 9.201859118588e-02
9.532120862080e-02 9.868579185964e-02 1.021130429538e-01 1.056036611266e-01
1.091583422989e-01 1.127777785954e-01 1.164626578352e-01 1.202136630019e-01
1.240314716963e-01 1.279167555703e-01 1.318701797399e-01 1.358924021798e-01
1.399840730975e-01 1.441458342862e-01 1.483783184582e-01 1.526821485559e-01
1.570579370419e-01 1.615062851671e-01 1.660277822172e-01 1.706230047363e-01
1.752925157277e-01 1.800368638331e-01 1.848565824868e-01 1.897521890485e-01
1.947241839112e-01 1.997730495865e-01 2.048992497658e-01 2.101032283574e-01
2.153854085004e-01 2.207461915541e-01 2.261859560642e-01 2.317050567045e-01
2.373038231955e-01 2.429825591995e-01 2.487415411918e-01 2.545810173100e-01
2.605012061793e-01 2.665022957165e-01 2.725844419119e-01 2.787477675898e-01
2.849923611483e-01 2.913182752793e-01 2.977255256693e-01 3.042140896815e-01
3.107839050210e-01 3.174348683834e-01 3.241668340881e-01 3.309796126986e-01
3.378729696290e-01 3.448466237409e-01 3.519002459300e-01 3.590334577061e-01
3.662458297670e-01 3.735368805689e-01 3.809060748965e-01 3.883528224333e-01
3.958764763362e-01 4.034763318170e-01 4.111516247330e-01 4.189015301904e-01
4.267251611644e-01 4.346215671379e-01 4.425897327649e-01 4.506285765605e-01
4.587369496228e-01 4.669136343918e-01 4.751573434482e-01 4.834667183591e-01
4.918403285749e-01 5.002766703826e-01 5.087741659227e-01 5.173311622744e-01
5.259459306161e-01 5.346166654685e-01 5.433414840265e-01 5.521184255874e-01
5.609454510840e-01 5.698204427289e-01 5.787412037803e-01 5.877054584366e-01
5.967108518689e-01 6.057549504016e-01 6.148352418497e-01 6.239491360235e-01
6.330939654105e-01 6.422669860452e-01 6.514653785783e-01 6.606862495553e-01
6.699266329166e-01 6.791834917317e-01 6.884537201770e-01 6.977341457722e-01
7.070215318857e-01 7.163125805218e-01 7.256039354027e-01 7.348921853583e-01
7.441738680352e-01 7.534454739387e-01 7.627034508198e-01 7.719442084205e-01
7.811641235880e-01 7.903595457716e-01 7.995268029126e-01 8.086622077387e-01
8.177620644737e-01 8.268226759721e-01 8.358403512873e-01 8.448114136830e-01
8.537322090924e-01 8.625991150339e-01 8.714085499861e-01 8.801569832248e-01
8.888409451247e-01 8.974570379241e-01 9.060019469493e-01 9.144724522947e-01
9.228654409501e-01 9.311779193637e-01 9.394070264286e-01 9.475500468738e-01
9.556044250397e-01 9.635677790122e-01 9.714379150866e-01 9.792128425261e-01
9.868907885766e-01 9.944702136914e-01 1.001949826916e+00 1.009328601378e+00
1.016605789809e+00 1.023780940045e+00 1.030853910407e+00 1.037824884888e+00
1.044694388049e+00 1.051463299517e+00 1.058132867970e+00 1.064704724503e+00
1.071180895207e+00 1.077563812859e+00 1.083856327531e+00 1.090061715984e+00
1.096183689636e+00 1.102226400949e+00 1.108194448004e+00 1.114092877068e+00
1.119927182921e+00 1.125703306705e+00 1.131427631039e+00 1.137106972155e+00
1.142748568758e+00 1.148360067347e+00 1.153949503688e+00 1.159525280144e+00
1.165096138546e+00 1.170671128298e+00 1.176259569372e+00 1.181871009895e+00
1.187515177982e+00 1.193201927503e+00 1.198941177460e+00 1.204742844674e+00
1.210616769473e+00 1.216572634116e+00 1.222619873687e+00 1.228767579238e+00
1.235024392976e+00 1.241398395350e+00 1.247896983926e+00 1.254526743993e+00
1.261293310926e+00 1.268201224377e+00 1.275253774476e+00 1.282452840292e+00
1.289798720931e+00 1.297289959747e+00 1.304923162288e+00 1.312692808708e+00
1.320591061585e+00 1.328607570190e+00 1.336729272469e+00 1.344940196201e+00
1.353221260969e+00 1.361550082824e+00 1.369900783754e+00 1.378243808286e+00
1.386545749844e+00 1.394769189675e+00 1.402872551496e+00 1.410809975201e+00
1.418531213287e+00 1.425981553858e+00 1.433101774358e+00 1.439828130370e+00
1.446092384018e+00 1.451821876718e+00 1.456939651086e+00 1.461364626957e+00
1.465011836432e+00 1.467792722857e+00 1.469615508489e+00 1.470385635370e+00
1.470006283611e+00 1.468378970805e+00 1.465404235726e+00 1.460982408685e+00
1.455014470045e+00 1.447402997280e+00 1.438053199721e+00 1.426874038616e+00
1.413779428514e+00 1.398689514042e+00 1.381532014088e+00 1.362243623090e+00
1.340771456668e+00 1.317074526142e+00 1.291125223733e+00 1.262910797303e+00
1.232434790569e+00 1.199718421744e+00 1.164801870737e+00 1.127745442326e+00
1.088630570311e+00 1.047560625637e+00 1.004661489980e+00 9.600818554893e-01
9.139932113426e-01 8.665894788439e-01 8.180862589012e-01 7.687196592606e-01
7.187446738474e-01 6.684330931879e-01 6.180709332527e-01 5.679553802443e-01
5.183912608773e-01 4.696870615174e-01 4.221505350333e-01 3.760839511359e-01
3.317790640057e-01 2.895118896562e-01 2.495374041629e-01 2.120842918362e-01
1.773498887582e-01 1.454954808119e-01 1.166421252682e-01 9.086716996963e-02
6.820164290960e-02 4.862867637807e-02 3.208311274248e-02 1.845241253431e-02
7.578949304756e-03 -7.362703257342e-04 -6.728478302369e-03 -1.066268861168e-02
-1.282606189133e-02 -1.351931245781e-02 -1.304744996994e-02
-1.171021307713e-02 -9.792606305345e-03 -7.555988284708e-03
-5.230173394026e-03 -3.006994689454e-03 -1.035729460307e-03 5.792923380354e-04
1.778691822968e-03 2.545597996500e-03 2.900867502501e-03 2.896257882249e-03
2.606022137231e-03 2.117548195773e-03 1.521781707533e-03 9.042256408876e-04
3.372899764435e-04 -1.253397107795e-04 -4.518345845351e-04 -6.326364363402e-04
-6.782422960095e-04 -6.147687516283e-04 -4.779911325926e-04
-3.067575927937e-04 -1.367595839966e-04 4.429057290482e-06 1.003557470892e-04
1.463985638574e-04 1.482678098143e-04 1.188007670719e-04 7.386716641655e-05
2.834319583311e-05 -6.967585670859e-06 -2.687821205613e-05 -3.167157577421e-05
0.000000000000e+00 0.000000000000e+00 0.000000000000e+00 0.000000000000e+00
0.000000000000e+00 0.000000000000e+00 0.000000000000e+00 0.000000000000e+00
0.000000000000e+00 0.000000000000e+00 0.000000000000e+00 0.000000000000e+00
0.000000000000e+00 0.000000000000e+00 0.000000000000e+00 0.000000000000e+00
0.000000000000e+00 0.000000000000e+00 0.000000000000e+00 0.000000000000e+00
0.000000000000e+00 0.000000000000e+00 0.000000000000e+00 0.000000000000e+00
0.000000000000e+00 0.000000000000e+00 0.000000000000e+00 0.000000000000e+00
0.000000000000e+00 0.000000000000e+00 0.000000000000e+00 0.000000000000e+00
0.000000000000e+00 0.000000000000e+00 0.000000000000e+00 0.000000000000e+00
0.000000000000e+00 0.000000000000e+00 0.000000000000e+00 0.000000000000e+00
0.000000000000e+00 0.000000000000e+00 0.000000000000e+00 0.000000000000e+00
0.000000000000e+00 0.000000000000e+00 0.000000000000e+00 0.000000000000e+00
0.000000000000e+00 0.000000000000e+00 0.000000000000e+00 0.000000000000e+00
0.000000000000e+00 0.000000000000e+00 0.000000000000e+00 0.000000000000e+00
0.000000000000e+00 0.000000000000e+00 0.000000000000e+00 0.000000000000e+00
0.000000000000e+00 0.000000000000e+00 0.000000000000e+00
  </projector_function>
  <ae_partial_wave state="Ag-s1" grid="g1">
     -2.029811452775e+01 -1.911657343215e+01 -1.793187313575e+01
-1.705843325136e+01 -1.632686987744e+01 -1.567872823041e+01
-1.508688952210e+01 -1.453651067028e+01 -1.401854938569e+01
-1.352706469757e+01 -1.305792638263e+01 -1.260813386758e+01
-1.217542876634e+01 -1.175806104538e+01 -1.135464099502e+01
-1.096404174354e+01 -1.058533288782e+01 -1.021773400865e+01
-9.860581306265e+00 -9.513303135453e+00 -9.175401725578e+00
-8.846439291860e+00 -8.526027324226e+00 -8.213818215043e+00
-7.909498635017e+00 -7.612784234015e+00 -7.323415358805e+00
-7.041153560407e+00 -6.765778721058e+00 -6.497086672206e+00
-6.234887205119e+00 -5.979002398101e+00 -5.729265200981e+00
-5.485518230207e+00 -5.247612737499e+00 -5.015407722469e+00
-4.788769165346e+00 -4.567569360487e+00 -4.351686334903e+00
-4.141003338865e+00 -3.935408397902e+00 -3.734793917336e+00
-3.539056331952e+00 -3.348095794640e+00 -3.161815898753e+00
-2.980123429821e+00 -2.802928142841e+00 -2.630142561980e+00
-2.461681799955e+00 -2.297463394737e+00 -2.137407161580e+00
-1.981435058612e+00 -1.829471064484e+00 -1.681441066751e+00
-1.537272759842e+00 -1.396895551603e+00 -1.260240477537e+00
-1.127240121952e+00 -9.978285453347e-01 -8.719412173399e-01
-7.495149548476e-01 -6.304878646146e-01 -5.147992900830e-01
-4.023897619639e-01 -2.932009522500e-01 -1.871756313470e-01
-8.425762804463e-02 1.560820792524e-02 1.124760409693e-01 2.063990825592e-01
2.974296221889e-01 3.856190565304e-01 4.710179169409e-01 5.536758954578e-01
6.336418694060e-01 7.109639247286e-01 7.856893781425e-01 8.578647982086e-01
9.275360253977e-01 9.947481912253e-01 1.059545736520e+00 1.121972428883e+00
1.182071379394e+00 1.239885058602e+00 1.295455311860e+00 1.348823374019e+00
1.400029883535e+00 1.449114896010e+00 1.496117897199e+00 1.541077815512e+00
1.584033034025e+00 1.625021402034e+00 1.664080246165e+00 1.701246381057e+00
1.736556119644e+00 1.770045283038e+00 1.801749210037e+00 1.831702766274e+00
1.859940353005e+00 1.886495915567e+00 1.911402951502e+00 1.934694518375e+00
1.956403241275e+00 1.976561320044e+00 1.995200536210e+00 2.012352259667e+00
2.028047455094e+00 2.042316688137e+00 2.055190131358e+00 2.066697569973e+00
2.076868407382e+00 2.085731670499e+00 2.093316014911e+00 2.099649729851e+00
2.104760743018e+00 2.108676625233e+00 2.111424594957e+00 2.113031522665e+00
2.113523935094e+00 2.112928019361e+00 2.111269626970e+00 2.108574277708e+00
2.104867163427e+00 2.100173151735e+00 2.094516789592e+00 2.087922306806e+00
2.080413619456e+00 2.072014333225e+00 2.062747746655e+00 2.052636854336e+00
2.041704350014e+00 2.029972629641e+00 2.017463794356e+00 2.004199653406e+00
1.990201727008e+00 1.975491249160e+00 1.960089170390e+00 1.944016160464e+00
1.927292611037e+00 1.909938638266e+00 1.891974085368e+00 1.873418525144e+00
1.854291262458e+00 1.834611336676e+00 1.814397524069e+00 1.793668340180e+00
1.772442042151e+00 1.750736631024e+00 1.728569854002e+00 1.705959206681e+00
1.682921935254e+00 1.659475038684e+00 1.635635270848e+00 1.611419142653e+00
1.586842924126e+00 1.561922646481e+00 1.536674104158e+00 1.511112856836e+00
1.485254231432e+00 1.459113324061e+00 1.432705001994e+00 1.406043905575e+00
1.379144450135e+00 1.352020827872e+00 1.324687009718e+00 1.297156747187e+00
1.269443574207e+00 1.241560808923e+00 1.213521555499e+00 1.185338705892e+00
1.157024941609e+00 1.128592735459e+00 1.100054353277e+00 1.071421855642e+00
1.042707099574e+00 1.013921740227e+00 9.850772325540e-01 9.561848329747e-01
9.272556010184e-01 8.983004009616e-01 8.693299034512e-01 8.403545871172e-01
8.113847401749e-01 7.824304620154e-01 7.535016647877e-01 7.246080749696e-01
6.957592349306e-01 6.669645044849e-01 6.382330624369e-01 6.095739081176e-01
5.809958629141e-01 5.525075717908e-01 5.241175048045e-01 4.958339586120e-01
4.676650579714e-01 4.396187572379e-01 4.117028418525e-01 3.839249298269e-01
3.562924732213e-01 3.288127596188e-01 3.014929135934e-01 2.743398981751e-01
2.473605163092e-01 2.205614123122e-01 1.939490733232e-01 1.675298307516e-01
1.413098617209e-01 1.152951905089e-01 8.949168998371e-02 6.390508303663e-02
3.854094401115e-02 1.340470012819e-02 -1.149836709225e-02 -3.616312041338e-02
-6.058456546771e-02 -8.475784934731e-02 -1.086782591982e-01
-1.323412208190e-01 -1.557422972644e-01 -1.788771874536e-01
-2.017417247830e-01 -2.243318757451e-01 -2.466437385528e-01
-2.686735417697e-01 -2.904176429458e-01 -3.118725272618e-01
-3.330348061780e-01 -3.539012160927e-01 -3.744686170070e-01
-3.947339911986e-01 -4.146944419035e-01 -4.343471920081e-01
-4.536895827490e-01 -4.727190724247e-01 -4.914332351168e-01
-5.098297594223e-01 -5.279064471977e-01 -5.456612123153e-01
-5.630920794317e-01 -5.801971827695e-01 -5.969747649126e-01
-6.134231756152e-01 -6.295408706257e-01 -6.453264105244e-01
-6.607784595762e-01 -6.758957845991e-01 -6.906772538462e-01
-7.051218359034e-01 -7.192285986015e-01 -7.329967079415e-01
-7.464254270340e-01 -7.595141150511e-01 -7.722622261891e-01
-7.846693086426e-01 -7.967350035871e-01 -8.084590441701e-01
-8.198412545079e-01 -8.308815486882e-01 -8.415799297761e-01
-8.519364888215e-01 -8.619514038685e-01 -8.716249389631e-01
-8.809574431602e-01 -8.899493495270e-01 -8.986011741436e-01
-9.069135150988e-01 -9.148870514815e-01 -9.225225423661e-01
-9.298208257938e-01 -9.367828177468e-01 -9.434095111188e-01
-9.497019746786e-01 -9.556613520297e-01 -9.612888605655e-01
-9.665857904190e-01 -9.715535034104e-01 -9.761934319897e-01
-9.805070781782e-01 -9.844960125061e-01 -9.881618729498e-01
-9.915063638661e-01 -9.945312549271e-01 -9.972383800538e-01
-9.996296363490e-01 -1.001706983032e+00 -1.003472440370e+00
-1.004928088618e+00 -1.006076066947e+00 -1.006918572390e+00
-1.007457858770e+00 -1.007696235647e+00 -1.007636067255e+00
-1.007279771446e+00 -1.006629818634e+00 -1.005688730738e+00
-1.004459080133e+00 -1.002943488597e+00 -1.001144626260e+00
-9.990652105606e-01 -9.967080051965e-01 -9.940758190818e-01
-9.911715053041e-01 -9.879979600837e-01 -9.845581217350e-01
-9.808549696290e-01 -9.768915231579e-01 -9.726708407016e-01
-9.681960185962e-01 -9.634701901042e-01 -9.584965243869e-01
-9.532782254787e-01 -9.478185312642e-01 -9.421207124567e-01
-9.361880715799e-01 -9.300239419512e-01 -9.236316866690e-01
-9.170146976009e-01 -9.101763943763e-01 -9.031202233813e-01
-8.958496567564e-01 -8.883681913984e-01 -8.806793479643e-01
-8.727866698802e-01 -8.646937223523e-01 -8.564040913831e-01
-8.479213827904e-01 -8.392492212305e-01 -8.303912492262e-01
-8.213511261980e-01 -8.121325275010e-01 -8.027391434644e-01
-7.931746784376e-01 -7.834428498397e-01 -7.735473872142e-01
-7.634920312882e-01 -7.532805330376e-01 -7.429166527560e-01
-7.324041591297e-01 -7.217468283174e-01 -7.109484430358e-01
-7.000127916495e-01 -6.889436672675e-01 -6.777448668442e-01
-6.664201902864e-01 -6.549734395660e-01 -6.434084178376e-01
-6.317289285627e-01 -6.199387746385e-01 -6.080417575334e-01
-5.960416764279e-01 -5.839423273607e-01 -5.717475023814e-01
-5.594609887084e-01 -5.470865678932e-01 -5.346280149898e-01
-5.220890977309e-01 -5.094735757087e-01 -4.967851995628e-01
-4.840277101734e-01 -4.712048378604e-01 -4.583203015885e-01
-4.453778081783e-01 -4.323810515232e-01 -4.193337118123e-01
-4.062394547596e-01 -3.931019308386e-01 -3.799247745231e-01
-3.667116035349e-01 -3.534660180962e-01 -3.401916001890e-01
-3.268919128206e-01 -3.135704992952e-01 -3.002308824916e-01
-2.868765641475e-01 -2.735110241500e-01 -2.601377198328e-01
-2.467600852799e-01 -2.333815306354e-01 -2.200054414210e-01
-2.066351778599e-01 -1.932740742074e-01 -1.799254380894e-01
-1.665925498473e-01 -1.532786618912e-01 -1.399869980603e-01
-1.267207529911e-01 -1.134830914940e-01 -1.002771479383e-01
-8.710602564479e-02 -7.397279628861e-02 -6.088049931020e-02
-4.783214133616e-02 -3.483069560981e-02 -2.187910143189e-02
-8.980263611913e-03 3.862948069569e-03 1.664769938725e-02 2.937119218546e-02
4.203066488010e-02 5.462339294771e-02 6.714668940096e-02 7.959790525010e-02
9.197442994965e-02 1.042736918297e-01 1.164931585112e-01 1.286303373043e-01
1.406827755893e-01 1.526480611795e-01 1.645238226640e-01 1.763077297318e-01
1.879974934737e-01 1.995908666639e-01 2.110856440171e-01 2.224796624238e-01
2.337708011599e-01 2.449569820704e-01 2.560361697278e-01 2.670063715613e-01
2.778656379586e-01 2.886120623371e-01 2.992437811847e-01 3.097589740692e-01
3.201558636141e-01 3.304327154412e-01 3.405878380782e-01 3.506195828310e-01
3.605263436188e-01 3.703065567729e-01 3.799587007960e-01 3.894812960846e-01
3.988729046108e-01 4.081321295657e-01 4.172576149629e-01 4.262480452023e-01
4.351021445953e-01 4.438186768515e-01 4.523964445280e-01 4.608342884422e-01
4.691310870515e-01 4.772857558010e-01 4.852972464417e-01 4.931645463257e-01
5.008866776786e-01 5.084626968591e-01 5.158916936075e-01 5.231727902931e-01
5.303051411680e-01 5.372879316350e-01 5.441203775404e-01 5.508017245028e-01
5.573312472880e-01 5.637082492413e-01 5.699320617906e-01 5.760020440280e-01
5.819175823823e-01 5.876780903893e-01 5.932830085647e-01 5.987318043835e-01
6.040239723646e-01 6.091590342545e-01 6.141365393026e-01 6.189560646141e-01
6.236172155633e-01 6.281196262479e-01 6.324629599605e-01 6.366469096560e-01
6.406711983875e-01 6.445355796913e-01 6.482398378981e-01 6.517837883537e-01
6.551672775340e-01 6.583901830454e-01 6.614524135046e-01 6.643539082939e-01
6.670946371963e-01 6.696745999120e-01 6.720938254650e-01 6.743523715077e-01
6.764503235316e-01 6.783877939960e-01 6.801649213827e-01 6.817818691855e-01
6.832388248453e-01 6.845359986349e-01 6.856736225028e-01 6.866519488789e-01
6.874712494487e-01 6.881318138972e-01 6.886339486268e-01 6.889779754495e-01
6.891642302563e-01 6.891930616622e-01 6.890648296294e-01 6.887799040668e-01
6.883386634066e-01 6.877414931561e-01 6.869887844259e-01 6.860809324316e-01
6.850183349694e-01 6.838013908640e-01 6.824304983882e-01 6.809060536523e-01
6.792284489634e-01 6.773980711525e-01 6.754152998687e-01 6.732805058402e-01
6.709940491000e-01 6.685562771760e-01 6.659675232446e-01 6.632281042476e-01
6.603383189709e-01 6.572984460848e-01 6.541087421459e-01 6.507694395597e-01
6.472807445040e-01 6.436428348135e-01 6.398558578248e-01 6.359199281824e-01
6.318351256067e-01 6.276014926234e-01 6.232190322557e-01 6.186877056797e-01
6.140074298442e-01 6.091780750555e-01 6.041994625283e-01 5.990713619051e-01
5.937934887434e-01 5.883655019743e-01 5.827870013326e-01 5.770575247611e-01
5.711765457903e-01 5.651434708958e-01 5.589576368356e-01 5.526183079688e-01
5.461246735591e-01 5.394758450643e-01 5.326708534156e-01 5.257086462883e-01
5.185880853672e-01 5.113079436103e-01 5.038669025123e-01 4.962635493732e-01
4.884963745732e-01 4.805637688596e-01 4.724640206485e-01 4.641953133444e-01
4.557557226843e-01 4.471432141079e-01 4.383556401608e-01 4.293907379340e-01
4.202461265460e-01 4.109193046725e-01 4.014076481287e-01 3.917084075121e-01
3.818187059097e-01 3.717355366794e-01 3.614557613090e-01 3.509761073649e-01
3.402931665338e-01 3.294033927695e-01 3.183031005524e-01 3.069884632704e-01
2.954555117334e-01 2.837001328297e-01 2.717180683374e-01 2.595049139026e-01
2.470561181958e-01 2.343669822622e-01 2.214326590783e-01 2.082481533314e-01
1.948083214376e-01 1.811078718157e-01 1.671413654350e-01 1.529032166573e-01
1.383876943919e-01 1.235889235881e-01 1.085008870855e-01 9.311742784962e-02
7.743225161694e-02 6.143892997817e-02 4.513090392941e-02 2.850148792219e-02
1.154387444601e-02 -5.748860821203e-03 -2.338375325724e-02 -4.136794289428e-02
-5.970866732992e-02 -7.841325390528e-02 -9.748911110288e-02
-1.169437191133e-01 -1.367846195170e-01 -1.570194040250e-01
-1.776557022164e-01 -1.987011682113e-01 -2.201634662085e-01
-2.420502548184e-01 -2.643691701140e-01 -2.871278073192e-01
-3.103337010499e-01 -3.339943040173e-01 -3.581169640981e-01
-3.827088996707e-01 -4.077771731108e-01 -4.333286623339e-01
-4.593700302665e-01 -4.859076921192e-01 -5.129477803312e-01
-5.404961070460e-01 -5.685581239716e-01 -5.971388794715e-01
-6.262429727234e-01 -6.558745047758e-01 -6.860370263232e-01
-7.167334820128e-01 -7.479661510852e-01 -7.797365841447e-01
-8.120455358436e-01 -8.448928932568e-01 -8.782775997138e-01
-9.121975738443e-01 -9.466496235876e-01 -9.816293549038e-01
-1.017131074918e+00 -1.053147689222e+00 -1.089670593046e+00
-1.126689556015e+00 -1.164192600192e+00 -1.202165871101e+00
-1.240593501443e+00 -1.279457467195e+00 -1.318737435794e+00
-1.358410606110e+00 -1.398451539942e+00 -1.438831984748e+00
-1.479520687373e+00 -1.520483198549e+00 -1.561681667982e+00
-1.603074629868e+00 -1.644616778753e+00 -1.686258735700e+00
-1.727946804809e+00 -1.769622720225e+00 -1.811223383886e+00
-1.852680594393e+00 -1.893920767532e+00 -1.934864649177e+00
-1.975427021510e+00 -2.015516403731e+00 -2.055034748772e+00
-2.093877137806e+00 -2.131931474793e+00 -2.169078183721e+00
-2.205189911768e+00 -2.240131242157e+00 -2.273758421230e+00
-2.305919105009e+00 -2.336452131444e+00 -2.365187325540e+00
-2.391945345752e+00 -2.416537581296e+00 -2.438766111537e+00
-2.458423740230e+00 -2.475294119232e+00 -2.489151978341e+00
-2.499763480149e+00 -2.506886721267e+00 -2.510272403924e+00
-2.509664704847e+00 -2.504802371365e+00 -2.495420077902e+00
-2.481250079388e+00 -2.462024201432e+00 -2.437476210483e+00
-2.407344610346e+00 -2.371375914255e+00 -2.329328444038e+00
-2.280976709482e+00 -2.226116421510e+00 -2.164570191909e+00
-2.096193969580e+00 -2.020884258219e+00 -1.938586152193e+00
-1.849302215512e+00 -1.753102212150e+00 -1.650133673390e+00
-1.540633257878e+00 -1.424938820834e+00 -1.303502058157e+00
-1.176901526323e+00 -1.045855756922e+00 -9.112360819164e-01
-7.740786585205e-01 -6.355950272316e-01 -4.971803496191e-01
-3.604182515050e-01 -2.270809413699e-01 -9.912298518237e-02 2.133319632766e-02
1.320223710417e-01 2.305746638955e-01 3.145697138172e-01 3.816098669641e-01
4.294154673350e-01 4.559450393571e-01 4.595424604778e-01 4.391118926671e-01
3.943190161229e-01 3.258136562203e-01 2.354638257091e-01 1.265840982786e-01
4.131709139944e-03 -1.251683563249e-01 -2.528224869985e-01 -6.216010415793e-02
-5.229040620042e-02 -4.355143140080e-02 -3.588389772601e-02
-2.922265085744e-02 -2.349749566720e-02 -1.863417415866e-02
-1.455547282820e-02 -1.118243583018e-02 -8.435653548330e-03
-6.236588657902e-03 -4.508900832921e-03 -3.179720792564e-03
-2.180823647755e-03 -1.449652913358e-03 -9.301458042297e-04
-5.733140175081e-04 -3.375405372007e-04 -1.885618015294e-04
-9.898119962968e-05 -4.803705688700e-05 -2.145271893014e-05
-8.836771468642e-06 -3.248057313740e-06 -1.028189751536e-06
-2.740278654612e-07 -5.930929579275e-08 -9.953959890768e-09
-1.223537536211e-09 -1.027486638058e-10 -5.418940121259e-12
-1.619496660603e-13 -2.407869913678e-15 -1.492498484589e-17
-2.952137729258e-20 -1.157117528910e-23 -2.836735445913e-28
  </ae_partial_wave>
  <pseudo_partial_wave state="Ag-s1" grid="g1">
     1.672610158753e+00 1.672609378447e+00 1.672608596055e+00
1.672607286944e+00 1.672605446884e+00 1.672603071610e+00 1.672600156823e+00
1.672596698191e+00 1.672592691345e+00 1.672588131883e+00 1.672583015364e+00
1.672577337315e+00 1.672571093224e+00 1.672564278545e+00 1.672556888694e+00
1.672548919049e+00 1.672540364952e+00 1.672531221706e+00 1.672521484577e+00
1.672511148792e+00 1.672500209539e+00 1.672488661968e+00 1.672476501186e+00
1.672463722265e+00 1.672450320234e+00 1.672436290080e+00 1.672421626753e+00
1.672406325157e+00 1.672390380159e+00 1.672373786580e+00 1.672356539201e+00
1.672338632758e+00 1.672320061945e+00 1.672300821413e+00 1.672280905767e+00
1.672260309569e+00 1.672239027336e+00 1.672217053539e+00 1.672194382604e+00
1.672171008910e+00 1.672146926789e+00 1.672122130529e+00 1.672096614367e+00
1.672070372493e+00 1.672043399050e+00 1.672015688132e+00 1.671987233782e+00
1.671958029995e+00 1.671928070716e+00 1.671897349837e+00 1.671865861202e+00
1.671833598601e+00 1.671800555773e+00 1.671766726405e+00 1.671732104131e+00
1.671696682529e+00 1.671660455125e+00 1.671623415392e+00 1.671585556743e+00
1.671546872542e+00 1.671507356090e+00 1.671467000637e+00 1.671425799373e+00
1.671383745430e+00 1.671340831883e+00 1.671297051748e+00 1.671252397980e+00
1.671206863477e+00 1.671160441073e+00 1.671113123543e+00 1.671064903601e+00
1.671015773897e+00 1.670965727018e+00 1.670914755488e+00 1.670862851768e+00
1.670810008253e+00 1.670756217273e+00 1.670701471092e+00 1.670645761908e+00
1.670589081849e+00 1.670531422979e+00 1.670472777290e+00 1.670413136708e+00
1.670352493087e+00 1.670290838210e+00 1.670228163790e+00 1.670164461467e+00
1.670099722809e+00 1.670033939310e+00 1.669967102391e+00 1.669899203397e+00
1.669830233598e+00 1.669760184186e+00 1.669689046280e+00 1.669616810915e+00
1.669543469054e+00 1.669469011576e+00 1.669393429281e+00 1.669316712889e+00
1.669238853037e+00 1.669159840280e+00 1.669079665089e+00 1.668998317852e+00
1.668915788870e+00 1.668832068361e+00 1.668747146452e+00 1.668661013187e+00
1.668573658517e+00 1.668485072306e+00 1.668395244329e+00 1.668304164266e+00
1.668211821708e+00 1.668118206151e+00 1.668023306998e+00 1.667927113557e+00
1.667829615039e+00 1.667730800559e+00 1.667630659134e+00 1.667529179681e+00
1.667426351020e+00 1.667322161866e+00 1.667216600834e+00 1.667109656437e+00
1.667001317083e+00 1.666891571074e+00 1.666780406606e+00 1.666667811769e+00
1.666553774544e+00 1.666438282801e+00 1.666321324301e+00 1.666202886692e+00
1.666082957511e+00 1.665961524178e+00 1.665838574000e+00 1.665714094166e+00
1.665588071748e+00 1.665460493698e+00 1.665331346850e+00 1.665200617914e+00
1.665068293479e+00 1.664934360008e+00 1.664798803841e+00 1.664661611189e+00
1.664522768137e+00 1.664382260639e+00 1.664240074520e+00 1.664096195472e+00
1.663950609053e+00 1.663803300685e+00 1.663654255658e+00 1.663503459119e+00
1.663350896079e+00 1.663196551407e+00 1.663040409830e+00 1.662882455931e+00
1.662722674149e+00 1.662561048773e+00 1.662397563947e+00 1.662232203664e+00
1.662064951763e+00 1.661895791932e+00 1.661724707704e+00 1.661551682455e+00
1.661376699401e+00 1.661199741601e+00 1.661020791950e+00 1.660839833180e+00
1.660656847858e+00 1.660471818383e+00 1.660284726985e+00 1.660095555726e+00
1.659904286490e+00 1.659710900992e+00 1.659515380767e+00 1.659317707172e+00
1.659117861384e+00 1.658915824399e+00 1.658711577026e+00 1.658505099888e+00
1.658296373422e+00 1.658085377871e+00 1.657872093288e+00 1.657656499529e+00
1.657438576254e+00 1.657218302923e+00 1.656995658796e+00 1.656770622928e+00
1.656543174168e+00 1.656313291157e+00 1.656080952324e+00 1.655846135888e+00
1.655608819848e+00 1.655368981990e+00 1.655126599876e+00 1.654881650847e+00
1.654634112017e+00 1.654383960273e+00 1.654131172271e+00 1.653875724436e+00
1.653617592952e+00 1.653356753771e+00 1.653093182597e+00 1.652826854896e+00
1.652557745882e+00 1.652285830523e+00 1.652011083533e+00 1.651733479369e+00
1.651452992232e+00 1.651169596061e+00 1.650883264528e+00 1.650593971041e+00
1.650301688735e+00 1.650006390471e+00 1.649708048834e+00 1.649406636129e+00
1.649102124377e+00 1.648794485310e+00 1.648483690373e+00 1.648169710716e+00
1.647852517191e+00 1.647532080350e+00 1.647208370441e+00 1.646881357404e+00
1.646551010867e+00 1.646217300144e+00 1.645880194229e+00 1.645539661793e+00
1.645195671182e+00 1.644848190410e+00 1.644497187158e+00 1.644142628765e+00
1.643784482233e+00 1.643422714213e+00 1.643057291006e+00 1.642688178560e+00
1.642315342461e+00 1.641938747932e+00 1.641558359830e+00 1.641174142636e+00
1.640786060456e+00 1.640394077015e+00 1.639998155648e+00 1.639598259303e+00
1.639194350530e+00 1.638786391479e+00 1.638374343893e+00 1.637958169105e+00
1.637537828033e+00 1.637113281172e+00 1.636684488595e+00 1.636251409939e+00
1.635814004406e+00 1.635372230757e+00 1.634926047303e+00 1.634475411904e+00
1.634020281960e+00 1.633560614406e+00 1.633096365706e+00 1.632627491850e+00
1.632153948342e+00 1.631675690201e+00 1.631192671949e+00 1.630704847607e+00
1.630212170691e+00 1.629714594200e+00 1.629212070615e+00 1.628704551890e+00
1.628191989444e+00 1.627674334156e+00 1.627151536360e+00 1.626623545831e+00
1.626090311788e+00 1.625551782876e+00 1.625007907167e+00 1.624458632149e+00
1.623903904719e+00 1.623343671174e+00 1.622777877206e+00 1.622206467893e+00
1.621629387689e+00 1.621046580418e+00 1.620457989265e+00 1.619863556769e+00
1.619263224813e+00 1.618656934614e+00 1.618044626720e+00 1.617426240992e+00
1.616801716604e+00 1.616170992028e+00 1.615534005029e+00 1.614890692650e+00
1.614240991208e+00 1.613584836281e+00 1.612922162700e+00 1.612252904537e+00
1.611576995098e+00 1.610894366908e+00 1.610204951704e+00 1.609508680425e+00
1.608805483199e+00 1.608095289331e+00 1.607378027297e+00 1.606653624726e+00
1.605922008395e+00 1.605183104210e+00 1.604436837204e+00 1.603683131515e+00
1.602921910379e+00 1.602153096118e+00 1.601376610126e+00 1.600592372856e+00
1.599800303806e+00 1.599000321509e+00 1.598192343519e+00 1.597376286393e+00
1.596552065683e+00 1.595719595918e+00 1.594878790591e+00 1.594029562146e+00
1.593171821961e+00 1.592305480334e+00 1.591430446467e+00 1.590546628453e+00
1.589653933258e+00 1.588752266705e+00 1.587841533458e+00 1.586921637009e+00
1.585992479655e+00 1.585053962486e+00 1.584105985366e+00 1.583148446915e+00
1.582181244494e+00 1.581204274181e+00 1.580217430759e+00 1.579220607693e+00
1.578213697114e+00 1.577196589798e+00 1.576169175144e+00 1.575131341159e+00
1.574082974435e+00 1.573023960129e+00 1.571954181940e+00 1.570873522091e+00
1.569781861305e+00 1.568679078783e+00 1.567565052184e+00 1.566439657598e+00
1.565302769528e+00 1.564154260861e+00 1.562994002849e+00 1.561821865082e+00
1.560637715462e+00 1.559441420182e+00 1.558232843696e+00 1.557011848695e+00
1.555778296083e+00 1.554532044944e+00 1.553272952519e+00 1.552000874179e+00
1.550715663394e+00 1.549417171703e+00 1.548105248689e+00 1.546779741948e+00
1.545440497054e+00 1.544087357536e+00 1.542720164838e+00 1.541338758294e+00
1.539942975094e+00 1.538532650247e+00 1.537107616552e+00 1.535667704561e+00
1.534212742547e+00 1.532742556466e+00 1.531256969920e+00 1.529755804124e+00
1.528238877867e+00 1.526706007471e+00 1.525157006759e+00 1.523591687008e+00
1.522009856914e+00 1.520411322552e+00 1.518795887329e+00 1.517163351947e+00
1.515513514357e+00 1.513846169719e+00 1.512161110352e+00 1.510458125692e+00
1.508737002247e+00 1.506997523546e+00 1.505239470096e+00 1.503462619328e+00
1.501666745553e+00 1.499851619907e+00 1.498017010302e+00 1.496162681371e+00
1.494288394418e+00 1.492393907363e+00 1.490478974686e+00 1.488543347367e+00
1.486586772837e+00 1.484608994913e+00 1.482609753738e+00 1.480588785727e+00
1.478545823498e+00 1.476480595813e+00 1.474392827513e+00 1.472282239453e+00
1.470148548435e+00 1.467991467142e+00 1.465810704066e+00 1.463605963440e+00
1.461376945167e+00 1.459123344745e+00 1.456844853192e+00 1.454541156975e+00
1.452211937927e+00 1.449856873174e+00 1.447475635048e+00 1.445067891012e+00
1.442633303575e+00 1.440171530203e+00 1.437682223239e+00 1.435165029809e+00
1.432619591738e+00 1.430045545453e+00 1.427442521894e+00 1.424810146415e+00
1.422148038693e+00 1.419455812621e+00 1.416733076215e+00 1.413979431507e+00
1.411194474442e+00 1.408377794771e+00 1.405528975942e+00 1.402647594987e+00
1.399733222416e+00 1.396785422092e+00 1.393803751121e+00 1.390787759730e+00
1.387736991142e+00 1.384650981456e+00 1.381529259517e+00 1.378371346786e+00
1.375176757212e+00 1.371944997090e+00 1.368675564933e+00 1.365367951322e+00
1.362021638770e+00 1.358636101575e+00 1.355210805670e+00 1.351745208469e+00
1.348238758720e+00 1.344690896338e+00 1.341101052252e+00 1.337468648235e+00
1.333793096741e+00 1.330073800731e+00 1.326310153501e+00 1.322501538502e+00
1.318647329163e+00 1.314746888702e+00 1.310799569938e+00 1.306804715102e+00
1.302761655635e+00 1.298669711993e+00 1.294528193442e+00 1.290336397847e+00
1.286093611460e+00 1.281799108707e+00 1.277452151960e+00 1.273051991320e+00
1.268597864378e+00 1.264088995987e+00 1.259524598018e+00 1.254903869118e+00
1.250225994459e+00 1.245490145486e+00 1.240695479656e+00 1.235841140171e+00
1.230926255712e+00 1.225949940163e+00 1.220911292327e+00 1.215809395642e+00
1.210643317888e+00 1.205412110888e+00 1.200114810204e+00 1.194750434831e+00
1.189317986871e+00 1.183816451221e+00 1.178244795237e+00 1.172601968401e+00
1.166886901977e+00 1.161098508664e+00 1.155235682240e+00 1.149297297197e+00
1.143282208373e+00 1.137189250575e+00 1.131017238193e+00 1.124764964809e+00
1.118431202799e+00 1.112014702923e+00 1.105514193913e+00 1.098928382048e+00
1.092255950724e+00 1.085495560018e+00 1.078645846235e+00 1.071705421458e+00
1.064672873084e+00 1.057546763348e+00 1.050325628847e+00 1.043007980048e+00
1.035592300790e+00 1.028077047779e+00 1.020460650071e+00 1.012741508546e+00
1.004917995379e+00 9.969884534921e-01 9.889511960084e-01 9.808045056869e-01
9.725466343558e-01 9.641758023330e-01 9.556901978389e-01 9.470879763997e-01
9.383672602425e-01 9.295261376810e-01 9.205626624925e-01 9.114748532870e-01
9.022606928670e-01 8.929181275797e-01 8.834450666608e-01 8.738393815710e-01
8.640989053240e-01 8.542214318084e-01 8.442047151019e-01 8.340464687795e-01
8.237443652154e-01 8.132960348793e-01 8.026990656281e-01 7.919510019926e-01
7.810493444610e-01 7.699915487590e-01 7.587750251275e-01 7.473971376002e-01
7.358552032788e-01 7.241464916111e-01 7.122682236692e-01 7.002175714321e-01
6.879916570720e-01 6.755875522472e-01 6.630022774022e-01 6.502328010779e-01
6.372760392325e-01 6.241288545765e-01 6.107880559230e-01 5.972503975569e-01
5.835125786247e-01 5.695712425479e-01 5.554229764642e-01 5.410643106985e-01
5.264917182683e-01 5.117016144272e-01 4.966903562510e-01 4.814542422705e-01
4.659895121570e-01 4.502923464649e-01 4.343588664380e-01 4.181851338854e-01
4.017671511344e-01 3.851008610672e-01 3.681821472492e-01 3.510068341589e-01
3.335706875262e-01 3.158694147921e-01 2.978986656982e-01 2.796540330183e-01
2.611310534455e-01 2.423252086474e-01 2.232319265039e-01 2.038465825445e-01
1.841645016007e-01 1.641809596927e-01 1.438911861697e-01 1.232903661255e-01
1.023736431121e-01 8.113612217600e-02 5.957287324456e-02 3.767893489027e-02
1.544931850509e-02 -7.120987082237e-03 -3.003701050921e-02 -5.330379226404e-02
-7.692637850915e-02 -1.009098142981e-01 -1.252591361369e-01
-1.499793638354e-01 -1.750754915938e-01 -2.005524782581e-01
-2.264152366820e-01 -2.526686221188e-01 -2.793174195673e-01
-3.063663299852e-01 -3.338199552803e-01 -3.616827819777e-01
-3.899591634578e-01 -4.186533006481e-01 -4.477692210424e-01
-4.773107559127e-01 -5.072815155646e-01 -5.376848624777e-01
-5.685238821578e-01 -5.998013515121e-01 -6.315197045458e-01
-6.636809951582e-01 -6.962868567991e-01 -7.293384587269e-01
-7.628364585860e-01 -7.967809509971e-01 -8.311714118298e-01
-8.660066377952e-01 -9.012846809672e-01 -9.370027778071e-01
-9.731572722266e-01 -1.009743532187e+00 -1.046755859287e+00
-1.084187390740e+00 -1.122029993093e+00 -1.160274146987e+00
-1.198908822172e+00 -1.237921341961e+00 -1.277297236187e+00
-1.317020081682e+00 -1.357071329183e+00 -1.397430115482e+00
-1.438073059530e+00 -1.478974041075e+00 -1.520103960305e+00
-1.561430476803e+00 -1.602917725977e+00 -1.644526010969e+00
-1.686211467835e+00 -1.727925701601e+00 -1.769615390581e+00
-1.811221856087e+00 -1.852680594393e+00 -1.893920767532e+00
-1.934864649177e+00 -1.975427021510e+00 -2.015516403731e+00
-2.055034748772e+00 -2.093877137806e+00 -2.131931474793e+00
-2.169078183721e+00 -2.205189911768e+00 -2.240131242157e+00
-2.273758421230e+00 -2.305919105009e+00 -2.336452131444e+00
-2.365187325540e+00 -2.391945345752e+00 -2.416537581296e+00
-2.438766111537e+00 -2.458423740230e+00 -2.475294119232e+00
-2.489151978341e+00 -2.499763480149e+00 -2.506886721267e+00
-2.510272403924e+00 -2.509664704847e+00 -2.504802371365e+00
-2.495420077902e+00 -2.481250079388e+00 -2.462024201432e+00
-2.437476210483e+00 -2.407344610346e+00 -2.371375914255e+00
-2.329328444038e+00 -2.280976709482e+00 -2.226116421510e+00
-2.164570191909e+00 -2.096193969580e+00 -2.020884258219e+00
-1.938586152193e+00 -1.849302215512e+00 -1.753102212150e+00
-1.650133673390e+00 -1.540633257878e+00 -1.424938820834e+00
-1.303502058157e+00 -1.176901526323e+00 -1.045855756922e+00
-9.112360819164e-01 -7.740786585205e-01 -6.355950272316e-01
-4.971803496191e-01 -3.604182515050e-01 -2.270809413699e-01
-9.912298518237e-02 2.133319632766e-02 1.320223710417e-01 2.305746638955e-01
3.145697138172e-01 3.816098669641e-01 4.294154673350e-01 4.559450393571e-01
4.595424604778e-01 4.391118926671e-01 3.943190161229e-01 3.258136562203e-01
2.354638257091e-01 1.265840982786e-01 4.131709139944e-03 -1.251683563249e-01
-2.528224869985e-01 -6.216010415793e-02 -5.229040620042e-02
-4.355143140080e-02 -3.588389772601e-02 -2.922265085744e-02
-2.349749566720e-02 -1.863417415866e-02 -1.455547282820e-02
-1.118243583018e-02 -8.435653548330e-03 -6.236588657902e-03
-4.508900832921e-03 -3.179720792564e-03 -2.180823647755e-03
-1.449652913358e-03 -9.301458042297e-04 -5.733140175081e-04
-3.375405372007e-04 -1.885618015294e-04 -9.898119962968e-05
-4.803705688700e-05 -2.145271893014e-05 -8.836771468642e-06
-3.248057313740e-06 -1.028189751536e-06 -2.740278654612e-07
-5.930929579275e-08 -9.953959890768e-09 -1.223537536211e-09
-1.027486638058e-10 -5.418940121259e-12 -1.619496660603e-13
-2.407869913678e-15 -1.492498484589e-17 -2.952137729258e-20
-1.157117528910e-23 -2.836735445913e-28
  </pseudo_partial_wave>
  <projector_function state="Ag-s1" grid="g1">
     8.816164633770e-01 8.816195193646e-01 8.816225835233e-01
8.816277104798e-01 8.816349167389e-01 8.816442189116e-01 8.816556337158e-01
8.816691779770e-01 8.816848686281e-01 8.817027227107e-01 8.817227573751e-01
8.817449898806e-01 8.817694375964e-01 8.817961180022e-01 8.818250486877e-01
8.818562473543e-01 8.818897318147e-01 8.819255199937e-01 8.819636299285e-01
8.820040797693e-01 8.820468877797e-01 8.820920723371e-01 8.821396519330e-01
8.821896451738e-01 8.822420707810e-01 8.822969475915e-01 8.823542945581e-01
8.824141307503e-01 8.824764753540e-01 8.825413476725e-01 8.826087671267e-01
8.826787532553e-01 8.827513257156e-01 8.828265042835e-01 8.829043088541e-01
8.829847594419e-01 8.830678761813e-01 8.831536793269e-01 8.832421892540e-01
8.833334264587e-01 8.834274115583e-01 8.835241652917e-01 8.836237085198e-01
8.837260622256e-01 8.838312475146e-01 8.839392856152e-01 8.840501978787e-01
8.841640057799e-01 8.842807309173e-01 8.844003950132e-01 8.845230199140e-01
8.846486275905e-01 8.847772401382e-01 8.849088797773e-01 8.850435688530e-01
8.851813298358e-01 8.853221853217e-01 8.854661580320e-01 8.856132708139e-01
8.857635466405e-01 8.859170086108e-01 8.860736799499e-01 8.862335840092e-01
8.863967442665e-01 8.865631843257e-01 8.867329279175e-01 8.869059988987e-01
8.870824212530e-01 8.872622190905e-01 8.874454166475e-01 8.876320382874e-01
8.878221084996e-01 8.880156519001e-01 8.882126932313e-01 8.884132573616e-01
8.886173692857e-01 8.888250541244e-01 8.890363371242e-01 8.892512436572e-01
8.894697992211e-01 8.896920294388e-01 8.899179600584e-01 8.901476169524e-01
8.903810261181e-01 8.906182136769e-01 8.908592058738e-01 8.911040290776e-01
8.913527097800e-01 8.916052745953e-01 8.918617502603e-01 8.921221636334e-01
8.923865416942e-01 8.926549115432e-01 8.929273004011e-01 8.932037356082e-01
8.934842446238e-01 8.937688550255e-01 8.940575945087e-01 8.943504908858e-01
8.946475720854e-01 8.949488661513e-01 8.952544012425e-01 8.955642056313e-01
8.958783077032e-01 8.961967359555e-01 8.965195189967e-01 8.968466855451e-01
8.971782644282e-01 8.975142845814e-01 8.978547750467e-01 8.981997649718e-01
8.985492836088e-01 8.989033603129e-01 8.992620245412e-01 8.996253058512e-01
8.999932338995e-01 9.003658384405e-01 9.007431493245e-01 9.011251964966e-01
9.015120099948e-01 9.019036199483e-01 9.023000565763e-01 9.027013501855e-01
9.031075311689e-01 9.035186300037e-01 9.039346772491e-01 9.043557035448e-01
9.047817396086e-01 9.052128162343e-01 9.056489642898e-01 9.060902147144e-01
9.065365985169e-01 9.069881467729e-01 9.074448906227e-01 9.079068612683e-01
9.083740899712e-01 9.088466080497e-01 9.093244468758e-01 9.098076378728e-01
9.102962125123e-01 9.107902023108e-01 9.112896388275e-01 9.117945536601e-01
9.123049784425e-01 9.128209448408e-01 9.133424845504e-01 9.138696292922e-01
9.144024108090e-01 9.149408608621e-01 9.154850112271e-01 9.160348936904e-01
9.165905400450e-01 9.171519820867e-01 9.177192516094e-01 9.182923804014e-01
9.188714002407e-01 9.194563428904e-01 9.200472400943e-01 9.206441235722e-01
9.212470250148e-01 9.218559760790e-01 9.224710083826e-01 9.230921534992e-01
9.237194429531e-01 9.243529082132e-01 9.249925806881e-01 9.256384917201e-01
9.262906725792e-01 9.269491544572e-01 9.276139684618e-01 9.282851456099e-01
9.289627168216e-01 9.296467129132e-01 9.303371645909e-01 9.310341024435e-01
9.317375569357e-01 9.324475584008e-01 9.331641370332e-01 9.338873228810e-01
9.346171458385e-01 9.353536356378e-01 9.360968218414e-01 9.368467338333e-01
9.376034008112e-01 9.383668517777e-01 9.391371155312e-01 9.399142206576e-01
9.406981955203e-01 9.414890682517e-01 9.422868667429e-01 9.430916186343e-01
9.439033513056e-01 9.447220918655e-01 9.455478671413e-01 9.463807036685e-01
9.472206276792e-01 9.480676650921e-01 9.489218415002e-01 9.497831821598e-01
9.506517119783e-01 9.515274555026e-01 9.524104369064e-01 9.533006799778e-01
9.541982081063e-01 9.551030442702e-01 9.560152110225e-01 9.569347304779e-01
9.578616242986e-01 9.587959136802e-01 9.597376193372e-01 9.606867614879e-01
9.616433598401e-01 9.626074335750e-01 9.635790013317e-01 9.645580811913e-01
9.655446906608e-01 9.665388466559e-01 9.675405654844e-01 9.685498628290e-01
9.695667537293e-01 9.705912525641e-01 9.716233730328e-01 9.726631281370e-01
9.737105301613e-01 9.747655906536e-01 9.758283204058e-01 9.768987294330e-01
9.779768269536e-01 9.790626213678e-01 9.801561202363e-01 9.812573302587e-01
9.823662572512e-01 9.834829061241e-01 9.846072808584e-01 9.857393844827e-01
9.868792190491e-01 9.880267856091e-01 9.891820841882e-01 9.903451137613e-01
9.915158722266e-01 9.926943563791e-01 9.938805618848e-01 9.950744832523e-01
9.962761138063e-01 9.974854456585e-01 9.987024696794e-01 9.999271754689e-01
1.001159551327e+00 1.002399584221e+00 1.003647259761e+00 1.004902562161e+00
1.006165474210e+00 1.007435977242e+00 1.008714051100e+00 1.009999674102e+00
1.011292823009e+00 1.012593472988e+00 1.013901597580e+00 1.015217168660e+00
1.016540156400e+00 1.017870529238e+00 1.019208253831e+00 1.020553295025e+00
1.021905615811e+00 1.023265177284e+00 1.024631938606e+00 1.026005856965e+00
1.027386887528e+00 1.028774983405e+00 1.030170095600e+00 1.031572172971e+00
1.032981162183e+00 1.034397007664e+00 1.035819651557e+00 1.037249033676e+00
1.038685091454e+00 1.040127759900e+00 1.041576971545e+00 1.043032656393e+00
1.044494741875e+00 1.045963152790e+00 1.047437811257e+00 1.048918636664e+00
1.050405545607e+00 1.051898451843e+00 1.053397266229e+00 1.054901896669e+00
1.056412248054e+00 1.057928222206e+00 1.059449717819e+00 1.060976630398e+00
1.062508852198e+00 1.064046272165e+00 1.065588775871e+00 1.067136245453e+00
1.068688559547e+00 1.070245593223e+00 1.071807217922e+00 1.073373301386e+00
1.074943707590e+00 1.076518296678e+00 1.078096924887e+00 1.079679444483e+00
1.081265703685e+00 1.082855546596e+00 1.084448813127e+00 1.086045338927e+00
1.087644955303e+00 1.089247489150e+00 1.090852762869e+00 1.092460594292e+00
1.094070796606e+00 1.095683178269e+00 1.097297542931e+00 1.098913689356e+00
1.100531411337e+00 1.102150497613e+00 1.103770731789e+00 1.105391892245e+00
1.107013752058e+00 1.108636078910e+00 1.110258635006e+00 1.111881176980e+00
1.113503455814e+00 1.115125216740e+00 1.116746199160e+00 1.118366136545e+00
1.119984756351e+00 1.121601779924e+00 1.123216922405e+00 1.124829892641e+00
1.126440393087e+00 1.128048119714e+00 1.129652761911e+00 1.131254002392e+00
1.132851517097e+00 1.134444975098e+00 1.136034038499e+00 1.137618362341e+00
1.139197594500e+00 1.140771375595e+00 1.142339338884e+00 1.143901110167e+00
1.145456307689e+00 1.147004542038e+00 1.148545416049e+00 1.150078524701e+00
1.151603455022e+00 1.153119785990e+00 1.154627088430e+00 1.156124924921e+00
1.157612849695e+00 1.159090408540e+00 1.160557138704e+00 1.162012568797e+00
1.163456218697e+00 1.164887599453e+00 1.166306213192e+00 1.167711553025e+00
1.169103102958e+00 1.170480337797e+00 1.171842723059e+00 1.173189714888e+00
1.174520759963e+00 1.175835295416e+00 1.177132748749e+00 1.178412537749e+00
1.179674070417e+00 1.180916744880e+00 1.182139949326e+00 1.183343061927e+00
1.184525450772e+00 1.185686473797e+00 1.186825478728e+00 1.187941803013e+00
1.189034773773e+00 1.190103707744e+00 1.191147911228e+00 1.192166680050e+00
1.193159299519e+00 1.194125044384e+00 1.195063178810e+00 1.195972956350e+00
1.196853619921e+00 1.197704401788e+00 1.198524523559e+00 1.199313196173e+00
1.200069619911e+00 1.200792984397e+00 1.201482468619e+00 1.202137240950e+00
1.202756459179e+00 1.203339270548e+00 1.203884811803e+00 1.204392209244e+00
1.204860578792e+00 1.205289026062e+00 1.205676646448e+00 1.206022525212e+00
1.206325737593e+00 1.206585348916e+00 1.206800414724e+00 1.206969980912e+00
1.207093083877e+00 1.207168750680e+00 1.207195999227e+00 1.207173838449e+00
1.207101268515e+00 1.206977281042e+00 1.206800859331e+00 1.206570978619e+00
1.206286606337e+00 1.205946702396e+00 1.205550219482e+00 1.205096103377e+00
1.204583293287e+00 1.204010722202e+00 1.203377317264e+00 1.202682000161e+00
1.201923687541e+00 1.201101291448e+00 1.200213719776e+00 1.199259876749e+00
1.198238663425e+00 1.197148978218e+00 1.195989717454e+00 1.194759775940e+00
1.193458047568e+00 1.192083425944e+00 1.190634805037e+00 1.189111079867e+00
1.187511147207e+00 1.185833906329e+00 1.184078259767e+00 1.182243114117e+00
1.180327380866e+00 1.178329977250e+00 1.176249827146e+00 1.174085861997e+00
1.171837021767e+00 1.169502255935e+00 1.167080524515e+00 1.164570799115e+00
1.161972064033e+00 1.159283317384e+00 1.156503572264e+00 1.153631857952e+00
1.150667221143e+00 1.147608727225e+00 1.144455461587e+00 1.141206530965e+00
1.137861064826e+00 1.134418216790e+00 1.130877166085e+00 1.127237119042e+00
1.123497310628e+00 1.119657006008e+00 1.115715502152e+00 1.111672129474e+00
1.107526253501e+00 1.103277276581e+00 1.098924639626e+00 1.094467823883e+00
1.089906352734e+00 1.085239793536e+00 1.080467759479e+00 1.075589911473e+00
1.070605960066e+00 1.065515667378e+00 1.060318849063e+00 1.055015376279e+00
1.049605177689e+00 1.044088241461e+00 1.038464617288e+00 1.032734418414e+00
1.026897823654e+00 1.020955079429e+00 1.014906501785e+00 1.008752478410e+00
1.002493470630e+00 9.961300153945e-01 9.896627272367e-01 9.830923001988e-01
9.764195097274e-01 9.696452145242e-01 9.627703583487e-01 9.557959717638e-01
9.487231738189e-01 9.415531736595e-01 9.342872720576e-01 9.269268628520e-01
9.194734342899e-01 9.119285702597e-01 9.042939514046e-01 8.965713561062e-01
8.887626613269e-01 8.808698432986e-01 8.728949780466e-01 8.648402417342e-01
8.567079108169e-01 8.485003619895e-01 8.402200719153e-01 8.318696167189e-01
8.234516712309e-01 8.149690079666e-01 8.064244958231e-01 7.978210984791e-01
7.891618724800e-01 7.804499649911e-01 7.716886112017e-01 7.628811313631e-01
7.540309274418e-01 7.451414793698e-01 7.362163408758e-01 7.272591348775e-01
7.182735484179e-01 7.092633271292e-01 7.002322692049e-01 6.911842188660e-01
6.821230593024e-01 6.730527050768e-01 6.639770939749e-01 6.549001782889e-01
6.458259155225e-01 6.367582585063e-01 6.277011449151e-01 6.186584861789e-01
6.096341557845e-01 6.006319769630e-01 5.916557097655e-01 5.827090375286e-01
5.737955527375e-01 5.649187422963e-01 5.560819722197e-01 5.472884717665e-01
5.385413170358e-01 5.298434140579e-01 5.211974814126e-01 5.126060324157e-01
5.040713569234e-01 4.955955028056e-01 4.871802571547e-01 4.788271272959e-01
4.705373216819e-01 4.623117307573e-01 4.541509078932e-01 4.460550504971e-01
4.380239814199e-01 4.300571307880e-01 4.221535184030e-01 4.143117368612e-01
4.065299355616e-01 3.988058057774e-01 3.911365669865e-01 3.835189546623e-01
3.759492097451e-01 3.684230700247e-01 3.609357636777e-01 3.534820052174e-01
3.460559941243e-01 3.386514164394e-01 3.312614496106e-01 3.238787708942e-01
3.164955696198e-01 3.091035636364e-01 3.016940202587e-01 2.942577820384e-01
2.867852976823e-01 2.792666584365e-01 2.716916402510e-01 2.640497520244e-01
2.563302902168e-01 2.485224000952e-01 2.406151438538e-01 2.325975758146e-01
2.244588248800e-01 2.161881843588e-01 2.077752092367e-01 1.992098208957e-01
1.904824192207e-01 1.815840019440e-01 1.725062909938e-01 1.632418655045e-01
1.537843010392e-01 1.441283144461e-01 1.342699136394e-01 1.242065514440e-01
1.139372824896e-01 1.034629219677e-01 9.278620488900e-02 8.191194428952e-02
7.084718663818e-02 5.960136249901e-02 4.818643029402e-02 3.661701080792e-02
2.491050987069e-02 1.308722645630e-02 1.170443246855e-03 -1.081350346132e-02
-2.283517778550e-02 -3.486202561935e-02 -4.685838682182e-02
-5.878554177219e-02 -7.060179582801e-02 -8.226260516115e-02
-9.372074731432e-02 -1.049265396099e-01 -1.158281082411e-01
-1.263717104741e-01 -1.365021118801e-01 -1.461630198843e-01
-1.552975741611e-01 -1.638488935150e-01 -1.717606778519e-01
-1.789778626759e-01 -1.854473222332e-01 -1.911186159774e-01
-1.959447714608e-01 -1.998830950745e-01 -2.028960002966e-01
-2.049518412863e-01 -2.060257378223e-01 -2.061003757775e-01
-2.051667655965e-01 -2.032249396746e-01 -2.002845681925e-01
-1.963654719332e-01 -1.914980099775e-01 -1.857233200573e-01
-1.790933898250e-01 -1.716709384884e-01 -1.635290902615e-01
-1.547508239709e-01 -1.454281870233e-01 -1.356612668254e-01
-1.255569186678e-01 -1.152272560324e-01 -1.047879171730e-01
-9.435613053088e-02 -8.404861088114e-02 -7.397932778987e-02
-6.425719764266e-02 -5.498375975555e-02 -4.625090538421e-02
-3.813873523553e-02 -3.071362572931e-02 -2.402658610943e-02
-1.811198692580e-02 -1.298673482272e-02 -8.649958508358e-03
-5.083255953626e-03 -2.251533228195e-03 -1.044411893528e-04 1.421611865605e-03
2.400924430783e-03 2.915528054280e-03 3.051892469272e-03 2.897455169210e-03
2.537144166429e-03 2.050077527213e-03 1.506627205892e-03 9.660255048608e-04
4.746687128618e-04 6.523376463626e-05 -2.433288136863e-04 -4.449261262600e-04
-5.446491061788e-04 -5.564353370987e-04 -5.002740048847e-04
-3.992072935151e-04 -2.764085503259e-04 -1.526145484986e-04
-4.415378514250e-05 3.825438841472e-05 8.984840192397e-05 1.113485698465e-04
1.077943243740e-04 8.692566717372e-05 5.739972205550e-05 2.714610158404e-05
2.124694967494e-06 -1.433941738432e-05 -2.159169720652e-05 -2.113372894976e-05
-1.574877808831e-05 -8.520694944219e-06 -1.998069097063e-06 0.000000000000e+00
0.000000000000e+00 0.000000000000e+00 0.000000000000e+00 0.000000000000e+00
0.000000000000e+00 0.000000000000e+00 0.000000000000e+00 0.000000000000e+00
0.000000000000e+00 0.000000000000e+00 0.000000000000e+00 0.000000000000e+00
0.000000000000e+00 0.000000000000e+00 0.000000000000e+00 0.000000000000e+00
0.000000000000e+00 0.000000000000e+00 0.000000000000e+00 0.000000000000e+00
0.000000000000e+00 0.000000000000e+00 0.000000000000e+00 0.000000000000e+00
0.000000000000e+00 0.000000000000e+00 0.000000000000e+00 0.000000000000e+00
0.000000000000e+00 0.000000000000e+00 0.000000000000e+00 0.000000000000e+00
0.000000000000e+00 0.000000000000e+00 0.000000000000e+00 0.000000000000e+00
0.000000000000e+00 0.000000000000e+00 0.000000000000e+00 0.000000000000e+00
0.000000000000e+00 0.000000000000e+00 0.000000000000e+00 0.000000000000e+00
0.000000000000e+00 0.000000000000e+00 0.000000000000e+00 0.000000000000e+00
0.000000000000e+00 0.000000000000e+00 0.000000000000e+00 0.000000000000e+00
0.000000000000e+00 0.000000000000e+00 0.000000000000e+00 0.000000000000e+00
0.000000000000e+00 0.000000000000e+00 0.000000000000e+00 0.000000000000e+00
0.000000000000e+00 0.000000000000e+00
  </projector_function>
  <ae_partial_wave state="Ag-p1" grid="g1">
     0.000000000000e+00 8.307803685369e-02 1.395423001817e-01
1.905893536608e-01 2.384784860797e-01 2.840655894811e-01 3.277760899693e-01
3.698575156022e-01 4.104700469659e-01 4.497257600273e-01 4.877079385492e-01
5.244814989765e-01 5.600990310992e-01 5.946045011942e-01 6.280356291601e-01
6.604254742503e-01 6.918035279662e-01 7.221964887473e-01 7.516288247070e-01
7.801231913029e-01 8.077007473152e-01 8.343813980092e-01 8.601839851615e-01
8.851264376375e-01 9.092258922305e-01 9.324987917605e-01 9.549609655611e-01
9.766276961618e-01 9.975137750343e-01 1.017633549584e+00 1.037000963068e+00
1.055629588753e+00 1.073532659327e+00 1.090723092404e+00 1.107213512740e+00
1.123016271718e+00 1.138143464503e+00 1.152606945227e+00 1.166418340490e+00
1.179589061401e+00 1.192130314383e+00 1.204053110875e+00 1.215368276097e+00
1.226086456976e+00 1.236218129352e+00 1.245773604536e+00 1.254763035292e+00
1.263196421326e+00 1.271083614316e+00 1.278434322543e+00 1.285258115160e+00
1.291564426145e+00 1.297362557962e+00 1.302661684962e+00 1.307470856552e+00
1.311799000162e+00 1.315654924013e+00 1.319047319727e+00 1.321984764782e+00
1.324475724836e+00 1.326528555925e+00 1.328151506563e+00 1.329352719741e+00
1.330140234850e+00 1.330521989522e+00 1.330505821413e+00 1.330099469931e+00
1.329310577912e+00 1.328146693253e+00 1.326615270516e+00 1.324723672488e+00
1.322479171721e+00 1.319888952044e+00 1.316960110049e+00 1.313699656560e+00
1.310114518075e+00 1.306211538186e+00 1.301997478982e+00 1.297479022422e+00
1.292662771688e+00 1.287555252512e+00 1.282162914466e+00 1.276492132237e+00
1.270549206857e+00 1.264340366907e+00 1.257871769691e+00 1.251149502361e+00
1.244179583023e+00 1.236967961793e+00 1.229520521824e+00 1.221843080291e+00
1.213941389340e+00 1.205821136998e+00 1.197487948044e+00 1.188947384845e+00
1.180204948146e+00 1.171266077829e+00 1.162136153630e+00 1.152820495816e+00
1.143324365830e+00 1.133652966892e+00 1.123811444576e+00 1.113804887345e+00
1.103638327057e+00 1.093316739442e+00 1.082845044555e+00 1.072228107203e+00
1.061470737344e+00 1.050577690476e+00 1.039553668002e+00 1.028403317583e+00
1.017131233473e+00 1.005741956848e+00 9.942399761201e-01 9.826297272466e-01
9.709155940295e-01 9.591019084093e-01 9.471929507530e-01 9.351929501385e-01
9.231060846338e-01 9.109364815738e-01 8.986882178341e-01 8.863653201018e-01
8.739717651451e-01 8.615114800810e-01 8.489883426408e-01 8.364061814356e-01
8.237687762200e-01 8.110798581553e-01 7.983431100718e-01 7.855621667312e-01
7.727406150878e-01 7.598819945497e-01 7.469897972400e-01 7.340674682577e-01
7.211184059382e-01 7.081459621139e-01 6.951534423752e-01 6.821441063302e-01
6.691211678660e-01 6.560877954087e-01 6.430471121837e-01 6.300021964765e-01
6.169560818923e-01 6.039117576170e-01 5.908721686762e-01 5.778402161964e-01
5.648187576634e-01 5.518106071831e-01 5.388185357398e-01 5.258452714560e-01
5.128934998508e-01 4.999658640985e-01 4.870649652868e-01 4.741933626744e-01
4.613535739487e-01 4.485480754824e-01 4.357793025905e-01 4.230496497860e-01
4.103614710361e-01 3.977170800168e-01 3.851187503681e-01 3.725687159481e-01
3.600691710866e-01 3.476222708389e-01 3.352301312380e-01 3.228948295474e-01
3.106184045127e-01 2.984028566136e-01 2.862501483139e-01 2.741622043132e-01
2.621409117964e-01 2.501881206838e-01 2.383056438805e-01 2.264952575258e-01
2.147587012419e-01 2.030976783826e-01 1.915138562817e-01 1.800088665016e-01
1.685843050809e-01 1.572417327829e-01 1.459826753436e-01 1.348086237194e-01
1.237210343352e-01 1.127213293327e-01 1.018108968188e-01 9.099109111335e-02
8.026323299847e-02 6.962860996713e-02 5.908847647241e-02 4.864405417706e-02
3.829653220346e-02 2.804706738398e-02 1.789678451182e-02 7.846776592363e-03
-2.101894904975e-03 -1.194819979430e-02 -2.169113892023e-02
-3.132974390433e-02 -4.086307689083e-02 -5.029023029184e-02
-5.961032653187e-02 -6.882251779173e-02 -7.792598575184e-02
-8.691994133496e-02 -9.580362444827e-02 -1.045763037250e-01
-1.132372762655e-01 -1.217858673778e-01 -1.302214303179e-01
-1.385433460297e-01 -1.467510228841e-01 -1.548438964191e-01
-1.628214290786e-01 -1.706831099515e-01 -1.784284545113e-01
-1.860570043553e-01 -1.935683269447e-01 -2.009620153442e-01
-2.082376879630e-01 -2.153949882963e-01 -2.224335846670e-01
-2.293531699690e-01 -2.361534614112e-01 -2.428342002633e-01
-2.493951516019e-01 -2.558361040593e-01 -2.621568695732e-01
-2.683572831391e-01 -2.744372025634e-01 -2.803965082206e-01
-2.862351028110e-01 -2.919529111225e-01 -2.975498797942e-01
-3.030259770834e-01 -3.083811926359e-01 -3.136155372593e-01
-3.187290426999e-01 -3.237217614239e-01 -3.285937664014e-01
-3.333451508958e-01 -3.379760282559e-01 -3.424865317141e-01
-3.468768141870e-01 -3.511470480822e-01 -3.552974251082e-01
-3.593281560895e-01 -3.632394707852e-01 -3.670316177124e-01
-3.707048639726e-01 -3.742594950821e-01 -3.776958148051e-01
-3.810141449899e-01 -3.842148254064e-01 -3.872982135862e-01
-3.902646846631e-01 -3.931146312138e-01 -3.958484630994e-01
-3.984666073052e-01 -4.009695077800e-01 -4.033576252729e-01
-4.056314371686e-01 -4.077914373195e-01 -4.098381358753e-01
-4.117720591087e-01 -4.135937492386e-01 -4.153037642489e-01
-4.169026777042e-01 -4.183910785616e-01 -4.197695709794e-01
-4.210387741217e-01 -4.221993219605e-01 -4.232518630745e-01
-4.241970604445e-01 -4.250355912469e-01 -4.257681466446e-01
-4.263954315756e-01 -4.269181645399e-01 -4.273370773845e-01
-4.276529150874e-01 -4.278664355396e-01 -4.279784093274e-01
-4.279896195120e-01 -4.279008614101e-01 -4.277129423727e-01
-4.274266815645e-01 -4.270429097419e-01 -4.265624690314e-01
-4.259862127079e-01 -4.253150049723e-01 -4.245497207293e-01
-4.236912453653e-01 -4.227404745262e-01 -4.216983138949e-01
-4.205656789690e-01 -4.193434948386e-01 -4.180326959636e-01
-4.166342259518e-01 -4.151490373361e-01 -4.135780913525e-01
-4.119223577171e-01 -4.101828144039e-01 -4.083604474224e-01
-4.064562505947e-01 -4.044712253331e-01 -4.024063804171e-01
-4.002627317713e-01 -3.980413022421e-01 -3.957431213753e-01
-3.933692251932e-01 -3.909206559723e-01 -3.883984620202e-01
-3.858036974538e-01 -3.831374219761e-01 -3.804007006547e-01
-3.775946036992e-01 -3.747202062399e-01 -3.717785881061e-01
-3.687708336046e-01 -3.656980312992e-01 -3.625612737902e-01
-3.593616574939e-01 -3.561002824237e-01 -3.527782519704e-01
-3.493966726841e-01 -3.459566540562e-01 -3.424593083018e-01
-3.389057501436e-01 -3.352970965955e-01 -3.316344667477e-01
-3.279189815524e-01 -3.241517636097e-01 -3.203339369556e-01
-3.164666268493e-01 -3.125509595630e-01 -3.085880621710e-01
-3.045790623413e-01 -3.005250881269e-01 -2.964272677589e-01
-2.922867294402e-01 -2.881046011400e-01 -2.838820103902e-01
-2.796200840817e-01 -2.753199482627e-01 -2.709827279374e-01
-2.666095468663e-01 -2.622015273668e-01 -2.577597901158e-01
-2.532854539528e-01 -2.487796356839e-01 -2.442434498878e-01
-2.396780087214e-01 -2.350844217281e-01 -2.304637956457e-01
-2.258172342165e-01 -2.211458379978e-01 -2.164507041734e-01
-2.117329263668e-01 -2.069935944549e-01 -2.022337943825e-01
-1.974546079787e-01 -1.926571127733e-01 -1.878423818152e-01
-1.830114834909e-01 -1.781654813447e-01 -1.733054338994e-01
-1.684323944785e-01 -1.635474110289e-01 -1.586515259449e-01
-1.537457758932e-01 -1.488311916386e-01 -1.439087978709e-01
-1.389796130332e-01 -1.340446491501e-01 -1.291049116585e-01
-1.241613992377e-01 -1.192151036421e-01 -1.142670095340e-01
-1.093180943175e-01 -1.043693279743e-01 -9.942167289971e-02
-9.447608374057e-02 -8.953350723371e-02 -8.459488204623e-02
-7.966113861682e-02 -7.473319899845e-02 -6.981197670250e-02
-6.489837654444e-02 -5.999329449091e-02 -5.509761750859e-02
-5.021222341466e-02 -4.533798072921e-02 -4.047574852943e-02
-3.562637630594e-02 -3.079070382122e-02 -2.596956097031e-02
-2.116376764399e-02 -1.637413359451e-02 -1.160145830402e-02
-6.846530856011e-03 -2.110129809743e-03 2.606976921928e-03 7.304032191270e-03
1.198028973064e-02 1.663501426348e-02 2.126748161109e-02 2.587697879494e-02
3.046280413416e-02 3.502426733804e-02 3.956068959318e-02 4.407140364488e-02
4.855575387265e-02 5.301309635928e-02 5.744279895326e-02 6.184424132410e-02
6.621681501028e-02 7.055992345925e-02 7.487298205932e-02 7.915541816282e-02
8.340667110028e-02 8.762619218511e-02 9.181344470837e-02 9.596790392329e-02
1.000890570190e-01 1.041764030831e-01 1.082294530527e-01 1.122477296536e-01
1.162307673268e-01 1.201781121426e-01 1.240893217019e-01 1.279639650234e-01
1.318016224181e-01 1.356018853496e-01 1.393643562806e-01 1.430886485057e-01
1.467743859705e-01 1.504212030766e-01 1.540287444743e-01 1.575966648414e-01
1.611246286513e-01 1.646123099291e-01 1.680593919982e-01 1.714655672183e-01
1.748305367169e-01 1.781540101163e-01 1.814357052581e-01 1.846753479286e-01
1.878726715890e-01 1.910274171114e-01 1.941393325280e-01 1.972081727952e-01
2.002336995779e-01 2.032156810582e-01 2.061538917735e-01 2.090481124867e-01
2.118981300938e-01 2.147037375690e-01 2.174647339522e-01 2.201809243759e-01
2.228521201329e-01 2.254781387811e-01 2.280588042809e-01 2.305939471608e-01
2.330834047023e-01 2.355270211386e-01 2.379246478557e-01 2.402761435900e-01
2.425813746108e-01 2.448402148829e-01 2.470525461991e-01 2.492182582796e-01
2.513372488325e-01 2.534094235722e-01 2.554346961959e-01 2.574129883162e-01
2.593442293529e-01 2.612283563838e-01 2.630653139594e-01 2.648550538822e-01
2.665975349565e-01 2.682927227102e-01 2.699405890922e-01 2.715411121490e-01
2.730942756824e-01 2.746000688914e-01 2.760584859998e-01 2.774695258702e-01
2.788331916080e-01 2.801494901537e-01 2.814184318661e-01 2.826400300951e-01
2.838143007459e-01 2.849412618338e-01 2.860209330294e-01 2.870533351943e-01
2.880384899064e-01 2.889764189756e-01 2.898671439481e-01 2.907106855992e-01
2.915070634146e-01 2.922562950593e-01 2.929583958324e-01 2.936133781096e-01
2.942212507697e-01 2.947820186073e-01 2.952956817292e-01 2.957622349341e-01
2.961816670755e-01 2.965539604071e-01 2.968790899091e-01 2.971570225960e-01
2.973877168044e-01 2.975711214608e-01 2.977071753282e-01 2.977958062314e-01
2.978369302611e-01 2.978304509542e-01 2.977762584526e-01 2.976742286381e-01
2.975242222437e-01 2.973260839411e-01 2.970796414038e-01 2.967847043455e-01
2.964410635335e-01 2.960484897777e-01 2.956067328934e-01 2.951155206391e-01
2.945745576288e-01 2.939835242178e-01 2.933420753638e-01 2.926498394609e-01
2.919064171480e-01 2.911113800917e-01 2.902642697419e-01 2.893645960625e-01
2.884118362352e-01 2.874054333377e-01 2.863447949955e-01 2.852292920086e-01
2.840582569514e-01 2.828309827473e-01 2.815467212185e-01 2.802046816091e-01
2.788040290844e-01 2.773438832044e-01 2.758233163736e-01 2.742413522655e-01
2.725969642245e-01 2.708890736431e-01 2.691165483173e-01 2.672782007787e-01
2.653727866057e-01 2.633990027124e-01 2.613554856184e-01 2.592408096986e-01
2.570534854137e-01 2.547919575249e-01 2.524546032901e-01 2.500397306472e-01
2.475455763817e-01 2.449703042840e-01 2.423120032947e-01 2.395686856426e-01
2.367382849759e-01 2.338186544886e-01 2.308075650463e-01 2.277027033125e-01
2.245016698788e-01 2.212019774030e-01 2.178010487579e-01 2.142962151945e-01
2.106847145252e-01 2.069636893302e-01 2.031301851925e-01 1.991811489683e-01
1.951134270965e-01 1.909237639563e-01 1.866088002776e-01 1.821650716144e-01
1.775890068872e-01 1.728769270057e-01 1.680250435789e-01 1.630294577272e-01
1.578861590032e-01 1.525910244387e-01 1.471398177276e-01 1.415281885608e-01
1.357516721304e-01 1.298056888170e-01 1.236855440824e-01 1.173864285847e-01
1.109034185387e-01 1.042314763460e-01 9.736545151692e-02 9.030008191503e-02
8.302999535049e-02 7.554971155564e-02 6.785364457598e-02 5.993610561325e-02
5.179130636007e-02 4.341336286839e-02 3.479629999744e-02 2.593405649005e-02
1.682049073012e-02 7.449387237816e-03 -2.185536036765e-03 -1.209061955614e-02
-2.227225310415e-02 -3.273686568568e-02 -4.349091433685e-02
-5.454087175921e-02 -6.589321268548e-02 -7.755439887762e-02
-8.953086265135e-02 -1.018289888134e-01 -1.144550948904e-01
-1.274154095198e-01 -1.407160488639e-01 -1.543629909003e-01
-1.683620474303e-01 -1.827188336382e-01 -1.974387350222e-01
-2.125268715078e-01 -2.279880585412e-01 -2.438267649492e-01
-2.600470673382e-01 -2.766526007923e-01 -2.936465056168e-01
-3.110313698593e-01 -3.288091673261e-01 -3.469811907991e-01
-3.655479801399e-01 -3.845092449601e-01 -4.038637815166e-01
-4.236093834826e-01 -4.437427462296e-01 -4.642593642486e-01
-4.851534213260e-01 -5.064176730869e-01 -5.280433215130e-01
-5.500198810441e-01 -5.723350358771e-01 -5.949744880872e-01
-6.179217962170e-01 -6.411582040015e-01 -6.646624589404e-01
-6.884106204748e-01 -7.123758575920e-01 -7.365282357659e-01
-7.608344932413e-01 -7.852578068015e-01 -8.097575473137e-01
-8.342890255378e-01 -8.588032289148e-01 -8.832465503255e-01
-9.075605101395e-01 -9.316814732639e-01 -9.555403633588e-01
-9.790623769286e-01 -1.002166700627e+00 -1.024766235846e+00
-1.046767335520e+00 -1.068069559036e+00 -1.088565452298e+00
-1.108140361260e+00 -1.126672288718e+00 -1.144031805793e+00
-1.160082031432e+00 -1.174678695278e+00 -1.187670301605e+00
-1.198898414481e+00 -1.208198087102e+00 -1.215398461118e+00
-1.220323564871e+00 -1.222793342679e+00 -1.222624950509e+00
-1.219634356585e+00 -1.213638288454e+00 -1.204456570688e+00
-1.191914899480e+00 -1.175848101605e+00 -1.156103925289e+00
-1.132547408946e+00 -1.105065869993e+00 -1.073574549305e+00
-1.038022936429e+00 -9.984017852901e-01 -9.547508083510e-01
-9.071670072089e-01 -8.558135573487e-01 -8.009291115442e-01
-7.428373173719e-01 -6.819562562123e-01 -6.188074006477e-01
-5.540235511762e-01 -4.883550491289e-01 -4.226733693974e-01
-3.579709751400e-01 -2.953560718188e-01 -2.360406401584e-01
-1.813198756542e-01 -1.325409467894e-01 -9.105885248386e-02
-5.817718147418e-02 -3.507185207985e-02 -2.269657744593e-02
-2.167004089014e-02 -3.214680864844e-02 -5.367712630782e-02
-8.506523349926e-02 -1.242419461543e-01 -1.681751000842e-01
-2.128507941276e-01 -1.399278767238e-01 -1.253563821567e-01
-1.115860640334e-01 -9.864750774524e-02 -8.656524173916e-02
-7.535715107726e-02 -6.503397513341e-02 -5.559890713508e-02
-4.704731247242e-02 -3.936658075467e-02 -3.253611900685e-02
-2.652751202906e-02 -2.130485036594e-02 -1.682523102750e-02
-1.303944950906e-02 -9.892887597231e-03 -7.326575435636e-03
-5.278326457705e-03 -3.683628614630e-03 -2.472849235205e-03
-1.578560393119e-03 -9.629421870192e-04 -5.676874920002e-04
-3.128730918550e-04 -1.562394488793e-04 -7.002446891252e-05
-2.747453711877e-05 -9.106822348715e-06 -2.429377565976e-06
-4.883614297060e-07 -6.772016422383e-08 -5.765862669733e-09
-2.592299611868e-10 -5.044834003776e-12 -3.194572678525e-14
-4.040176669220e-17 -3.202648072483e-21
  </ae_partial_wave>
  <pseudo_partial_wave state="Ag-p1" grid="g1">
     0.000000000000e+00 2.382201012626e-04 4.770769657295e-04
7.165729596332e-04 9.567104598450e-04 1.197491853926e-03 1.438919540179e-03
1.680995927697e-03 1.923723436417e-03 2.167104497173e-03 2.411141551744e-03
2.655837052908e-03 2.901193464494e-03 3.147213261436e-03 3.393898929820e-03
3.641252966946e-03 3.889277881370e-03 4.137976192967e-03 4.387350432977e-03
4.637403144063e-03 4.888136880361e-03 5.139554207538e-03 5.391657702842e-03
5.644449955157e-03 5.897933565061e-03 6.152111144875e-03 6.406985318720e-03
6.662558722574e-03 6.918834004322e-03 7.175813823817e-03 7.433500852931e-03
7.691897775610e-03 7.951007287935e-03 8.210832098170e-03 8.471374926826e-03
8.732638506710e-03 8.994625582985e-03 9.257338913227e-03 9.520781267478e-03
9.784955428305e-03 1.004986419086e-02 1.031551036292e-02 1.058189676498e-02
1.084902623027e-02 1.111690160484e-02 1.138552574759e-02 1.165490153036e-02
1.192503183798e-02 1.219591956829e-02 1.246756763226e-02 1.273997895399e-02
1.301315647082e-02 1.328710313333e-02 1.356182190547e-02 1.383731576453e-02
1.411358770129e-02 1.439064072002e-02 1.466847783854e-02 1.494710208831e-02
1.522651651447e-02 1.550672417589e-02 1.578772814524e-02 1.606953150905e-02
1.635213736778e-02 1.663554883585e-02 1.691976904171e-02 1.720480112792e-02
1.749064825117e-02 1.777731358239e-02 1.806480030676e-02 1.835311162379e-02
1.864225074739e-02 1.893222090591e-02 1.922302534221e-02 1.951466731370e-02
1.980715009245e-02 2.010047696517e-02 2.039465123335e-02 2.068967621326e-02
2.098555523604e-02 2.128229164774e-02 2.157988880939e-02 2.187835009707e-02
2.217767890194e-02 2.247787863031e-02 2.277895270371e-02 2.308090455895e-02
2.338373764813e-02 2.368745543879e-02 2.399206141386e-02 2.429755907180e-02
2.460395192663e-02 2.491124350797e-02 2.521943736113e-02 2.552853704713e-02
2.583854614278e-02 2.614946824075e-02 2.646130694960e-02 2.677406589382e-02
2.708774871394e-02 2.740235906656e-02 2.771790062436e-02 2.803437707624e-02
2.835179212731e-02 2.867014949896e-02 2.898945292892e-02 2.930970617131e-02
2.963091299672e-02 2.995307719219e-02 3.027620256135e-02 3.060029292440e-02
3.092535211823e-02 3.125138399639e-02 3.157839242921e-02 3.190638130383e-02
3.223535452422e-02 3.256531601127e-02 3.289626970280e-02 3.322821955367e-02
3.356116953574e-02 3.389512363799e-02 3.423008586654e-02 3.456606024466e-02
3.490305081289e-02 3.524106162903e-02 3.558009676819e-02 3.592016032283e-02
3.626125640283e-02 3.660338913551e-02 3.694656266565e-02 3.729078115557e-02
3.763604878516e-02 3.798236975188e-02 3.832974827083e-02 3.867818857480e-02
3.902769491427e-02 3.937827155746e-02 3.972992279035e-02 4.008265291675e-02
4.043646625828e-02 4.079136715443e-02 4.114735996259e-02 4.150444905805e-02
4.186263883406e-02 4.222193370184e-02 4.258233809059e-02 4.294385644754e-02
4.330649323794e-02 4.367025294511e-02 4.403514007043e-02 4.440115913338e-02
4.476831467154e-02 4.513661124060e-02 4.550605341438e-02 4.587664578486e-02
4.624839296214e-02 4.662129957448e-02 4.699537026832e-02 4.737060970823e-02
4.774702257698e-02 4.812461357546e-02 4.850338742275e-02 4.888334885607e-02
4.926450263080e-02 4.964685352046e-02 5.003040631667e-02 5.041516582921e-02
5.080113688591e-02 5.118832433272e-02 5.157673303363e-02 5.196636787067e-02
5.235723374388e-02 5.274933557129e-02 5.314267828888e-02 5.353726685055e-02
5.393310622807e-02 5.433020141109e-02 5.472855740702e-02 5.512817924104e-02
5.552907195606e-02 5.593124061261e-02 5.633469028886e-02 5.673942608049e-02
5.714545310069e-02 5.755277648005e-02 5.796140136653e-02 5.837133292534e-02
5.878257633892e-02 5.919513680681e-02 5.960901954561e-02 6.002422978885e-02
6.044077278694e-02 6.085865380703e-02 6.127787813296e-02 6.169845106511e-02
6.212037792032e-02 6.254366403177e-02 6.296831474883e-02 6.339433543700e-02
6.382173147773e-02 6.425050826831e-02 6.468067122170e-02 6.511222576644e-02
6.554517734646e-02 6.597953142093e-02 6.641529346412e-02 6.685246896521e-02
6.729106342811e-02 6.773108237134e-02 6.817253132776e-02 6.861541584445e-02
6.905974148247e-02 6.950551381669e-02 6.995273843554e-02 7.040142094081e-02
7.085156694743e-02 7.130318208325e-02 7.175627198876e-02 7.221084231687e-02
7.266689873266e-02 7.312444691308e-02 7.358349254674e-02 7.404404133356e-02
7.450609898453e-02 7.496967122138e-02 7.543476377632e-02 7.590138239166e-02
7.636953281954e-02 7.683922082155e-02 7.731045216844e-02 7.778323263969e-02
7.825756802323e-02 7.873346411499e-02 7.921092671856e-02 7.968996164477e-02
8.017057471129e-02 8.065277174221e-02 8.113655856760e-02 8.162194102308e-02
8.210892494933e-02 8.259751619168e-02 8.308772059955e-02 8.357954402604e-02
8.407299232734e-02 8.456807136228e-02 8.506478699172e-02 8.556314507806e-02
8.606315148465e-02 8.656481207520e-02 8.706813271319e-02 8.757311926126e-02
8.807977758060e-02 8.858811353024e-02 8.909813296649e-02 8.960984174215e-02
9.012324570589e-02 9.063835070152e-02 9.115516256722e-02 9.167368713484e-02
9.219393022907e-02 9.271589766670e-02 9.323959525578e-02 9.376502879480e-02
9.429220407182e-02 9.482112686360e-02 9.535180293472e-02 9.588423803662e-02
9.641843790669e-02 9.695440826730e-02 9.749215482480e-02 9.803168326847e-02
9.857299926957e-02 9.911610848014e-02 9.966101653204e-02 1.002077290357e-01
1.007562515792e-01 1.013065897266e-01 1.018587490174e-01 1.024127349648e-01
1.029685530546e-01 1.035262087438e-01 1.040857074597e-01 1.046470545978e-01
1.052102555211e-01 1.057753155582e-01 1.063422400021e-01 1.069110341085e-01
1.074817030944e-01 1.080542521368e-01 1.086286863702e-01 1.092050108861e-01
1.097832307304e-01 1.103633509020e-01 1.109453763513e-01 1.115293119778e-01
1.121151626287e-01 1.127029330968e-01 1.132926281187e-01 1.138842523726e-01
1.144778104763e-01 1.150733069851e-01 1.156707463900e-01 1.162701331148e-01
1.168714715145e-01 1.174747658727e-01 1.180800203994e-01 1.186872392281e-01
1.192964264140e-01 1.199075859312e-01 1.205207216699e-01 1.211358374340e-01
1.217529369382e-01 1.223720238054e-01 1.229931015637e-01 1.236161736435e-01
1.242412433748e-01 1.248683139836e-01 1.254973885891e-01 1.261284702007e-01
1.267615617141e-01 1.273966659086e-01 1.280337854434e-01 1.286729228536e-01
1.293140805477e-01 1.299572608027e-01 1.306024657612e-01 1.312496974270e-01
1.318989576614e-01 1.325502481792e-01 1.332035705443e-01 1.338589261655e-01
1.345163162924e-01 1.351757420108e-01 1.358372042378e-01 1.365007037178e-01
1.371662410171e-01 1.378338165193e-01 1.385034304204e-01 1.391750827234e-01
1.398487732331e-01 1.405245015508e-01 1.412022670688e-01 1.418820689648e-01
1.425639061960e-01 1.432477774932e-01 1.439336813547e-01 1.446216160405e-01
1.453115795654e-01 1.460035696927e-01 1.466975839279e-01 1.473936195112e-01
1.480916734112e-01 1.487917423173e-01 1.494938226326e-01 1.501979104664e-01
1.509040016265e-01 1.516120916112e-01 1.523221756015e-01 1.530342484528e-01
1.537483046863e-01 1.544643384806e-01 1.551823436626e-01 1.559023136988e-01
1.566242416856e-01 1.573481203401e-01 1.580739419902e-01 1.588016985648e-01
1.595313815834e-01 1.602629821458e-01 1.609964909213e-01 1.617318981378e-01
1.624691935705e-01 1.632083665303e-01 1.639494058525e-01 1.646922998838e-01
1.654370364710e-01 1.661836029475e-01 1.669319861208e-01 1.676821722589e-01
1.684341470769e-01 1.691878957229e-01 1.699434027639e-01 1.707006521707e-01
1.714596273035e-01 1.722203108961e-01 1.729826850401e-01 1.737467311693e-01
1.745124300425e-01 1.752797617267e-01 1.760487055802e-01 1.768192402341e-01
1.775913435747e-01 1.783649927243e-01 1.791401640224e-01 1.799168330058e-01
1.806949743887e-01 1.814745620420e-01 1.822555689721e-01 1.830379672992e-01
1.838217282354e-01 1.846068220614e-01 1.853932181037e-01 1.861808847106e-01
1.869697892271e-01 1.877598979708e-01 1.885511762051e-01 1.893435881134e-01
1.901370967719e-01 1.909316641218e-01 1.917272509408e-01 1.925238168138e-01
1.933213201035e-01 1.941197179189e-01 1.949189660845e-01 1.957190191078e-01
1.965198301462e-01 1.973213509728e-01 1.981235319424e-01 1.989263219547e-01
1.997296684187e-01 2.005335172146e-01 2.013378126552e-01 2.021424974469e-01
2.029475126489e-01 2.037527976314e-01 2.045582900333e-01 2.053639257185e-01
2.061696387307e-01 2.069753612477e-01 2.077810235339e-01 2.085865538922e-01
2.093918786137e-01 2.101969219273e-01 2.110016059471e-01 2.118058506185e-01
2.126095736633e-01 2.134126905233e-01 2.142151143018e-01 2.150167557044e-01
2.158175229775e-01 2.166173218460e-01 2.174160554487e-01 2.182136242718e-01
2.190099260816e-01 2.198048558545e-01 2.205983057057e-01 2.213901648156e-01
2.221803193544e-01 2.229686524050e-01 2.237550438832e-01 2.245393704565e-01
2.253215054599e-01 2.261013188103e-01 2.268786769183e-01 2.276534425968e-01
2.284254749687e-01 2.291946293708e-01 2.299607572559e-01 2.307237060916e-01
2.314833192570e-01 2.322394359362e-01 2.329918910089e-01 2.337405149383e-01
2.344851336560e-01 2.352255684429e-01 2.359616358083e-01 2.366931473644e-01
2.374199096981e-01 2.381417242390e-01 2.388583871239e-01 2.395696890575e-01
2.402754151693e-01 2.409753448666e-01 2.416692516837e-01 2.423569031259e-01
2.430380605109e-01 2.437124788044e-01 2.443799064515e-01 2.450400852039e-01
2.456927499417e-01 2.463376284910e-01 2.469744414352e-01 2.476029019225e-01
2.482227154670e-01 2.488335797448e-01 2.494351843840e-01 2.500272107494e-01
2.506093317205e-01 2.511812114639e-01 2.517425051990e-01 2.522928589572e-01
2.528319093344e-01 2.533592832364e-01 2.538745976176e-01 2.543774592118e-01
2.548674642556e-01 2.553441982044e-01 2.558072354402e-01 2.562561389704e-01
2.566904601200e-01 2.571097382129e-01 2.575135002459e-01 2.579012605527e-01
2.582725204591e-01 2.586267679272e-01 2.589634771913e-01 2.592821083823e-01
2.595821071419e-01 2.598629042263e-01 2.601239150978e-01 2.603645395061e-01
2.605841610571e-01 2.607821467697e-01 2.609578466203e-01 2.611105930744e-01
2.612397006053e-01 2.613444651988e-01 2.614241638449e-01 2.614780540146e-01
2.615053731224e-01 2.615053379740e-01 2.614771441983e-01 2.614199656638e-01
2.613329538792e-01 2.612152373773e-01 2.610659210812e-01 2.608840856546e-01
2.606687868329e-01 2.604190547370e-01 2.601338931682e-01 2.598122788835e-01
2.594531608525e-01 2.590554594931e-01 2.586180658878e-01 2.581398409786e-01
2.576196147409e-01 2.570561853354e-01 2.564483182383e-01 2.557947453488e-01
2.550941640732e-01 2.543452363862e-01 2.535465878682e-01 2.526968067185e-01
2.517944427436e-01 2.508380063213e-01 2.498259673390e-01 2.487567541070e-01
2.476287522452e-01 2.464403035453e-01 2.451897048048e-01 2.438752066365e-01
2.424950122502e-01 2.410472762088e-01 2.395301031570e-01 2.379415465242e-01
2.362796072007e-01 2.345422321882e-01 2.327273132239e-01 2.308326853799e-01
2.288561256369e-01 2.267953514349e-01 2.246480191993e-01 2.224117228450e-01
2.200839922594e-01 2.176622917647e-01 2.151440185616e-01 2.125265011569e-01
2.098069977745e-01 2.069826947549e-01 2.040507049434e-01 2.010080660711e-01
1.978517391309e-01 1.945786067530e-01 1.911854715820e-01 1.876690546627e-01
1.840259938358e-01 1.802528421527e-01 1.763460663111e-01 1.723020451222e-01
1.681170680126e-01 1.637873335715e-01 1.593089481512e-01 1.546779245292e-01
1.498901806440e-01 1.449415384151e-01 1.398277226597e-01 1.345443601204e-01
1.290869786180e-01 1.234510063471e-01 1.176317713304e-01 1.116245010540e-01
1.054243223019e-01 9.902626121598e-02 9.242524360389e-02 8.561609552482e-02
7.859354418152e-02 7.135221915183e-02 6.388665399501e-02 5.619128827119e-02
4.826047001576e-02 4.008845871394e-02 3.166942882448e-02 2.299747390578e-02
1.406661140172e-02 4.870788149689e-03 -4.596113322164e-03 -1.434026763565e-02
-2.436789846284e-02 -3.468526940131e-02 -4.529867373329e-02
-5.621442297042e-02 -6.743883407878e-02 -7.897821527061e-02
-9.083885024140e-02 -1.030269807218e-01 -1.155487872052e-01
-1.284103677019e-01 -1.416177143613e-01 -1.551766877938e-01
-1.690929889117e-01 -1.833721281023e-01 -1.980193915294e-01
-2.130398043564e-01 -2.284380906678e-01 -2.442186298611e-01
-2.603854092697e-01 -2.769419727723e-01 -2.938913651378e-01
-3.112360718514e-01 -3.289779541700e-01 -3.471181791570e-01
-3.656571444564e-01 -3.845943975829e-01 -4.039285495281e-01
-4.236571825160e-01 -4.437767517884e-01 -4.642824813613e-01
-4.851682537737e-01 -5.064264939536e-01 -5.280480474550e-01
-5.500220534859e-01 -5.723358133515e-01 -5.949746551930e-01
-6.179217962170e-01 -6.411582040015e-01 -6.646624589404e-01
-6.884106204748e-01 -7.123758575920e-01 -7.365282357659e-01
-7.608344932413e-01 -7.852578068015e-01 -8.097575473137e-01
-8.342890255378e-01 -8.588032289148e-01 -8.832465503255e-01
-9.075605101395e-01 -9.316814732639e-01 -9.555403633588e-01
-9.790623769286e-01 -1.002166700627e+00 -1.024766235846e+00
-1.046767335520e+00 -1.068069559036e+00 -1.088565452298e+00
-1.108140361260e+00 -1.126672288718e+00 -1.144031805793e+00
-1.160082031432e+00 -1.174678695278e+00 -1.187670301605e+00
-1.198898414481e+00 -1.208198087102e+00 -1.215398461118e+00
-1.220323564871e+00 -1.222793342679e+00 -1.222624950509e+00
-1.219634356585e+00 -1.213638288454e+00 -1.204456570688e+00
-1.191914899480e+00 -1.175848101605e+00 -1.156103925289e+00
-1.132547408946e+00 -1.105065869993e+00 -1.073574549305e+00
-1.038022936429e+00 -9.984017852901e-01 -9.547508083510e-01
-9.071670072089e-01 -8.558135573487e-01 -8.009291115442e-01
-7.428373173719e-01 -6.819562562123e-01 -6.188074006477e-01
-5.540235511762e-01 -4.883550491289e-01 -4.226733693974e-01
-3.579709751400e-01 -2.953560718188e-01 -2.360406401584e-01
-1.813198756542e-01 -1.325409467894e-01 -9.105885248386e-02
-5.817718147418e-02 -3.507185207985e-02 -2.269657744593e-02
-2.167004089014e-02 -3.214680864844e-02 -5.367712630782e-02
-8.506523349926e-02 -1.242419461543e-01 -1.681751000842e-01
-2.128507941276e-01 -1.399278767238e-01 -1.253563821567e-01
-1.115860640334e-01 -9.864750774524e-02 -8.656524173916e-02
-7.535715107726e-02 -6.503397513341e-02 -5.559890713508e-02
-4.704731247242e-02 -3.936658075467e-02 -3.253611900685e-02
-2.652751202906e-02 -2.130485036594e-02 -1.682523102750e-02
-1.303944950906e-02 -9.892887597231e-03 -7.326575435636e-03
-5.278326457705e-03 -3.683628614630e-03 -2.472849235205e-03
-1.578560393119e-03 -9.629421870192e-04 -5.676874920002e-04
-3.128730918550e-04 -1.562394488793e-04 -7.002446891252e-05
-2.747453711877e-05 -9.106822348715e-06 -2.429377565976e-06
-4.883614297060e-07 -6.772016422383e-08 -5.765862669733e-09
-2.592299611868e-10 -5.044834003776e-12 -3.194572678525e-14
-4.040176669220e-17 -3.202648072483e-21
  </pseudo_partial_wave>
  <projector_function state="Ag-p1" grid="g1">
     0.000000000000e+00 2.413111689321e-03 4.832680338792e-03
7.258736720353e-03 9.691311824472e-03 1.213043685863e-02 1.457614325070e-02
1.702846265334e-02 1.948742694156e-02 2.195306821623e-02 2.442541880622e-02
2.690451126994e-02 2.939037839876e-02 3.188305321716e-02 3.438256898504e-02
3.688895920031e-02 3.940225760107e-02 4.192249816661e-02 4.444971512005e-02
4.698394293123e-02 4.952521631751e-02 5.207357024599e-02 5.462903993674e-02
5.719166086359e-02 5.976146875725e-02 6.233849960730e-02 6.492278966399e-02
6.751437544081e-02 7.011329371622e-02 7.271958153719e-02 7.533327621955e-02
7.795441535210e-02 8.058303679767e-02 8.321917869626e-02 8.586287946643e-02
8.851417780899e-02 9.117311270818e-02 9.383972343457e-02 9.651404954759e-02
9.919613089787e-02 1.018860076295e-01 1.045837201829e-01 1.072893092968e-01
1.100028160114e-01 1.127242816703e-01 1.154537479235e-01 1.181912567297e-01
1.209368503592e-01 1.236905713961e-01 1.264524627414e-01 1.292225676152e-01
1.320009295598e-01 1.347875924424e-01 1.375826004572e-01 1.403859981289e-01
1.431978303151e-01 1.460181422093e-01 1.488469793433e-01 1.516843875905e-01
1.545304131683e-01 1.573851026414e-01 1.602485029246e-01 1.631206612851e-01
1.660016253467e-01 1.688914430915e-01 1.717901628634e-01 1.746978333712e-01
1.776145036913e-01 1.805402232713e-01 1.834750419322e-01 1.864190098725e-01
1.893721776704e-01 1.923345962875e-01 1.953063170715e-01 1.982873917598e-01
2.012778724826e-01 2.042778117658e-01 2.072872625346e-01 2.103062781163e-01
2.133349122444e-01 2.163732190607e-01 2.194212531198e-01 2.224790693916e-01
2.255467232652e-01 2.286242705517e-01 2.317117674882e-01 2.348092707409e-01
2.379168374085e-01 2.410345250257e-01 2.441623915669e-01 2.473004954493e-01
2.504488955368e-01 2.536076511431e-01 2.567768220358e-01 2.599564684396e-01
2.631466510398e-01 2.663474309864e-01 2.695588698970e-01 2.727810298613e-01
2.760139734440e-01 2.792577636889e-01 2.825124641227e-01 2.857781387582e-01
2.890548520986e-01 2.923426691409e-01 2.956416553799e-01 2.989518768115e-01
3.022733999374e-01 3.056062917679e-01 3.089506198264e-01 3.123064521530e-01
3.156738573084e-01 3.190529043778e-01 3.224436629746e-01 3.258462032446e-01
3.292605958696e-01 3.326869120714e-01 3.361252236160e-01 3.395756028171e-01
3.430381225403e-01 3.465128562073e-01 3.499998777990e-01 3.534992618607e-01
3.570110835049e-01 3.605354184161e-01 3.640723428545e-01 3.676219336597e-01
3.711842682554e-01 3.747594246527e-01 3.783474814545e-01 3.819485178595e-01
3.855626136659e-01 3.891898492758e-01 3.928303056988e-01 3.964840645565e-01
4.001512080858e-01 4.038318191437e-01 4.075259812108e-01 4.112337783951e-01
4.149552954365e-01 4.186906177104e-01 4.224398312317e-01 4.262030226590e-01
4.299802792979e-01 4.337716891057e-01 4.375773406947e-01 4.413973233364e-01
4.452317269651e-01 4.490806421821e-01 4.529441602590e-01 4.568223731420e-01
4.607153734553e-01 4.646232545051e-01 4.685461102831e-01 4.724840354704e-01
4.764371254407e-01 4.804054762646e-01 4.843891847123e-01 4.883883482580e-01
4.924030650829e-01 4.964334340786e-01 5.004795548507e-01 5.045415277222e-01
5.086194537363e-01 5.127134346606e-01 5.168235729891e-01 5.209499719463e-01
5.250927354898e-01 5.292519683134e-01 5.334277758501e-01 5.376202642747e-01
5.418295405070e-01 5.460557122142e-01 5.502988878136e-01 5.545591764753e-01
5.588366881245e-01 5.631315334438e-01 5.674438238758e-01 5.717736716250e-01
5.761211896600e-01 5.804864917152e-01 5.848696922934e-01 5.892709066666e-01
5.936902508783e-01 5.981278417449e-01 6.025837968569e-01 6.070582345801e-01
6.115512740572e-01 6.160630352083e-01 6.205936387318e-01 6.251432061053e-01
6.297118595860e-01 6.342997222111e-01 6.389069177979e-01 6.435335709439e-01
6.481798070268e-01 6.528457522039e-01 6.575315334116e-01 6.622372783650e-01
6.669631155566e-01 6.717091742555e-01 6.764755845055e-01 6.812624771243e-01
6.860699837012e-01 6.908982365949e-01 6.957473689318e-01 7.006175146030e-01
7.055088082617e-01 7.104213853199e-01 7.153553819456e-01 7.203109350583e-01
7.252881823260e-01 7.302872621605e-01 7.353083137128e-01 7.403514768685e-01
7.454168922424e-01 7.505047011731e-01 7.556150457171e-01 7.607480686426e-01
7.659039134228e-01 7.710827242290e-01 7.762846459232e-01 7.815098240503e-01
7.867584048297e-01 7.920305351473e-01 7.973263625457e-01 8.026460352151e-01
8.079897019831e-01 8.133575123046e-01 8.187496162506e-01 8.241661644964e-01
8.296073083106e-01 8.350731995414e-01 8.405639906047e-01 8.460798344695e-01
8.516208846445e-01 8.571872951629e-01 8.627792205671e-01 8.683968158926e-01
8.740402366517e-01 8.797096388159e-01 8.854051787977e-01 8.911270134327e-01
8.968752999593e-01 9.026501959992e-01 9.084518595365e-01 9.142804488956e-01
9.201361227194e-01 9.260190399456e-01 9.319293597830e-01 9.378672416863e-01
9.438328453305e-01 9.498263305842e-01 9.558478574820e-01 9.618975861960e-01
9.679756770062e-01 9.740822902703e-01 9.802175863918e-01 9.863817257880e-01
9.925748688558e-01 9.987971759376e-01 1.005048807285e+00 1.011329923023e+00
1.017640683109e+00 1.023981247298e+00 1.030351775099e+00 1.036752425731e+00
1.043183358088e+00 1.049644730684e+00 1.056136701616e+00 1.062659428513e+00
1.069213068486e+00 1.075797778083e+00 1.082413713233e+00 1.089061029193e+00
1.095739880499e+00 1.102450420901e+00 1.109192803314e+00 1.115967179753e+00
1.122773701274e+00 1.129612517911e+00 1.136483778611e+00 1.143387631168e+00
1.150324222155e+00 1.157293696852e+00 1.164296199176e+00 1.171331871606e+00
1.178400855108e+00 1.185503289054e+00 1.192639311144e+00 1.199809057324e+00
1.207012661699e+00 1.214250256448e+00 1.221521971735e+00 1.228827935613e+00
1.236168273938e+00 1.243543110266e+00 1.250952565754e+00 1.258396759063e+00
1.265875806252e+00 1.273389820669e+00 1.280938912842e+00 1.288523190370e+00
1.296142757805e+00 1.303797716534e+00 1.311488164660e+00 1.319214196875e+00
1.326975904335e+00 1.334773374532e+00 1.342606691156e+00 1.350475933961e+00
1.358381178626e+00 1.366322496609e+00 1.374299955004e+00 1.382313616389e+00
1.390363538671e+00 1.398449774931e+00 1.406572373261e+00 1.414731376603e+00
1.422926822576e+00 1.431158743305e+00 1.439427165246e+00 1.447732109006e+00
1.456073589155e+00 1.464451614041e+00 1.472866185597e+00 1.481317299141e+00
1.489804943179e+00 1.498329099194e+00 1.506889741439e+00 1.515486836724e+00
1.524120344190e+00 1.532790215091e+00 1.541496392563e+00 1.550238811388e+00
1.559017397760e+00 1.567832069037e+00 1.576682733493e+00 1.585569290068e+00
1.594491628102e+00 1.603449627080e+00 1.612443156355e+00 1.621472074875e+00
1.630536230906e+00 1.639635461742e+00 1.648769593419e+00 1.657938440412e+00
1.667141805337e+00 1.676379478643e+00 1.685651238297e+00 1.694956849462e+00
1.704296064178e+00 1.713668621026e+00 1.723074244789e+00 1.732512646117e+00
1.741983521169e+00 1.751486551265e+00 1.761021402520e+00 1.770587725480e+00
1.780185154747e+00 1.789813308603e+00 1.799471788620e+00 1.809160179274e+00
1.818878047542e+00 1.828624942505e+00 1.838400394933e+00 1.848203916871e+00
1.858035001222e+00 1.867893121312e+00 1.877777730462e+00 1.887688261549e+00
1.897624126559e+00 1.907584716134e+00 1.917569399125e+00 1.927577522117e+00
1.937608408975e+00 1.947661360362e+00 1.957735653264e+00 1.967830540509e+00
1.977945250279e+00 1.988078985613e+00 1.998230923917e+00 2.008400216457e+00
2.018585987855e+00 2.028787335580e+00 2.039003329435e+00 2.049233011038e+00
2.059475393304e+00 2.069729459921e+00 2.079994164824e+00 2.090268431669e+00
2.100551153302e+00 2.110841191228e+00 2.121137375076e+00 2.131438502070e+00
2.141743336495e+00 2.152050609157e+00 2.162359016861e+00 2.172667221870e+00
2.182973851381e+00 2.193277496995e+00 2.203576714192e+00 2.213870021814e+00
2.224155901541e+00 2.234432797388e+00 2.244699115192e+00 2.254953222114e+00
2.265193446149e+00 2.275418075639e+00 2.285625358800e+00 2.295813503254e+00
2.305980675576e+00 2.316125000852e+00 2.326244562249e+00 2.336337400599e+00
2.346401513999e+00 2.356434857427e+00 2.366435342375e+00 2.376400836504e+00
2.386329163314e+00 2.396218101841e+00 2.406065386372e+00 2.415868706188e+00
2.425625705335e+00 2.435333982415e+00 2.444991090416e+00 2.454594536563e+00
2.464141782213e+00 2.473630242774e+00 2.483057287666e+00 2.492420240322e+00
2.501716378224e+00 2.510942932985e+00 2.520097090475e+00 2.529175990994e+00
2.538176729491e+00 2.547096355841e+00 2.555931875163e+00 2.564680248210e+00
2.573338391802e+00 2.581903179330e+00 2.590371441316e+00 2.598739966047e+00
2.607005500266e+00 2.615164749945e+00 2.623214381122e+00 2.631151020824e+00
2.638971258057e+00 2.646671644890e+00 2.654248697613e+00 2.661698897988e+00
2.669018694588e+00 2.676204504231e+00 2.683252713500e+00 2.690159680374e+00
2.696921735952e+00 2.703535186278e+00 2.709996314281e+00 2.716301381809e+00
2.722446631790e+00 2.728428290492e+00 2.734242569907e+00 2.739885670244e+00
2.745353782553e+00 2.750643091455e+00 2.755749778007e+00 2.760670022684e+00
2.765400008484e+00 2.769935924166e+00 2.774273967610e+00 2.778410349299e+00
2.782341295936e+00 2.786063054180e+00 2.789571894515e+00 2.792864115230e+00
2.795936046534e+00 2.798784054784e+00 2.801404546832e+00 2.803793974486e+00
2.805948839075e+00 2.807865696129e+00 2.809541160148e+00 2.810971909472e+00
2.812154691230e+00 2.813086326370e+00 2.813763714763e+00 2.814183840354e+00
2.814343776370e+00 2.814240690564e+00 2.813871850475e+00 2.813234628701e+00
2.812326508159e+00 2.811145087326e+00 2.809688085429e+00 2.807953347571e+00
2.805938849775e+00 2.803642703907e+00 2.801063162477e+00 2.798198623264e+00
2.795047633751e+00 2.791608895343e+00 2.787881267320e+00 2.783863770499e+00
2.779555590573e+00 2.774956081068e+00 2.770064765901e+00 2.764881341477e+00
2.759405678281e+00 2.753637821925e+00 2.747577993590e+00 2.741226589814e+00
2.734584181562e+00 2.727651512537e+00 2.720429496652e+00 2.712919214612e+00
2.705121909538e+00 2.697038981567e+00 2.688671981357e+00 2.680022602433e+00
2.671092672289e+00 2.661884142191e+00 2.652399075590e+00 2.642639635086e+00
2.632608067853e+00 2.622306689460e+00 2.611737866014e+00 2.600903994548e+00
2.589807481588e+00 2.578450719819e+00 2.566836062809e+00 2.554965797700e+00
2.542842115831e+00 2.530467081243e+00 2.517842597004e+00 2.504970369345e+00
2.491851869563e+00 2.478488293687e+00 2.464880519905e+00 2.451029063761e+00
2.436934031153e+00 2.422595069189e+00 2.408011314951e+00 2.393181342266e+00
2.378103106609e+00 2.362773888252e+00 2.347190233855e+00 2.331347896693e+00
2.315241775748e+00 2.298865853952e+00 2.282213135891e+00 2.265275585337e+00
2.248044063000e+00 2.230508264969e+00 2.212656662349e+00 2.194476442652e+00
2.175953453573e+00 2.157072149838e+00 2.137815543867e+00 2.118165161081e+00
2.098101000728e+00 2.077601503199e+00 2.056643524848e+00 2.035202321440e+00
2.013251541387e+00 1.990763230024e+00 1.967707846253e+00 1.944054292936e+00
1.919769962485e+00 1.894820799166e+00 1.869171379686e+00 1.842785013640e+00
1.815623865497e+00 1.787649099746e+00 1.758821050883e+00 1.729099419884e+00
1.698443498777e+00 1.666812424874e+00 1.634165466130e+00 1.600462338990e+00
1.565663559935e+00 1.529730831742e+00 1.492627465260e+00 1.454318837206e+00
1.414772884188e+00 1.373960632758e+00 1.331856764870e+00 1.288440217628e+00
1.243694815626e+00 1.197609933565e+00 1.150181186119e+00 1.101411141253e+00
1.051310052349e+00 9.998966035720e-01 9.471986619227e-01 8.932540283807e-01
8.381111794150e-01 7.818299889920e-01 7.244824200073e-01 6.661531728462e-01
6.069402775549e-01 5.469556148916e-01 4.863253503671e-01 4.251902642889e-01
3.637059598519e-01 3.020429304850e-01 2.403864670419e-01 1.789363850416e-01
1.179065520951e-01 5.752419595023e-02 -1.971025688544e-03 -6.032821117813e-02
-1.172866726108e-01 -1.725776785255e-01 -2.259264918955e-01
-2.770547097176e-01 -3.256829057913e-01 -3.715335726677e-01
-4.143343522455e-01 -4.538215370807e-01 -4.897438161845e-01
-5.218662299545e-01 -5.499742890083e-01 -5.738782012057e-01
-5.934171402302e-01 -6.084634780031e-01 -6.189268922294e-01
-6.247582498840e-01 -6.259531578952e-01 -6.225550641615e-01
-6.146577859293e-01 -6.024073390849e-01 -5.860029417455e-01
-5.656970693580e-01 -5.417944470268e-01 -5.146498786356e-01
-4.846648320749e-01 -4.522827259780e-01 -4.179828960499e-01
-3.822732583463e-01 -3.456817323936e-01 -3.087465381239e-01
-2.720055360479e-01 -2.359848382229e-01 -2.011869761347e-01
-1.680789678043e-01 -1.370806768805e-01 -1.085538973676e-01
-8.279262477122e-02 -6.001498350060e-02 -4.035726710796e-02
-2.387050861437e-02 -1.051992986544e-02 -1.875200179060e-04 7.322135839828e-03
1.227281367191e-02 1.498460783617e-02 1.581929638395e-02 1.516371702702e-02
1.341193932906e-02 1.094717241944e-02 8.124454016870e-03 5.255207890592e-03
2.594717419103e-03 3.334315791315e-04 -1.407207389571e-03 -2.574042572139e-03
-3.176605267410e-03 -3.277093794634e-03 -2.976815639815e-03
-2.400368089946e-03 -1.679117610159e-03 -9.356690291949e-04
-2.709521186132e-04 2.447234484613e-04 5.757726518379e-04 7.203623125443e-04
7.048345302357e-04 5.746767208754e-04 3.837099785615e-04 1.834219548417e-04
1.428324370248e-05 -9.955551222890e-05 -1.515198670683e-04 -1.500336384691e-04
-1.131474958876e-04 -6.198500111461e-05 -1.476927365798e-05 0.000000000000e+00
0.000000000000e+00 0.000000000000e+00 0.000000000000e+00 0.000000000000e+00
0.000000000000e+00 0.000000000000e+00 0.000000000000e+00 0.000000000000e+00
0.000000000000e+00 0.000000000000e+00 0.000000000000e+00 0.000000000000e+00
0.000000000000e+00 0.000000000000e+00 0.000000000000e+00 0.000000000000e+00
0.000000000000e+00 0.000000000000e+00 0.000000000000e+00 0.000000000000e+00
0.000000000000e+00 0.000000000000e+00 0.000000000000e+00 0.000000000000e+00
0.000000000000e+00 0.000000000000e+00 0.000000000000e+00 0.000000000000e+00
0.000000000000e+00 0.000000000000e+00 0.000000000000e+00 0.000000000000e+00
0.000000000000e+00 0.000000000000e+00 0.000000000000e+00 0.000000000000e+00
0.000000000000e+00 0.000000000000e+00 0.000000000000e+00 0.000000000000e+00
0.000000000000e+00 0.000000000000e+00 0.000000000000e+00 0.000000000000e+00
0.000000000000e+00 0.000000000000e+00 0.000000000000e+00 0.000000000000e+00
0.000000000000e+00 0.000000000000e+00 0.000000000000e+00 0.000000000000e+00
0.000000000000e+00 0.000000000000e+00 0.000000000000e+00 0.000000000000e+00
0.000000000000e+00 0.000000000000e+00 0.000000000000e+00 0.000000000000e+00
0.000000000000e+00 0.000000000000e+00
  </projector_function>
  <ae_partial_wave state="Ag-d1" grid="g1">
     0.000000000000e+00 7.510088132803e-04 2.375383429904e-03
4.814477658402e-03 8.027055144041e-03 1.198702397632e-02 1.667371791706e-02
2.206906975945e-02 2.815649554863e-02 3.492036942100e-02 4.234574401014e-02
5.041818717573e-02 5.912367949121e-02 6.844854600056e-02 7.837940854548e-02
8.890315109511e-02 1.000068936613e-01 1.116779720977e-01 1.239039220648e-01
1.366724660257e-01 1.499715025052e-01 1.637890970745e-01 1.781134746759e-01
1.929330130097e-01 2.082362367725e-01 2.240118125898e-01 2.402485445200e-01
2.569353700357e-01 2.740613564062e-01 2.916156974206e-01 3.095877104030e-01
3.279668334780e-01 3.467426230553e-01 3.659047515028e-01 3.854430049867e-01
4.053472814563e-01 4.256075887585e-01 4.462140428642e-01 4.671568661955e-01
4.884263860412e-01 5.100130330506e-01 5.319073397960e-01 5.540999393965e-01
5.765815641953e-01 5.993430444844e-01 6.223753072697e-01 6.456693750734e-01
6.692163647659e-01 6.930074864263e-01 7.170340422251e-01 7.412874253272e-01
7.657591188121e-01 7.904406946087e-01 8.153238124433e-01 8.404002187979e-01
8.656617458804e-01 8.911003106025e-01 9.167079135680e-01 9.424766380706e-01
9.683986491016e-01 9.944661923682e-01 1.020671593326e+00 1.047007256224e+00
1.073465663166e+00 1.100039373194e+00 1.126721021389e+00 1.153503317997e+00
1.180379047589e+00 1.207341068236e+00 1.234382310738e+00 1.261495777872e+00
1.288674543687e+00 1.315911752843e+00 1.343200619987e+00 1.370534429178e+00
1.397906533359e+00 1.425310353877e+00 1.452739380043e+00 1.480187168749e+00
1.507647344121e+00 1.535113597220e+00 1.562579685786e+00 1.590039434019e+00
1.617486732395e+00 1.644915537522e+00 1.672319872020e+00 1.699693824437e+00
1.727031549183e+00 1.754327266492e+00 1.781575262405e+00 1.808769888765e+00
1.835905563228e+00 1.862976769290e+00 1.889978056313e+00 1.916904039563e+00
1.943749400247e+00 1.970508885541e+00 1.997177308622e+00 2.023749548682e+00
2.050220550934e+00 2.076585326596e+00 2.102838952865e+00 2.128976572866e+00
2.154993395580e+00 2.180884695749e+00 2.206645813768e+00 2.232272155540e+00
2.257759192326e+00 2.283102460567e+00 2.308297561688e+00 2.333340161889e+00
2.358225991921e+00 2.382950846846e+00 2.407510585787e+00 2.431901131667e+00
2.456118470941e+00 2.480158653318e+00 2.504017791480e+00 2.527692060788e+00
2.551177698994e+00 2.574471005940e+00 2.597568343253e+00 2.620466134048e+00
2.643160862615e+00 2.665649074114e+00 2.687927374260e+00 2.709992429015e+00
2.731840964273e+00 2.753469765547e+00 2.774875677654e+00 2.796055604403e+00
2.817006508275e+00 2.837725410116e+00 2.858209388816e+00 2.878455581004e+00
2.898461180725e+00 2.918223439140e+00 2.937739664205e+00 2.957007220370e+00
2.976023528263e+00 2.994786064390e+00 3.013292360827e+00 3.031540004914e+00
3.049526638954e+00 3.067249959913e+00 3.084707719118e+00 3.101897721961e+00
3.118817827601e+00 3.135465948669e+00 3.151840050973e+00 3.167938153210e+00
3.183758326666e+00 3.199298694935e+00 3.214557433623e+00 3.229532770063e+00
3.244222983028e+00 3.258626402442e+00 3.272741409094e+00 3.286566434355e+00
3.300099959888e+00 3.313340517369e+00 3.326286688197e+00 3.338937103207e+00
3.351290442391e+00 3.363345434605e+00 3.375100857286e+00 3.386555536164e+00
3.397708344971e+00 3.408558205152e+00 3.419104085576e+00 3.429345002239e+00
3.439280017973e+00 3.448908242149e+00 3.458228830376e+00 3.467240984201e+00
3.475943950810e+00 3.484337022716e+00 3.492419537454e+00 3.500190877268e+00
3.507650468799e+00 3.514797782764e+00 3.521632333638e+00 3.528153679328e+00
3.534361420846e+00 3.540255201976e+00 3.545834708941e+00 3.551099670062e+00
3.556049855419e+00 3.560685076499e+00 3.565005185850e+00 3.569010076725e+00
3.572699682726e+00 3.576073977440e+00 3.579132974074e+00 3.581876725089e+00
3.584305321825e+00 3.586418894127e+00 3.588217609965e+00 3.589701675057e+00
3.590871332479e+00 3.591726862286e+00 3.592268581118e+00 3.592496841815e+00
3.592412033024e+00 3.592014578806e+00 3.591304938248e+00 3.590283605070e+00
3.588951107230e+00 3.587308006539e+00 3.585354898269e+00 3.583092410769e+00
3.580521205080e+00 3.577641974556e+00 3.574455444488e+00 3.570962371730e+00
3.567163544340e+00 3.563059781211e+00 3.558651931725e+00 3.553940875404e+00
3.548927521573e+00 3.543612809030e+00 3.537997705726e+00 3.532083208457e+00
3.525870342564e+00 3.519360161641e+00 3.512553747268e+00 3.505452208737e+00
3.498056682810e+00 3.490368333480e+00 3.482388351750e+00 3.474117955425e+00
3.465558388923e+00 3.456710923103e+00 3.447576855105e+00 3.438157508214e+00
3.428454231741e+00 3.418468400921e+00 3.408201416830e+00 3.397654706330e+00
3.386829722023e+00 3.375727942237e+00 3.364350871024e+00 3.352700038181e+00
3.340776999297e+00 3.328583335808e+00 3.316120655081e+00 3.303390590504e+00
3.290394801603e+00 3.277134974159e+00 3.263612820340e+00 3.249830078844e+00
3.235788515034e+00 3.221489921087e+00 3.206936116125e+00 3.192128946351e+00
3.177070285164e+00 3.161762033262e+00 3.146206118735e+00 3.130404497117e+00
3.114359151438e+00 3.098072092231e+00 3.081545357517e+00 3.064781012765e+00
3.047781150815e+00 3.030547891773e+00 3.013083382877e+00 2.995389798332e+00
2.977469339119e+00 2.959324232772e+00 2.940956733136e+00 2.922369120097e+00
2.903563699295e+00 2.884542801813e+00 2.865308783853e+00 2.845864026397e+00
2.826210934856e+00 2.806351938701e+00 2.786289491100e+00 2.766026068533e+00
2.745564170413e+00 2.724906318692e+00 2.704055057478e+00 2.683012952635e+00
2.661782591396e+00 2.640366581965e+00 2.618767553126e+00 2.596988153849e+00
2.575031052902e+00 2.552898938458e+00 2.530594517710e+00 2.508120516482e+00
2.485479678847e+00 2.462674766742e+00 2.439708559586e+00 2.416583853902e+00
2.393303462937e+00 2.369870216281e+00 2.346286959497e+00 2.322556553737e+00
2.298681875371e+00 2.274665815610e+00 2.250511280131e+00 2.226221188701e+00
2.201798474804e+00 2.177246085263e+00 2.152566979867e+00 2.127764130993e+00
2.102840523232e+00 2.077799153011e+00 2.052643028220e+00 2.027375167829e+00
2.001998601518e+00 1.976516369295e+00 1.950931521119e+00 1.925247116527e+00
1.899466224250e+00 1.873591921844e+00 1.847627295305e+00 1.821575438698e+00
1.795439453781e+00 1.769222449625e+00 1.742927542246e+00 1.716557854225e+00
1.690116514337e+00 1.663606657181e+00 1.637031422804e+00 1.610393956337e+00
1.583697407620e+00 1.556944930840e+00 1.530139684157e+00 1.503284829349e+00
1.476383531439e+00 1.449438958336e+00 1.422454280475e+00 1.395432670456e+00
1.368377302685e+00 1.341291353018e+00 1.314177998404e+00 1.287040416530e+00
1.259881785469e+00 1.232705283329e+00 1.205514087897e+00 1.178311376292e+00
1.151100324617e+00 1.123884107607e+00 1.096665898284e+00 1.069448867607e+00
1.042236184129e+00 1.015031013648e+00 9.878365188615e-01 9.606558590213e-01
9.334921895875e-01 9.063486618824e-01 8.792284227442e-01 8.521346141810e-01
8.250703730233e-01 7.980388305765e-01 7.710431122724e-01 7.440863373197e-01
7.171716183536e-01 6.903020610837e-01 6.634807639416e-01 6.367108177256e-01
6.099953052450e-01 5.833373009617e-01 5.567398706308e-01 5.302060709386e-01
5.037389491383e-01 4.773415426845e-01 4.510168788643e-01 4.247679744264e-01
3.985978352080e-01 3.725094557586e-01 3.465058189619e-01 3.205898956542e-01
2.947646442410e-01 2.690330103100e-01 2.433979262424e-01 2.178623108207e-01
1.924290688342e-01 1.671010906818e-01 1.418812519729e-01 1.167724131248e-01
9.177741895886e-02 6.689909829406e-02 4.214026353865e-02 1.750371028026e-02
-7.007783125517e-03 -3.139145596777e-02 -5.564456559371e-02
-7.976438782264e-02 -1.037482173600e-01 -1.275933682114e-01
-1.512971740949e-01 -1.748569888534e-01 -1.982701868641e-01
-2.215341634452e-01 -2.446463352609e-01 -2.676041407205e-01
-2.904050403744e-01 -3.130465173035e-01 -3.355260775033e-01
-3.578412502590e-01 -3.799895885140e-01 -4.019686692277e-01
-4.237760937231e-01 -4.454094880227e-01 -4.668665031717e-01
-4.881448155460e-01 -5.092421271456e-01 -5.301561658701e-01
-5.508846857762e-01 -5.714254673150e-01 -5.917763175473e-01
-6.119350703368e-01 -6.318995865170e-01 -6.516677540327e-01
-6.712374880530e-01 -6.906067310543e-01 -7.097734528714e-01
-7.287356507164e-01 -7.474913491607e-01 -7.660386000821e-01
-7.843754825725e-01 -8.025001028056e-01 -8.204105938640e-01
-8.381051155222e-01 -8.555818539870e-01 -8.728390215914e-01
-8.898748564432e-01 -9.066876220273e-01 -9.232756067599e-01
-9.396371234975e-01 -9.557705089984e-01 -9.716741233398e-01
-9.873463492913e-01 -1.002785591647e+00 -1.017990276522e+00
-1.032958850609e+00 -1.047689780419e+00 -1.062181551485e+00
-1.076432667566e+00 -1.090441649835e+00 -1.104207036085e+00
-1.117727379946e+00 -1.131001250141e+00 -1.144027229791e+00
-1.156803915795e+00 -1.169329918294e+00 -1.181603860255e+00
-1.193624377183e+00 -1.205390117001e+00 -1.216899740108e+00
-1.228151919644e+00 -1.239145341986e+00 -1.249878707474e+00
-1.260350731411e+00 -1.270560145297e+00 -1.280505698347e+00
-1.290186159233e+00 -1.299600318068e+00 -1.308746988588e+00
-1.317625010499e+00 -1.326233251946e+00 -1.334570612069e+00
-1.342636023582e+00 -1.350428455336e+00 -1.357946914819e+00
-1.365190450546e+00 -1.372158154309e+00 -1.378849163257e+00
-1.385262661785e+00 -1.391397883221e+00 -1.397254111308e+00
-1.402830681486e+00 -1.408126981988e+00 -1.413142454748e+00
-1.417876596165e+00 -1.422328957721e+00 -1.426499146484e+00
-1.430386825513e+00 -1.433991714186e+00 -1.437313588473e+00
-1.440352281152e+00 -1.443107682010e+00 -1.445579738011e+00
-1.447768453458e+00 -1.449673890155e+00 -1.451296167561e+00
-1.452635462958e+00 -1.453692011619e+00 -1.454466106992e+00
-1.454958100886e+00 -1.455168403668e+00 -1.455097484468e+00
-1.454745871393e+00 -1.454114151738e+00 -1.453202972206e+00
-1.452013039127e+00 -1.450545118671e+00 -1.448800037060e+00
-1.446778680771e+00 -1.444481996730e+00 -1.441910992491e+00
-1.439066736399e+00 -1.435950357743e+00 -1.432563046875e+00
-1.428906055316e+00 -1.424980695831e+00 -1.420788342484e+00
-1.416330430647e+00 -1.411608456996e+00 -1.406623979460e+00
-1.401378617139e+00 -1.395874050185e+00 -1.390112019644e+00
-1.384094327260e+00 -1.377822835239e+00 -1.371299465967e+00
-1.364526201700e+00 -1.357505084195e+00 -1.350238214316e+00
-1.342727751587e+00 -1.334975913714e+00 -1.326984976057e+00
-1.318757271067e+00 -1.310295187689e+00 -1.301601170717e+00
-1.292677720118e+00 -1.283527390323e+00 -1.274152789475e+00
-1.264556578652e+00 -1.254741471052e+00 -1.244710231155e+00
-1.234465673850e+00 -1.224010663535e+00 -1.213348113200e+00
-1.202480983475e+00 -1.191412281668e+00 -1.180145060773e+00
-1.168682418467e+00 -1.157027496091e+00 -1.145183477614e+00
-1.133153588588e+00 -1.120941095093e+00 -1.108549302673e+00
-1.095981555273e+00 -1.083241234162e+00 -1.070331756867e+00
-1.057256576102e+00 -1.044019178704e+00 -1.030623084573e+00
-1.017071845622e+00 -1.003369044742e+00 -9.895182947720e-01
-9.755232374972e-01 -9.613875426568e-01 -9.471149069785e-01
-9.327090532361e-01 -9.181737293353e-01 -9.035127074287e-01
-8.887297830653e-01 -8.738287743749e-01 -8.588135212927e-01
-8.436878848254e-01 -8.284557463641e-01 -8.131210070444e-01
-7.976875871601e-01 -7.821594256316e-01 -7.665404795340e-01
-7.508347236878e-01 -7.350461503158e-01 -7.191787687708e-01
-7.032366053374e-01 -6.872237031117e-01 -6.711441219642e-01
-6.550019385884e-01 -6.388012466417e-01 -6.225461569811e-01
-6.062407979993e-01 -5.898893160666e-01 -5.734958760824e-01
-5.570646621418e-01 -5.405998783232e-01 -5.241057496017e-01
-5.075865228941e-01 -4.910464682415e-01 -4.744898801347e-01
-4.579210789902e-01 -4.413444127815e-01 -4.247642588327e-01
-4.081850257826e-01 -3.916111557235e-01 -3.750471265251e-01
-3.584974543481e-01 -3.419666963574e-01 -3.254594536410e-01
-3.089803743440e-01 -2.925341570249e-01 -2.761255542438e-01
-2.597593763902e-01 -2.434404957602e-01 -2.271738508914e-01
-2.109644511661e-01 -1.948173816901e-01 -1.787378084595e-01
-1.627309838227e-01 -1.468022522495e-01 -1.309570564158e-01
-1.152009436145e-01 -9.953957250308e-02 -8.397872019665e-02
-6.852428971710e-02 -5.318231780786e-02 -3.795898312338e-02
-2.286061480259e-02 -7.893701434730e-03 6.935099574515e-03 2.161895222921e-02
3.615083175552e-02 5.052351399492e-02 6.472956437428e-02 7.876132645046e-02
9.261091002878e-02 1.062701788570e-01 1.197307378987e-01 1.329839201932e-01
1.460207733123e-01 1.588320454284e-01 1.714081710123e-01 1.837392561854e-01
1.958150637565e-01 2.076249979797e-01 2.191580890800e-01 2.304029775989e-01
2.413478986272e-01 2.519806659997e-01 2.622886565447e-01 2.722587944921e-01
2.818775361661e-01 2.911308551063e-01 3.000042277832e-01 3.084826201039e-01
3.165504749295e-01 3.241917008602e-01 3.313896625849e-01 3.381271731293e-01
3.443864883910e-01 3.501493043989e-01 3.553967577989e-01 3.601094301345e-01
3.642673565685e-01 3.678500397766e-01 3.708364698403e-01 3.732051510730e-01
3.749341368299e-01 3.760010734840e-01 3.763832548942e-01 3.760576888501e-01
3.750011771495e-01 3.731904111554e-01 3.706020848804e-01 3.672130278666e-01
3.630003603627e-01 3.579416735432e-01 3.520152377747e-01 3.452002421938e-01
3.374770691292e-01 3.288276071560e-01 3.192356068220e-01 3.086870833009e-01
2.971707704120e-01 2.846786305693e-01 2.712064252667e-01 2.567543506500e-01
2.413277425293e-01 2.249378548226e-01 2.076027148401e-01 1.893480579772e-01
1.702083432133e-01 1.502278492508e-01 1.294618490800e-01 1.079778581120e-01
8.585694765766e-02 6.319511126704e-02 4.010466608564e-02 1.671566467242e-02
-6.822715639264e-03 -3.034084912241e-02 -5.364745982783e-02
-7.652861317953e-02 -9.874699146340e-02 -1.200415661625e-01
-1.401278065429e-01 -1.586985944697e-01 -1.754260500509e-01
-1.899645108896e-01 -2.019549484564e-01 -2.110311465284e-01
-2.168280058102e-01 -2.189923711591e-01 -2.171967964215e-01
-2.111566567745e-01 -2.006509753768e-01 -1.855472301208e-01
-1.658302199038e-01 -1.416347614080e-01 -1.132815092640e-01
-8.131448513107e-02 -4.653789464872e-02 -1.004843052478e-02 2.674256421534e-02
6.210498692206e-02 -2.754834013939e-04 -2.198332950787e-04 -1.733064957868e-04
-1.348401282836e-04 -1.034225165809e-04 -7.810027438185e-05
-5.798467645712e-05 -4.225707520961e-05 -3.017314191919e-05
-2.106573916940e-05 -1.434626857072e-05 -9.504403538595e-06
-6.106166057579e-06 -3.790389057039e-06 -2.263692270728e-06
-1.294177504496e-06 -7.041278272022e-07 -3.620620978443e-07
-1.745425740998e-07 -7.802541979315e-08 -3.177244324243e-08
-1.168158216039e-08 -3.867584694757e-09 -1.115635785140e-09
-2.704652590875e-10 -5.365174286039e-11 -8.381665502103e-12
-9.839973963736e-13 -8.209022844003e-14 -4.554406243864e-15
-1.552526755794e-16 -2.951349804875e-18 -2.762485786714e-20
-1.071819729379e-22 -1.323678889401e-25 -3.237004866684e-29
-4.951134892684e-34
  </ae_partial_wave>
  <pseudo_partial_wave state="Ag-d1" grid="g1">
     -0.000000000000e+00 -7.528640373901e-08 -3.019512168371e-07
-6.812099156992e-07 -1.214287471630e-06 -1.902418430756e-06
-2.746846994676e-06 -3.748827101852e-06 -4.909622509737e-06
-6.230506877661e-06 -7.712763850469e-06 -9.357687142933e-06
-1.116658062493e-05 -1.314075840739e-05 -1.528154492907e-05
-1.759027504408e-05 -2.006829411025e-05 -2.271695807827e-05
-2.553763358167e-05 -2.853169802766e-05 -3.170053968874e-05
-3.504555779520e-05 -3.856816262845e-05 -4.226977561527e-05
-4.615182942279e-05 -5.021576805452e-05 -5.446304694715e-05
-5.889513306826e-05 -6.351350501499e-05 -6.831965311354e-05
-7.331507951968e-05 -7.850129832013e-05 -8.387983563485e-05
-8.945222972041e-05 -9.522003107414e-05 -1.011848025394e-04
-1.073481194118e-04 -1.137115695462e-04 -1.202767534651e-04
-1.270452844677e-04 -1.340187887400e-04 -1.411989054662e-04
-1.485872869410e-04 -1.561855986825e-04 -1.639955195470e-04
-1.720187418442e-04 -1.802569714536e-04 -1.887119279425e-04
-1.973853446841e-04 -2.062789689779e-04 -2.153945621700e-04
-2.247338997757e-04 -2.342987716023e-04 -2.440909818735e-04
-2.541123493553e-04 -2.643647074820e-04 -2.748499044846e-04
-2.855698035196e-04 -2.965262827996e-04 -3.077212357242e-04
-3.191565710134e-04 -3.308342128412e-04 -3.427561009708e-04
-3.549241908915e-04 -3.673404539560e-04 -3.800068775198e-04
-3.929254650815e-04 -4.060982364248e-04 -4.195272277609e-04
-4.332144918738e-04 -4.471620982651e-04 -4.613721333020e-04
-4.758467003654e-04 -4.905879199998e-04 -5.055979300649e-04
-5.208788858882e-04 -5.364329604192e-04 -5.522623443852e-04
-5.683692464484e-04 -5.847558933645e-04 -6.014245301429e-04
-6.183774202083e-04 -6.356168455640e-04 -6.531451069564e-04
-6.709645240415e-04 -6.890774355527e-04 -7.074861994702e-04
-7.261931931921e-04 -7.452008137072e-04 -7.645114777690e-04
-7.841276220720e-04 -8.040517034292e-04 -8.242861989514e-04
-8.448336062283e-04 -8.656964435112e-04 -8.868772498974e-04
-9.083785855166e-04 -9.302030317188e-04 -9.523531912640e-04
-9.748316885140e-04 -9.976411696256e-04 -1.020784302746e-03
-1.044263778210e-03 -1.068082308738e-03 -1.092242629638e-03
-1.116747499010e-03 -1.141599697944e-03 -1.166802030737e-03
-1.192357325093e-03 -1.218268432335e-03 -1.244538227622e-03
-1.271169610160e-03 -1.298165503418e-03 -1.325528855351e-03
-1.353262638614e-03 -1.381369850792e-03 -1.409853514621e-03
-1.438716678215e-03 -1.467962415296e-03 -1.497593825427e-03
-1.527614034244e-03 -1.558026193691e-03 -1.588833482262e-03
-1.620039105236e-03 -1.651646294924e-03 -1.683658310912e-03
-1.716078440309e-03 -1.748909997996e-03 -1.782156326878e-03
-1.815820798140e-03 -1.849906811501e-03 -1.884417795477e-03
-1.919357207639e-03 -1.954728534879e-03 -1.990535293677e-03
-2.026781030368e-03 -2.063469321418e-03 -2.100603773694e-03
-2.138188024742e-03 -2.176225743069e-03 -2.214720628422e-03
-2.253676412075e-03 -2.293096857115e-03 -2.332985758733e-03
-2.373346944518e-03 -2.414184274748e-03 -2.455501642698e-03
-2.497302974929e-03 -2.539592231603e-03 -2.582373406785e-03
-2.625650528751e-03 -2.669427660305e-03 -2.713708899092e-03
-2.758498377919e-03 -2.803800265074e-03 -2.849618764652e-03
-2.895958116882e-03 -2.942822598461e-03 -2.990216522880e-03
-3.038144240771e-03 -3.086610140240e-03 -3.135618647212e-03
-3.185174225777e-03 -3.235281378544e-03 -3.285944646986e-03
-3.337168611802e-03 -3.388957893274e-03 -3.441317151633e-03
-3.494251087420e-03 -3.547764441857e-03 -3.601861997225e-03
-3.656548577231e-03 -3.711829047396e-03 -3.767708315434e-03
-3.824191331640e-03 -3.881283089278e-03 -3.938988624979e-03
-3.997313019135e-03 -4.056261396298e-03 -4.115838925592e-03
-4.176050821112e-03 -4.236902342344e-03 -4.298398794575e-03
-4.360545529315e-03 -4.423347944720e-03 -4.486811486016e-03
-4.550941645934e-03 -4.615743965143e-03 -4.681224032687e-03
-4.747387486427e-03 -4.814240013491e-03 -4.881787350719e-03
-4.950035285121e-03 -5.018989654333e-03 -5.088656347081e-03
-5.159041303644e-03 -5.230150516327e-03 -5.301990029933e-03
-5.374565942244e-03 -5.447884404501e-03 -5.521951621892e-03
-5.596773854041e-03 -5.672357415507e-03 -5.748708676277e-03
-5.825834062275e-03 -5.903740055866e-03 -5.982433196370e-03
-6.061920080577e-03 -6.142207363269e-03 -6.223301757741e-03
-6.305210036335e-03 -6.387939030971e-03 -6.471495633684e-03
-6.555886797167e-03 -6.641119535320e-03 -6.727200923796e-03
-6.814138100561e-03 -6.901938266452e-03 -6.990608685742e-03
-7.080156686706e-03 -7.170589662198e-03 -7.261915070228e-03
-7.354140434542e-03 -7.447273345209e-03 -7.541321459215e-03
-7.636292501055e-03 -7.732194263336e-03 -7.829034607379e-03
-7.926821463829e-03 -8.025562833271e-03 -8.125266786843e-03
-8.225941466863e-03 -8.327595087454e-03 -8.430235935176e-03
-8.533872369659e-03 -8.638512824248e-03 -8.744165806646e-03
-8.850839899560e-03 -8.958543761359e-03 -9.067286126729e-03
-9.177075807335e-03 -9.287921692489e-03 -9.399832749821e-03
-9.512818025951e-03 -9.626886647172e-03 -9.742047820131e-03
-9.858310832517e-03 -9.975685053753e-03 -1.009417993569e-02
-1.021380501331e-02 -1.033456990544e-02 -1.045648431541e-02
-1.057955803185e-02 -1.070380092932e-02 -1.082922296908e-02
-1.095583419981e-02 -1.108364475831e-02 -1.121266487024e-02
-1.134290485087e-02 -1.147437510579e-02 -1.160708613169e-02
-1.174104851706e-02 -1.187627294294e-02 -1.201277018369e-02
-1.215055110775e-02 -1.228962667837e-02 -1.243000795435e-02
-1.257170609085e-02 -1.271473234013e-02 -1.285909805229e-02
-1.300481467606e-02 -1.315189375959e-02 -1.330034695116e-02
-1.345018600001e-02 -1.360142275708e-02 -1.375406917578e-02
-1.390813731281e-02 -1.406363932888e-02 -1.422058748951e-02
-1.437899416583e-02 -1.453887183530e-02 -1.470023308257e-02
-1.486309060016e-02 -1.502745718933e-02 -1.519334576079e-02
-1.536076933549e-02 -1.552974104543e-02 -1.570027413439e-02
-1.587238195869e-02 -1.604607798803e-02 -1.622137580615e-02
-1.639828911171e-02 -1.657683171893e-02 -1.675701755845e-02
-1.693886067801e-02 -1.712237524323e-02 -1.730757553835e-02
-1.749447596695e-02 -1.768309105272e-02 -1.787343544013e-02
-1.806552389521e-02 -1.825937130619e-02 -1.845499268428e-02
-1.865240316432e-02 -1.885161800547e-02 -1.905265259191e-02
-1.925552243348e-02 -1.946024316637e-02 -1.966683055374e-02
-1.987530048635e-02 -2.008566898322e-02 -2.029795219220e-02
-2.051216639059e-02 -2.072832798570e-02 -2.094645351545e-02
-2.116655964888e-02 -2.138866318669e-02 -2.161278106179e-02
-2.183893033976e-02 -2.206712821931e-02 -2.229739203279e-02
-2.252973924658e-02 -2.276418746151e-02 -2.300075441326e-02
-2.323945797270e-02 -2.348031614624e-02 -2.372334707614e-02
-2.396856904078e-02 -2.421600045492e-02 -2.446565986991e-02
-2.471756597389e-02 -2.497173759191e-02 -2.522819368609e-02
-2.548695335569e-02 -2.574803583712e-02 -2.601146050399e-02
-2.627724686703e-02 -2.654541457403e-02 -2.681598340972e-02
-2.708897329557e-02 -2.736440428959e-02 -2.764229658603e-02
-2.792267051509e-02 -2.820554654251e-02 -2.849094526914e-02
-2.877888743044e-02 -2.906939389592e-02 -2.936248566853e-02
-2.965818388396e-02 -2.995650980986e-02 -3.025748484505e-02
-3.056113051859e-02 -3.086746848881e-02 -3.117652054223e-02
-3.148830859242e-02 -3.180285467880e-02 -3.212018096527e-02
-3.244030973883e-02 -3.276326340807e-02 -3.308906450152e-02
-3.341773566599e-02 -3.374929966474e-02 -3.408377937550e-02
-3.442119778849e-02 -3.476157800422e-02 -3.510494323118e-02
-3.545131678347e-02 -3.580072207822e-02 -3.615318263290e-02
-3.650872206251e-02 -3.686736407657e-02 -3.722913247603e-02
-3.759405114994e-02 -3.796214407203e-02 -3.833343529706e-02
-3.870794895704e-02 -3.908570925724e-02 -3.946674047203e-02
-3.985106694052e-02 -4.023871306196e-02 -4.062970329102e-02
-4.102406213274e-02 -4.142181413738e-02 -4.182298389493e-02
-4.222759602942e-02 -4.263567519302e-02 -4.304724605982e-02
-4.346233331942e-02 -4.388096167012e-02 -4.430315581200e-02
-4.472894043955e-02 -4.515834023407e-02 -4.559137985575e-02
-4.602808393543e-02 -4.646847706601e-02 -4.691258379348e-02
-4.736042860766e-02 -4.781203593252e-02 -4.826743011615e-02
-4.872663542025e-02 -4.918967600932e-02 -4.965657593935e-02
-5.012735914610e-02 -5.060204943290e-02 -5.108067045800e-02
-5.156324572143e-02 -5.204979855133e-02 -5.254035208982e-02
-5.303492927828e-02 -5.353355284203e-02 -5.403624527460e-02
-5.454302882118e-02 -5.505392546164e-02 -5.556895689282e-02
-5.608814451019e-02 -5.661150938881e-02 -5.713907226361e-02
-5.767085350895e-02 -5.820687311735e-02 -5.874715067760e-02
-5.929170535186e-02 -5.984055585212e-02 -6.039372041570e-02
-6.095121677986e-02 -6.151306215552e-02 -6.207927320005e-02
-6.264986598901e-02 -6.322485598696e-02 -6.380425801715e-02
-6.438808623017e-02 -6.497635407147e-02 -6.556907424770e-02
-6.616625869187e-02 -6.676791852731e-02 -6.737406403026e-02
-6.798470459121e-02 -6.859984867487e-02 -6.921950377867e-02
-6.984367638988e-02 -7.047237194114e-02 -7.110559476451e-02
-7.174334804382e-02 -7.238563376541e-02 -7.303245266715e-02
-7.368380418561e-02 -7.433968640151e-02 -7.500009598312e-02
-7.566502812783e-02 -7.633447650157e-02 -7.700843317620e-02
-7.768688856472e-02 -7.836983135421e-02 -7.905724843645e-02
-7.974912483617e-02 -8.044544363677e-02 -8.114618590357e-02
-8.185133060429e-02 -8.256085452690e-02 -8.327473219455e-02
-8.399293577768e-02 -8.471543500302e-02 -8.544219705952e-02
-8.617318650100e-02 -8.690836514557e-02 -8.764769197148e-02
-8.839112300953e-02 -8.913861123169e-02 -8.989010643603e-02
-9.064555512763e-02 -9.140490039551e-02 -9.216808178535e-02
-9.293503516784e-02 -9.370569260259e-02 -9.447998219749e-02
-9.525782796316e-02 -9.603914966261e-02 -9.682386265569e-02
-9.761187773842e-02 -9.840310097678e-02 -9.919743353494e-02
-9.999477149771e-02 -1.007950056870e-01 -1.015980214722e-01
-1.024036985739e-01 -1.032119108616e-01 -1.040225261438e-01
-1.048354059523e-01 -1.056504053176e-01 -1.064673725388e-01
-1.072861489441e-01 -1.081065686441e-01 -1.089284582775e-01
-1.097516367469e-01 -1.105759149476e-01 -1.114010954856e-01
-1.122269723882e-01 -1.130533308036e-01 -1.138799466914e-01
-1.147065865028e-01 -1.155330068504e-01 -1.163589541670e-01
-1.171841643538e-01 -1.180083624165e-01 -1.188312620907e-01
-1.196525654538e-01 -1.204719625261e-01 -1.212891308576e-01
-1.221037351025e-01 -1.229154265803e-01 -1.237238428221e-01
-1.245286071039e-01 -1.253293279639e-01 -1.261255987058e-01
-1.269169968861e-01 -1.277030837856e-01 -1.284834038649e-01
-1.292574842029e-01 -1.300248339185e-01 -1.307849435745e-01
-1.315372845644e-01 -1.322813084794e-01 -1.330164464587e-01
-1.337421085188e-01 -1.344576828648e-01 -1.351625351809e-01
-1.358560079010e-01 -1.365374194590e-01 -1.372060635175e-01
-1.378612081758e-01 -1.385020951558e-01 -1.391279389669e-01
-1.397379260476e-01 -1.403312138856e-01 -1.409069301154e-01
-1.414641715922e-01 -1.420020034445e-01 -1.425194581023e-01
-1.430155343036e-01 -1.434891960777e-01 -1.439393717052e-01
-1.443649526570e-01 -1.447647925094e-01 -1.451377058389e-01
-1.454824670948e-01 -1.457978094514e-01 -1.460824236406e-01
-1.463349567651e-01 -1.465540110939e-01 -1.467381428407e-01
-1.468858609275e-01 -1.469956257338e-01 -1.470658478348e-01
-1.470948867291e-01 -1.470810495589e-01 -1.470225898265e-01
-1.469177061075e-01 -1.467645407671e-01 -1.465611786806e-01
-1.463056459635e-01 -1.459959087166e-01 -1.456298717887e-01
-1.452053775658e-01 -1.447202047896e-01 -1.441720674152e-01
-1.435586135140e-01 -1.428774242297e-01 -1.421260127978e-01
-1.413018236381e-01 -1.404022315309e-01 -1.394245408886e-01
-1.383659851372e-01 -1.372237262209e-01 -1.359948542451e-01
-1.346763872763e-01 -1.332652713162e-01 -1.317583804709e-01
-1.301525173370e-01 -1.284444136286e-01 -1.266307310708e-01
-1.247080625889e-01 -1.226729338223e-01 -1.205218049979e-01
-1.182510731974e-01 -1.158570750586e-01 -1.133360899509e-01
-1.106843436719e-01 -1.078980127132e-01 -1.049732291475e-01
-1.019060861941e-01 -9.869264452428e-02 -9.532893936994e-02
-9.181098850823e-02 -8.813480119525e-02 -8.429638813028e-02
-8.029177253615e-02 -7.611700244742e-02 -7.176816430390e-02
-6.724139795326e-02 -6.253291317245e-02 -5.763900782427e-02
-5.255608777156e-02 -4.728068867768e-02 -4.180949982840e-02
-3.613939011562e-02 -3.026743632898e-02 -2.419095390600e-02
-1.790753029519e-02 -1.141506108891e-02 -4.711789084115e-03 2.203653572187e-03
9.332199999179e-03 1.667429981333e-02 2.422986683789e-02 3.199822316946e-02
3.997803950155e-02 4.816727163275e-02 5.656309312434e-02 6.516182411869e-02
7.395885638987e-02 8.294857477239e-02 9.212427520689e-02 1.014780797562e-01
1.110008490858e-01 1.206820930745e-01 1.305098804305e-01 1.404707484404e-01
1.505496142862e-01 1.607296897345e-01 1.709924014465e-01 1.813173196933e-01
1.916820988992e-01 2.020624342096e-01 2.124320391940e-01 2.227626509004e-01
2.330240697902e-01 2.431842436558e-01 2.532094064985e-01 2.630642855901e-01
2.727123926101e-01 2.821164179531e-01 2.912387511050e-01 3.000421545470e-01
3.084906240760e-01 3.165504749295e-01 3.241917008602e-01 3.313896625849e-01
3.381271731293e-01 3.443864883910e-01 3.501493043989e-01 3.553967577989e-01
3.601094301345e-01 3.642673565685e-01 3.678500397766e-01 3.708364698403e-01
3.732051510730e-01 3.749341368299e-01 3.760010734840e-01 3.763832548942e-01
3.760576888501e-01 3.750011771495e-01 3.731904111554e-01 3.706020848804e-01
3.672130278666e-01 3.630003603627e-01 3.579416735432e-01 3.520152377747e-01
3.452002421938e-01 3.374770691292e-01 3.288276071560e-01 3.192356068220e-01
3.086870833009e-01 2.971707704120e-01 2.846786305693e-01 2.712064252667e-01
2.567543506500e-01 2.413277425293e-01 2.249378548226e-01 2.076027148401e-01
1.893480579772e-01 1.702083432133e-01 1.502278492508e-01 1.294618490800e-01
1.079778581120e-01 8.585694765766e-02 6.319511126704e-02 4.010466608564e-02
1.671566467242e-02 -6.822715639264e-03 -3.034084912241e-02 -5.364745982783e-02
-7.652861317953e-02 -9.874699146340e-02 -1.200415661625e-01
-1.401278065429e-01 -1.586985944697e-01 -1.754260500509e-01
-1.899645108896e-01 -2.019549484564e-01 -2.110311465284e-01
-2.168280058102e-01 -2.189923711591e-01 -2.171967964215e-01
-2.111566567745e-01 -2.006509753768e-01 -1.855472301208e-01
-1.658302199038e-01 -1.416347614080e-01 -1.132815092640e-01
-8.131448513107e-02 -4.653789464872e-02 -1.004843052478e-02 2.674256421534e-02
6.210498692206e-02 -2.754834013939e-04 -2.198332950787e-04 -1.733064957868e-04
-1.348401282836e-04 -1.034225165809e-04 -7.810027438185e-05
-5.798467645712e-05 -4.225707520961e-05 -3.017314191919e-05
-2.106573916940e-05 -1.434626857072e-05 -9.504403538595e-06
-6.106166057579e-06 -3.790389057039e-06 -2.263692270728e-06
-1.294177504496e-06 -7.041278272022e-07 -3.620620978443e-07
-1.745425740998e-07 -7.802541979315e-08 -3.177244324243e-08
-1.168158216039e-08 -3.867584694757e-09 -1.115635785140e-09
-2.704652590875e-10 -5.365174286039e-11 -8.381665502103e-12
-9.839973963736e-13 -8.209022844003e-14 -4.554406243864e-15
-1.552526755794e-16 -2.951349804875e-18 -2.762485786714e-20
-1.071819729379e-22 -1.323678889401e-25 -3.237004866684e-29
-4.951134892684e-34
  </pseudo_partial_wave>
  <projector_function state="Ag-d1" grid="g1">
     0.000000000000e+00 -7.349888276938e-06 -2.947089142709e-05
-6.648263511781e-05 -1.185099992449e-04 -1.856670173697e-04
-2.680779647021e-04 -3.658623482536e-04 -4.791426529755e-04
-6.080431826278e-04 -7.526866871789e-04 -9.131988007780e-04
-1.089704845709e-03 -1.282331312874e-03 -1.491205289899e-03
-1.716455020881e-03 -1.958209439104e-03 -2.216597948056e-03
-2.491751568053e-03 -2.783801443546e-03 -3.092879796401e-03
-3.419119886382e-03 -3.762655639028e-03 -4.123621805607e-03
-4.502154151141e-03 -4.898389159558e-03 -5.312464189347e-03
-5.744517650971e-03 -6.194688610077e-03 -6.663117157949e-03
-7.149944190295e-03 -7.655311497643e-03 -8.179361815859e-03
-8.722238697342e-03 -9.284086663353e-03 -9.865051090894e-03
-1.046527827723e-02 -1.108491541655e-02 -1.172411061779e-02
-1.238301292968e-02 -1.306177227345e-02 -1.376053952327e-02
-1.447946647136e-02 -1.521870585877e-02 -1.597841131007e-02
-1.675873740295e-02 -1.755983969514e-02 -1.838187461550e-02
-1.922499956567e-02 -2.008937292982e-02 -2.097515398218e-02
-2.188250298987e-02 -2.281158115089e-02 -2.376255063825e-02
-2.473557458426e-02 -2.573081706258e-02 -2.674844313694e-02
-2.778861883643e-02 -2.885151114316e-02 -2.993728803970e-02
-3.104611844709e-02 -3.217817231244e-02 -3.333362050227e-02
-3.451263493388e-02 -3.571538844457e-02 -3.694205489182e-02
-3.819280912506e-02 -3.946782695953e-02 -4.076728522527e-02
-4.209136172872e-02 -4.344023526543e-02 -4.481408565735e-02
-4.621309368287e-02 -4.763744115410e-02 -4.908731084940e-02
-5.056288657837e-02 -5.206435313949e-02 -5.359189631591e-02
-5.514570291858e-02 -5.672596075175e-02 -5.833285861383e-02
-5.996658631953e-02 -6.162733468698e-02 -6.331529553047e-02
-6.503066167390e-02 -6.677362693898e-02 -6.854438615949e-02
-7.034313515996e-02 -7.217007077790e-02 -7.402539084679e-02
-7.590929420345e-02 -7.782198067722e-02 -7.976365110322e-02
-8.173450730401e-02 -8.373475210450e-02 -8.576458932118e-02
-8.782422375519e-02 -8.991386120264e-02 -9.203370844859e-02
-9.418397325082e-02 -9.636486435954e-02 -9.857659149431e-02
-1.008193653551e-01 -1.030933976138e-01 -1.053989009054e-01
-1.077360888304e-01 -1.101051759538e-01 -1.125063777930e-01
-1.149399108138e-01 -1.174059924363e-01 -1.199048410133e-01
-1.224366758430e-01 -1.250017171473e-01 -1.276001860724e-01
-1.302323046919e-01 -1.328982959859e-01 -1.355983838413e-01
-1.383327930432e-01 -1.411017492725e-01 -1.439054790916e-01
-1.467442099419e-01 -1.496181701313e-01 -1.525275888295e-01
-1.554726960555e-01 -1.584537226755e-01 -1.614709003836e-01
-1.645244616998e-01 -1.676146399558e-01 -1.707416692879e-01
-1.739057846229e-01 -1.771072216688e-01 -1.803462168997e-01
-1.836230075507e-01 -1.869378315986e-01 -1.902909277505e-01
-1.936825354352e-01 -1.971128947832e-01 -2.005822466159e-01
-2.040908324310e-01 -2.076388943851e-01 -2.112266752838e-01
-2.148544185560e-01 -2.185223682462e-01 -2.222307689980e-01
-2.259798660262e-01 -2.297699051086e-01 -2.336011325674e-01
-2.374737952425e-01 -2.413881404780e-01 -2.453444161026e-01
-2.493428704026e-01 -2.533837521084e-01 -2.574673103683e-01
-2.615937947240e-01 -2.657634550912e-01 -2.699765417355e-01
-2.742333052455e-01 -2.785339965094e-01 -2.828788666882e-01
-2.872681671912e-01 -2.917021496455e-01 -2.961810658729e-01
-3.007051678559e-01 -3.052747077116e-01 -3.098899376617e-01
-3.145511100007e-01 -3.192584770638e-01 -3.240122911956e-01
-3.288128047168e-01 -3.336602698881e-01 -3.385549388792e-01
-3.434970637295e-01 -3.484868963115e-01 -3.535246882966e-01
-3.586106911139e-01 -3.637451559102e-01 -3.689283335124e-01
-3.741604743839e-01 -3.794418285831e-01 -3.847726457213e-01
-3.901531749163e-01 -3.955836647492e-01 -4.010643632158e-01
-4.065955176811e-01 -4.121773748315e-01 -4.178101806220e-01
-4.234941802284e-01 -4.292296179937e-01 -4.350167373764e-01
-4.408557808952e-01 -4.467469900738e-01 -4.526906053860e-01
-4.586868661931e-01 -4.647360106897e-01 -4.708382758415e-01
-4.769938973217e-01 -4.832031094498e-01 -4.894661451274e-01
-4.957832357699e-01 -5.021546112409e-01 -5.085804997837e-01
-5.150611279491e-01 -5.215967205268e-01 -5.281875004671e-01
-5.348336888124e-01 -5.415355046157e-01 -5.482931648638e-01
-5.551068844000e-01 -5.619768758397e-01 -5.689033494889e-01
-5.758865132606e-01 -5.829265725853e-01 -5.900237303267e-01
-5.971781866880e-01 -6.043901391233e-01 -6.116597822417e-01
-6.189873077130e-01 -6.263729041696e-01 -6.338167571082e-01
-6.413190487864e-01 -6.488799581222e-01 -6.564996605857e-01
-6.641783280938e-01 -6.719161288993e-01 -6.797132274806e-01
-6.875697844260e-01 -6.954859563193e-01 -7.034618956203e-01
-7.114977505456e-01 -7.195936649443e-01 -7.277497781739e-01
-7.359662249717e-01 -7.442431353259e-01 -7.525806343428e-01
-7.609788421112e-01 -7.694378735662e-01 -7.779578383483e-01
-7.865388406617e-01 -7.951809791282e-01 -8.038843466402e-01
-8.126490302096e-01 -8.214751108146e-01 -8.303626632445e-01
-8.393117559398e-01 -8.483224508310e-01 -8.573948031743e-01
-8.665288613836e-01 -8.757246668603e-01 -8.849822538200e-01
-8.943016491163e-01 -9.036828720598e-01 -9.131259342376e-01
-9.226308393257e-01 -9.321975829010e-01 -9.418261522487e-01
-9.515165261668e-01 -9.612686747673e-01 -9.710825592743e-01
-9.809581318180e-01 -9.908953352263e-01 -1.000894102812e+00
-1.010954358157e+00 -1.021076014893e+00 -1.031258976478e+00
-1.041503135971e+00 -1.051808375801e+00 -1.062174567531e+00
-1.072601571625e+00 -1.083089237202e+00 -1.093637401794e+00
-1.104245891096e+00 -1.114914518713e+00 -1.125643085902e+00
-1.136431381316e+00 -1.147279180734e+00 -1.158186246796e+00
-1.169152328729e+00 -1.180177162072e+00 -1.191260468394e+00
-1.202401955009e+00 -1.213601314691e+00 -1.224858225377e+00
-1.236172349872e+00 -1.247543335546e+00 -1.258970814033e+00
-1.270454400918e+00 -1.281993695424e+00 -1.293588280095e+00
-1.305237720475e+00 -1.316941564778e+00 -1.328699343561e+00
-1.340510569389e+00 -1.352374736495e+00 -1.364291320435e+00
-1.376259777746e+00 -1.388279545589e+00 -1.400350041398e+00
-1.412470662514e+00 -1.424640785827e+00 -1.436859767404e+00
-1.449126942118e+00 -1.461441623272e+00 -1.473803102214e+00
-1.486210647962e+00 -1.498663506804e+00 -1.511160901914e+00
-1.523702032953e+00 -1.536286075668e+00 -1.548912181487e+00
-1.561579477115e+00 -1.574287064120e+00 -1.587034018520e+00
-1.599819390364e+00 -1.612642203307e+00 -1.625501454192e+00
-1.638396112618e+00 -1.651325120508e+00 -1.664287391676e+00
-1.677281811393e+00 -1.690307235943e+00 -1.703362492185e+00
-1.716446377106e+00 -1.729557657375e+00 -1.742695068897e+00
-1.755857316360e+00 -1.769043072783e+00 -1.782250979065e+00
-1.795479643526e+00 -1.808727641457e+00 -1.821993514661e+00
-1.835275770993e+00 -1.848572883908e+00 -1.861883292002e+00
-1.875205398554e+00 -1.888537571071e+00 -1.901878140833e+00
-1.915225402440e+00 -1.928577613355e+00 -1.941932993462e+00
-1.955289724611e+00 -1.968645950175e+00 -1.981999774611e+00
-1.995349263017e+00 -2.008692440703e+00 -2.022027292758e+00
-2.035351763627e+00 -2.048663756692e+00 -2.061961133859e+00
-2.075241715155e+00 -2.088503278324e+00 -2.101743558443e+00
-2.114960247534e+00 -2.128150994196e+00 -2.141313403239e+00
-2.154445035333e+00 -2.167543406666e+00 -2.180605988619e+00
-2.193630207446e+00 -2.206613443973e+00 -2.219553033315e+00
-2.232446264597e+00 -2.245290380707e+00 -2.258082578050e+00
-2.270820006338e+00 -2.283499768381e+00 -2.296118919917e+00
-2.308674469447e+00 -2.321163378105e+00 -2.333582559547e+00
-2.345928879865e+00 -2.358199157529e+00 -2.370390163357e+00
-2.382498620511e+00 -2.394521204532e+00 -2.406454543394e+00
-2.418295217608e+00 -2.430039760343e+00 -2.441684657600e+00
-2.453226348417e+00 -2.464661225109e+00 -2.475985633564e+00
-2.487195873570e+00 -2.498288199192e+00 -2.509258819196e+00
-2.520103897528e+00 -2.530819553833e+00 -2.541401864041e+00
-2.551846860997e+00 -2.562150535158e+00 -2.572308835343e+00
-2.582317669554e+00 -2.592172905853e+00 -2.601870373312e+00
-2.611405863035e+00 -2.620775129246e+00 -2.629973890457e+00
-2.638997830712e+00 -2.647842600916e+00 -2.656503820242e+00
-2.664977077627e+00 -2.673257933359e+00 -2.681341920754e+00
-2.689224547933e+00 -2.696901299690e+00 -2.704367639473e+00
-2.711619011462e+00 -2.718650842759e+00 -2.725458545689e+00
-2.732037520221e+00 -2.738383156502e+00 -2.744490837518e+00
-2.750355941884e+00 -2.755973846755e+00 -2.761339930882e+00
-2.766449577799e+00 -2.771298179156e+00 -2.775881138191e+00
-2.780193873360e+00 -2.784231822113e+00 -2.787990444834e+00
-2.791465228934e+00 -2.794651693120e+00 -2.797545391823e+00
-2.800141919804e+00 -2.802436916942e+00 -2.804426073190e+00
-2.806105133733e+00 -2.807469904321e+00 -2.808516256799e+00
-2.809240134842e+00 -2.809637559876e+00 -2.809704637211e+00
-2.809437562386e+00 -2.808832627712e+00 -2.807886229040e+00
-2.806594872743e+00 -2.804955182916e+00 -2.802963908799e+00
-2.800617932430e+00 -2.797914276520e+00 -2.794850112559e+00
-2.791422769157e+00 -2.787629740613e+00 -2.783468695720e+00
-2.778937486807e+00 -2.774034159012e+00 -2.768756959792e+00
-2.763104348669e+00 -2.757075007204e+00 -2.750667849211e+00
-2.743882031191e+00 -2.736716963003e+00 -2.729172318747e+00
-2.721248047878e+00 -2.712944386521e+00 -2.704261869008e+00
-2.695201339602e+00 -2.685763964429e+00 -2.675951243585e+00
-2.665765023420e+00 -2.655207508993e+00 -2.644281276668e+00
-2.632989286865e+00 -2.621334896917e+00 -2.609321874051e+00
-2.596954408448e+00 -2.584237126387e+00 -2.571175103425e+00
-2.557773877616e+00 -2.544039462727e+00 -2.529978361438e+00
-2.515597578478e+00 -2.500904633692e+00 -2.485907574983e+00
-2.470614991104e+00 -2.455036024267e+00 -2.439180382515e+00
-2.423058351824e+00 -2.406680807889e+00 -2.390059227535e+00
-2.373205699714e+00 -2.356132936024e+00 -2.338854280691e+00
-2.321383719961e+00 -2.303735890820e+00 -2.285926088990e+00
-2.267970276119e+00 -2.249885086080e+00 -2.231687830317e+00
-2.213396502138e+00 -2.195029779862e+00 -2.176607028742e+00
-2.158148301552e+00 -2.139674337734e+00 -2.121206561013e+00
-2.102767075339e+00 -2.084378659076e+00 -2.066064757278e+00
-2.047849471951e+00 -2.029757550161e+00 -2.011814369848e+00
-1.994045923206e+00 -1.976478797496e+00 -1.959140153112e+00
-1.942057698781e+00 -1.925259663709e+00 -1.908774766524e+00
-1.892632180846e+00 -1.876861497312e+00 -1.861492681886e+00
-1.846556030273e+00 -1.832082118260e+00 -1.818101747805e+00
-1.804645888697e+00 -1.791745615594e+00 -1.779432040268e+00
-1.767736238876e+00 -1.756689174077e+00 -1.746321611821e+00
-1.736664032641e+00 -1.727746537294e+00 -1.719598746577e+00
-1.712249695187e+00 -1.705727719489e+00 -1.700060339052e+00
-1.695274131870e+00 -1.691394603154e+00 -1.688446047639e+00
-1.686451405347e+00 -1.685432110783e+00 -1.685407935575e+00
-1.686396824579e+00 -1.688414725524e+00 -1.691475412312e+00
-1.695590302104e+00 -1.700768266402e+00 -1.707015436371e+00
-1.714335002689e+00 -1.722727010309e+00 -1.732188148531e+00
-1.742711536904e+00 -1.754286507516e+00 -1.766898384327e+00
-1.780528260292e+00 -1.795152773093e+00 -1.810743880432e+00
-1.827268635901e+00 -1.844688966596e+00 -1.862961453732e+00
-1.882037117651e+00 -1.901861208748e+00 -1.922373005965e+00
-1.943505624656e+00 -1.965185835756e+00 -1.987333898369e+00
-2.009863407994e+00 -2.032681162822e+00 -2.055687050659e+00
-2.078773959198e+00 -2.101827712541e+00 -2.124727037005e+00
-2.147343559429e+00 -2.169541841327e+00 -2.191179452384e+00
-2.212107086929e+00 -2.232168727137e+00 -2.251201856796e+00
-2.269037729599e+00 -2.285501695931e+00 -2.300413592203e+00
-2.313588196746e+00 -2.324835756253e+00 -2.333962586696e+00
-2.340771752466e+00 -2.345063827371e+00 -2.346637740794e+00
-2.345291712087e+00 -2.340824275807e+00 -2.333035399989e+00
-2.321727699034e+00 -2.306707742170e+00 -2.287787457635e+00
-2.264785631882e+00 -2.237529502056e+00 -2.205856438906e+00
-2.169615715987e+00 -2.128670359614e+00 -2.082899072478e+00
-2.032198222122e+00 -1.976483883642e+00 -1.915693923986e+00
-1.849790113073e+00 -1.778760244719e+00 -1.702620247947e+00
-1.621416266799e+00 -1.535226684146e+00 -1.444164062435e+00
-1.348376971592e+00 -1.248051671704e+00 -1.143413615538e+00
-1.034728733465e+00 -9.223044611532e-01 -8.064904683274e-01
-6.876790452769e-01 -5.663051025376e-01 -4.428457384966e-01
-3.178193296186e-01 -1.917840987269e-01 -6.533611838726e-02 6.089329089981e-02
1.862408041844e-01 3.100150085981e-01 4.315010177564e-01 5.499658007569e-01
6.646642327306e-01 7.748458623863e-01 8.797623786441e-01 9.786757432792e-01
1.070866939490e+00 1.155645267559e+00 1.232358098432e+00 1.300400974318e+00
1.359227922627e+00 1.408361826178e+00 1.447404669040e+00 1.476047454449e+00
1.494079569581e+00 1.501397352579e+00 1.498011601151e+00 1.484053750404e+00
1.459780441649e+00 1.425576205044e+00 1.381953988465e+00 1.329553284307e+00
1.269135636249e+00 1.201577350500e+00 1.127859291486e+00 1.049053710870e+00
9.663081411204e-01 8.808264799935e-01 7.938474988258e-01 7.066211231931e-01
6.203829560067e-01 5.363276361657e-01 4.555817450144e-01 3.791770815794e-01
3.080252183979e-01 2.428943145136e-01 1.843891922830e-01 1.329356714918e-01
8.877009007185e-02 5.193481904577e-02 2.228039612723e-02 -5.253431429167e-04
-1.698106231891e-02 -2.772892949220e-02 -3.352550262305e-02
-3.520757256950e-02 -3.365443705519e-02 -2.974843149956e-02
-2.433581721766e-02 -1.819028755978e-02 -1.198136405191e-02
-6.249790105716e-03 -1.391673440949e-03 2.347419569607e-03 4.867932716900e-03
6.201710882255e-03 6.488572478498e-03 5.946189492476e-03 4.836129264124e-03
3.429393505080e-03 1.974928836121e-03 6.743135011974e-04 -3.348706635002e-04
-9.855480099180e-04 -1.277448586271e-03 -1.264530160107e-03
-1.036137362664e-03 -6.954140324457e-04 -3.388056285914e-04
-4.011737241000e-05 1.584476811941e-04 2.473819375771e-04 2.439230255489e-04
1.813802030410e-04 9.695200976984e-05 0.000000000000e+00 0.000000000000e+00
0.000000000000e+00 0.000000000000e+00 0.000000000000e+00 0.000000000000e+00
0.000000000000e+00 0.000000000000e+00 0.000000000000e+00 0.000000000000e+00
0.000000000000e+00 0.000000000000e+00 0.000000000000e+00 0.000000000000e+00
0.000000000000e+00 0.000000000000e+00 0.000000000000e+00 0.000000000000e+00
0.000000000000e+00 0.000000000000e+00 0.000000000000e+00 0.000000000000e+00
0.000000000000e+00 0.000000000000e+00 0.000000000000e+00 0.000000000000e+00
0.000000000000e+00 0.000000000000e+00 0.000000000000e+00 0.000000000000e+00
0.000000000000e+00 0.000000000000e+00 0.000000000000e+00 0.000000000000e+00
0.000000000000e+00 0.000000000000e+00 0.000000000000e+00 0.000000000000e+00
0.000000000000e+00 0.000000000000e+00 0.000000000000e+00 0.000000000000e+00
0.000000000000e+00 0.000000000000e+00 0.000000000000e+00 0.000000000000e+00
0.000000000000e+00 0.000000000000e+00 0.000000000000e+00 0.000000000000e+00
0.000000000000e+00 0.000000000000e+00 0.000000000000e+00 0.000000000000e+00
0.000000000000e+00 0.000000000000e+00 0.000000000000e+00 0.000000000000e+00
0.000000000000e+00 0.000000000000e+00 0.000000000000e+00 0.000000000000e+00
0.000000000000e+00
  </projector_function>
  <kinetic_energy_differences>
     1.395870013200e+00 0.000000000000e+00 0.000000000000e+00
-2.167098469846e+00 0.000000000000e+00 0.000000000000e+00
     0.000000000000e+00 5.179518849475e-01 0.000000000000e+00
0.000000000000e+00 -5.183489397347e-01 0.000000000000e+00
     0.000000000000e+00 0.000000000000e+00 7.095754575708e+00
0.000000000000e+00 0.000000000000e+00 -1.067841203861e+01
     -2.167098469846e+00 0.000000000000e+00 0.000000000000e+00
1.199186480702e+00 0.000000000000e+00 0.000000000000e+00
     0.000000000000e+00 -5.183489397347e-01 0.000000000000e+00
0.000000000000e+00 3.827907335483e-01 0.000000000000e+00
     0.000000000000e+00 0.000000000000e+00 -1.067841203861e+01
0.000000000000e+00 0.000000000000e+00 1.607087732883e+01
  </kinetic_energy_differences>
  <exact_exchange_X_matrix>
     5.829370710774e-02 0.000000000000e+00 0.000000000000e+00
0.000000000000e+00 0.000000000000e+00 0.000000000000e+00 -6.505213034913e-19
0.000000000000e+00 0.000000000000e+00 -1.221669365247e-01 0.000000000000e+00
0.000000000000e+00 0.000000000000e+00 0.000000000000e+00 0.000000000000e+00
1.301042606983e-18 0.000000000000e+00 0.000000000000e+00 2.291842007391e-02
0.000000000000e+00 0.000000000000e+00 0.000000000000e+00 0.000000000000e+00
0.000000000000e+00 0.000000000000e+00 0.000000000000e+00 0.000000000000e+00
-3.182813223681e-02 0.000000000000e+00 0.000000000000e+00 0.000000000000e+00
0.000000000000e+00 0.000000000000e+00 0.000000000000e+00 0.000000000000e+00
2.291842007391e-02 0.000000000000e+00 0.000000000000e+00 0.000000000000e+00
0.000000000000e+00 0.000000000000e+00 0.000000000000e+00 0.000000000000e+00
0.000000000000e+00 -3.182813223681e-02 0.000000000000e+00 0.000000000000e+00
0.000000000000e+00 0.000000000000e+00 0.000000000000e+00 0.000000000000e+00
2.291842007391e-02 0.000000000000e+00 0.000000000000e+00 0.000000000000e+00
0.000000000000e+00 0.000000000000e+00 0.000000000000e+00 0.000000000000e+00
0.000000000000e+00 -3.182813223681e-02 0.000000000000e+00 0.000000000000e+00
0.000000000000e+00 0.000000000000e+00 0.000000000000e+00 4.717339082230e-01
0.000000000000e+00 0.000000000000e+00 0.000000000000e+00 0.000000000000e+00
0.000000000000e+00 0.000000000000e+00 0.000000000000e+00 0.000000000000e+00
-6.103455444305e-01 0.000000000000e+00 0.000000000000e+00 0.000000000000e+00
0.000000000000e+00 4.717339082230e-01 0.000000000000e+00 0.000000000000e+00
0.000000000000e+00 0.000000000000e+00 0.000000000000e+00 0.000000000000e+00
0.000000000000e+00 0.000000000000e+00 -6.103455444305e-01 0.000000000000e+00
0.000000000000e+00 0.000000000000e+00 4.717339082230e-01 0.000000000000e+00
-1.846525562488e-19 8.673617379884e-19 0.000000000000e+00 0.000000000000e+00
0.000000000000e+00 0.000000000000e+00 0.000000000000e+00 -6.103455444305e-01
0.000000000000e+00 -1.462612308976e-19 4.717339082230e-01 0.000000000000e+00
0.000000000000e+00 0.000000000000e+00 0.000000000000e+00 0.000000000000e+00
0.000000000000e+00 0.000000000000e+00 0.000000000000e+00 -6.103455444305e-01
0.000000000000e+00 4.717339082230e-01 0.000000000000e+00 0.000000000000e+00
0.000000000000e+00 0.000000000000e+00 0.000000000000e+00 0.000000000000e+00
-1.462612308976e-19 0.000000000000e+00 -6.103455444305e-01 3.291273336806e-01
0.000000000000e+00 0.000000000000e+00 0.000000000000e+00 0.000000000000e+00
0.000000000000e+00 -1.734723475977e-18 0.000000000000e+00 0.000000000000e+00
5.812436358556e-02 0.000000000000e+00 0.000000000000e+00 0.000000000000e+00
0.000000000000e+00 0.000000000000e+00 0.000000000000e+00 0.000000000000e+00
5.812436358556e-02 0.000000000000e+00 0.000000000000e+00 0.000000000000e+00
0.000000000000e+00 0.000000000000e+00 0.000000000000e+00 5.812436358556e-02
0.000000000000e+00 0.000000000000e+00 0.000000000000e+00 0.000000000000e+00
0.000000000000e+00 8.151305919446e-01 0.000000000000e+00 0.000000000000e+00
0.000000000000e+00 0.000000000000e+00 8.151305919446e-01 0.000000000000e+00
0.000000000000e+00 0.000000000000e+00 8.151305919446e-01 0.000000000000e+00
6.684756092279e-19 8.151305919446e-01 0.000000000000e+00 8.151305919446e-01
  </exact_exchange_X_matrix>
  <exact_exchange core-core="-138.209645"/> </paw_setup>

                                                                            ()
