()                                                                          ()

#    UCD geometry file from Gridgen 15.18R1, a product of Pointwise, Inc.  #
17-Dec-12   11:09:07 # 3251 3200 0 0 0 1   -1.000000000e+00   0.000000000e+00
0.000000000e+00 2    0.000000000e+00   6.123233996e-17   1.000000000e+00 3
0.000000000e+00   1.000000000e+00   0.000000000e+00 4   -9.995059366e-01
1.924569183e-18   3.143059998e-02 5   -9.980267962e-01   3.844744506e-18
6.278944277e-02 6   -9.955649523e-01   5.760536555e-18   9.407670128e-02 7
-9.921198670e-01   7.671942932e-18   1.252923363e-01 8   -9.876891671e-01
9.578528818e-18   1.564292468e-01 9   -9.822870094e-01   1.147387380e-17
1.873825794e-01 10   -9.759222233e-01   1.335592496e-17   2.181188073e-01 11
-9.685964073e-01   1.522470435e-17   2.486382909e-01 12   -9.603083143e-01
1.708019477e-17   2.789407490e-01 13   -9.510588098e-01   1.892140143e-17
3.090099356e-01 14   -9.408817207e-01   2.074155361e-17   3.387352765e-01 15
-9.297874630e-01   2.253943001e-17   3.680968264e-01 16   -9.177774488e-01
2.431506494e-17   3.970951453e-01 17   -9.048503784e-01   2.606842681e-17
4.257297178e-01 18   -8.910085207e-01   2.779866069e-17   4.539865814e-01 19
-8.763036763e-01   2.949923931e-17   4.817591378e-01 20   -8.607514785e-01
3.116881841e-17   5.090254337e-01 21   -8.443535392e-01   3.280745696e-17
5.357864322e-01 22   -8.271089652e-01   3.441512229e-17   5.620415996e-01 23
-8.090171784e-01   3.599145088e-17   5.877849990e-01 24   -7.901411305e-01
3.753082888e-17   6.129249496e-01 25   -7.705112438e-01   3.903111039e-17
6.374264060e-01 26   -7.501294560e-01   4.049239590e-17   6.612910095e-01 27
-7.289954763e-01   4.191467033e-17   6.845185136e-01 28   -7.071067812e-01
4.329780281e-17   7.071067812e-01 29   -6.845185136e-01   4.463809883e-17
7.289954763e-01 30   -6.612910095e-01   4.593218186e-17   7.501294560e-01 31
-6.374264060e-01   4.718020642e-17   7.705112438e-01 32   -6.129249496e-01
4.838219032e-17   7.901411305e-01 33   -5.877849990e-01   4.953801490e-17
8.090171784e-01 34   -5.620415996e-01   5.064581734e-17   8.271089652e-01 35
-5.357864322e-01   5.170174295e-17   8.443535392e-01 36   -5.090254337e-01
5.270582715e-17   8.607514785e-01 37   -4.817591378e-01   5.365812461e-17
8.763036763e-01 38   -4.539865814e-01   5.455853664e-17   8.910085207e-01 39
-4.257297178e-01   5.540610598e-17   9.048503784e-01 40   -3.970951453e-01
5.619766075e-17   9.177774488e-01 41   -3.680968264e-01   5.693306202e-17
9.297874630e-01 42   -3.387352765e-01   5.761238938e-17   9.408817207e-01 43
-3.090099356e-01   5.823555636e-17   9.510588098e-01 44   -2.789407490e-01
5.880192517e-17   9.603083143e-01 45   -2.486382909e-01   5.930942450e-17
9.685964073e-01 46   -2.181188073e-01   5.975800135e-17   9.759222233e-01 47
-1.873825794e-01   6.014773210e-17   9.822870094e-01 48   -1.564292468e-01
6.047851885e-17   9.876891671e-01 49   -1.252923363e-01   6.074982097e-17
9.921198670e-01 50   -9.407670128e-02   6.096077161e-17   9.955649523e-01 51
-6.278944277e-02   6.111151607e-17   9.980267962e-01 52   -3.143059998e-02
6.120208730e-17   9.995059366e-01 53   -9.995059366e-01   3.143059998e-02
0.000000000e+00 54   -9.980267962e-01   6.278944277e-02   0.000000000e+00 55
-9.955649523e-01   9.407670128e-02   0.000000000e+00 56   -9.921198670e-01
1.252923363e-01   0.000000000e+00 57   -9.876891671e-01   1.564292468e-01
0.000000000e+00 58   -9.822870094e-01   1.873825794e-01   0.000000000e+00 59
-9.759222233e-01   2.181188073e-01   0.000000000e+00 60   -9.685964073e-01
2.486382909e-01   0.000000000e+00 61   -9.603083143e-01   2.789407490e-01
0.000000000e+00 62   -9.510588098e-01   3.090099356e-01   0.000000000e+00 63
-9.408817207e-01   3.387352765e-01   0.000000000e+00 64   -9.297874630e-01
3.680968264e-01   0.000000000e+00 65   -9.177774488e-01   3.970951453e-01
0.000000000e+00 66   -9.048503784e-01   4.257297178e-01   0.000000000e+00 67
-8.910085207e-01   4.539865814e-01   0.000000000e+00 68   -8.763036763e-01
4.817591378e-01   0.000000000e+00 69   -8.607514785e-01   5.090254337e-01
0.000000000e+00 70   -8.443535392e-01   5.357864322e-01   0.000000000e+00 71
-8.271089652e-01   5.620415996e-01   0.000000000e+00 72   -8.090171784e-01
5.877849990e-01   0.000000000e+00 73   -7.901411305e-01   6.129249496e-01
0.000000000e+00 74   -7.705112438e-01   6.374264060e-01   0.000000000e+00 75
-7.501294560e-01   6.612910095e-01   0.000000000e+00 76   -7.289954763e-01
6.845185136e-01   0.000000000e+00 77   -7.071067812e-01   7.071067812e-01
0.000000000e+00 78   -6.845185136e-01   7.289954763e-01   0.000000000e+00 79
-6.612910095e-01   7.501294560e-01   0.000000000e+00 80   -6.374264060e-01
7.705112438e-01   0.000000000e+00 81   -6.129249496e-01   7.901411305e-01
0.000000000e+00 82   -5.877849990e-01   8.090171784e-01   0.000000000e+00 83
-5.620415996e-01   8.271089652e-01   0.000000000e+00 84   -5.357864322e-01
8.443535392e-01   0.000000000e+00 85   -5.090254337e-01   8.607514785e-01
0.000000000e+00 86   -4.817591378e-01   8.763036763e-01   0.000000000e+00 87
-4.539865814e-01   8.910085207e-01   0.000000000e+00 88   -4.257297178e-01
9.048503784e-01   0.000000000e+00 89   -3.970951453e-01   9.177774488e-01
0.000000000e+00 90   -3.680968264e-01   9.297874630e-01   0.000000000e+00 91
-3.387352765e-01   9.408817207e-01   0.000000000e+00 92   -3.090099356e-01
9.510588098e-01   0.000000000e+00 93   -2.789407490e-01   9.603083143e-01
0.000000000e+00 94   -2.486382909e-01   9.685964073e-01   0.000000000e+00 95
-2.181188073e-01   9.759222233e-01   0.000000000e+00 96   -1.873825794e-01
9.822870094e-01   0.000000000e+00 97   -1.564292468e-01   9.876891671e-01
0.000000000e+00 98   -1.252923363e-01   9.921198670e-01   0.000000000e+00 99
-9.407670128e-02   9.955649523e-01   0.000000000e+00 100   -6.278944277e-02
9.980267962e-01   0.000000000e+00 101   -3.143059998e-02   9.995059366e-01
0.000000000e+00 102    0.000000000e+00   9.996988187e-01   2.454122852e-02 103
0.000000000e+00   9.987954562e-01   4.906767433e-02 104    0.000000000e+00
9.972904567e-01   7.356456360e-02 105    0.000000000e+00   9.951847267e-01
9.801714033e-02 106    0.000000000e+00   9.924795346e-01   1.224106752e-01 107
0.000000000e+00   9.891765100e-01   1.467304745e-01 108    0.000000000e+00
9.852776424e-01   1.709618888e-01 109    0.000000000e+00   9.807852804e-01
1.950903220e-01 110    0.000000000e+00   9.757021300e-01   2.191012402e-01 111
0.000000000e+00   9.700312532e-01   2.429801799e-01 112    0.000000000e+00
9.637760658e-01   2.667127575e-01 113    0.000000000e+00   9.569403357e-01
2.902846773e-01 114    0.000000000e+00   9.495281806e-01   3.136817404e-01 115
0.000000000e+00   9.415440652e-01   3.368898534e-01 116    0.000000000e+00
9.329927988e-01   3.598950365e-01 117    0.000000000e+00   9.238795325e-01
3.826834324e-01 118    0.000000000e+00   9.142097557e-01   4.052413140e-01 119
0.000000000e+00   9.039892931e-01   4.275550934e-01 120    0.000000000e+00
8.932243012e-01   4.496113297e-01 121    0.000000000e+00   8.819212643e-01
4.713967368e-01 122    0.000000000e+00   8.700869911e-01   4.928981922e-01 123
0.000000000e+00   8.577286100e-01   5.141027442e-01 124    0.000000000e+00
8.448535652e-01   5.349976199e-01 125    0.000000000e+00   8.314696123e-01
5.555702330e-01 126    0.000000000e+00   8.175848132e-01   5.758081914e-01 127
0.000000000e+00   8.032075315e-01   5.956993045e-01 128    0.000000000e+00
7.883464276e-01   6.152315906e-01 129    0.000000000e+00   7.730104534e-01
6.343932842e-01 130    0.000000000e+00   7.572088465e-01   6.531728430e-01 131
0.000000000e+00   7.409511254e-01   6.715589548e-01 132    0.000000000e+00
7.242470830e-01   6.895405447e-01 133    0.000000000e+00   7.071067812e-01
7.071067812e-01 134    0.000000000e+00   6.895405447e-01   7.242470830e-01 135
0.000000000e+00   6.715589548e-01   7.409511254e-01 136    0.000000000e+00
6.531728430e-01   7.572088465e-01 137    0.000000000e+00   6.343932842e-01
7.730104534e-01 138    0.000000000e+00   6.152315906e-01   7.883464276e-01 139
0.000000000e+00   5.956993045e-01   8.032075315e-01 140    0.000000000e+00
5.758081914e-01   8.175848132e-01 141    0.000000000e+00   5.555702330e-01
8.314696123e-01 142    0.000000000e+00   5.349976199e-01   8.448535652e-01 143
0.000000000e+00   5.141027442e-01   8.577286100e-01 144    0.000000000e+00
4.928981922e-01   8.700869911e-01 145    0.000000000e+00   4.713967368e-01
8.819212643e-01 146    0.000000000e+00   4.496113297e-01   8.932243012e-01 147
0.000000000e+00   4.275550934e-01   9.039892931e-01 148    0.000000000e+00
4.052413140e-01   9.142097557e-01 149    0.000000000e+00   3.826834324e-01
9.238795325e-01 150    0.000000000e+00   3.598950365e-01   9.329927988e-01 151
0.000000000e+00   3.368898534e-01   9.415440652e-01 152    0.000000000e+00
3.136817404e-01   9.495281806e-01 153    0.000000000e+00   2.902846773e-01
9.569403357e-01 154    0.000000000e+00   2.667127575e-01   9.637760658e-01 155
0.000000000e+00   2.429801799e-01   9.700312532e-01 156    0.000000000e+00
2.191012402e-01   9.757021300e-01 157    0.000000000e+00   1.950903220e-01
9.807852804e-01 158    0.000000000e+00   1.709618888e-01   9.852776424e-01 159
0.000000000e+00   1.467304745e-01   9.891765100e-01 160    0.000000000e+00
1.224106752e-01   9.924795346e-01 161    0.000000000e+00   9.801714033e-02
9.951847267e-01 162    0.000000000e+00   7.356456360e-02   9.972904567e-01 163
0.000000000e+00   4.906767433e-02   9.987954562e-01 164    0.000000000e+00
2.454122852e-02   9.996988187e-01 165   -9.995059366e-01   3.142113367e-02
7.713455367e-04 166   -9.980267962e-01   6.277053177e-02   1.540930064e-03 167
-9.955649523e-01   9.404836714e-02   2.308757825e-03 168   -9.921198670e-01
1.252546006e-01   3.074827858e-03 169   -9.876891671e-01   1.563821332e-01
3.838965893e-03 170   -9.822870094e-01   1.873261433e-01   4.598598702e-03 171
-9.759222233e-01   2.180531139e-01   5.352903494e-03 172   -9.685964073e-01
2.485634057e-01   6.101889116e-03 173   -9.603083143e-01   2.788567373e-01
6.845548665e-03 174   -9.510588098e-01   3.089168676e-01   7.583483446e-03 175
-9.408817207e-01   3.386332558e-01   8.312979831e-03 176   -9.297874630e-01
3.679859625e-01   9.033548336e-03 177   -9.177774488e-01   3.969755477e-01
9.745202707e-03 178   -9.048503784e-01   4.256014960e-01   1.044793029e-02 179
-8.910085207e-01   4.538498492e-01   1.114138844e-02 180   -8.763036763e-01
4.816140410e-01   1.182296109e-02 181   -8.607514785e-01   5.088721248e-01
1.249210949e-02 182   -8.443535392e-01   5.356250633e-01   1.314885727e-02 183
-8.271089652e-01   5.618723231e-01   1.379319133e-02 184   -8.090171784e-01
5.876079692e-01   1.442496598e-02 185   -7.901411305e-01   6.127403481e-01
1.504193126e-02 186   -7.705112438e-01   6.372344251e-01   1.564322710e-02 187
-7.501294560e-01   6.610918410e-01   1.622889378e-02 188   -7.289954763e-01
6.843123495e-01   1.679892527e-02 189   -7.071067812e-01   7.068938138e-01
1.735326911e-02 190   -6.845185136e-01   7.287759165e-01   1.789044458e-02 191
-6.612910095e-01   7.499035311e-01   1.840909840e-02 192   -6.374264060e-01
7.702791803e-01   1.890929251e-02 193   -6.129249496e-01   7.899031548e-01
1.939103405e-02 194   -5.877849990e-01   8.087735175e-01   1.985427545e-02 195
-5.620415996e-01   8.268598555e-01   2.029827013e-02 196   -5.357864322e-01
8.440992357e-01   2.072147316e-02 197   -5.090254337e-01   8.604922363e-01
2.112389874e-02 198   -4.817591378e-01   8.760397500e-01   2.150556878e-02 199
-4.539865814e-01   8.907401655e-01   2.186644372e-02 200   -4.257297178e-01
9.045778544e-01   2.220613992e-02 201   -3.970951453e-01   9.175010314e-01
2.252338610e-02 202   -3.680968264e-01   9.295074284e-01   2.281812661e-02 203
-3.387352765e-01   9.405983448e-01   2.309039332e-02 204   -3.090099356e-01
9.507723687e-01   2.334015159e-02 205   -2.789407490e-01   9.600190874e-01
2.356714579e-02 206   -2.486382909e-01   9.683046842e-01   2.377054578e-02 207
-2.181188073e-01   9.756282938e-01   2.395033030e-02 208   -1.873825794e-01
9.819911630e-01   2.410652997e-02 209   -1.564292468e-01   9.873916936e-01
2.423910556e-02 210   -1.252923363e-01   9.918210590e-01   2.434784038e-02 211
-9.407670128e-02   9.952651068e-01   2.443238700e-02 212   -6.278944277e-02
9.977262092e-01   2.449280368e-02 213   -3.143059998e-02   9.992049041e-01
2.452910360e-02 214   -9.995059366e-01   3.139274045e-02   1.542226444e-03 215
-9.980267962e-01   6.271381014e-02   3.080931929e-03 216   -9.955649523e-01
9.396338178e-02   4.616124940e-03 217   -9.921198670e-01   1.251414162e-01
6.147803554e-03 218   -9.876891671e-01   1.562408209e-01   7.675619336e-03 219
-9.822870094e-01   1.871568689e-01   9.194427381e-03 220   -9.759222233e-01
2.178560736e-01   1.070258260e-02 221   -9.685964073e-01   2.483387952e-01
1.220010268e-02 222   -9.603083143e-01   2.786047526e-01   1.368697383e-02 223
-9.510588098e-01   3.086377196e-01   1.516239888e-02 224   -9.408817207e-01
3.383272551e-01   1.662095223e-02 225   -9.297874630e-01   3.676534377e-01
1.806165520e-02 226   -9.177774488e-01   3.966168269e-01   1.948453527e-02 227
-9.048503784e-01   4.252169077e-01   2.088956715e-02 228   -8.910085207e-01
4.534397347e-01   2.227606573e-02 229   -8.763036763e-01   4.811788379e-01
2.363880048e-02 230   -8.607514785e-01   5.084122903e-01   2.497669421e-02 231
-8.443535392e-01   5.351410539e-01   2.628979416e-02 232   -8.271089652e-01
5.613645958e-01   2.757807417e-02 233   -8.090171784e-01   5.870769863e-01
2.884124291e-02 234   -7.901411305e-01   6.121866547e-01   3.007480182e-02 235
-7.705112438e-01   6.366585980e-01   3.127703130e-02 236   -7.501294560e-01
6.604944555e-01   3.244801189e-02 237   -7.289954763e-01   6.836939811e-01
3.358773150e-02 238   -7.071067812e-01   7.062550401e-01   3.469608525e-02 239
-6.845185136e-01   7.281173693e-01   3.577011262e-02 240   -6.612910095e-01
7.492258922e-01   3.680710785e-02 241   -6.374264060e-01   7.695831293e-01
3.780719478e-02 242   -6.129249496e-01   7.891893709e-01   3.877038766e-02 243
-5.877849990e-01   8.080426818e-01   3.969659143e-02 244   -5.620415996e-01
8.261126763e-01   4.058431334e-02 245   -5.357864322e-01   8.433364784e-01
4.143046448e-02 246   -5.090254337e-01   8.597146657e-01   4.223507323e-02 247
-4.817591378e-01   8.752481302e-01   4.299818340e-02 248   -4.539865814e-01
8.899352619e-01   4.371971591e-02 249   -4.257297178e-01   9.037604465e-01
4.439890368e-02 250   -3.970951453e-01   9.166719457e-01   4.503320496e-02 251
-3.680968264e-01   9.286674933e-01   4.562250843e-02 252   -3.387352765e-01
9.397483875e-01   4.616687785e-02 253   -3.090099356e-01   9.499132178e-01
4.666624395e-02 254   -2.789407490e-01   9.591515809e-01   4.712009562e-02 255
-2.486382909e-01   9.674296905e-01   4.752677307e-02 256   -2.181188073e-01
9.747466822e-01   4.788623382e-02 257   -1.873825794e-01   9.811038017e-01
4.819853908e-02 258   -1.564292468e-01   9.864994522e-01   4.846361039e-02 259
-1.252923363e-01   9.909248152e-01   4.868101453e-02 260   -9.407670128e-02
9.943657507e-01   4.885005685e-02 261   -6.278944277e-02   9.968246292e-01
4.897085380e-02 262   -3.143059998e-02   9.983019880e-01   4.904343179e-02 263
-9.995059366e-01   3.134543741e-02   2.312178371e-03 264   -9.980267962e-01
6.261931206e-02   4.619077956e-03 265   -9.955649523e-01   9.382179639e-02
6.920711475e-03 266   -9.921198670e-01   1.249528513e-01   9.217076044e-03 267
-9.876891671e-01   1.560053950e-01   1.150764927e-02 268   -9.822870094e-01
1.868748582e-01   1.378471768e-02 269   -9.759222233e-01   2.175278049e-01
1.604581487e-02 270   -9.685964073e-01   2.479645947e-01   1.829096736e-02 271
-9.603083143e-01   2.781849469e-01   2.052015447e-02 272   -9.510588098e-01
3.081726598e-01   2.273218106e-02 273   -9.408817207e-01   3.378174586e-01
2.491891280e-02 274   -9.297874630e-01   3.670994521e-01   2.707888240e-02 275
-9.177774488e-01   3.960191988e-01   2.921213107e-02 276   -9.048503784e-01
4.245761847e-01   3.131862090e-02 277   -8.910085207e-01   4.527564851e-01
3.339732474e-02 278   -8.763036763e-01   4.804537906e-01   3.544040074e-02 279
-8.607514785e-01   5.076462073e-01   3.744623389e-02 280   -8.443535392e-01
5.343346956e-01   3.941489506e-02 281   -8.271089652e-01   5.605187235e-01
4.134634500e-02 282   -8.090171784e-01   5.861923701e-01   4.324014694e-02 283
-7.901411305e-01   6.112642029e-01   4.508955644e-02 284   -7.705112438e-01
6.356992716e-01   4.689199539e-02 285   -7.501294560e-01   6.594992128e-01
4.864758452e-02 286   -7.289954763e-01   6.826637811e-01   5.035630573e-02 287
-7.071067812e-01   7.051908447e-01   5.201800178e-02 288   -6.845185136e-01
7.270202315e-01   5.362823408e-02 289   -6.612910095e-01   7.480969478e-01
5.518294608e-02 290   -6.374264060e-01   7.684235102e-01   5.668232340e-02 291
-6.129249496e-01   7.880002089e-01   5.812638745e-02 292   -5.877849990e-01
8.068251113e-01   5.951499567e-02 293   -5.620415996e-01   8.248678777e-01
6.084591008e-02 294   -5.357864322e-01   8.420657267e-01   6.211449963e-02 295
-5.090254337e-01   8.584192351e-01   6.332080689e-02 296   -4.817591378e-01
8.739292935e-01   6.446489753e-02 297   -4.539865814e-01   8.885942945e-01
6.554665299e-02 298   -4.257297178e-01   9.023986471e-01   6.656492321e-02 299
-3.970951453e-01   9.152906911e-01   6.751589750e-02 300   -3.680968264e-01
9.272681636e-01   6.839940896e-02 301   -3.387352765e-01   9.383323610e-01
6.921555319e-02 302   -3.090099356e-01   9.484818748e-01   6.996422630e-02 303
-2.789407490e-01   9.577063173e-01   7.064466206e-02 304   -2.486382909e-01
9.659719534e-01   7.125437201e-02 305   -2.181188073e-01   9.732779198e-01
7.179329246e-02 306   -1.873825794e-01   9.796254602e-01   7.226151518e-02 307
-1.564292468e-01   9.850129805e-01   7.265892255e-02 308   -1.252923363e-01
9.894316752e-01   7.298486505e-02 309   -9.407670128e-02   9.928674259e-01
7.323830125e-02 310   -6.278944277e-02   9.953225993e-01   7.341940572e-02 311
-3.143059998e-02   9.967977320e-01   7.352821804e-02 312   -9.995059366e-01
3.127925305e-02   3.080737529e-03 313   -9.980267962e-01   6.248709444e-02
6.154441623e-03 314   -9.955649523e-01   9.362369625e-02   9.221129232e-03 315
-9.921198670e-01   1.246890195e-01   1.228079651e-02 316   -9.876891671e-01
1.556759972e-01   1.533274743e-02 317   -9.822870094e-01   1.864802811e-01
1.836670458e-02 318   -9.759222233e-01   2.170685056e-01   2.137938174e-02 319
-9.685964073e-01   2.474410296e-01   2.437081425e-02 320   -9.603083143e-01
2.775975730e-01   2.734097454e-02 321   -9.510588098e-01   3.075219683e-01
3.028827022e-02 322   -9.408817207e-01   3.371041736e-01   3.320186314e-02 323
-9.297874630e-01   3.663243396e-01   3.607979829e-02 324   -9.177774488e-01
3.951830237e-01   3.892213059e-02 325   -9.048503784e-01   4.236797129e-01
4.172880949e-02 326   -8.910085207e-01   4.518005120e-01   4.449846646e-02 327
-8.763036763e-01   4.794393359e-01   4.722065302e-02 328   -8.607514785e-01
5.065743371e-01   4.989321737e-02 329   -8.443535392e-01   5.332064740e-01
5.251625391e-02 330   -8.271089652e-01   5.593352156e-01   5.508971034e-02 331
-8.090171784e-01   5.849546536e-01   5.761300473e-02 332   -7.901411305e-01
6.099735485e-01   6.007715080e-02 333   -7.705112438e-01   6.343570237e-01
6.247871349e-02 334   -7.501294560e-01   6.581067125e-01   6.481785367e-02 335
-7.289954763e-01   6.812223699e-01   6.709454721e-02 336   -7.071067812e-01
7.037018688e-01   6.930858460e-02 337   -6.845185136e-01   7.254851638e-01
7.145405190e-02 338   -6.612910095e-01   7.465173777e-01   7.352554416e-02 339
-6.374264060e-01   7.668010216e-01   7.552330871e-02 340   -6.129249496e-01
7.863363850e-01   7.744737407e-02 341   -5.877849990e-01   8.051215395e-01
7.929755030e-02 342   -5.620415996e-01   8.231262095e-01   8.107085551e-02 343
-5.357864322e-01   8.402877461e-01   8.276111934e-02 344   -5.090254337e-01
8.566067249e-01   8.436839846e-02 345   -4.817591378e-01   8.720840346e-01
8.589278041e-02 346   -4.539865814e-01   8.867180711e-01   8.733410720e-02 347
-4.257297178e-01   9.004932765e-01   8.869084652e-02 348   -3.970951453e-01
9.133580995e-01   8.995792099e-02 349   -3.680968264e-01   9.253102822e-01
9.113510824e-02 350   -3.387352765e-01   9.363511181e-01   9.222253566e-02 351
-3.090099356e-01   9.464792017e-01   9.322006482e-02 352   -2.789407490e-01
9.556841673e-01   9.412667480e-02 353   -2.486382909e-01   9.639323509e-01
9.493904998e-02 354   -2.181188073e-01   9.712228910e-01   9.565710551e-02 355
-1.873825794e-01   9.775570290e-01   9.628096365e-02 356   -1.564292468e-01
9.829331738e-01   9.681046769e-02 357   -1.252923363e-01   9.873425386e-01
9.724475223e-02 358   -9.407670128e-02   9.907710350e-01   9.758242964e-02 359
-6.278944277e-02   9.932210244e-01   9.782373253e-02 360   -3.143059998e-02
9.946930424e-01   9.796871365e-02 361   -9.995059366e-01   3.119422724e-02
3.847440966e-03 362   -9.980267962e-01   6.231723694e-02   7.686098085e-03 363
-9.955649523e-01   9.336920071e-02   1.151599252e-02 364   -9.921198670e-01
1.243500796e-01   1.533711949e-02 365   -9.876891671e-01   1.552528260e-01
1.914860972e-02 366   -9.822870094e-01   1.859733752e-01   2.293762807e-02 367
-9.759222233e-01   2.164784523e-01   2.670007047e-02 368   -9.685964073e-01
2.467684152e-01   3.043598107e-02 369   -9.603083143e-01   2.768429847e-01
3.414532542e-02 370   -9.510588098e-01   3.066860371e-01   3.782611486e-02 371
-9.408817207e-01   3.361878296e-01   4.146481392e-02 372   -9.297874630e-01
3.653285670e-01   4.505898106e-02 373   -9.177774488e-01   3.941088050e-01
4.860868486e-02 374   -9.048503784e-01   4.225280322e-01   5.211386221e-02 375
-8.910085207e-01   4.505723911e-01   5.557280396e-02 376   -8.763036763e-01
4.781360849e-01   5.897246135e-02 377   -8.607514785e-01   5.051973256e-01
6.231014704e-02 378   -8.443535392e-01   5.317570688e-01   6.558597892e-02 379
-8.271089652e-01   5.578147852e-01   6.879989169e-02 380   -8.090171784e-01
5.833645823e-01   7.195115860e-02 381   -7.901411305e-01   6.083154687e-01
7.502855693e-02 382   -7.705112438e-01   6.326326628e-01   7.802779675e-02 383
-7.501294560e-01   6.563177933e-01   8.094907897e-02 384   -7.289954763e-01
6.793706158e-01   8.379237344e-02 385   -7.071067812e-01   7.017890091e-01
8.655741852e-02 386   -6.845185136e-01   7.235130911e-01   8.923682847e-02 387
-6.612910095e-01   7.444881334e-01   9.182385320e-02 388   -6.374264060e-01
7.647166407e-01   9.431880161e-02 389   -6.129249496e-01   7.841989015e-01
9.672170929e-02 390   -5.877849990e-01   8.029329927e-01   9.903233905e-02 391
-5.620415996e-01   8.208887209e-01   1.012469669e-01 392   -5.357864322e-01
8.380036076e-01   1.033578868e-01 393   -5.090254337e-01   8.542782268e-01
1.053651697e-01 394   -4.817591378e-01   8.697134648e-01   1.072689247e-01 395
-4.539865814e-01   8.843077219e-01   1.090689546e-01 396   -4.257297178e-01
8.980454825e-01   1.107633458e-01 397   -3.970951453e-01   9.108753353e-01
1.123457572e-01 398   -3.680968264e-01   9.227950286e-01   1.138159111e-01 399
-3.387352765e-01   9.338058523e-01   1.151739667e-01 400   -3.090099356e-01
9.439064049e-01   1.164197511e-01 401   -2.789407490e-01   9.530863489e-01
1.175519892e-01 402   -2.486382909e-01   9.613121116e-01   1.185665402e-01 403
-2.181188073e-01   9.685828340e-01   1.194632983e-01 404   -1.873825794e-01
9.748997540e-01   1.202424161e-01 405   -1.564292468e-01   9.802612849e-01
1.209036978e-01 406   -1.252923363e-01   9.846586638e-01   1.214460628e-01 407
-9.407670128e-02   9.880778405e-01   1.218677780e-01 408   -6.278944277e-02
9.905211702e-01   1.221691340e-01 409   -3.143059998e-02   9.919891868e-01
1.223501966e-01 410   -9.995059366e-01   3.109041120e-02   4.611826848e-03 411
-9.980267962e-01   6.210984186e-02   9.213124729e-03 412   -9.955649523e-01
9.305846305e-02   1.380391901e-02 413   -9.921198670e-01   1.239362360e-01
1.838420395e-02 414   -9.876891671e-01   1.547361364e-01   2.295293760e-02 415
-9.822870094e-01   1.853544459e-01   2.749473478e-02 416   -9.759222233e-01
2.157580005e-01   3.200467608e-02 417   -9.685964073e-01   2.459471568e-01
3.648281439e-02 418   -9.603083143e-01   2.759216366e-01   4.092910844e-02 419
-9.510588098e-01   3.056653697e-01   4.534117446e-02 420   -9.408817207e-01
3.350689787e-01   4.970278784e-02 421   -9.297874630e-01   3.641127341e-01
5.401102199e-02 422   -9.177774488e-01   3.927971900e-01   5.826595908e-02 423
-9.048503784e-01   4.211218365e-01   6.246752349e-02 424   -8.910085207e-01
4.490728622e-01   6.661366649e-02 425   -8.763036763e-01   4.765448226e-01
7.068874687e-02 426   -8.607514785e-01   5.035160020e-01   7.468954340e-02 427
-8.443535392e-01   5.299873530e-01   7.861619740e-02 428   -8.271089652e-01
5.559583479e-01   8.246863057e-02 429   -8.090171784e-01   5.814231140e-01
8.624597179e-02 430   -7.901411305e-01   6.062909625e-01   8.993476866e-02 431
-7.705112438e-01   6.305272277e-01   9.352987899e-02 432   -7.501294560e-01
6.541335328e-01   9.703154357e-02 433   -7.289954763e-01   6.771096343e-01
1.004397263e-01 434   -7.071067812e-01   6.994534180e-01   1.037541135e-01 435
-6.845185136e-01   7.211052010e-01   1.069658521e-01 436   -6.612910095e-01
7.420104373e-01   1.100668510e-01 437   -6.374264060e-01   7.621716231e-01
1.130574804e-01 438   -6.129249496e-01   7.815890459e-01   1.159377830e-01 439
-5.877849990e-01   8.002607890e-01   1.187074744e-01 440   -5.620415996e-01
8.181567596e-01   1.213620909e-01 441   -5.357864322e-01   8.352146871e-01
1.238923954e-01 442   -5.090254337e-01   8.514351435e-01   1.262984728e-01 443
-4.817591378e-01   8.668190122e-01   1.285804542e-01 444   -4.539865814e-01
8.813646988e-01   1.307381030e-01 445   -4.257297178e-01   8.950567394e-01
1.327691253e-01 446   -3.970951453e-01   9.078438937e-01   1.346659205e-01 447
-3.680968264e-01   9.197239177e-01   1.364281556e-01 448   -3.387352765e-01
9.306980968e-01   1.380560213e-01 449   -3.090099356e-01   9.407650342e-01
1.395493104e-01 450   -2.789407490e-01   9.499144268e-01   1.409064946e-01 451
-2.486382909e-01   9.581128138e-01   1.421226104e-01 452   -2.181188073e-01
9.653593388e-01   1.431975309e-01 453   -1.873825794e-01   9.716552358e-01
1.441314389e-01 454   -1.564292468e-01   9.769989232e-01   1.449241001e-01 455
-1.252923363e-01   9.813816675e-01   1.455742188e-01 456   -9.407670128e-02
9.847894650e-01   1.460797178e-01 457   -6.278944277e-02   9.872246631e-01
1.464409453e-01 458   -3.143059998e-02   9.886877941e-01   1.466579803e-01 459
-9.995059366e-01   3.096786745e-02   5.373434738e-03 460   -9.980267962e-01
6.186503414e-02   1.073460173e-02 461   -9.955649523e-01   9.269167045e-02
1.608353054e-02 462   -9.921198670e-01   1.234477377e-01   2.142021446e-02 463
-9.876891671e-01   1.541262395e-01   2.674343949e-02 464   -9.822870094e-01
1.846238661e-01   3.203527970e-02 465   -9.759222233e-01   2.149075842e-01
3.729000326e-02 466   -9.685964073e-01   2.449777490e-01   4.250767183e-02 467
-9.603083143e-01   2.748340835e-01   4.768823730e-02 468   -9.510588098e-01
3.044605808e-01   5.282892224e-02 469   -9.408817207e-01   3.337482947e-01
5.791082267e-02 470   -9.297874630e-01   3.626775733e-01   6.293052869e-02 471
-9.177774488e-01   3.912489686e-01   6.788813607e-02 472   -9.048503784e-01
4.194619727e-01   7.278355666e-02 473   -8.910085207e-01   4.473028286e-01
7.761440343e-02 474   -8.763036763e-01   4.746665075e-01   8.236245213e-02 475
-8.607514785e-01   5.015313793e-01   8.702394958e-02 476   -8.443535392e-01
5.278983927e-01   9.159906041e-02 477   -8.271089652e-01   5.537670221e-01
9.608769342e-02 478   -8.090171784e-01   5.791314181e-01   1.004888336e-01 479
-7.901411305e-01   6.039012493e-01   1.047868071e-01 480   -7.705112438e-01
6.280419865e-01   1.089756223e-01 481   -7.501294560e-01   6.515552467e-01
1.130555600e-01 482   -7.289954763e-01   6.744407873e-01   1.170265780e-01 483
-7.071067812e-01   6.966965023e-01   1.208883109e-01 484   -6.845185136e-01
7.182629442e-01   1.246304435e-01 485   -6.612910095e-01   7.390857819e-01
1.282435486e-01 486   -6.374264060e-01   7.591675018e-01   1.317280576e-01 487
-6.129249496e-01   7.785083902e-01   1.350840201e-01 488   -5.877849990e-01
7.971065382e-01   1.383111049e-01 489   -5.620415996e-01   8.149319713e-01
1.414041109e-01 490   -5.357864322e-01   8.319226644e-01   1.443522758e-01 491
-5.090254337e-01   8.480791875e-01   1.471556985e-01 492   -4.817591378e-01
8.634024202e-01   1.498145316e-01 493   -4.539865814e-01   8.778907746e-01
1.523284996e-01 494   -4.257297178e-01   8.915288476e-01   1.546949297e-01 495
-3.970951453e-01   9.042656010e-01   1.569049661e-01 496   -3.680968264e-01
9.160987995e-01   1.589582208e-01 497   -3.387352765e-01   9.270297236e-01
1.608549161e-01 498   -3.090099356e-01   9.370569819e-01   1.625948104e-01 499
-2.789407490e-01   9.461703119e-01   1.641761232e-01 500   -2.486382909e-01
9.543363846e-01   1.655930712e-01 501   -2.181188073e-01   9.615543473e-01
1.668455066e-01 502   -1.873825794e-01   9.678254288e-01   1.679336424e-01 503
-1.564292468e-01   9.731480539e-01   1.688572055e-01 504   -1.252923363e-01
9.775135235e-01   1.696146863e-01 505   -9.407670128e-02   9.809078891e-01
1.702036646e-01 506   -6.278944277e-02   9.833334888e-01   1.706245461e-01 507
-3.143059998e-02   9.847908528e-01   1.708774228e-01 508   -9.995059366e-01
3.082666982e-02   6.131805871e-03 509   -9.980267962e-01   6.158296123e-02
1.224961261e-02 510   -9.955649523e-01   9.226904385e-02   1.835345395e-02 511
-9.921198670e-01   1.228848792e-01   2.444332224e-02 512   -9.876891671e-01
1.534235027e-01   3.051783213e-02 513   -9.822870094e-01   1.837820757e-01
3.655652776e-02 514   -9.759222233e-01   2.139277155e-01   4.255286834e-02 515
-9.685964073e-01   2.438607758e-01   4.850692423e-02 516   -9.603083143e-01
2.735809807e-01   5.441864054e-02 517   -9.510588098e-01   3.030723963e-01
6.028484785e-02 518   -9.408817207e-01   3.322265732e-01   6.608397418e-02 519
-9.297874630e-01   3.610239491e-01   7.181212840e-02 520   -9.177774488e-01
3.894650735e-01   7.746941978e-02 521   -9.048503784e-01   4.175494407e-01
8.305574774e-02 522   -8.910085207e-01   4.452633566e-01   8.856838836e-02 523
-8.763036763e-01   4.725022711e-01   9.398654533e-02 524   -8.607514785e-01
4.992446528e-01   9.930593578e-02 525   -8.443535392e-01   5.254914461e-01
1.045267476e-01 526   -8.271089652e-01   5.512421278e-01   1.096488766e-01 527
-8.090171784e-01   5.764908751e-01   1.146711647e-01 528   -7.901411305e-01
6.011477686e-01   1.195757258e-01 529   -7.705112438e-01   6.251784364e-01
1.243557228e-01 530   -7.501294560e-01   6.485844881e-01   1.290114760e-01 531
-7.289954763e-01   6.713656823e-01   1.335429373e-01 532   -7.071067812e-01
6.935199227e-01   1.379496896e-01 533   -6.845185136e-01   7.149880326e-01
1.422199622e-01 534   -6.612910095e-01   7.357159289e-01   1.463429971e-01 535
-6.374264060e-01   7.557060863e-01   1.503192867e-01 536   -6.129249496e-01
7.749587903e-01   1.541488876e-01 537   -5.877849990e-01   7.934721401e-01
1.578314218e-01 538   -5.620415996e-01   8.112162984e-01   1.613609544e-01 539
-5.357864322e-01   8.281295227e-01   1.647252039e-01 540   -5.090254337e-01
8.442123802e-01   1.679242831e-01 541   -4.817591378e-01   8.594657469e-01
1.709583664e-01 542   -4.539865814e-01   8.738880418e-01   1.738271392e-01 543
-4.257297178e-01   8.874639321e-01   1.765275517e-01 544   -3.970951453e-01
9.001426125e-01   1.790494980e-01 545   -3.680968264e-01   9.119218576e-01
1.813925356e-01 546   -3.387352765e-01   9.228029423e-01   1.835569179e-01 547
-3.090099356e-01   9.327844814e-01   1.855423695e-01 548   -2.789407490e-01
9.418562593e-01   1.873468583e-01 549   -2.486382909e-01   9.499850990e-01
1.889637850e-01 550   -2.181188073e-01   9.571701514e-01   1.903929808e-01 551
-1.873825794e-01   9.634126400e-01   1.916346890e-01 552   -1.564292468e-01
9.687109967e-01   1.926885977e-01 553   -1.252923363e-01   9.730565619e-01
1.935529843e-01 554   -9.407670128e-02   9.764354509e-01   1.942250871e-01 555
-6.278944277e-02   9.788499911e-01   1.947053690e-01 556   -3.143059998e-02
9.803007103e-01   1.949939350e-01 557   -9.995059366e-01   3.066690335e-02
6.886483435e-03 558   -9.980267962e-01   6.126379306e-02   1.375724478e-02 559
-9.955649523e-01   9.179083783e-02   2.061232192e-02 560   -9.921198670e-01
1.222479994e-01   2.745170627e-02 561   -9.876891671e-01   1.526283493e-01
3.427384197e-02 562   -9.822870094e-01   1.828295819e-01   4.105575553e-02 563
-9.759222233e-01   2.128189848e-01   4.779010117e-02 564   -9.685964073e-01
2.425969100e-01   5.447695788e-02 565   -9.603083143e-01   2.721630829e-01
6.111626403e-02 566   -9.510588098e-01   3.015016524e-01   6.770446011e-02 567
-9.408817207e-01   3.305047308e-01   7.421731918e-02 568   -9.297874630e-01
3.591528576e-01   8.065047117e-02 569   -9.177774488e-01   3.874465791e-01
8.700403881e-02 570   -9.048503784e-01   4.153853925e-01   9.327790915e-02 571
-8.910085207e-01   4.429556745e-01   9.946902301e-02 572   -8.763036763e-01
4.700534170e-01   1.055540246e-01 573   -8.607514785e-01   4.966571999e-01
1.115281038e-01 574   -8.443535392e-01   5.227679631e-01   1.173914717e-01 575
-8.271089652e-01   5.483851859e-01   1.231440115e-01 576   -8.090171784e-01
5.735030756e-01   1.287844222e-01 577   -7.901411305e-01   5.980321789e-01
1.342926166e-01 578   -7.705112438e-01   6.219383021e-01   1.396609161e-01 579
-7.501294560e-01   6.452230465e-01   1.448896803e-01 580   -7.289954763e-01
6.678861718e-01   1.499788552e-01 581   -7.071067812e-01   6.899255926e-01
1.549279727e-01 582   -6.845185136e-01   7.112824390e-01   1.597238129e-01 583
-6.612910095e-01   7.319029080e-01   1.643542941e-01 584   -6.374264060e-01
7.517894618e-01   1.688199691e-01 585   -6.129249496e-01   7.709423841e-01
1.731209016e-01 586   -5.877849990e-01   7.893597842e-01   1.772566671e-01 587
-5.620415996e-01   8.070119791e-01   1.812206000e-01 588   -5.357864322e-01
8.238375467e-01   1.849989076e-01 589   -5.090254337e-01   8.398370510e-01
1.885917164e-01 590   -4.817591378e-01   8.550113635e-01   1.919992222e-01 591
-4.539865814e-01   8.693589115e-01   1.952210719e-01 592   -4.257297178e-01
8.828644416e-01   1.982538401e-01 593   -3.970951453e-01   8.954774117e-01
2.010861772e-01 594   -3.680968264e-01   9.071956081e-01   2.037175862e-01 595
-3.387352765e-01   9.180202990e-01   2.061483519e-01 596   -3.090099356e-01
9.279501065e-01   2.083781647e-01 597   -2.789407490e-01   9.369748678e-01
2.104047426e-01 598   -2.486382909e-01   9.450615778e-01   2.122206741e-01 599
-2.181188073e-01   9.522093920e-01   2.138257694e-01 600   -1.873825794e-01
9.584195274e-01   2.152203020e-01 601   -1.564292468e-01   9.636904241e-01
2.164039214e-01 602   -1.252923363e-01   9.680134675e-01   2.173746932e-01 603
-9.407670128e-02   9.713748446e-01   2.181295157e-01 604   -6.278944277e-02
9.737768709e-01   2.186689088e-01 605   -3.143059998e-02   9.752200714e-01
2.189929903e-01 606   -9.995059366e-01   3.048866429e-02   7.637012838e-03 607
-9.980267962e-01   6.090772186e-02   1.525659010e-02 608   -9.955649523e-01
9.125734044e-02   2.285877380e-02 609   -9.921198670e-01   1.215374820e-01
3.044355442e-02 610   -9.876891671e-01   1.517412583e-01   3.800920652e-02 611
-9.822870094e-01   1.817669583e-01   4.553025286e-02 612   -9.759222233e-01
2.115820599e-01   5.299854703e-02 613   -9.685964073e-01   2.411869129e-01
6.041417665e-02 614   -9.603083143e-01   2.705812443e-01   6.777707337e-02 615
-9.510588098e-01   2.997492951e-01   7.508328975e-02 616   -9.408817207e-01
3.285838048e-01   8.230595844e-02 617   -9.297874630e-01   3.570654258e-01
8.944023310e-02 618   -9.177774488e-01   3.851947015e-01   9.648624985e-02 619
-9.048503784e-01   4.129711317e-01   1.034438834e-01 620   -8.910085207e-01
4.403811725e-01   1.103097412e-01 621   -8.763036763e-01   4.673214202e-01
1.170579220e-01 622   -8.607514785e-01   4.937705794e-01   1.236830915e-01 623
-8.443535392e-01   5.197295842e-01   1.301854837e-01 624   -8.271089652e-01
5.451979172e-01   1.365649690e-01 625   -8.090171784e-01   5.701698192e-01
1.428201048e-01 626   -7.901411305e-01   5.945563570e-01   1.489286145e-01 627
-7.705112438e-01   6.183235355e-01   1.548819828e-01 628   -7.501294560e-01
6.414729466e-01   1.606806084e-01 629   -7.289954763e-01   6.640043516e-01
1.663244316e-01 630   -7.071067812e-01   6.859156771e-01   1.718129329e-01 631
-6.845185136e-01   7.071483955e-01   1.771314520e-01 632   -6.612910095e-01
7.276490163e-01   1.822665902e-01 633   -6.374264060e-01   7.474199875e-01
1.872189606e-01 634   -6.129249496e-01   7.664615910e-01   1.919886340e-01 635
-5.877849990e-01   7.847719474e-01   1.965751395e-01 636   -5.620415996e-01
8.023215461e-01   2.009710852e-01 637   -5.357864322e-01   8.190493217e-01
2.051611749e-01 638   -5.090254337e-01   8.349558354e-01   2.091455491e-01 639
-4.817591378e-01   8.500419533e-01   2.129244249e-01 640   -4.539865814e-01
8.643061119e-01   2.164974106e-01 641   -4.257297178e-01   8.777331465e-01
2.198607077e-01 642   -3.970951453e-01   8.902728088e-01   2.230017296e-01 643
-3.680968264e-01   9.019228980e-01   2.259199250e-01 644   -3.387352765e-01
9.126846747e-01   2.286156098e-01 645   -3.090099356e-01   9.225567691e-01
2.310884407e-01 646   -2.789407490e-01   9.315290776e-01   2.333358870e-01 647
-2.486382909e-01   9.395687868e-01   2.353497293e-01 648   -2.181188073e-01
9.466750573e-01   2.371297574e-01 649   -1.873825794e-01   9.528490988e-01
2.386762743e-01 650   -1.564292468e-01   9.580893605e-01   2.399888915e-01 651
-1.252923363e-01   9.623872779e-01   2.410654638e-01 652   -9.407670128e-02
9.657291183e-01   2.419025512e-01 653   -6.278944277e-02   9.681171838e-01
2.425007305e-01 654   -3.143059998e-02   9.695519963e-01   2.428601323e-01 655
-9.995059366e-01   3.029206000e-02   8.382941990e-03 656   -9.980267962e-01
6.051496213e-02   1.674674542e-02 657   -9.955649523e-01   9.066887305e-02
2.509145641e-02 658   -9.921198670e-01   1.207537550e-01   3.341706451e-02 659
-9.876891671e-01   1.507627640e-01   4.172167576e-02 660   -9.822870094e-01
1.805948452e-01   4.997732446e-02 661   -9.759222233e-01   2.102176859e-01
5.817506854e-02 662   -9.685964073e-01   2.396316338e-01   6.631500417e-02 663
-9.603083143e-01   2.688364177e-01   7.439705634e-02 664   -9.510588098e-01
2.978163800e-01   8.241689201e-02 665   -9.408817207e-01   3.264649522e-01
9.034501966e-02 666   -9.297874630e-01   3.547629112e-01   9.817611959e-02 667
-9.177774488e-01   3.827107969e-01   1.059103412e-01 668   -9.048503784e-01
4.103081125e-01   1.135475470e-01 669   -8.910085207e-01   4.375414014e-01
1.210840130e-01 670   -8.763036763e-01   4.643079265e-01   1.284913081e-01 671
-8.607514785e-01   4.905865299e-01   1.357635771e-01 672   -8.443535392e-01
5.163781397e-01   1.429010767e-01 673   -8.271089652e-01   5.416822416e-01
1.499036648e-01 674   -8.090171784e-01   5.664931139e-01   1.567697579e-01 675
-7.901411305e-01   5.907223966e-01   1.634749034e-01 676   -7.705112438e-01
6.143363138e-01   1.700097544e-01 677   -7.501294560e-01   6.373364475e-01
1.763747486e-01 678   -7.289954763e-01   6.597225600e-01   1.825698203e-01 679
-7.071067812e-01   6.814925917e-01   1.885943994e-01 680   -6.845185136e-01
7.025883921e-01   1.944323937e-01 681   -6.612910095e-01   7.229568160e-01
2.000690957e-01 682   -6.374264060e-01   7.426002952e-01   2.055051785e-01 683
-6.129249496e-01   7.615191102e-01   2.107407197e-01 684   -5.877849990e-01
7.797113933e-01   2.157752025e-01 685   -5.620415996e-01   7.971478245e-01
2.206005128e-01 686   -5.357864322e-01   8.137677321e-01   2.251998607e-01 687
-5.090254337e-01   8.295716736e-01   2.295734003e-01 688   -4.817591378e-01
8.445605096e-01   2.337213699e-01 689   -4.539865814e-01   8.587326866e-01
2.376433395e-01 690   -4.257297178e-01   8.720731379e-01   2.413351395e-01 691
-3.970951453e-01   8.845319389e-01   2.447829541e-01 692   -3.680968264e-01
8.961069031e-01   2.479861781e-01 693   -3.387352765e-01   9.067992832e-01
2.509451582e-01 694   -3.090099356e-01   9.166077180e-01   2.536595177e-01 695
-2.789407490e-01   9.255221691e-01   2.561264785e-01 696   -2.486382909e-01
9.335100348e-01   2.583370187e-01 697   -2.181188073e-01   9.405704809e-01
2.602909073e-01 698   -1.873825794e-01   9.467047094e-01   2.619884769e-01 699
-1.564292468e-01   9.519111797e-01   2.634293013e-01 700   -1.252923363e-01
9.561813822e-01   2.646110255e-01 701   -9.407670128e-02   9.595016730e-01
2.655298737e-01 702   -6.278944277e-02   9.618743392e-01   2.661864788e-01 703
-3.143059998e-02   9.632998994e-01   2.665809845e-01 704   -9.995059366e-01
3.007720890e-02   9.123821571e-03 705   -9.980267962e-01   6.008575045e-02
1.822681313e-02 706   -9.955649523e-01   9.002579011e-02   2.730902487e-02 707
-9.921198670e-01   1.198972904e-01   3.637044541e-02 708   -9.876891671e-01
1.496934559e-01   4.540901341e-02 709   -9.822870094e-01   1.793139484e-01
5.439429159e-02 710   -9.759222233e-01   2.087266846e-01   6.331654757e-02 711
-9.685964073e-01   2.379320096e-01   7.217588602e-02 712   -9.603083143e-01
2.669296540e-01   8.097222529e-02 713   -9.510588098e-01   2.957040715e-01
8.970084943e-02 714   -9.408817207e-01   3.241494493e-01   9.832966043e-02 715
-9.297874630e-01   3.522467007e-01   1.068528685e-01 716   -9.177774488e-01
3.799963617e-01   1.152706361e-01 717   -9.048503784e-01   4.073979391e-01
1.235828137e-01 718   -8.910085207e-01   4.344380717e-01   1.317853483e-01 719
-8.763036763e-01   4.610147511e-01   1.398472958e-01 720   -8.607514785e-01
4.871069695e-01   1.477622837e-01 721   -8.443535392e-01   5.127156483e-01
1.555305915e-01 722   -8.271089652e-01   5.378402770e-01   1.631520643e-01 723
-8.090171784e-01   5.624751743e-01   1.706249787e-01 724   -7.901411305e-01
5.865326071e-01   1.779227212e-01 725   -7.705112438e-01   6.099790390e-01
1.850351185e-01 726   -7.501294560e-01   6.328160406e-01   1.919626473e-01 727
-7.289954763e-01   6.550433763e-01   1.987052358e-01 728   -7.071067812e-01
6.766590006e-01   2.052622638e-01 729   -6.845185136e-01   6.976051758e-01
2.116162166e-01 730   -6.612910095e-01   7.178291335e-01   2.177510870e-01 731
-6.374264060e-01   7.373332884e-01   2.236676077e-01 732   -6.129249496e-01
7.561179187e-01   2.293658631e-01 733   -5.877849990e-01   7.741811703e-01
2.348452905e-01 734   -5.620415996e-01   7.914939309e-01   2.400970590e-01 735
-5.357864322e-01   8.079959593e-01   2.451028946e-01 736   -5.090254337e-01
8.236878089e-01   2.498629651e-01 737   -4.817591378e-01   8.385703342e-01
2.543775299e-01 738   -4.539865814e-01   8.526419929e-01   2.586461208e-01 739
-4.257297178e-01   8.658878249e-01   2.626642001e-01 740   -3.970951453e-01
8.782582600e-01   2.664167305e-01 741   -3.680968264e-01   8.897511270e-01
2.699030536e-01 742   -3.387352765e-01   9.003676697e-01   2.731235466e-01 743
-3.090099356e-01   9.101065367e-01   2.760777997e-01 744   -2.789407490e-01
9.189577607e-01   2.787627891e-01 745   -2.486382909e-01   9.268889712e-01
2.811686955e-01 746   -2.181188073e-01   9.338993400e-01   2.832952676e-01 747
-1.873825794e-01   9.399900606e-01   2.851428675e-01 748   -1.564292468e-01
9.451596031e-01   2.867110311e-01 749   -1.252923363e-01   9.493995186e-01
2.879971954e-01 750   -9.407670128e-02   9.526962597e-01   2.889972509e-01 751
-6.278944277e-02   9.550520974e-01   2.897118864e-01 752   -3.143059998e-02
9.564675466e-01   2.901412582e-01 753   -9.995059366e-01   2.984424041e-02
9.859205304e-03 754   -9.980267962e-01   5.962034536e-02   1.969590169e-02 755
-9.955649523e-01   8.932847901e-02   2.951014339e-02 756   -9.921198670e-01
1.189686042e-01   3.930191812e-02 757   -9.876891671e-01   1.485339781e-01
4.906899838e-02 758   -9.822870094e-01   1.779250397e-01   5.877849363e-02 759
-9.759222233e-01   2.071099542e-01   6.841988707e-02 760   -9.685964073e-01
2.360890640e-01   7.799329181e-02 761   -9.603083143e-01   2.648621019e-01
8.749861961e-02 762   -9.510588098e-01   2.934136419e-01   9.693077440e-02 763
-9.408817207e-01   3.216386908e-01   1.062550711e-01 764   -9.297874630e-01
3.495183099e-01   1.154652531e-01 765   -9.177774488e-01   3.770530309e-01
1.245614963e-01 766   -9.048503784e-01   4.042423644e-01   1.335436388e-01 767
-8.910085207e-01   4.310730527e-01   1.424073010e-01 768   -8.763036763e-01
4.574438776e-01   1.511190448e-01 769   -8.607514785e-01   4.833339940e-01
1.596719840e-01 770   -8.443535392e-01   5.087443161e-01   1.680664205e-01 771
-8.271089652e-01   5.336743374e-01   1.763021871e-01 772   -8.090171784e-01
5.581184207e-01   1.843774215e-01 773   -7.901411305e-01   5.819895123e-01
1.922633649e-01 774   -7.705112438e-01   6.052543356e-01   1.999490244e-01 775
-7.501294560e-01   6.279144491e-01   2.074349148e-01 776   -7.289954763e-01
6.499696188e-01   2.147209587e-01 777   -7.071067812e-01   6.714178154e-01
2.218064858e-01 778   -6.845185136e-01   6.922017483e-01   2.286725698e-01 779
-6.612910095e-01   7.122690576e-01   2.353019133e-01 780   -6.374264060e-01
7.316221395e-01   2.416953080e-01 781   -6.129249496e-01   7.502612701e-01
2.478528450e-01 782   -5.877849990e-01   7.681846095e-01   2.537739165e-01 783
-5.620415996e-01   7.853632709e-01   2.594489797e-01 784   -5.357864322e-01
8.017374798e-01   2.648582877e-01 785   -5.090254337e-01   8.173077854e-01
2.700020218e-01 786   -4.817591378e-01   8.320750354e-01   2.748804623e-01 787
-4.539865814e-01   8.460376995e-01   2.794931035e-01 788   -4.257297178e-01
8.591809335e-01   2.838350415e-01 789   -3.970951453e-01   8.714555512e-01
2.878900274e-01 790   -3.680968264e-01   8.828593981e-01   2.916573496e-01 791
-3.387352765e-01   8.933937084e-01   2.951374157e-01 792   -3.090099356e-01
9.030571413e-01   2.983297827e-01 793   -2.789407490e-01   9.118398065e-01
3.012311834e-01 794   -2.486382909e-01   9.197095844e-01   3.038310068e-01 795
-2.181188073e-01   9.266656531e-01   3.061289815e-01 796   -1.873825794e-01
9.327091969e-01   3.081254987e-01 797   -1.564292468e-01   9.378386978e-01
3.098200569e-01 798   -1.252923363e-01   9.420457722e-01   3.112098866e-01 799
-9.407670128e-02   9.453169778e-01   3.122905469e-01 800   -6.278944277e-02
9.476545680e-01   3.130627824e-01 801   -3.143059998e-02   9.490590535e-01
3.135267617e-01 802   -9.995059366e-01   2.959329488e-02   1.058865022e-02 803
-9.980267962e-01   5.911902720e-02   2.115312617e-02 804   -9.955649523e-01
8.857735977e-02   3.169348610e-02 805   -9.921198670e-01   1.179682557e-01
4.220971681e-02 806   -9.876891671e-01   1.472850289e-01   5.269942601e-02 807
-9.822870094e-01   1.764289556e-01   6.312728971e-02 808   -9.759222233e-01
2.053684685e-01   7.348201300e-02 809   -9.685964073e-01   2.341039072e-01
8.376371736e-02 810   -9.603083143e-01   2.626350068e-01   9.397230803e-02 811
-9.510588098e-01   2.909464710e-01   1.041023119e-01 812   -9.408817207e-01
3.189341893e-01   1.141164777e-01 813   -9.297874630e-01   3.465793823e-01
1.240080859e-01 814   -9.177774488e-01   3.738825774e-01   1.337773253e-01 815
-9.048503784e-01   4.008432892e-01   1.434240222e-01 816   -8.910085207e-01
4.274483714e-01   1.529434729e-01 817   -8.763036763e-01   4.535974571e-01
1.622997653e-01 818   -8.607514785e-01   4.792698762e-01   1.714855037e-01 819
-8.443535392e-01   5.044665354e-01   1.805010126e-01 820   -8.271089652e-01
5.291869325e-01   1.893461121e-01 821   -8.090171784e-01   5.534254774e-01
1.980188022e-01 822   -7.901411305e-01   5.770958487e-01   2.064881964e-01 823
-7.705112438e-01   6.001650496e-01   2.147424885e-01 824   -7.501294560e-01
6.226346253e-01   2.227822312e-01 825   -7.289954763e-01   6.445043440e-01
2.306073417e-01 826   -7.071067812e-01   6.657721933e-01   2.382170998e-01 827
-6.845185136e-01   6.863813643e-01   2.455911791e-01 828   -6.612910095e-01
7.062799374e-01   2.527110025e-01 829   -6.374264060e-01   7.254702888e-01
2.595774200e-01 830   -6.129249496e-01   7.439526921e-01   2.661905296e-01 831
-5.877849990e-01   7.617253229e-01   2.725496786e-01 832   -5.620415996e-01
7.787595375e-01   2.786446180e-01 833   -5.357864322e-01   7.949960637e-01
2.844541400e-01 834   -5.090254337e-01   8.104354462e-01   2.899784394e-01 835
-4.817591378e-01   8.250785257e-01   2.952178170e-01 836   -4.539865814e-01
8.389237846e-01   3.001717299e-01 837   -4.257297178e-01   8.519565037e-01
3.048349113e-01 838   -3.970951453e-01   8.641279101e-01   3.091899102e-01 839
-3.680968264e-01   8.754358677e-01   3.132359621e-01 840   -3.387352765e-01
8.858816002e-01   3.169735050e-01 841   -3.090099356e-01   8.954637780e-01
3.204020630e-01 842   -2.789407490e-01   9.041725941e-01   3.235181272e-01 843
-2.486382909e-01   9.119761989e-01   3.263103017e-01 844   -2.181188073e-01
9.188737774e-01   3.287782947e-01 845   -1.873825794e-01   9.248665041e-01
3.309225266e-01 846   -1.564292468e-01   9.299528735e-01   3.327424587e-01 847
-1.252923363e-01   9.341245727e-01   3.342351165e-01 848   -9.407670128e-02
9.373682724e-01   3.353957308e-01 849   -6.278944277e-02   9.396862068e-01
3.362251010e-01 850   -3.143059998e-02   9.410788828e-01   3.367234085e-01 851
-9.995059366e-01   2.932452345e-02   1.131171693e-02 852   -9.980267962e-01
5.858209795e-02   2.259760880e-02 853   -9.955649523e-01   8.777288484e-02
3.385773785e-02 854   -9.921198670e-01   1.168968475e-01   4.509208996e-02 855
-9.876891671e-01   1.459473608e-01   5.629810949e-02 856   -9.822870094e-01
1.748265972e-01   6.743806026e-02 857   -9.759222233e-01   2.035032765e-01
7.849987611e-02 858   -9.685964073e-01   2.319777349e-01   8.948368678e-02 859
-9.603083143e-01   2.602497101e-01   1.003893910e-01 860   -9.510588098e-01
2.883040447e-01   1.112111421e-01 861   -9.408817207e-01   3.160375737e-01
1.219091447e-01 862   -9.297874630e-01   3.434316883e-01   1.324762208e-01 863
-9.177774488e-01   3.704869111e-01   1.429125718e-01 864   -9.048503784e-01
3.972027610e-01   1.532180124e-01 865   -8.910085207e-01   4.235662112e-01
1.633875173e-01 866   -8.763036763e-01   4.494778064e-01   1.733827225e-01 867
-8.607514785e-01   4.749170641e-01   1.831957271e-01 868   -8.443535392e-01
4.998848829e-01   1.928268776e-01 869   -8.271089652e-01   5.243807650e-01
2.022759820e-01 870   -8.090171784e-01   5.483991714e-01   2.115409037e-01 871
-7.901411305e-01   5.718545642e-01   2.205886471e-01 872   -7.705112438e-01
5.947142466e-01   2.294065997e-01 873   -7.501294560e-01   6.169797498e-01
2.379953520e-01 874   -7.289954763e-01   6.386508439e-01   2.463548155e-01 875
-7.071067812e-01   6.597255349e-01   2.544842208e-01 876   -6.845185136e-01
6.801475298e-01   2.623618536e-01 877   -6.612910095e-01   6.998653807e-01
2.699678680e-01 878   -6.374264060e-01   7.188814419e-01   2.773031723e-01 879
-6.129249496e-01   7.371959848e-01   2.843678710e-01 880   -5.877849990e-01
7.548072016e-01   2.911612670e-01 881   -5.620415996e-01   7.716867084e-01
2.976724113e-01 882   -5.357864322e-01   7.877757717e-01   3.038786478e-01 883
-5.090254337e-01   8.030749311e-01   3.097801848e-01 884   -4.817591378e-01
8.175850196e-01   3.153773436e-01 885   -4.539865814e-01   8.313045335e-01
3.206695441e-01 886   -4.257297178e-01   8.442188871e-01   3.256511600e-01 887
-3.970951453e-01   8.562797507e-01   3.303035485e-01 888   -3.680968264e-01
8.674850074e-01   3.346258930e-01 889   -3.387352765e-01   8.778358700e-01
3.386186613e-01 890   -3.090099356e-01   8.873310208e-01   3.422813451e-01 891
-2.789407490e-01   8.959607419e-01   3.456101959e-01 892   -2.486382909e-01
9.036934730e-01   3.485930394e-01 893   -2.181188073e-01   9.105284066e-01
3.512295642e-01 894   -1.873825794e-01   9.164667062e-01   3.535202192e-01 895
-1.564292468e-01   9.215068804e-01   3.554644289e-01 896   -1.252923363e-01
9.256406915e-01   3.570590158e-01 897   -9.407670128e-02   9.288549313e-01
3.582988849e-01 898   -6.278944277e-02   9.311518139e-01   3.591848903e-01 899
-3.143059998e-02   9.325318413e-01   3.597172256e-01 900   -9.995059366e-01
2.903808802e-02   1.202796988e-02 901   -9.980267962e-01   5.800988103e-02
2.402847948e-02 902   -9.955649523e-01   8.691553880e-02   3.600159495e-02 903
-9.921198670e-01   1.157550251e-01   4.794730131e-02 904   -9.876891671e-01
1.445217794e-01   5.986288108e-02 905   -9.822870094e-01   1.731189299e-01
7.170820865e-02 906   -9.759222233e-01   2.015155017e-01   8.347045382e-02 907
-9.685964073e-01   2.297118279e-01   9.514975457e-02 908   -9.603083143e-01
2.577076488e-01   1.067460033e-01 909   -9.510588098e-01   2.854879549e-01
1.182529828e-01 910   -9.408817207e-01   3.129505889e-01   1.296283783e-01 911
-9.297874630e-01   3.400771239e-01   1.408645570e-01 912   -9.177774488e-01
3.668680772e-01   1.519617332e-01 913   -9.048503784e-01   3.933229727e-01
1.629197097e-01 914   -8.910085207e-01   4.194289106e-01   1.737331432e-01 915
-8.763036763e-01   4.450874070e-01   1.843612404e-01 916   -8.607514785e-01
4.702781798e-01   1.947956001e-01 917   -8.443535392e-01   4.950021185e-01
2.050365909e-01 918   -8.271089652e-01   5.192587303e-01   2.150840085e-01 919
-8.090171784e-01   5.430425301e-01   2.249355809e-01 920   -7.901411305e-01
5.662688159e-01   2.345562235e-01 921   -7.705112438e-01   5.889052100e-01
2.439325249e-01 922   -7.501294560e-01   6.109532287e-01   2.530651133e-01 923
-7.289954763e-01   6.324126444e-01   2.619538943e-01 924   -7.071067812e-01
6.532814824e-01   2.705980501e-01 925   -6.845185136e-01   6.735039999e-01
2.789744911e-01 926   -6.612910095e-01   6.930292512e-01   2.870621150e-01 927
-6.374264060e-01   7.118595678e-01   2.948618875e-01 928   -6.129249496e-01
7.299952183e-01   3.023739199e-01 929   -5.877849990e-01   7.474344126e-01
3.095974707e-01 930   -5.620415996e-01   7.641490441e-01   3.165208978e-01 931
-5.357864322e-01   7.800809530e-01   3.231201105e-01 932   -5.090254337e-01
7.952306736e-01   3.293953302e-01 933   -4.817591378e-01   8.095990308e-01
3.353468986e-01 934   -4.539865814e-01   8.231845355e-01   3.409741990e-01 935
-4.257297178e-01   8.359727446e-01   3.462712486e-01 936   -3.970951453e-01
8.479158004e-01   3.512182243e-01 937   -3.680968264e-01   8.590116067e-01
3.558142577e-01 938   -3.387352765e-01   8.692613643e-01   3.600598463e-01 939
-3.090099356e-01   8.786637686e-01   3.639544497e-01 940   -2.789407490e-01
8.872091965e-01   3.674940819e-01 941   -2.486382909e-01   8.948663960e-01
3.706657977e-01 942   -2.181188073e-01   9.016345674e-01   3.734692661e-01 943
-1.873825794e-01   9.075148631e-01   3.759049643e-01 944   -1.564292468e-01
9.125058059e-01   3.779722806e-01 945   -1.252923363e-01   9.165992389e-01
3.796678360e-01 946   -9.407670128e-02   9.197820827e-01   3.809862131e-01 947
-6.278944277e-02   9.220565299e-01   3.819283200e-01 948   -3.143059998e-02
9.234230775e-01   3.824943625e-01 949   -9.995059366e-01   2.873416113e-02
1.273697764e-02 950   -9.980267962e-01   5.740272114e-02   2.544487629e-02 951
-9.955649523e-01   8.600583810e-02   3.812376605e-02 952   -9.921198670e-01
1.145434762e-01   5.077363101e-02 953   -9.876891671e-01   1.430091435e-01
6.339159351e-02 954   -9.822870094e-01   1.713069821e-01   7.593516270e-02 955
-9.759222233e-01   1.994063415e-01   8.839075206e-02 956   -9.685964073e-01
2.273075512e-01   1.007585077e-01 957   -9.603083143e-01   2.550103540e-01
1.130383157e-01 958   -9.510588098e-01   2.824998977e-01   1.252235923e-01 959
-9.408817207e-01   3.096750944e-01   1.372695286e-01 960   -9.297874630e-01
3.365177098e-01   1.491680416e-01 961   -9.177774488e-01   3.630282558e-01
1.609193585e-01 962   -9.048503784e-01   3.892062613e-01   1.725232703e-01 963
-8.910085207e-01   4.150389617e-01   1.839741188e-01 964   -8.763036763e-01
4.404289037e-01   1.952287061e-01 965   -8.607514785e-01   4.653560174e-01
2.062781356e-01 966   -8.443535392e-01   4.898211833e-01   2.171227978e-01 967
-8.271089652e-01   5.138239134e-01   2.277624763e-01 968   -8.090171784e-01
5.373587804e-01   2.381947654e-01 969   -7.901411305e-01   5.603419685e-01
2.483825120e-01 970   -7.705112438e-01   5.827414389e-01   2.583115144e-01 971
-7.501294560e-01   6.045586922e-01   2.679824376e-01 972   -7.289954763e-01
6.257935031e-01   2.773951819e-01 973   -7.071067812e-01   6.464439177e-01
2.865488811e-01 974   -6.845185136e-01   6.664547763e-01   2.954190847e-01 975
-6.612910095e-01   6.857756667e-01   3.039834464e-01 976   -6.374264060e-01
7.044088960e-01   3.122429889e-01 977   -6.129249496e-01   7.223547299e-01
3.201978300e-01 978   -5.877849990e-01   7.396113970e-01   3.278471844e-01 979
-5.620415996e-01   7.561510850e-01   3.351787239e-01 980   -5.357864322e-01
7.719162428e-01   3.421669377e-01 981   -5.090254337e-01   7.869073989e-01
3.488120602e-01 982   -4.817591378e-01   8.011253698e-01   3.551144533e-01 983
-4.539865814e-01   8.145686820e-01   3.610734637e-01 984   -4.257297178e-01
8.272230434e-01   3.666827563e-01 985   -3.970951453e-01   8.390410973e-01
3.719213393e-01 986   -3.680968264e-01   8.500207694e-01   3.767882933e-01 987
-3.387352765e-01   8.601632481e-01   3.812841448e-01 988   -3.090099356e-01
8.694672422e-01   3.854083218e-01 989   -2.789407490e-01   8.779232294e-01
3.891566031e-01 990   -2.486382909e-01   8.855002849e-01   3.925152809e-01 991
-2.181188073e-01   8.921976173e-01   3.954840041e-01 992   -1.873825794e-01
8.980163669e-01   3.980632784e-01 993   -1.564292468e-01   9.029550721e-01
4.002524559e-01 994   -1.252923363e-01   9.070056612e-01   4.020479585e-01 995
-9.407670128e-02   9.101551918e-01   4.034440495e-01 996   -6.278944277e-02
9.124058335e-01   4.044416903e-01 997   -3.143059998e-02   9.137580782e-01
4.050410991e-01 998   -9.995059366e-01   2.841292586e-02   1.343831311e-02 999
-9.980267962e-01   5.676098399e-02   2.684594607e-02 1000   -9.955649523e-01
8.504433069e-02   4.022297281e-02 1001   -9.921198670e-01   1.132629305e-01
5.356937656e-02 1002   -9.876891671e-01   1.414103642e-01   6.688212122e-02
1003   -9.822870094e-01   1.693918455e-01   8.011637625e-02 1004
-9.759222233e-01   1.971770664e-01   9.325780701e-02 1005   -9.685964073e-01
2.247663528e-01   1.063065677e-01 1006   -9.603083143e-01   2.521594505e-01
1.192625380e-01 1007   -9.510588098e-01   2.793416733e-01   1.321187719e-01
1008   -9.408817207e-01   3.062130632e-01   1.448279928e-01 1009
-9.297874630e-01   3.327555899e-01   1.573816730e-01 1010   -9.177774488e-01
3.589697597e-01   1.697800520e-01 1011   -9.048503784e-01   3.848551067e-01
1.820229093e-01 1012   -8.910085207e-01   4.103990088e-01   1.941042752e-01
1013   -8.763036763e-01   4.355051025e-01   2.059785732e-01 1014
-8.607514785e-01   4.601535420e-01   2.176364169e-01 1015   -8.443535392e-01
4.843451981e-01   2.290782181e-01 1016   -8.271089652e-01   5.080795883e-01
2.403037486e-01 1017   -8.090171784e-01   5.313513458e-01   2.513104702e-01
1018   -7.901411305e-01   5.540775919e-01   2.620591841e-01 1019
-7.705112438e-01   5.762266462e-01   2.725349066e-01 1020   -7.501294560e-01
5.977999922e-01   2.827383393e-01 1021   -7.289954763e-01   6.187974073e-01
2.926693771e-01 1022   -7.071067812e-01   6.392169593e-01   3.023271059e-01
1023   -6.845185136e-01   6.590041053e-01   3.116857290e-01 1024
-6.612910095e-01   6.781089967e-01   3.207216697e-01 1025   -6.374264060e-01
6.965339147e-01   3.294360069e-01 1026   -6.129249496e-01   7.142791220e-01
3.378288649e-01 1027   -5.877849990e-01   7.313428672e-01   3.458994153e-01
1028   -5.620415996e-01   7.476976488e-01   3.536346509e-01 1029
-5.357864322e-01   7.632865590e-01   3.610076563e-01 1030   -5.090254337e-01
7.781101206e-01   3.680186788e-01 1031   -4.817591378e-01   7.921691409e-01
3.746681002e-01 1032   -4.539865814e-01   8.054621628e-01   3.809552313e-01
1033   -4.257297178e-01   8.179750540e-01   3.868733881e-01 1034
-3.970951453e-01   8.296609872e-01   3.924004229e-01 1035   -3.680968264e-01
8.405179114e-01   3.975353656e-01 1036   -3.387352765e-01   8.505470016e-01
4.022787720e-01 1037   -3.090099356e-01   8.597469812e-01   4.066300383e-01
1038   -2.789407490e-01   8.681084342e-01   4.105847111e-01 1039
-2.486382909e-01   8.756007816e-01   4.141283274e-01 1040   -2.181188073e-01
8.822232408e-01   4.172605174e-01 1041   -1.873825794e-01   8.879769393e-01
4.199818141e-01 1042   -1.564292468e-01   8.928604320e-01   4.222915341e-01
1043   -1.252923363e-01   8.968657372e-01   4.241859024e-01 1044
-9.407670128e-02   8.999800575e-01   4.256588662e-01 1045   -6.278944277e-02
9.022055380e-01   4.267114401e-01 1046   -3.143059998e-02   9.035426651e-01
4.273438541e-01 1047   -9.995059366e-01   2.807457570e-02   1.413155385e-02
1048   -9.980267962e-01   5.608505614e-02   2.823084485e-02 1049
-9.955649523e-01   8.403159576e-02   4.229795075e-02 1050   -9.921198670e-01
1.119141596e-01   5.633285393e-02 1051   -9.876891671e-01   1.397264046e-01
7.033236164e-02 1052   -9.822870094e-01   1.673746735e-01   8.424933068e-02
1053   -9.759222233e-01   1.948290192e-01   9.806868695e-02 1054
-9.685964073e-01   2.220897636e-01   1.117905926e-01 1055   -9.603083143e-01
2.491566556e-01   1.254149210e-01 1056   -9.510588098e-01   2.760151838e-01
1.389343680e-01 1057   -9.408817207e-01   3.025665807e-01   1.522992181e-01
1058   -9.297874630e-01   3.287930305e-01   1.655005036e-01 1059
-9.177774488e-01   3.546950337e-01   1.785384763e-01 1060   -9.048503784e-01
3.802721297e-01   1.914129045e-01 1061   -8.910085207e-01   4.055118470e-01
2.041175105e-01 1062   -8.763036763e-01   4.303189692e-01   2.166043665e-01
1063   -8.607514785e-01   4.546738873e-01   2.288636021e-01 1064
-8.443535392e-01   4.785774615e-01   2.408956502e-01 1065   -8.271089652e-01
5.020292150e-01   2.527002709e-01 1066   -8.090171784e-01   5.250238450e-01
2.642747950e-01 1067   -7.901411305e-01   5.474794598e-01   2.755780016e-01
1068   -7.705112438e-01   5.693647561e-01   2.865941340e-01 1069
-7.501294560e-01   5.906811998e-01   2.973239301e-01 1070   -7.289954763e-01
6.114285710e-01   3.077672791e-01 1071   -7.071067812e-01   6.316049605e-01
3.179232201e-01 1072   -6.845185136e-01   6.511564749e-01   3.277646254e-01
1073   -6.612910095e-01   6.700338592e-01   3.372667021e-01 1074
-6.374264060e-01   6.882393673e-01   3.464305849e-01 1075   -6.129249496e-01
7.057732592e-01   3.552564043e-01 1076   -5.877849990e-01   7.226338038e-01
3.637432893e-01 1077   -5.620415996e-01   7.387938275e-01   3.718775616e-01
1078   -5.357864322e-01   7.541971000e-01   3.796309174e-01 1079
-5.090254337e-01   7.688441379e-01   3.870036168e-01 1080   -4.817591378e-01
7.827357389e-01   3.939960611e-01 1081   -4.539865814e-01   7.958704632e-01
4.006075257e-01 1082   -4.257297178e-01   8.082343470e-01   4.068309818e-01
1083   -3.970951453e-01   8.197811204e-01   4.126431391e-01 1084
-3.680968264e-01   8.305087569e-01   4.180429775e-01 1085   -3.387352765e-01
8.404184175e-01   4.230310815e-01 1086   -3.090099356e-01   8.495088408e-01
4.276068161e-01 1087   -2.789407490e-01   8.577707230e-01   4.317654981e-01
1088   -2.486382909e-01   8.651738491e-01   4.354919186e-01 1089
-2.181188073e-01   8.717174459e-01   4.387856885e-01 1090   -1.873825794e-01
8.774026276e-01   4.416473684e-01 1091   -1.564292468e-01   8.822279661e-01
4.440762397e-01 1092   -1.252923363e-01   8.861855749e-01   4.460683326e-01
1093   -9.407670128e-02   8.892628088e-01   4.476172820e-01 1094
-6.278944277e-02   8.914617876e-01   4.487241549e-01 1095   -3.143059998e-02
8.927829918e-01   4.493891932e-01 1096   -9.995059366e-01   2.771931447e-02
1.481628227e-02 1097   -9.980267962e-01   5.537534476e-02   2.959873843e-02
1098   -9.955649523e-01   8.296824334e-02   4.434745000e-02 1099
-9.921198670e-01   1.104979757e-01   5.906239849e-02 1100   -9.876891671e-01
1.379582791e-01   7.374023648e-02 1101   -9.822870094e-01   1.652566813e-01
8.833153647e-02 1102   -9.759222233e-01   1.923636143e-01   1.028204940e-01
1103   -9.685964073e-01   2.192793959e-01   1.172072790e-01 1104
-9.603083143e-01   2.460037780e-01   1.314917588e-01 1105   -9.510588098e-01
2.725224331e-01   1.456662753e-01 1106   -9.408817207e-01   2.987378434e-01
1.596787040e-01 1107   -9.297874630e-01   3.246324186e-01   1.735196428e-01
1108   -9.177774488e-01   3.502066527e-01   1.871893557e-01 1109
-9.048503784e-01   3.754600910e-01   2.006875998e-01 1110   -8.910085207e-01
4.003804199e-01   2.140077931e-01 1111   -8.763036763e-01   4.248736280e-01
2.270996855e-01 1112   -8.607514785e-01   4.489203541e-01   2.399529284e-01
1113   -8.443535392e-01   4.725214477e-01   2.525679758e-01 1114
-8.271089652e-01   4.956764381e-01   2.649445760e-01 1115   -8.090171784e-01
5.183800895e-01   2.770799305e-01 1116   -7.901411305e-01   5.405515465e-01
2.889308212e-01 1117   -7.705112438e-01   5.621599019e-01   3.004807278e-01
1118   -7.501294560e-01   5.832066032e-01   3.117304240e-01 1119
-7.289954763e-01   6.036914330e-01   3.226797936e-01 1120   -7.071067812e-01
6.236125065e-01   3.333278292e-01 1121   -6.845185136e-01   6.429166122e-01
3.436460887e-01 1122   -6.612910095e-01   6.615551183e-01   3.536085778e-01
1123   -6.374264060e-01   6.795302504e-01   3.632164860e-01 1124
-6.129249496e-01   6.968422648e-01   3.724699506e-01 1125   -5.877849990e-01
7.134894528e-01   3.813680579e-01 1126   -5.620415996e-01   7.294449844e-01
3.898964672e-01 1127   -5.357864322e-01   7.446533408e-01   3.980255031e-01
1128   -5.090254337e-01   7.591150322e-01   4.057554382e-01 1129
-4.817591378e-01   7.728308462e-01   4.130866935e-01 1130   -4.539865814e-01
7.857993611e-01   4.200185091e-01 1131   -4.257297178e-01   7.980067898e-01
4.265435157e-01 1132   -3.970951453e-01   8.094074480e-01   4.326372945e-01
1133   -3.680968264e-01   8.199993350e-01   4.382987760e-01 1134
-3.387352765e-01   8.297835968e-01   4.435285729e-01 1135   -3.090099356e-01
8.387589880e-01   4.483260195e-01 1136   -2.789407490e-01   8.469163227e-01
4.526862057e-01 1137   -2.486382909e-01   8.542257682e-01   4.565931857e-01
1138   -2.181188073e-01   8.606865611e-01   4.600465515e-01 1139
-1.873825794e-01   8.662998013e-01   4.630468909e-01 1140   -1.564292468e-01
8.710640790e-01   4.655934504e-01 1141   -1.252923363e-01   8.749716075e-01
4.676820678e-01 1142   -9.407670128e-02   8.780099015e-01   4.693060698e-01
1143   -6.278944277e-02   8.801810539e-01   4.704665750e-01 1144
-3.143059998e-02   8.814855394e-01   4.711638370e-01 1145   -9.995059366e-01
2.734735617e-02   1.549208591e-02 1146   -9.980267962e-01   5.463227733e-02
3.094880283e-02 1147   -9.955649523e-01   8.185491395e-02   4.637023599e-02
1148   -9.921198670e-01   1.090152319e-01   6.175636607e-02 1149
-9.876891671e-01   1.361070527e-01   7.710369295e-02 1150   -9.822870094e-01
1.630391447e-01   9.236053465e-02 1151   -9.759222233e-01   1.897823367e-01
1.075103658e-01 1152   -9.685964073e-01   2.163369424e-01   1.225533641e-01
1153   -9.603083143e-01   2.427027170e-01   1.374893909e-01 1154
-9.510588098e-01   2.688655251e-01   1.523104386e-01 1155   -9.408817207e-01
2.947291576e-01   1.669620055e-01 1156   -9.297874630e-01   3.202762601e-01
1.814342603e-01 1157   -9.177774488e-01   3.455073202e-01   1.957274793e-01
1158   -9.048503784e-01   3.704218892e-01   2.098414083e-01 1159
-8.910085207e-01   3.950078186e-01   2.237691653e-01 1160   -8.763036763e-01
4.191723587e-01   2.374582081e-01 1161   -8.607514785e-01   4.428964080e-01
2.508977161e-01 1162   -8.443535392e-01   4.661808046e-01   2.640881638e-01
1163   -8.271089652e-01   4.890250842e-01   2.770292884e-01 1164
-8.090171784e-01   5.114240812e-01   2.897181634e-01 1165   -7.901411305e-01
5.332980252e-01   3.021095996e-01 1166   -7.705112438e-01   5.546164237e-01
3.141863232e-01 1167   -7.501294560e-01   5.753807047e-01   3.259491431e-01
1168   -7.289954763e-01   5.955906539e-01   3.373979379e-01 1169
-7.071067812e-01   6.152444116e-01   3.485316542e-01 1170   -6.845185136e-01
6.342894805e-01   3.593205524e-01 1171   -6.612910095e-01   6.526778813e-01
3.697374528e-01 1172   -6.374264060e-01   6.704118098e-01   3.797835992e-01
1173   -6.129249496e-01   6.874915188e-01   3.894591348e-01 1174
-5.877849990e-01   7.039153225e-01   3.987631047e-01 1175   -5.620415996e-01
7.196567509e-01   4.076805137e-01 1176   -5.357864322e-01   7.346610303e-01
4.161803331e-01 1177   -5.090254337e-01   7.489286641e-01   4.242628477e-01
1178   -4.817591378e-01   7.624604290e-01   4.319284979e-01 1179
-4.539865814e-01   7.752549228e-01   4.391764891e-01 1180   -4.257297178e-01
7.872985432e-01   4.459991158e-01 1181   -3.970951453e-01   7.985462189e-01
4.523708454e-01 1182   -3.680968264e-01   8.089959761e-01   4.582905597e-01
1183   -3.387352765e-01   8.186489454e-01   4.637588993e-01 1184
-3.090099356e-01   8.275038982e-01   4.687751681e-01 1185   -2.789407490e-01
8.355517717e-01   4.733342321e-01 1186   -2.486382909e-01   8.427631337e-01
4.774194182e-01 1187   -2.181188073e-01   8.491372308e-01   4.810302996e-01
1188   -1.873825794e-01   8.546751485e-01   4.841674912e-01 1189
-1.564292468e-01   8.593754955e-01   4.868302049e-01 1190   -1.252923363e-01
8.632305899e-01   4.890140889e-01 1191   -9.407670128e-02   8.662281138e-01
4.907121652e-01 1192   -6.278944277e-02   8.683701321e-01   4.919256036e-01
1193   -3.143059998e-02   8.696571130e-01   4.926546693e-01 1194
-9.995059366e-01   2.695892483e-02   1.615855770e-02 1195   -9.980267962e-01
5.385630147e-02   3.228022484e-02 1196   -9.955649523e-01   8.069227823e-02
4.836509029e-02 1197   -9.921198670e-01   1.074668215e-01   6.441313393e-02
1198   -9.876891671e-01   1.341738404e-01   8.042070504e-02 1199
-9.822870094e-01   1.607233994e-01   9.633389829e-02 1200   -9.759222233e-01
1.870867414e-01   1.121354774e-01 1201   -9.685964073e-01   2.132641756e-01
1.278256277e-01 1202   -9.603083143e-01   2.392554609e-01   1.434042045e-01
1203   -9.510588098e-01   2.650466626e-01   1.588628559e-01 1204
-9.408817207e-01   2.905429379e-01   1.741447352e-01 1205   -9.297874630e-01
3.157271793e-01   1.892395886e-01 1206   -9.177774488e-01   3.405998671e-01
2.041477039e-01 1207   -9.048503784e-01   3.651605591e-01   2.188688162e-01
1208   -8.910085207e-01   3.893972795e-01   2.333957473e-01 1209
-8.763036763e-01   4.132185957e-01   2.476736948e-01 1210   -8.607514785e-01
4.366056777e-01   2.616913724e-01 1211   -8.443535392e-01   4.595593517e-01
2.754492751e-01 1212   -8.271089652e-01   4.820791600e-01   2.889471287e-01
1213   -8.090171784e-01   5.041600102e-01   3.021818810e-01 1214
-7.901411305e-01   5.257232651e-01   3.151063986e-01 1215   -7.705112438e-01
5.467388652e-01   3.277026646e-01 1216   -7.501294560e-01   5.672082184e-01
3.399715227e-01 1217   -7.289954763e-01   5.871311132e-01   3.519128463e-01
1218   -7.071067812e-01   6.065057165e-01   3.635255366e-01 1219
-6.845185136e-01   6.252802766e-01   3.747785749e-01 1220   -6.612910095e-01
6.434074956e-01   3.856436118e-01 1221   -6.374264060e-01   6.608895382e-01
3.961219449e-01 1222   -6.129249496e-01   6.777266536e-01   4.062137235e-01
1223   -5.877849990e-01   6.939171799e-01   4.159179515e-01 1224
-5.620415996e-01   7.094350231e-01   4.252189888e-01 1225   -5.357864322e-01
7.242261875e-01   4.340844716e-01 1226   -5.090254337e-01   7.382911692e-01
4.425146972e-01 1227   -4.817591378e-01   7.516307342e-01   4.505101247e-01
1228   -4.539865814e-01   7.642434999e-01   4.580699256e-01 1229
-4.257297178e-01   7.761160574e-01   4.651860626e-01 1230   -3.970951453e-01
7.872039755e-01   4.718319050e-01 1231   -3.680968264e-01   7.975053082e-01
4.780062863e-01 1232   -3.387352765e-01   8.070211705e-01   4.837098746e-01
1233   -3.090099356e-01   8.157503510e-01   4.889419440e-01 1234
-2.789407490e-01   8.236839156e-01   4.936971397e-01 1235   -2.486382909e-01
8.307928501e-01   4.979580710e-01 1236   -2.181188073e-01   8.370764121e-01
5.017242931e-01 1237   -1.873825794e-01   8.425356712e-01   5.049964471e-01
1238   -1.564292468e-01   8.471692564e-01   5.077737112e-01 1239
-1.252923363e-01   8.509695945e-01   5.100515462e-01 1240   -9.407670128e-02
8.539245427e-01   5.118226740e-01 1241   -6.278944277e-02   8.560361366e-01
5.130883147e-01 1242   -3.143059998e-02   8.573048377e-01   5.138487449e-01
1243   -9.995059366e-01   2.655425445e-02   1.681529618e-02 1244
-9.980267962e-01   5.304788459e-02   3.359220244e-02 1245   -9.955649523e-01
7.948103649e-02   5.033081127e-02 1246   -9.921198670e-01   1.058536770e-01
6.703110172e-02 1247   -9.876891671e-01   1.321598069e-01   8.368927471e-02
1248   -9.822870094e-01   1.583108403e-01   1.002492340e-01 1249
-9.759222233e-01   1.842784520e-01   1.166930427e-01 1250   -9.685964073e-01
2.100629465e-01   1.330208938e-01 1251   -9.603083143e-01   2.356640863e-01
1.492326368e-01 1252   -9.510588098e-01   2.610681458e-01   1.653195801e-01
1253   -9.408817207e-01   2.861817061e-01   1.812225667e-01 1254
-9.297874630e-01   3.109879162e-01   1.969309260e-01 1255   -9.177774488e-01
3.354872493e-01   2.124449576e-01 1256   -9.048503784e-01   3.596792699e-01
2.277643858e-01 1257   -8.910085207e-01   3.835521819e-01   2.428817405e-01
1258   -8.763036763e-01   4.070159252e-01   2.577399921e-01 1259
-8.607514785e-01   4.300519525e-01   2.723273955e-01 1260   -8.443535392e-01
4.526610774e-01   2.866444660e-01 1261   -8.271089652e-01   4.748428492e-01
3.006909180e-01 1262   -8.090171784e-01   4.965922520e-01   3.144635755e-01
1263   -7.901411305e-01   5.178318289e-01   3.279133892e-01 1264
-7.705112438e-01   5.385319717e-01   3.410216101e-01 1265   -7.501294560e-01
5.586940670e-01   3.537891161e-01 1266   -7.289954763e-01   5.783179067e-01
3.662157756e-01 1267   -7.071067812e-01   5.974016851e-01   3.783004449e-01
1268   -6.845185136e-01   6.158944272e-01   3.900108447e-01 1269
-6.612910095e-01   6.337495453e-01   4.013174736e-01 1270   -6.374264060e-01
6.509691714e-01   4.122216816e-01 1271   -6.129249496e-01   6.675535512e-01
4.227236242e-01 1272   -5.877849990e-01   6.835010475e-01   4.328222649e-01
1273   -5.620415996e-01   6.987859581e-01   4.425013278e-01 1274
-5.357864322e-01   7.133550979e-01   4.517271338e-01 1275   -5.090254337e-01
7.272089554e-01   4.604999923e-01 1276   -4.817591378e-01   7.403482852e-01
4.688203811e-01 1277   -4.539865814e-01   7.527717253e-01   4.766874378e-01
1278   -4.257297178e-01   7.644660682e-01   4.840927988e-01 1279
-3.970951453e-01   7.753875497e-01   4.910087507e-01 1280   -3.680968264e-01
7.855342531e-01   4.974340797e-01 1281   -3.387352765e-01   7.949072762e-01
5.033694812e-01 1282   -3.090099356e-01   8.035054262e-01   5.088141996e-01
1283   -2.789407490e-01   8.113199031e-01   5.137626625e-01 1284
-2.486382909e-01   8.183221280e-01   5.181967726e-01 1285   -2.181188073e-01
8.245113698e-01   5.221160667e-01 1286   -1.873825794e-01   8.298886820e-01
5.255212121e-01 1287   -1.564292468e-01   8.344527142e-01   5.284113536e-01
1288   -1.252923363e-01   8.381960068e-01   5.307817675e-01 1289
-9.407670128e-02   8.411065994e-01   5.326248799e-01 1290   -6.278944277e-02
8.431864970e-01   5.339419605e-01 1291   -3.143059998e-02   8.444361541e-01
5.347332972e-01 1292   -9.995059366e-01   2.613358878e-02   1.746190576e-02
1293   -9.980267962e-01   5.220751364e-02   3.488394535e-02 1294
-9.955649523e-01   7.822191834e-02   5.226621485e-02 1295   -9.921198670e-01
1.041767703e-01   6.960869249e-02 1296   -9.876891671e-01   1.300661652e-01
8.690743308e-02 1297   -9.822870094e-01   1.558029207e-01   1.041041833e-01
1298   -9.759222233e-01   1.813591601e-01   1.211803166e-01 1299
-9.685964073e-01   2.067351833e-01   1.381360332e-01 1300   -9.603083143e-01
2.319307564e-01   1.549711769e-01 1301   -9.510588098e-01   2.569323714e-01
1.716767219e-01 1302   -9.408817207e-01   2.816480891e-01   1.881912365e-01
1303   -9.297874630e-01   3.060613255e-01   2.045036396e-01 1304
-9.177774488e-01   3.301725465e-01   2.206142424e-01 1305   -9.048503784e-01
3.539813234e-01   2.365227585e-01 1306   -8.910085207e-01   3.774760469e-01
2.522214308e-01 1307   -8.763036763e-01   4.005680836e-01   2.676510365e-01
1308   -8.607514785e-01   4.232391800e-01   2.827993788e-01 1309
-8.443535392e-01   4.454901370e-01   2.976669930e-01 1310   -8.271089652e-01
4.673205109e-01   3.122535824e-01 1311   -8.090171784e-01   4.887253653e-01
3.265558489e-01 1312   -7.901411305e-01   5.096284702e-01   3.405228571e-01
1313   -7.705112438e-01   5.300006867e-01   3.541351369e-01 1314
-7.501294560e-01   5.498433793e-01   3.673936002e-01 1315   -7.289954763e-01
5.691563432e-01   3.802981101e-01 1316   -7.071067812e-01   5.879378012e-01
3.928474792e-01 1317   -6.845185136e-01   6.061375861e-01   4.050081866e-01
1318   -6.612910095e-01   6.237098480e-01   4.167495967e-01 1319
-6.374264060e-01   6.406566852e-01   4.280731113e-01 1320   -6.129249496e-01
6.569783395e-01   4.389788920e-01 1321   -5.877849990e-01   6.726731997e-01
4.494658623e-01 1322   -5.620415996e-01   6.877159707e-01   4.595171205e-01
1323   -5.357864322e-01   7.020543099e-01   4.690976925e-01 1324
-5.090254337e-01   7.156886981e-01   4.782078995e-01 1325   -4.817591378e-01
7.286198780e-01   4.868482376e-01 1326   -4.539865814e-01   7.408465092e-01
4.950178114e-01 1327   -4.257297178e-01   7.523555934e-01   5.027079356e-01
1328   -3.970951453e-01   7.631040595e-01   5.098898311e-01 1329
-3.680968264e-01   7.730900214e-01   5.165622375e-01 1330   -3.387352765e-01
7.823145596e-01   5.227258768e-01 1331   -3.090099356e-01   7.907764999e-01
5.283799646e-01 1332   -2.789407490e-01   7.984671818e-01   5.335187140e-01
1333   -2.486382909e-01   8.053584793e-01   5.381233317e-01 1334
-2.181188073e-01   8.114496726e-01   5.421933370e-01 1335   -1.873825794e-01
8.167417989e-01   5.457294227e-01 1336   -1.564292468e-01   8.212335288e-01
5.487307007e-01 1337   -1.252923363e-01   8.249175212e-01   5.511922657e-01
1338   -9.407670128e-02   8.277820049e-01   5.531062525e-01 1339
-6.278944277e-02   8.298289533e-01   5.544739797e-01 1340   -3.143059998e-02
8.310588136e-01   5.552957461e-01 1341   -9.995059366e-01   2.569718121e-02
1.809799693e-02 1342   -9.980267962e-01   5.133569484e-02   3.615467548e-02
1343   -9.955649523e-01   7.691568224e-02   5.417013522e-02 1344
-9.921198670e-01   1.024371114e-01   7.214435358e-02 1345   -9.876891671e-01
1.278941765e-01   9.007324167e-02 1346   -9.822870094e-01   1.532011512e-01
1.078964242e-01 1347   -9.759222233e-01   1.783306243e-01   1.255945959e-01
1348   -9.685964073e-01   2.032828906e-01   1.431679646e-01 1349
-9.603083143e-01   2.280577201e-01   1.606163682e-01 1350   -9.510588098e-01
2.526418305e-01   1.779304522e-01 1351   -9.408817207e-01   2.769448178e-01
1.950465470e-01 1352   -9.297874630e-01   3.009503750e-01   2.119531679e-01
1353   -9.177774488e-01   3.246589602e-01   2.286506375e-01 1354
-9.048503784e-01   3.480701518e-01   2.451386589e-01 1355   -8.910085207e-01
3.711725344e-01   2.614091924e-01 1356   -8.763036763e-01   3.938789547e-01
2.774008579e-01 1357   -8.607514785e-01   4.161714641e-01   2.931010144e-01
1358   -8.443535392e-01   4.380508500e-01   3.085102165e-01 1359
-8.271089652e-01   4.595166762e-01   3.236281569e-01 1360   -8.090171784e-01
4.805640886e-01   3.384514172e-01 1361   -7.901411305e-01   5.011181304e-01
3.529272067e-01 1362   -7.705112438e-01   5.211501491e-01   3.670353460e-01
1363   -7.501294560e-01   5.406614864e-01   3.807767802e-01 1364
-7.289954763e-01   5.596519411e-01   3.941513673e-01 1365   -7.071067812e-01
5.781197656e-01   4.071578768e-01 1366   -6.845185136e-01   5.960156303e-01
4.197615668e-01 1367   -6.612910095e-01   6.132944511e-01   4.319306854e-01
1368   -6.374264060e-01   6.299582913e-01   4.436666858e-01 1369
-6.129249496e-01   6.460073886e-01   4.549697353e-01 1370   -5.877849990e-01
6.614401586e-01   4.658387183e-01 1371   -5.620415996e-01   6.762317288e-01
4.762561174e-01 1372   -5.357864322e-01   6.903306306e-01   4.861856843e-01
1373   -5.090254337e-01   7.037373367e-01   4.956277521e-01 1374
-4.817591378e-01   7.164525775e-01   5.045828350e-01 1375   -4.539865814e-01
7.284750349e-01   5.130500048e-01 1376   -4.257297178e-01   7.397919276e-01
5.210202599e-01 1377   -3.970951453e-01   7.503609040e-01   5.284637729e-01
1378   -3.680968264e-01   7.601801092e-01   5.353792375e-01 1379
-3.387352765e-01   7.692506058e-01   5.417674020e-01 1380   -3.090099356e-01
7.775712393e-01   5.476274532e-01 1381   -2.789407490e-01   7.851334937e-01
5.529533937e-01 1382   -2.486382909e-01   7.919097127e-01   5.577257455e-01
1383   -2.181188073e-01   7.978991886e-01   5.619440104e-01 1384
-1.873825794e-01   8.031029411e-01   5.656089064e-01 1385   -1.564292468e-01
8.075196631e-01   5.687195130e-01 1386   -1.252923363e-01   8.111421361e-01
5.712707463e-01 1387   -9.407670128e-02   8.139587855e-01   5.732544546e-01
1388   -6.278944277e-02   8.159715517e-01   5.746720045e-01 1389
-3.143059998e-02   8.171808745e-01   5.755237057e-01 1390   -9.995059366e-01
2.524529462e-02   1.872318655e-02 1391   -9.980267962e-01   5.043295333e-02
3.740362739e-02 1392   -9.955649523e-01   7.556311501e-02   5.604142552e-02
1393   -9.921198670e-01   1.006357482e-01   7.463655761e-02 1394
-9.876891671e-01   1.256451492e-01   9.318479351e-02 1395   -9.822870094e-01
1.505070990e-01   1.116236722e-01 1396   -9.759222233e-01   1.751946687e-01
1.299332218e-01 1397   -9.685964073e-01   1.997081478e-01   1.481136569e-01
1398   -9.603083143e-01   2.240473104e-01   1.661648102e-01 1399
-9.510588098e-01   2.481991076e-01   1.840770037e-01 1400   -9.408817207e-01
2.720747253e-01   2.017843686e-01 1401   -9.297874630e-01   2.956581433e-01
2.192750235e-01 1402   -9.177774488e-01   3.189498115e-01   2.365493019e-01
1403   -9.048503784e-01   3.419493157e-01   2.536068968e-01 1404
-8.910085207e-01   3.646454414e-01   2.704394908e-01 1405   -8.763036763e-01
3.869525679e-01   2.869835833e-01 1406   -8.607514785e-01   4.088530621e-01
3.032260968e-01 1407   -8.443535392e-01   4.303476976e-01   3.191676050e-01
1408   -8.271089652e-01   4.514360458e-01   3.348077900e-01 1409
-8.090171784e-01   4.721133381e-01   3.501431151e-01 1410   -7.901411305e-01
4.923059358e-01   3.651189662e-01 1411   -7.705112438e-01   5.119856901e-01
3.797144667e-01 1412   -7.501294560e-01   5.311539193e-01   3.939305944e-01
1413   -7.289954763e-01   5.498104256e-01   4.077672025e-01 1414
-7.071067812e-01   5.679534922e-01   4.212230178e-01 1415   -6.845185136e-01
5.855346570e-01   4.342620982e-01 1416   -6.612910095e-01   6.025096287e-01
4.468515952e-01 1417   -6.374264060e-01   6.188804341e-01   4.589930121e-01
1418   -6.129249496e-01   6.346473070e-01   4.706865219e-01 1419
-5.877849990e-01   6.498086908e-01   4.819309705e-01 1420   -5.620415996e-01
6.643401502e-01   4.927082353e-01 1421   -5.357864322e-01   6.781911219e-01
5.029808160e-01 1422   -5.090254337e-01   6.913620703e-01   5.127490571e-01
1423   -4.817591378e-01   7.038537127e-01   5.220134905e-01 1424
-4.539865814e-01   7.156647544e-01   5.307731561e-01 1425   -4.257297178e-01
7.267826388e-01   5.390187411e-01 1426   -3.970951453e-01   7.371657591e-01
5.467193879e-01 1427   -3.680968264e-01   7.468122930e-01   5.538737450e-01
1428   -3.387352765e-01   7.557232843e-01   5.604825867e-01 1429
-3.090099356e-01   7.638975989e-01   5.665450715e-01 1430   -2.789407490e-01
7.713268706e-01   5.720549949e-01 1431   -2.486382909e-01   7.779839293e-01
5.769922062e-01 1432   -2.181188073e-01   7.838680799e-01   5.813561897e-01
1433   -1.873825794e-01   7.889803241e-01   5.851476883e-01 1434
-1.564292468e-01   7.933193778e-01   5.883657499e-01 1435   -1.252923363e-01
7.968781493e-01   5.910051147e-01 1436   -9.407670128e-02   7.996452678e-01
5.930573497e-01 1437   -6.278944277e-02   8.016226393e-01   5.945238683e-01
1438   -3.143059998e-02   8.028106961e-01   5.954049913e-01 1439
-9.995059366e-01   2.477820121e-02   1.933709802e-02 1440   -9.980267962e-01
4.949983290e-02   3.863004875e-02 1441   -9.955649523e-01   7.416503138e-02
5.787895857e-02 1442   -9.921198670e-01   9.877376575e-02   7.708380336e-02
1443   -9.876891671e-01   1.233204379e-01   9.624021431e-02 1444
-9.822870094e-01   1.477223871e-01   1.152836824e-01 1445   -9.759222233e-01
1.719531825e-01   1.341935807e-01 1446   -9.685964073e-01   1.960131084e-01
1.529701312e-01 1447   -9.603083143e-01   2.199019430e-01   1.716131607e-01
1448   -9.510588098e-01   2.436068788e-01   1.901126742e-01 1449
-9.408817207e-01   2.670407452e-01   2.084006430e-01 1450   -9.297874630e-01
2.901878181e-01   2.264647960e-01 1451   -9.177774488e-01   3.130485393e-01
2.443054779e-01 1452   -9.048503784e-01   3.356225022e-01   2.619223715e-01
1453   -8.910085207e-01   3.578986997e-01   2.793068866e-01 1454
-8.763036763e-01   3.797930953e-01   2.963934406e-01 1455   -8.607514785e-01
4.012883823e-01   3.131685272e-01 1456   -8.443535392e-01   4.223853198e-01
3.296327389e-01 1457   -8.271089652e-01   4.430834872e-01   3.457857473e-01
1458   -8.090171784e-01   4.633782042e-01   3.616238999e-01 1459
-7.901411305e-01   4.831971944e-01   3.770907917e-01 1460   -7.705112438e-01
5.025128301e-01   3.921648617e-01 1461   -7.501294560e-01   5.213264049e-01
4.068471196e-01 1462   -7.289954763e-01   5.396377249e-01   4.211374139e-01
1463   -7.071067812e-01   5.574451049e-01   4.350344297e-01 1464
-6.845185136e-01   5.747009795e-01   4.485010464e-01 1465   -6.612910095e-01
5.913618769e-01   4.615033384e-01 1466   -6.374264060e-01   6.074297865e-01
4.740428581e-01 1467   -6.129249496e-01   6.229049376e-01   4.861197845e-01
1468   -5.877849990e-01   6.377858025e-01   4.977329255e-01 1469
-5.620415996e-01   6.520483980e-01   5.088635643e-01 1470   -5.357864322e-01
6.656430963e-01   5.194729709e-01 1471   -5.090254337e-01   6.785703532e-01
5.295615012e-01 1472   -4.817591378e-01   6.908308727e-01   5.391297046e-01
1473   -4.539865814e-01   7.024233842e-01   5.481765894e-01 1474
-4.257297178e-01   7.133355634e-01   5.566925376e-01 1475   -3.970951453e-01
7.235265731e-01   5.646456796e-01 1476   -3.680968264e-01   7.329946249e-01
5.720346198e-01 1477   -3.387352765e-01   7.417407434e-01   5.788601576e-01
1478   -3.090099356e-01   7.497638152e-01   5.851214243e-01 1479
-2.789407490e-01   7.570556290e-01   5.908120117e-01 1480   -2.486382909e-01
7.635895175e-01   5.959111083e-01 1481   -2.181188073e-01   7.693647984e-01
6.004181817e-01 1482   -1.873825794e-01   7.743824548e-01   6.043339992e-01
1483   -1.564292468e-01   7.786412265e-01   6.076575773e-01 1484
-1.252923363e-01   7.821341529e-01   6.103834838e-01 1485   -9.407670128e-02
7.848500736e-01   6.125030091e-01 1486   -6.278944277e-02   7.867908594e-01
6.140176133e-01 1487   -3.143059998e-02   7.879569345e-01   6.149276272e-01
1488   -9.995059366e-01   2.429618234e-02   1.993936155e-02 1489
-9.980267962e-01   4.853689562e-02   3.983320081e-02 1490   -9.955649523e-01
7.272227351e-02   5.968162749e-02 1491   -9.921198670e-01   9.685228570e-02
7.948461672e-02 1492   -9.876891671e-01   1.209214430e-01   9.923766360e-02
1493   -9.822870094e-01   1.448486927e-01   1.188742499e-01 1494
-9.759222233e-01   1.686081181e-01   1.383731065e-01 1495   -9.685964073e-01
1.921999980e-01   1.577344619e-01 1496   -9.603083143e-01   2.156241148e-01
1.769581378e-01 1497   -9.510588098e-01   2.388679104e-01   1.960338279e-01
1498   -9.408817207e-01   2.618459097e-01   2.148913846e-01 1499
-9.297874630e-01   2.845426947e-01   2.335181546e-01 1500   -9.177774488e-01
3.069586983e-01   2.519144934e-01 1501   -9.048503784e-01   3.290935222e-01
2.700800739e-01 1502   -8.910085207e-01   3.509363731e-01   2.880060384e-01
1503   -8.763036763e-01   3.724048496e-01   3.056247616e-01 1504
-8.607514785e-01   3.934819813e-01   3.229223166e-01 1505   -8.443535392e-01
4.141685128e-01   3.398993143e-01 1506   -8.271089652e-01   4.344640317e-01
3.565554162e-01 1507   -8.090171784e-01   4.543639486e-01   3.728868559e-01
1508   -7.901411305e-01   4.737973932e-01   3.888354717e-01 1509
-7.705112438e-01   4.927372751e-01   4.043790311e-01 1510   -7.501294560e-01
5.111848630e-01   4.195185753e-01 1511   -7.289954763e-01   5.291399666e-01
4.342539479e-01 1512   -7.071067812e-01   5.466009335e-01   4.485837932e-01
1513   -6.845185136e-01   5.635211236e-01   4.624698344e-01 1514
-6.612910095e-01   5.798579109e-01   4.758770892e-01 1515   -6.374264060e-01
5.956132459e-01   4.888071585e-01 1516   -6.129249496e-01   6.107873535e-01
5.012602267e-01 1517   -5.877849990e-01   6.253787358e-01   5.132350647e-01
1518   -5.620415996e-01   6.393638762e-01   5.247123728e-01 1519
-5.357864322e-01   6.526941121e-01   5.356522147e-01 1520   -5.090254337e-01
6.653698907e-01   5.460549573e-01 1521   -4.817591378e-01   6.773919021e-01
5.559211671e-01 1522   -4.539865814e-01   6.887589005e-01   5.652498216e-01
1523   -4.257297178e-01   6.994588013e-01   5.740310033e-01 1524
-3.970951453e-01   7.094515618e-01   5.822318499e-01 1525   -3.680968264e-01
7.187354283e-01   5.898509222e-01 1526   -3.387352765e-01   7.273114055e-01
5.968890448e-01 1527   -3.090099356e-01   7.351784017e-01   6.033453218e-01
1528   -2.789407490e-01   7.423283654e-01   6.092131453e-01 1529
-2.486382909e-01   7.487351480e-01   6.144710559e-01 1530   -2.181188073e-01
7.543980803e-01   6.191185043e-01 1531   -1.873825794e-01   7.593181265e-01
6.231562819e-01 1532   -1.564292468e-01   7.634940508e-01   6.265833744e-01
1533   -1.252923363e-01   7.669190282e-01   6.293941807e-01 1534
-9.407670128e-02   7.695821151e-01   6.315797197e-01 1535   -6.278944277e-02
7.714851462e-01   6.331414969e-01 1536   -3.143059998e-02   7.726285372e-01
6.340798537e-01 1537   -9.995059366e-01   2.379952836e-02   2.052961435e-02
1538   -9.980267962e-01   4.754472153e-02   4.101235884e-02 1539
-9.955649523e-01   7.123571046e-02   6.144834643e-02 1540   -9.921198670e-01
9.487246546e-02   8.183755152e-02 1541   -9.876891671e-01   1.184496095e-01
1.021753358e-01 1542   -9.822870094e-01   1.418877468e-01   1.223932121e-01
1543   -9.759222233e-01   1.651614904e-01   1.424692814e-01 1544
-9.685964073e-01   1.882711134e-01   1.624037793e-01 1545   -9.603083143e-01
2.112164028e-01   1.821965220e-01 1546   -9.510588098e-01   2.339850569e-01
2.018368981e-01 1547   -9.408817207e-01   2.564933480e-01   2.212526836e-01
1548   -9.297874630e-01   2.787261733e-01   2.404308506e-01 1549
-9.177774488e-01   3.006839570e-01   2.593717650e-01 1550   -9.048503784e-01
3.223663086e-01   2.780750901e-01 1551   -8.910085207e-01   3.437626557e-01
2.965317061e-01 1552   -8.763036763e-01   3.647922811e-01   3.146719857e-01
1553   -8.607514785e-01   3.854385615e-01   3.324815897e-01 1554
-8.443535392e-01   4.057022263e-01   3.499611471e-01 1555   -8.271089652e-01
4.255828713e-01   3.671103094e-01 1556   -8.090171784e-01   4.450760011e-01
3.839251989e-01 1557   -7.901411305e-01   4.641121941e-01   4.003459319e-01
1558   -7.705112438e-01   4.826649136e-01   4.163496178e-01 1559
-7.501294560e-01   5.007354025e-01   4.319373287e-01 1560   -7.289954763e-01
5.183234741e-01   4.471089036e-01 1561   -7.071067812e-01   5.354275101e-01
4.618629465e-01 1562   -6.845185136e-01   5.520018237e-01   4.761600478e-01
1563   -6.612910095e-01   5.680046601e-01   4.899641894e-01 1564
-6.374264060e-01   5.834379302e-01   5.032770197e-01 1565   -6.129249496e-01
5.983018540e-01   5.160987286e-01 1566   -5.877849990e-01   6.125949644e-01
5.284280504e-01 1567   -5.620415996e-01   6.262942255e-01   5.402451143e-01
1568   -5.357864322e-01   6.393519694e-01   5.515088016e-01 1569
-5.090254337e-01   6.517686342e-01   5.622194903e-01 1570   -4.817591378e-01
6.635448959e-01   5.723777635e-01 1571   -4.539865814e-01   6.746795342e-01
5.819825685e-01 1572   -4.257297178e-01   6.851607113e-01   5.910236941e-01
1573   -3.970951453e-01   6.949492034e-01   5.994673054e-01 1574
-3.680968264e-01   7.040432924e-01   6.073119206e-01 1575   -3.387352765e-01
7.124439625e-01   6.145583884e-01 1576   -3.090099356e-01   7.201501443e-01
6.212057866e-01 1577   -2.789407490e-01   7.271539510e-01   6.272473118e-01
1578   -2.486382909e-01   7.334297683e-01   6.326608691e-01 1579
-2.181188073e-01   7.389769410e-01   6.374458931e-01 1580   -1.873825794e-01
7.437964134e-01   6.416031986e-01 1581   -1.564292468e-01   7.478869749e-01
6.451317412e-01 1582   -1.252923363e-01   7.512419401e-01   6.480257541e-01
1583   -9.407670128e-02   7.538505892e-01   6.502759902e-01 1584
-6.278944277e-02   7.557147191e-01   6.518839998e-01 1585   -3.143059998e-02
7.568347374e-01   6.528501342e-01 1586   -9.995059366e-01   2.328853843e-02
2.110750087e-02 1587   -9.980267962e-01   4.652390828e-02   4.216681256e-02
1588   -9.955649523e-01   6.970623769e-02   6.317805119e-02 1589
-9.921198670e-01   9.283549760e-02   8.414119043e-02 1590   -9.876891671e-01
1.159064264e-01   1.050514615e-01 1591   -9.822870094e-01   1.388413331e-01
1.258384492e-01 1592   -9.759222233e-01   1.616153757e-01   1.464796382e-01
1593   -9.685964073e-01   1.842288214e-01   1.669752708e-01 1594
-9.603083143e-01   2.066814619e-01   1.873251579e-01 1595   -9.510588098e-01
2.289612595e-01   2.075183894e-01 1596   -9.408817207e-01   2.509862844e-01
2.274807083e-01 1597   -9.297874630e-01   2.727417578e-01   2.471987200e-01
1598   -9.177774488e-01   2.942280948e-01   2.666728008e-01 1599
-9.048503784e-01   3.154449135e-01   2.859026044e-01 1600   -8.910085207e-01
3.363818684e-01   3.048787541e-01 1601   -8.763036763e-01   3.569599753e-01
3.235296631e-01 1602   -8.607514785e-01   3.771629680e-01   3.418405883e-01
1603   -8.443535392e-01   3.969915599e-01   3.598121764e-01 1604
-8.271089652e-01   4.164453557e-01   3.774440692e-01 1605   -8.090171784e-01
4.355199565e-01   3.947322796e-01 1606   -7.901411305e-01   4.541474312e-01
4.116152386e-01 1607   -7.705112438e-01   4.723018129e-01   4.280694110e-01
1608   -7.501294560e-01   4.899843177e-01   4.440958992e-01 1609
-7.289954763e-01   5.071947630e-01   4.596945376e-01 1610   -7.071067812e-01
5.239315653e-01   4.748638909e-01 1611   -6.845185136e-01   5.401500185e-01
4.895634402e-01 1612   -6.612910095e-01   5.558092646e-01   5.037561535e-01
1613   -6.374264060e-01   5.709111732e-01   5.174437256e-01 1614
-6.129249496e-01   5.854559598e-01   5.306263518e-01 1615   -5.877849990e-01
5.994421888e-01   5.433027308e-01 1616   -5.620415996e-01   6.128473186e-01
5.554524322e-01 1617   -5.357864322e-01   6.256247050e-01   5.670331803e-01
1618   -5.090254337e-01   6.377747767e-01   5.780453633e-01 1619
-4.817591378e-01   6.492981951e-01   5.884895810e-01 1620   -4.539865814e-01
6.601937661e-01   5.983647509e-01 1621   -4.257297178e-01   6.704499062e-01
6.076603744e-01 1622   -3.970951453e-01   6.800282335e-01   6.163416643e-01
1623   -3.680968264e-01   6.889270671e-01   6.244070969e-01 1624
-3.387352765e-01   6.971473698e-01   6.318575450e-01 1625   -3.090099356e-01
7.046880954e-01   6.386920603e-01 1626   -2.789407490e-01   7.115415262e-01
6.449036479e-01 1627   -2.486382909e-01   7.176825980e-01   6.504695910e-01
1628   -2.181188073e-01   7.231106696e-01   6.553893083e-01 1629
-1.873825794e-01   7.278266651e-01   6.596636374e-01 1630   -1.564292468e-01
7.318293998e-01   6.632915048e-01 1631   -1.252923363e-01   7.351123319e-01
6.662669810e-01 1632   -9.407670128e-02   7.376649718e-01   6.685805589e-01
1633   -6.278944277e-02   7.394890778e-01   6.702338321e-01 1634
-3.143059998e-02   7.405850486e-01   6.712271622e-01 1635   -9.995059366e-01
2.276352035e-02   2.167267303e-02 1636   -9.980267962e-01   4.547507077e-02
4.329586657e-02 1637   -9.955649523e-01   6.813477648e-02   6.486969985e-02
1638   -9.921198670e-01   9.074260910e-02   8.639414584e-02 1639
-9.876891671e-01   1.132934257e-01   1.078643080e-01 1640   -9.822870094e-01
1.357112865e-01   1.292078859e-01 1641   -9.759222233e-01   1.579719099e-01
1.504017612e-01 1642   -9.685964073e-01   1.800755569e-01   1.714461825e-01
1643   -9.603083143e-01   2.020220238e-01   1.923409560e-01 1644
-9.510588098e-01   2.237995445e-01   2.130748793e-01 1645   -9.408817207e-01
2.453280359e-01   2.335717071e-01 1646   -9.297874630e-01   2.665930528e-01
2.538176862e-01 1647   -9.177774488e-01   2.875950007e-01   2.738132028e-01
1648   -9.048503784e-01   3.083335063e-01   2.935579015e-01 1649
-8.910085207e-01   3.287984573e-01   3.130421547e-01 1650   -8.763036763e-01
3.489126503e-01   3.321924583e-01 1651   -8.607514785e-01   3.686601855e-01
3.509936749e-01 1652   -8.443535392e-01   3.880417606e-01   3.694464683e-01
1653   -8.271089652e-01   4.070569890e-01   3.875504707e-01 1654
-8.090171784e-01   4.257015710e-01   4.053015884e-01 1655   -7.901411305e-01
4.439091068e-01   4.226366036e-01 1656   -7.705112438e-01   4.616542152e-01
4.395313512e-01 1657   -7.501294560e-01   4.789380846e-01   4.559869629e-01
1658   -7.289954763e-01   4.957605367e-01   4.720032688e-01 1659
-7.071067812e-01   5.121200236e-01   4.875787951e-01 1660   -6.845185136e-01
5.279728472e-01   5.026719378e-01 1661   -6.612910095e-01   5.432790704e-01
5.172446737e-01 1662   -6.374264060e-01   5.580405207e-01   5.312987428e-01
1663   -6.129249496e-01   5.722574089e-01   5.448343456e-01 1664
-5.877849990e-01   5.859283315e-01   5.578501459e-01 1665   -5.620415996e-01
5.990312553e-01   5.703251664e-01 1666   -5.357864322e-01   6.115205877e-01
5.822159994e-01 1667   -5.090254337e-01   6.233967475e-01   5.935230434e-01
1668   -4.817591378e-01   6.346603813e-01   6.042469143e-01 1669
-4.539865814e-01   6.453103220e-01   6.143865007e-01 1670   -4.257297178e-01
6.553352471e-01   6.239310229e-01 1671   -3.970951453e-01   6.646976401e-01
6.328447620e-01 1672   -3.680968264e-01   6.733958579e-01   6.411261537e-01
1673   -3.387352765e-01   6.814308416e-01   6.487760943e-01 1674
-3.090099356e-01   6.888015687e-01   6.557936098e-01 1675   -2.789407490e-01
6.955004954e-01   6.621715182e-01 1676   -2.486382909e-01   7.015031226e-01
6.678864943e-01 1677   -2.181188073e-01   7.068088234e-01   6.729379415e-01
1678   -1.873825794e-01   7.114185012e-01   6.773267196e-01 1679
-1.564292468e-01   7.153309981e-01   6.810517263e-01 1680   -1.252923363e-01
7.185399196e-01   6.841068735e-01 1681   -9.407670128e-02   7.210350126e-01
6.864823995e-01 1682   -6.278944277e-02   7.228179958e-01   6.881799407e-01
1683   -3.143059998e-02   7.238892590e-01   6.891998680e-01 1684
-9.995059366e-01   2.222479038e-02   2.222479038e-02 1685   -9.980267962e-01
4.439884077e-02   4.439884077e-02 1686   -9.955649523e-01   6.652227343e-02
6.652227343e-02 1687   -9.921198670e-01   8.859506064e-02   8.859506064e-02
1688   -9.876891671e-01   1.106121812e-01   1.106121812e-01 1689
-9.822870094e-01   1.324994926e-01   1.324994926e-01 1690   -9.759222233e-01
1.542332877e-01   1.542332877e-01 1691   -9.685964073e-01   1.758138215e-01
1.758138215e-01 1692   -9.603083143e-01   1.972408952e-01   1.972408952e-01
1693   -9.510588098e-01   2.185030209e-01   2.185030209e-01 1694
-9.408817207e-01   2.395220111e-01   2.395220111e-01 1695   -9.297874630e-01
2.602837621e-01   2.602837621e-01 1696   -9.177774488e-01   2.807886701e-01
2.807886701e-01 1697   -9.048503784e-01   3.010363704e-01   3.010363704e-01
1698   -8.910085207e-01   3.210169903e-01   3.210169903e-01 1699
-8.763036763e-01   3.406551533e-01   3.406551533e-01 1700   -8.607514785e-01
3.599353360e-01   3.599353360e-01 1701   -8.443535392e-01   3.788582194e-01
3.788582194e-01 1702   -8.271089652e-01   3.974234264e-01   3.974234264e-01
1703   -8.090171784e-01   4.156267587e-01   4.156267587e-01 1704
-7.901411305e-01   4.334033882e-01   4.334033882e-01 1705   -7.705112438e-01
4.507285342e-01   4.507285342e-01 1706   -7.501294560e-01   4.676033571e-01
4.676033571e-01 1707   -7.289954763e-01   4.840276828e-01   4.840276828e-01
1708   -7.071067812e-01   5.000000000e-01   5.000000000e-01 1709
-6.845185136e-01   5.154776448e-01   5.154776448e-01 1710   -6.612910095e-01
5.304216251e-01   5.304216251e-01 1711   -6.374264060e-01   5.448337255e-01
5.448337255e-01 1712   -6.129249496e-01   5.587141515e-01   5.587141515e-01
1713   -5.877849990e-01   5.720615329e-01   5.720615329e-01 1714
-5.620415996e-01   5.848543581e-01   5.848543581e-01 1715   -5.357864322e-01
5.970481133e-01   5.970481133e-01 1716   -5.090254337e-01   6.086432074e-01
6.086432074e-01 1717   -4.817591378e-01   6.196402719e-01   6.196402719e-01
1718   -4.539865814e-01   6.300381670e-01   6.300381670e-01 1719
-4.257297178e-01   6.398258386e-01   6.398258386e-01 1720   -3.970951453e-01
6.489666577e-01   6.489666577e-01 1721   -3.680968264e-01   6.574590202e-01
6.574590202e-01 1722   -3.387352765e-01   6.653038450e-01   6.653038450e-01
1723   -3.090099356e-01   6.725001337e-01   6.725001337e-01 1724
-2.789407490e-01   6.790405211e-01   6.790405211e-01 1725   -2.486382909e-01
6.849010879e-01   6.849010879e-01 1726   -2.181188073e-01   6.900812220e-01
6.900812220e-01 1727   -1.873825794e-01   6.945818055e-01   6.945818055e-01
1728   -1.564292468e-01   6.984017077e-01   6.984017077e-01 1729
-1.252923363e-01   7.015346857e-01   7.015346857e-01 1730   -9.407670128e-02
7.039707289e-01   7.039707289e-01 1731   -6.278944277e-02   7.057115154e-01
7.057115154e-01 1732   -3.143059998e-02   7.067574256e-01   7.067574256e-01
1733   -9.995059366e-01   2.167267303e-02   2.276352035e-02 1734
-9.980267962e-01   4.329586657e-02   4.547507077e-02 1735   -9.955649523e-01
6.486969985e-02   6.813477648e-02 1736   -9.921198670e-01   8.639414584e-02
9.074260910e-02 1737   -9.876891671e-01   1.078643080e-01   1.132934257e-01
1738   -9.822870094e-01   1.292078859e-01   1.357112865e-01 1739
-9.759222233e-01   1.504017612e-01   1.579719099e-01 1740   -9.685964073e-01
1.714461825e-01   1.800755569e-01 1741   -9.603083143e-01   1.923409560e-01
2.020220238e-01 1742   -9.510588098e-01   2.130748793e-01   2.237995445e-01
1743   -9.408817207e-01   2.335717071e-01   2.453280359e-01 1744
-9.297874630e-01   2.538176862e-01   2.665930528e-01 1745   -9.177774488e-01
2.738132028e-01   2.875950007e-01 1746   -9.048503784e-01   2.935579015e-01
3.083335063e-01 1747   -8.910085207e-01   3.130421547e-01   3.287984573e-01
1748   -8.763036763e-01   3.321924583e-01   3.489126503e-01 1749
-8.607514785e-01   3.509936749e-01   3.686601855e-01 1750   -8.443535392e-01
3.694464683e-01   3.880417606e-01 1751   -8.271089652e-01   3.875504707e-01
4.070569890e-01 1752   -8.090171784e-01   4.053015884e-01   4.257015710e-01
1753   -7.901411305e-01   4.226366036e-01   4.439091068e-01 1754
-7.705112438e-01   4.395313512e-01   4.616542152e-01 1755   -7.501294560e-01
4.559869629e-01   4.789380846e-01 1756   -7.289954763e-01   4.720032688e-01
4.957605367e-01 1757   -7.071067812e-01   4.875787951e-01   5.121200236e-01
1758   -6.845185136e-01   5.026719378e-01   5.279728472e-01 1759
-6.612910095e-01   5.172446737e-01   5.432790704e-01 1760   -6.374264060e-01
5.312987428e-01   5.580405207e-01 1761   -6.129249496e-01   5.448343456e-01
5.722574089e-01 1762   -5.877849990e-01   5.578501459e-01   5.859283315e-01
1763   -5.620415996e-01   5.703251664e-01   5.990312553e-01 1764
-5.357864322e-01   5.822159994e-01   6.115205877e-01 1765   -5.090254337e-01
5.935230434e-01   6.233967475e-01 1766   -4.817591378e-01   6.042469143e-01
6.346603813e-01 1767   -4.539865814e-01   6.143865007e-01   6.453103220e-01
1768   -4.257297178e-01   6.239310229e-01   6.553352471e-01 1769
-3.970951453e-01   6.328447620e-01   6.646976401e-01 1770   -3.680968264e-01
6.411261537e-01   6.733958579e-01 1771   -3.387352765e-01   6.487760943e-01
6.814308416e-01 1772   -3.090099356e-01   6.557936098e-01   6.888015687e-01
1773   -2.789407490e-01   6.621715182e-01   6.955004954e-01 1774
-2.486382909e-01   6.678864943e-01   7.015031226e-01 1775   -2.181188073e-01
6.729379415e-01   7.068088234e-01 1776   -1.873825794e-01   6.773267196e-01
7.114185012e-01 1777   -1.564292468e-01   6.810517263e-01   7.153309981e-01
1778   -1.252923363e-01   6.841068735e-01   7.185399196e-01 1779
-9.407670128e-02   6.864823995e-01   7.210350126e-01 1780   -6.278944277e-02
6.881799407e-01   7.228179958e-01 1781   -3.143059998e-02   6.891998680e-01
7.238892590e-01 1782   -9.995059366e-01   2.110750087e-02   2.328853843e-02
1783   -9.980267962e-01   4.216681256e-02   4.652390828e-02 1784
-9.955649523e-01   6.317805119e-02   6.970623769e-02 1785   -9.921198670e-01
8.414119043e-02   9.283549760e-02 1786   -9.876891671e-01   1.050514615e-01
1.159064264e-01 1787   -9.822870094e-01   1.258384492e-01   1.388413331e-01
1788   -9.759222233e-01   1.464796382e-01   1.616153757e-01 1789
-9.685964073e-01   1.669752708e-01   1.842288214e-01 1790   -9.603083143e-01
1.873251579e-01   2.066814619e-01 1791   -9.510588098e-01   2.075183894e-01
2.289612595e-01 1792   -9.408817207e-01   2.274807083e-01   2.509862844e-01
1793   -9.297874630e-01   2.471987200e-01   2.727417578e-01 1794
-9.177774488e-01   2.666728008e-01   2.942280948e-01 1795   -9.048503784e-01
2.859026044e-01   3.154449135e-01 1796   -8.910085207e-01   3.048787541e-01
3.363818684e-01 1797   -8.763036763e-01   3.235296631e-01   3.569599753e-01
1798   -8.607514785e-01   3.418405883e-01   3.771629680e-01 1799
-8.443535392e-01   3.598121764e-01   3.969915599e-01 1800   -8.271089652e-01
3.774440692e-01   4.164453557e-01 1801   -8.090171784e-01   3.947322796e-01
4.355199565e-01 1802   -7.901411305e-01   4.116152386e-01   4.541474312e-01
1803   -7.705112438e-01   4.280694110e-01   4.723018129e-01 1804
-7.501294560e-01   4.440958992e-01   4.899843177e-01 1805   -7.289954763e-01
4.596945376e-01   5.071947630e-01 1806   -7.071067812e-01   4.748638909e-01
5.239315653e-01 1807   -6.845185136e-01   4.895634402e-01   5.401500185e-01
1808   -6.612910095e-01   5.037561535e-01   5.558092646e-01 1809
-6.374264060e-01   5.174437256e-01   5.709111732e-01 1810   -6.129249496e-01
5.306263518e-01   5.854559598e-01 1811   -5.877849990e-01   5.433027308e-01
5.994421888e-01 1812   -5.620415996e-01   5.554524322e-01   6.128473186e-01
1813   -5.357864322e-01   5.670331803e-01   6.256247050e-01 1814
-5.090254337e-01   5.780453633e-01   6.377747767e-01 1815   -4.817591378e-01
5.884895810e-01   6.492981951e-01 1816   -4.539865814e-01   5.983647509e-01
6.601937661e-01 1817   -4.257297178e-01   6.076603744e-01   6.704499062e-01
1818   -3.970951453e-01   6.163416643e-01   6.800282335e-01 1819
-3.680968264e-01   6.244070969e-01   6.889270671e-01 1820   -3.387352765e-01
6.318575450e-01   6.971473698e-01 1821   -3.090099356e-01   6.386920603e-01
7.046880954e-01 1822   -2.789407490e-01   6.449036479e-01   7.115415262e-01
1823   -2.486382909e-01   6.504695910e-01   7.176825980e-01 1824
-2.181188073e-01   6.553893083e-01   7.231106696e-01 1825   -1.873825794e-01
6.596636374e-01   7.278266651e-01 1826   -1.564292468e-01   6.632915048e-01
7.318293998e-01 1827   -1.252923363e-01   6.662669810e-01   7.351123319e-01
1828   -9.407670128e-02   6.685805589e-01   7.376649718e-01 1829
-6.278944277e-02   6.702338321e-01   7.394890778e-01 1830   -3.143059998e-02
6.712271622e-01   7.405850486e-01 1831   -9.995059366e-01   2.052961435e-02
2.379952836e-02 1832   -9.980267962e-01   4.101235884e-02   4.754472153e-02
1833   -9.955649523e-01   6.144834643e-02   7.123571046e-02 1834
-9.921198670e-01   8.183755152e-02   9.487246546e-02 1835   -9.876891671e-01
1.021753358e-01   1.184496095e-01 1836   -9.822870094e-01   1.223932121e-01
1.418877468e-01 1837   -9.759222233e-01   1.424692814e-01   1.651614904e-01
1838   -9.685964073e-01   1.624037793e-01   1.882711134e-01 1839
-9.603083143e-01   1.821965220e-01   2.112164028e-01 1840   -9.510588098e-01
2.018368981e-01   2.339850569e-01 1841   -9.408817207e-01   2.212526836e-01
2.564933480e-01 1842   -9.297874630e-01   2.404308506e-01   2.787261733e-01
1843   -9.177774488e-01   2.593717650e-01   3.006839570e-01 1844
-9.048503784e-01   2.780750901e-01   3.223663086e-01 1845   -8.910085207e-01
2.965317061e-01   3.437626557e-01 1846   -8.763036763e-01   3.146719857e-01
3.647922811e-01 1847   -8.607514785e-01   3.324815897e-01   3.854385615e-01
1848   -8.443535392e-01   3.499611471e-01   4.057022263e-01 1849
-8.271089652e-01   3.671103094e-01   4.255828713e-01 1850   -8.090171784e-01
3.839251989e-01   4.450760011e-01 1851   -7.901411305e-01   4.003459319e-01
4.641121941e-01 1852   -7.705112438e-01   4.163496178e-01   4.826649136e-01
1853   -7.501294560e-01   4.319373287e-01   5.007354025e-01 1854
-7.289954763e-01   4.471089036e-01   5.183234741e-01 1855   -7.071067812e-01
4.618629465e-01   5.354275101e-01 1856   -6.845185136e-01   4.761600478e-01
5.520018237e-01 1857   -6.612910095e-01   4.899641894e-01   5.680046601e-01
1858   -6.374264060e-01   5.032770197e-01   5.834379302e-01 1859
-6.129249496e-01   5.160987286e-01   5.983018540e-01 1860   -5.877849990e-01
5.284280504e-01   6.125949644e-01 1861   -5.620415996e-01   5.402451143e-01
6.262942255e-01 1862   -5.357864322e-01   5.515088016e-01   6.393519694e-01
1863   -5.090254337e-01   5.622194903e-01   6.517686342e-01 1864
-4.817591378e-01   5.723777635e-01   6.635448959e-01 1865   -4.539865814e-01
5.819825685e-01   6.746795342e-01 1866   -4.257297178e-01   5.910236941e-01
6.851607113e-01 1867   -3.970951453e-01   5.994673054e-01   6.949492034e-01
1868   -3.680968264e-01   6.073119206e-01   7.040432924e-01 1869
-3.387352765e-01   6.145583884e-01   7.124439625e-01 1870   -3.090099356e-01
6.212057866e-01   7.201501443e-01 1871   -2.789407490e-01   6.272473118e-01
7.271539510e-01 1872   -2.486382909e-01   6.326608691e-01   7.334297683e-01
1873   -2.181188073e-01   6.374458931e-01   7.389769410e-01 1874
-1.873825794e-01   6.416031986e-01   7.437964134e-01 1875   -1.564292468e-01
6.451317412e-01   7.478869749e-01 1876   -1.252923363e-01   6.480257541e-01
7.512419401e-01 1877   -9.407670128e-02   6.502759902e-01   7.538505892e-01
1878   -6.278944277e-02   6.518839998e-01   7.557147191e-01 1879
-3.143059998e-02   6.528501342e-01   7.568347374e-01 1880   -9.995059366e-01
1.993936155e-02   2.429618234e-02 1881   -9.980267962e-01   3.983320081e-02
4.853689562e-02 1882   -9.955649523e-01   5.968162749e-02   7.272227351e-02
1883   -9.921198670e-01   7.948461672e-02   9.685228570e-02 1884
-9.876891671e-01   9.923766360e-02   1.209214430e-01 1885   -9.822870094e-01
1.188742499e-01   1.448486927e-01 1886   -9.759222233e-01   1.383731065e-01
1.686081181e-01 1887   -9.685964073e-01   1.577344619e-01   1.921999980e-01
1888   -9.603083143e-01   1.769581378e-01   2.156241148e-01 1889
-9.510588098e-01   1.960338279e-01   2.388679104e-01 1890   -9.408817207e-01
2.148913846e-01   2.618459097e-01 1891   -9.297874630e-01   2.335181546e-01
2.845426947e-01 1892   -9.177774488e-01   2.519144934e-01   3.069586983e-01
1893   -9.048503784e-01   2.700800739e-01   3.290935222e-01 1894
-8.910085207e-01   2.880060384e-01   3.509363731e-01 1895   -8.763036763e-01
3.056247616e-01   3.724048496e-01 1896   -8.607514785e-01   3.229223166e-01
3.934819813e-01 1897   -8.443535392e-01   3.398993143e-01   4.141685128e-01
1898   -8.271089652e-01   3.565554162e-01   4.344640317e-01 1899
-8.090171784e-01   3.728868559e-01   4.543639486e-01 1900   -7.901411305e-01
3.888354717e-01   4.737973932e-01 1901   -7.705112438e-01   4.043790311e-01
4.927372751e-01 1902   -7.501294560e-01   4.195185753e-01   5.111848630e-01
1903   -7.289954763e-01   4.342539479e-01   5.291399666e-01 1904
-7.071067812e-01   4.485837932e-01   5.466009335e-01 1905   -6.845185136e-01
4.624698344e-01   5.635211236e-01 1906   -6.612910095e-01   4.758770892e-01
5.798579109e-01 1907   -6.374264060e-01   4.888071585e-01   5.956132459e-01
1908   -6.129249496e-01   5.012602267e-01   6.107873535e-01 1909
-5.877849990e-01   5.132350647e-01   6.253787358e-01 1910   -5.620415996e-01
5.247123728e-01   6.393638762e-01 1911   -5.357864322e-01   5.356522147e-01
6.526941121e-01 1912   -5.090254337e-01   5.460549573e-01   6.653698907e-01
1913   -4.817591378e-01   5.559211671e-01   6.773919021e-01 1914
-4.539865814e-01   5.652498216e-01   6.887589005e-01 1915   -4.257297178e-01
5.740310033e-01   6.994588013e-01 1916   -3.970951453e-01   5.822318499e-01
7.094515618e-01 1917   -3.680968264e-01   5.898509222e-01   7.187354283e-01
1918   -3.387352765e-01   5.968890448e-01   7.273114055e-01 1919
-3.090099356e-01   6.033453218e-01   7.351784017e-01 1920   -2.789407490e-01
6.092131453e-01   7.423283654e-01 1921   -2.486382909e-01   6.144710559e-01
7.487351480e-01 1922   -2.181188073e-01   6.191185043e-01   7.543980803e-01
1923   -1.873825794e-01   6.231562819e-01   7.593181265e-01 1924
-1.564292468e-01   6.265833744e-01   7.634940508e-01 1925   -1.252923363e-01
6.293941807e-01   7.669190282e-01 1926   -9.407670128e-02   6.315797197e-01
7.695821151e-01 1927   -6.278944277e-02   6.331414969e-01   7.714851462e-01
1928   -3.143059998e-02   6.340798537e-01   7.726285372e-01 1929
-9.995059366e-01   1.933709802e-02   2.477820121e-02 1930   -9.980267962e-01
3.863004875e-02   4.949983290e-02 1931   -9.955649523e-01   5.787895857e-02
7.416503138e-02 1932   -9.921198670e-01   7.708380336e-02   9.877376575e-02
1933   -9.876891671e-01   9.624021431e-02   1.233204379e-01 1934
-9.822870094e-01   1.152836824e-01   1.477223871e-01 1935   -9.759222233e-01
1.341935807e-01   1.719531825e-01 1936   -9.685964073e-01   1.529701312e-01
1.960131084e-01 1937   -9.603083143e-01   1.716131607e-01   2.199019430e-01
1938   -9.510588098e-01   1.901126742e-01   2.436068788e-01 1939
-9.408817207e-01   2.084006430e-01   2.670407452e-01 1940   -9.297874630e-01
2.264647960e-01   2.901878181e-01 1941   -9.177774488e-01   2.443054779e-01
3.130485393e-01 1942   -9.048503784e-01   2.619223715e-01   3.356225022e-01
1943   -8.910085207e-01   2.793068866e-01   3.578986997e-01 1944
-8.763036763e-01   2.963934406e-01   3.797930953e-01 1945   -8.607514785e-01
3.131685272e-01   4.012883823e-01 1946   -8.443535392e-01   3.296327389e-01
4.223853198e-01 1947   -8.271089652e-01   3.457857473e-01   4.430834872e-01
1948   -8.090171784e-01   3.616238999e-01   4.633782042e-01 1949
-7.901411305e-01   3.770907917e-01   4.831971944e-01 1950   -7.705112438e-01
3.921648617e-01   5.025128301e-01 1951   -7.501294560e-01   4.068471196e-01
5.213264049e-01 1952   -7.289954763e-01   4.211374139e-01   5.396377249e-01
1953   -7.071067812e-01   4.350344297e-01   5.574451049e-01 1954
-6.845185136e-01   4.485010464e-01   5.747009795e-01 1955   -6.612910095e-01
4.615033384e-01   5.913618769e-01 1956   -6.374264060e-01   4.740428581e-01
6.074297865e-01 1957   -6.129249496e-01   4.861197845e-01   6.229049376e-01
1958   -5.877849990e-01   4.977329255e-01   6.377858025e-01 1959
-5.620415996e-01   5.088635643e-01   6.520483980e-01 1960   -5.357864322e-01
5.194729709e-01   6.656430963e-01 1961   -5.090254337e-01   5.295615012e-01
6.785703532e-01 1962   -4.817591378e-01   5.391297046e-01   6.908308727e-01
1963   -4.539865814e-01   5.481765894e-01   7.024233842e-01 1964
-4.257297178e-01   5.566925376e-01   7.133355634e-01 1965   -3.970951453e-01
5.646456796e-01   7.235265731e-01 1966   -3.680968264e-01   5.720346198e-01
7.329946249e-01 1967   -3.387352765e-01   5.788601576e-01   7.417407434e-01
1968   -3.090099356e-01   5.851214243e-01   7.497638152e-01 1969
-2.789407490e-01   5.908120117e-01   7.570556290e-01 1970   -2.486382909e-01
5.959111083e-01   7.635895175e-01 1971   -2.181188073e-01   6.004181817e-01
7.693647984e-01 1972   -1.873825794e-01   6.043339992e-01   7.743824548e-01
1973   -1.564292468e-01   6.076575773e-01   7.786412265e-01 1974
-1.252923363e-01   6.103834838e-01   7.821341529e-01 1975   -9.407670128e-02
6.125030091e-01   7.848500736e-01 1976   -6.278944277e-02   6.140176133e-01
7.867908594e-01 1977   -3.143059998e-02   6.149276272e-01   7.879569345e-01
1978   -9.995059366e-01   1.872318655e-02   2.524529462e-02 1979
-9.980267962e-01   3.740362739e-02   5.043295333e-02 1980   -9.955649523e-01
5.604142552e-02   7.556311501e-02 1981   -9.921198670e-01   7.463655761e-02
1.006357482e-01 1982   -9.876891671e-01   9.318479351e-02   1.256451492e-01
1983   -9.822870094e-01   1.116236722e-01   1.505070990e-01 1984
-9.759222233e-01   1.299332218e-01   1.751946687e-01 1985   -9.685964073e-01
1.481136569e-01   1.997081478e-01 1986   -9.603083143e-01   1.661648102e-01
2.240473104e-01 1987   -9.510588098e-01   1.840770037e-01   2.481991076e-01
1988   -9.408817207e-01   2.017843686e-01   2.720747253e-01 1989
-9.297874630e-01   2.192750235e-01   2.956581433e-01 1990   -9.177774488e-01
2.365493019e-01   3.189498115e-01 1991   -9.048503784e-01   2.536068968e-01
3.419493157e-01 1992   -8.910085207e-01   2.704394908e-01   3.646454414e-01
1993   -8.763036763e-01   2.869835833e-01   3.869525679e-01 1994
-8.607514785e-01   3.032260968e-01   4.088530621e-01 1995   -8.443535392e-01
3.191676050e-01   4.303476976e-01 1996   -8.271089652e-01   3.348077900e-01
4.514360458e-01 1997   -8.090171784e-01   3.501431151e-01   4.721133381e-01
1998   -7.901411305e-01   3.651189662e-01   4.923059358e-01 1999
-7.705112438e-01   3.797144667e-01   5.119856901e-01 2000   -7.501294560e-01
3.939305944e-01   5.311539193e-01 2001   -7.289954763e-01   4.077672025e-01
5.498104256e-01 2002   -7.071067812e-01   4.212230178e-01   5.679534922e-01
2003   -6.845185136e-01   4.342620982e-01   5.855346570e-01 2004
-6.612910095e-01   4.468515952e-01   6.025096287e-01 2005   -6.374264060e-01
4.589930121e-01   6.188804341e-01 2006   -6.129249496e-01   4.706865219e-01
6.346473070e-01 2007   -5.877849990e-01   4.819309705e-01   6.498086908e-01
2008   -5.620415996e-01   4.927082353e-01   6.643401502e-01 2009
-5.357864322e-01   5.029808160e-01   6.781911219e-01 2010   -5.090254337e-01
5.127490571e-01   6.913620703e-01 2011   -4.817591378e-01   5.220134905e-01
7.038537127e-01 2012   -4.539865814e-01   5.307731561e-01   7.156647544e-01
2013   -4.257297178e-01   5.390187411e-01   7.267826388e-01 2014
-3.970951453e-01   5.467193879e-01   7.371657591e-01 2015   -3.680968264e-01
5.538737450e-01   7.468122930e-01 2016   -3.387352765e-01   5.604825867e-01
7.557232843e-01 2017   -3.090099356e-01   5.665450715e-01   7.638975989e-01
2018   -2.789407490e-01   5.720549949e-01   7.713268706e-01 2019
-2.486382909e-01   5.769922062e-01   7.779839293e-01 2020   -2.181188073e-01
5.813561897e-01   7.838680799e-01 2021   -1.873825794e-01   5.851476883e-01
7.889803241e-01 2022   -1.564292468e-01   5.883657499e-01   7.933193778e-01
2023   -1.252923363e-01   5.910051147e-01   7.968781493e-01 2024
-9.407670128e-02   5.930573497e-01   7.996452678e-01 2025   -6.278944277e-02
5.945238683e-01   8.016226393e-01 2026   -3.143059998e-02   5.954049913e-01
8.028106961e-01 2027   -9.995059366e-01   1.809799693e-02   2.569718121e-02
2028   -9.980267962e-01   3.615467548e-02   5.133569484e-02 2029
-9.955649523e-01   5.417013522e-02   7.691568224e-02 2030   -9.921198670e-01
7.214435358e-02   1.024371114e-01 2031   -9.876891671e-01   9.007324167e-02
1.278941765e-01 2032   -9.822870094e-01   1.078964242e-01   1.532011512e-01
2033   -9.759222233e-01   1.255945959e-01   1.783306243e-01 2034
-9.685964073e-01   1.431679646e-01   2.032828906e-01 2035   -9.603083143e-01
1.606163682e-01   2.280577201e-01 2036   -9.510588098e-01   1.779304522e-01
2.526418305e-01 2037   -9.408817207e-01   1.950465470e-01   2.769448178e-01
2038   -9.297874630e-01   2.119531679e-01   3.009503750e-01 2039
-9.177774488e-01   2.286506375e-01   3.246589602e-01 2040   -9.048503784e-01
2.451386589e-01   3.480701518e-01 2041   -8.910085207e-01   2.614091924e-01
3.711725344e-01 2042   -8.763036763e-01   2.774008579e-01   3.938789547e-01
2043   -8.607514785e-01   2.931010144e-01   4.161714641e-01 2044
-8.443535392e-01   3.085102165e-01   4.380508500e-01 2045   -8.271089652e-01
3.236281569e-01   4.595166762e-01 2046   -8.090171784e-01   3.384514172e-01
4.805640886e-01 2047   -7.901411305e-01   3.529272067e-01   5.011181304e-01
2048   -7.705112438e-01   3.670353460e-01   5.211501491e-01 2049
-7.501294560e-01   3.807767802e-01   5.406614864e-01 2050   -7.289954763e-01
3.941513673e-01   5.596519411e-01 2051   -7.071067812e-01   4.071578768e-01
5.781197656e-01 2052   -6.845185136e-01   4.197615668e-01   5.960156303e-01
2053   -6.612910095e-01   4.319306854e-01   6.132944511e-01 2054
-6.374264060e-01   4.436666858e-01   6.299582913e-01 2055   -6.129249496e-01
4.549697353e-01   6.460073886e-01 2056   -5.877849990e-01   4.658387183e-01
6.614401586e-01 2057   -5.620415996e-01   4.762561174e-01   6.762317288e-01
2058   -5.357864322e-01   4.861856843e-01   6.903306306e-01 2059
-5.090254337e-01   4.956277521e-01   7.037373367e-01 2060   -4.817591378e-01
5.045828350e-01   7.164525775e-01 2061   -4.539865814e-01   5.130500048e-01
7.284750349e-01 2062   -4.257297178e-01   5.210202599e-01   7.397919276e-01
2063   -3.970951453e-01   5.284637729e-01   7.503609040e-01 2064
-3.680968264e-01   5.353792375e-01   7.601801092e-01 2065   -3.387352765e-01
5.417674020e-01   7.692506058e-01 2066   -3.090099356e-01   5.476274532e-01
7.775712393e-01 2067   -2.789407490e-01   5.529533937e-01   7.851334937e-01
2068   -2.486382909e-01   5.577257455e-01   7.919097127e-01 2069
-2.181188073e-01   5.619440104e-01   7.978991886e-01 2070   -1.873825794e-01
5.656089064e-01   8.031029411e-01 2071   -1.564292468e-01   5.687195130e-01
8.075196631e-01 2072   -1.252923363e-01   5.712707463e-01   8.111421361e-01
2073   -9.407670128e-02   5.732544546e-01   8.139587855e-01 2074
-6.278944277e-02   5.746720045e-01   8.159715517e-01 2075   -3.143059998e-02
5.755237057e-01   8.171808745e-01 2076   -9.995059366e-01   1.746190576e-02
2.613358878e-02 2077   -9.980267962e-01   3.488394535e-02   5.220751364e-02
2078   -9.955649523e-01   5.226621485e-02   7.822191834e-02 2079
-9.921198670e-01   6.960869249e-02   1.041767703e-01 2080   -9.876891671e-01
8.690743308e-02   1.300661652e-01 2081   -9.822870094e-01   1.041041833e-01
1.558029207e-01 2082   -9.759222233e-01   1.211803166e-01   1.813591601e-01
2083   -9.685964073e-01   1.381360332e-01   2.067351833e-01 2084
-9.603083143e-01   1.549711769e-01   2.319307564e-01 2085   -9.510588098e-01
1.716767219e-01   2.569323714e-01 2086   -9.408817207e-01   1.881912365e-01
2.816480891e-01 2087   -9.297874630e-01   2.045036396e-01   3.060613255e-01
2088   -9.177774488e-01   2.206142424e-01   3.301725465e-01 2089
-9.048503784e-01   2.365227585e-01   3.539813234e-01 2090   -8.910085207e-01
2.522214308e-01   3.774760469e-01 2091   -8.763036763e-01   2.676510365e-01
4.005680836e-01 2092   -8.607514785e-01   2.827993788e-01   4.232391800e-01
2093   -8.443535392e-01   2.976669930e-01   4.454901370e-01 2094
-8.271089652e-01   3.122535824e-01   4.673205109e-01 2095   -8.090171784e-01
3.265558489e-01   4.887253653e-01 2096   -7.901411305e-01   3.405228571e-01
5.096284702e-01 2097   -7.705112438e-01   3.541351369e-01   5.300006867e-01
2098   -7.501294560e-01   3.673936002e-01   5.498433793e-01 2099
-7.289954763e-01   3.802981101e-01   5.691563432e-01 2100   -7.071067812e-01
3.928474792e-01   5.879378012e-01 2101   -6.845185136e-01   4.050081866e-01
6.061375861e-01 2102   -6.612910095e-01   4.167495967e-01   6.237098480e-01
2103   -6.374264060e-01   4.280731113e-01   6.406566852e-01 2104
-6.129249496e-01   4.389788920e-01   6.569783395e-01 2105   -5.877849990e-01
4.494658623e-01   6.726731997e-01 2106   -5.620415996e-01   4.595171205e-01
6.877159707e-01 2107   -5.357864322e-01   4.690976925e-01   7.020543099e-01
2108   -5.090254337e-01   4.782078995e-01   7.156886981e-01 2109
-4.817591378e-01   4.868482376e-01   7.286198780e-01 2110   -4.539865814e-01
4.950178114e-01   7.408465092e-01 2111   -4.257297178e-01   5.027079356e-01
7.523555934e-01 2112   -3.970951453e-01   5.098898311e-01   7.631040595e-01
2113   -3.680968264e-01   5.165622375e-01   7.730900214e-01 2114
-3.387352765e-01   5.227258768e-01   7.823145596e-01 2115   -3.090099356e-01
5.283799646e-01   7.907764999e-01 2116   -2.789407490e-01   5.335187140e-01
7.984671818e-01 2117   -2.486382909e-01   5.381233317e-01   8.053584793e-01
2118   -2.181188073e-01   5.421933370e-01   8.114496726e-01 2119
-1.873825794e-01   5.457294227e-01   8.167417989e-01 2120   -1.564292468e-01
5.487307007e-01   8.212335288e-01 2121   -1.252923363e-01   5.511922657e-01
8.249175212e-01 2122   -9.407670128e-02   5.531062525e-01   8.277820049e-01
2123   -6.278944277e-02   5.544739797e-01   8.298289533e-01 2124
-3.143059998e-02   5.552957461e-01   8.310588136e-01 2125   -9.995059366e-01
1.681529618e-02   2.655425445e-02 2126   -9.980267962e-01   3.359220244e-02
5.304788459e-02 2127   -9.955649523e-01   5.033081127e-02   7.948103649e-02
2128   -9.921198670e-01   6.703110172e-02   1.058536770e-01 2129
-9.876891671e-01   8.368927471e-02   1.321598069e-01 2130   -9.822870094e-01
1.002492340e-01   1.583108403e-01 2131   -9.759222233e-01   1.166930427e-01
1.842784520e-01 2132   -9.685964073e-01   1.330208938e-01   2.100629465e-01
2133   -9.603083143e-01   1.492326368e-01   2.356640863e-01 2134
-9.510588098e-01   1.653195801e-01   2.610681458e-01 2135   -9.408817207e-01
1.812225667e-01   2.861817061e-01 2136   -9.297874630e-01   1.969309260e-01
3.109879162e-01 2137   -9.177774488e-01   2.124449576e-01   3.354872493e-01
2138   -9.048503784e-01   2.277643858e-01   3.596792699e-01 2139
-8.910085207e-01   2.428817405e-01   3.835521819e-01 2140   -8.763036763e-01
2.577399921e-01   4.070159252e-01 2141   -8.607514785e-01   2.723273955e-01
4.300519525e-01 2142   -8.443535392e-01   2.866444660e-01   4.526610774e-01
2143   -8.271089652e-01   3.006909180e-01   4.748428492e-01 2144
-8.090171784e-01   3.144635755e-01   4.965922520e-01 2145   -7.901411305e-01
3.279133892e-01   5.178318289e-01 2146   -7.705112438e-01   3.410216101e-01
5.385319717e-01 2147   -7.501294560e-01   3.537891161e-01   5.586940670e-01
2148   -7.289954763e-01   3.662157756e-01   5.783179067e-01 2149
-7.071067812e-01   3.783004449e-01   5.974016851e-01 2150   -6.845185136e-01
3.900108447e-01   6.158944272e-01 2151   -6.612910095e-01   4.013174736e-01
6.337495453e-01 2152   -6.374264060e-01   4.122216816e-01   6.509691714e-01
2153   -6.129249496e-01   4.227236242e-01   6.675535512e-01 2154
-5.877849990e-01   4.328222649e-01   6.835010475e-01 2155   -5.620415996e-01
4.425013278e-01   6.987859581e-01 2156   -5.357864322e-01   4.517271338e-01
7.133550979e-01 2157   -5.090254337e-01   4.604999923e-01   7.272089554e-01
2158   -4.817591378e-01   4.688203811e-01   7.403482852e-01 2159
-4.539865814e-01   4.766874378e-01   7.527717253e-01 2160   -4.257297178e-01
4.840927988e-01   7.644660682e-01 2161   -3.970951453e-01   4.910087507e-01
7.753875497e-01 2162   -3.680968264e-01   4.974340797e-01   7.855342531e-01
2163   -3.387352765e-01   5.033694812e-01   7.949072762e-01 2164
-3.090099356e-01   5.088141996e-01   8.035054262e-01 2165   -2.789407490e-01
5.137626625e-01   8.113199031e-01 2166   -2.486382909e-01   5.181967726e-01
8.183221280e-01 2167   -2.181188073e-01   5.221160667e-01   8.245113698e-01
2168   -1.873825794e-01   5.255212121e-01   8.298886820e-01 2169
-1.564292468e-01   5.284113536e-01   8.344527142e-01 2170   -1.252923363e-01
5.307817675e-01   8.381960068e-01 2171   -9.407670128e-02   5.326248799e-01
8.411065994e-01 2172   -6.278944277e-02   5.339419605e-01   8.431864970e-01
2173   -3.143059998e-02   5.347332972e-01   8.444361541e-01 2174
-9.995059366e-01   1.615855770e-02   2.695892483e-02 2175   -9.980267962e-01
3.228022484e-02   5.385630147e-02 2176   -9.955649523e-01   4.836509029e-02
8.069227823e-02 2177   -9.921198670e-01   6.441313393e-02   1.074668215e-01
2178   -9.876891671e-01   8.042070504e-02   1.341738404e-01 2179
-9.822870094e-01   9.633389829e-02   1.607233994e-01 2180   -9.759222233e-01
1.121354774e-01   1.870867414e-01 2181   -9.685964073e-01   1.278256277e-01
2.132641756e-01 2182   -9.603083143e-01   1.434042045e-01   2.392554609e-01
2183   -9.510588098e-01   1.588628559e-01   2.650466626e-01 2184
-9.408817207e-01   1.741447352e-01   2.905429379e-01 2185   -9.297874630e-01
1.892395886e-01   3.157271793e-01 2186   -9.177774488e-01   2.041477039e-01
3.405998671e-01 2187   -9.048503784e-01   2.188688162e-01   3.651605591e-01
2188   -8.910085207e-01   2.333957473e-01   3.893972795e-01 2189
-8.763036763e-01   2.476736948e-01   4.132185957e-01 2190   -8.607514785e-01
2.616913724e-01   4.366056777e-01 2191   -8.443535392e-01   2.754492751e-01
4.595593517e-01 2192   -8.271089652e-01   2.889471287e-01   4.820791600e-01
2193   -8.090171784e-01   3.021818810e-01   5.041600102e-01 2194
-7.901411305e-01   3.151063986e-01   5.257232651e-01 2195   -7.705112438e-01
3.277026646e-01   5.467388652e-01 2196   -7.501294560e-01   3.399715227e-01
5.672082184e-01 2197   -7.289954763e-01   3.519128463e-01   5.871311132e-01
2198   -7.071067812e-01   3.635255366e-01   6.065057165e-01 2199
-6.845185136e-01   3.747785749e-01   6.252802766e-01 2200   -6.612910095e-01
3.856436118e-01   6.434074956e-01 2201   -6.374264060e-01   3.961219449e-01
6.608895382e-01 2202   -6.129249496e-01   4.062137235e-01   6.777266536e-01
2203   -5.877849990e-01   4.159179515e-01   6.939171799e-01 2204
-5.620415996e-01   4.252189888e-01   7.094350231e-01 2205   -5.357864322e-01
4.340844716e-01   7.242261875e-01 2206   -5.090254337e-01   4.425146972e-01
7.382911692e-01 2207   -4.817591378e-01   4.505101247e-01   7.516307342e-01
2208   -4.539865814e-01   4.580699256e-01   7.642434999e-01 2209
-4.257297178e-01   4.651860626e-01   7.761160574e-01 2210   -3.970951453e-01
4.718319050e-01   7.872039755e-01 2211   -3.680968264e-01   4.780062863e-01
7.975053082e-01 2212   -3.387352765e-01   4.837098746e-01   8.070211705e-01
2213   -3.090099356e-01   4.889419440e-01   8.157503510e-01 2214
-2.789407490e-01   4.936971397e-01   8.236839156e-01 2215   -2.486382909e-01
4.979580710e-01   8.307928501e-01 2216   -2.181188073e-01   5.017242931e-01
8.370764121e-01 2217   -1.873825794e-01   5.049964471e-01   8.425356712e-01
2218   -1.564292468e-01   5.077737112e-01   8.471692564e-01 2219
-1.252923363e-01   5.100515462e-01   8.509695945e-01 2220   -9.407670128e-02
5.118226740e-01   8.539245427e-01 2221   -6.278944277e-02   5.130883147e-01
8.560361366e-01 2222   -3.143059998e-02   5.138487449e-01   8.573048377e-01
2223   -9.995059366e-01   1.549208591e-02   2.734735617e-02 2224
-9.980267962e-01   3.094880283e-02   5.463227733e-02 2225   -9.955649523e-01
4.637023599e-02   8.185491395e-02 2226   -9.921198670e-01   6.175636607e-02
1.090152319e-01 2227   -9.876891671e-01   7.710369295e-02   1.361070527e-01
2228   -9.822870094e-01   9.236053465e-02   1.630391447e-01 2229
-9.759222233e-01   1.075103658e-01   1.897823367e-01 2230   -9.685964073e-01
1.225533641e-01   2.163369424e-01 2231   -9.603083143e-01   1.374893909e-01
2.427027170e-01 2232   -9.510588098e-01   1.523104386e-01   2.688655251e-01
2233   -9.408817207e-01   1.669620055e-01   2.947291576e-01 2234
-9.297874630e-01   1.814342603e-01   3.202762601e-01 2235   -9.177774488e-01
1.957274793e-01   3.455073202e-01 2236   -9.048503784e-01   2.098414083e-01
3.704218892e-01 2237   -8.910085207e-01   2.237691653e-01   3.950078186e-01
2238   -8.763036763e-01   2.374582081e-01   4.191723587e-01 2239
-8.607514785e-01   2.508977161e-01   4.428964080e-01 2240   -8.443535392e-01
2.640881638e-01   4.661808046e-01 2241   -8.271089652e-01   2.770292884e-01
4.890250842e-01 2242   -8.090171784e-01   2.897181634e-01   5.114240812e-01
2243   -7.901411305e-01   3.021095996e-01   5.332980252e-01 2244
-7.705112438e-01   3.141863232e-01   5.546164237e-01 2245   -7.501294560e-01
3.259491431e-01   5.753807047e-01 2246   -7.289954763e-01   3.373979379e-01
5.955906539e-01 2247   -7.071067812e-01   3.485316542e-01   6.152444116e-01
2248   -6.845185136e-01   3.593205524e-01   6.342894805e-01 2249
-6.612910095e-01   3.697374528e-01   6.526778813e-01 2250   -6.374264060e-01
3.797835992e-01   6.704118098e-01 2251   -6.129249496e-01   3.894591348e-01
6.874915188e-01 2252   -5.877849990e-01   3.987631047e-01   7.039153225e-01
2253   -5.620415996e-01   4.076805137e-01   7.196567509e-01 2254
-5.357864322e-01   4.161803331e-01   7.346610303e-01 2255   -5.090254337e-01
4.242628477e-01   7.489286641e-01 2256   -4.817591378e-01   4.319284979e-01
7.624604290e-01 2257   -4.539865814e-01   4.391764891e-01   7.752549228e-01
2258   -4.257297178e-01   4.459991158e-01   7.872985432e-01 2259
-3.970951453e-01   4.523708454e-01   7.985462189e-01 2260   -3.680968264e-01
4.582905597e-01   8.089959761e-01 2261   -3.387352765e-01   4.637588993e-01
8.186489454e-01 2262   -3.090099356e-01   4.687751681e-01   8.275038982e-01
2263   -2.789407490e-01   4.733342321e-01   8.355517717e-01 2264
-2.486382909e-01   4.774194182e-01   8.427631337e-01 2265   -2.181188073e-01
4.810302996e-01   8.491372308e-01 2266   -1.873825794e-01   4.841674912e-01
8.546751485e-01 2267   -1.564292468e-01   4.868302049e-01   8.593754955e-01
2268   -1.252923363e-01   4.890140889e-01   8.632305899e-01 2269
-9.407670128e-02   4.907121652e-01   8.662281138e-01 2270   -6.278944277e-02
4.919256036e-01   8.683701321e-01 2271   -3.143059998e-02   4.926546693e-01
8.696571130e-01 2272   -9.995059366e-01   1.481628227e-02   2.771931447e-02
2273   -9.980267962e-01   2.959873843e-02   5.537534476e-02 2274
-9.955649523e-01   4.434745000e-02   8.296824334e-02 2275   -9.921198670e-01
5.906239849e-02   1.104979757e-01 2276   -9.876891671e-01   7.374023648e-02
1.379582791e-01 2277   -9.822870094e-01   8.833153647e-02   1.652566813e-01
2278   -9.759222233e-01   1.028204940e-01   1.923636143e-01 2279
-9.685964073e-01   1.172072790e-01   2.192793959e-01 2280   -9.603083143e-01
1.314917588e-01   2.460037780e-01 2281   -9.510588098e-01   1.456662753e-01
2.725224331e-01 2282   -9.408817207e-01   1.596787040e-01   2.987378434e-01
2283   -9.297874630e-01   1.735196428e-01   3.246324186e-01 2284
-9.177774488e-01   1.871893557e-01   3.502066527e-01 2285   -9.048503784e-01
2.006875998e-01   3.754600910e-01 2286   -8.910085207e-01   2.140077931e-01
4.003804199e-01 2287   -8.763036763e-01   2.270996855e-01   4.248736280e-01
2288   -8.607514785e-01   2.399529284e-01   4.489203541e-01 2289
-8.443535392e-01   2.525679758e-01   4.725214477e-01 2290   -8.271089652e-01
2.649445760e-01   4.956764381e-01 2291   -8.090171784e-01   2.770799305e-01
5.183800895e-01 2292   -7.901411305e-01   2.889308212e-01   5.405515465e-01
2293   -7.705112438e-01   3.004807278e-01   5.621599019e-01 2294
-7.501294560e-01   3.117304240e-01   5.832066032e-01 2295   -7.289954763e-01
3.226797936e-01   6.036914330e-01 2296   -7.071067812e-01   3.333278292e-01
6.236125065e-01 2297   -6.845185136e-01   3.436460887e-01   6.429166122e-01
2298   -6.612910095e-01   3.536085778e-01   6.615551183e-01 2299
-6.374264060e-01   3.632164860e-01   6.795302504e-01 2300   -6.129249496e-01
3.724699506e-01   6.968422648e-01 2301   -5.877849990e-01   3.813680579e-01
7.134894528e-01 2302   -5.620415996e-01   3.898964672e-01   7.294449844e-01
2303   -5.357864322e-01   3.980255031e-01   7.446533408e-01 2304
-5.090254337e-01   4.057554382e-01   7.591150322e-01 2305   -4.817591378e-01
4.130866935e-01   7.728308462e-01 2306   -4.539865814e-01   4.200185091e-01
7.857993611e-01 2307   -4.257297178e-01   4.265435157e-01   7.980067898e-01
2308   -3.970951453e-01   4.326372945e-01   8.094074480e-01 2309
-3.680968264e-01   4.382987760e-01   8.199993350e-01 2310   -3.387352765e-01
4.435285729e-01   8.297835968e-01 2311   -3.090099356e-01   4.483260195e-01
8.387589880e-01 2312   -2.789407490e-01   4.526862057e-01   8.469163227e-01
2313   -2.486382909e-01   4.565931857e-01   8.542257682e-01 2314
-2.181188073e-01   4.600465515e-01   8.606865611e-01 2315   -1.873825794e-01
4.630468909e-01   8.662998013e-01 2316   -1.564292468e-01   4.655934504e-01
8.710640790e-01 2317   -1.252923363e-01   4.676820678e-01   8.749716075e-01
2318   -9.407670128e-02   4.693060698e-01   8.780099015e-01 2319
-6.278944277e-02   4.704665750e-01   8.801810539e-01 2320   -3.143059998e-02
4.711638370e-01   8.814855394e-01 2321   -9.995059366e-01   1.413155385e-02
2.807457570e-02 2322   -9.980267962e-01   2.823084485e-02   5.608505614e-02
2323   -9.955649523e-01   4.229795075e-02   8.403159576e-02 2324
-9.921198670e-01   5.633285393e-02   1.119141596e-01 2325   -9.876891671e-01
7.033236164e-02   1.397264046e-01 2326   -9.822870094e-01   8.424933068e-02
1.673746735e-01 2327   -9.759222233e-01   9.806868695e-02   1.948290192e-01
2328   -9.685964073e-01   1.117905926e-01   2.220897636e-01 2329
-9.603083143e-01   1.254149210e-01   2.491566556e-01 2330   -9.510588098e-01
1.389343680e-01   2.760151838e-01 2331   -9.408817207e-01   1.522992181e-01
3.025665807e-01 2332   -9.297874630e-01   1.655005036e-01   3.287930305e-01
2333   -9.177774488e-01   1.785384763e-01   3.546950337e-01 2334
-9.048503784e-01   1.914129045e-01   3.802721297e-01 2335   -8.910085207e-01
2.041175105e-01   4.055118470e-01 2336   -8.763036763e-01   2.166043665e-01
4.303189692e-01 2337   -8.607514785e-01   2.288636021e-01   4.546738873e-01
2338   -8.443535392e-01   2.408956502e-01   4.785774615e-01 2339
-8.271089652e-01   2.527002709e-01   5.020292150e-01 2340   -8.090171784e-01
2.642747950e-01   5.250238450e-01 2341   -7.901411305e-01   2.755780016e-01
5.474794598e-01 2342   -7.705112438e-01   2.865941340e-01   5.693647561e-01
2343   -7.501294560e-01   2.973239301e-01   5.906811998e-01 2344
-7.289954763e-01   3.077672791e-01   6.114285710e-01 2345   -7.071067812e-01
3.179232201e-01   6.316049605e-01 2346   -6.845185136e-01   3.277646254e-01
6.511564749e-01 2347   -6.612910095e-01   3.372667021e-01   6.700338592e-01
2348   -6.374264060e-01   3.464305849e-01   6.882393673e-01 2349
-6.129249496e-01   3.552564043e-01   7.057732592e-01 2350   -5.877849990e-01
3.637432893e-01   7.226338038e-01 2351   -5.620415996e-01   3.718775616e-01
7.387938275e-01 2352   -5.357864322e-01   3.796309174e-01   7.541971000e-01
2353   -5.090254337e-01   3.870036168e-01   7.688441379e-01 2354
-4.817591378e-01   3.939960611e-01   7.827357389e-01 2355   -4.539865814e-01
4.006075257e-01   7.958704632e-01 2356   -4.257297178e-01   4.068309818e-01
8.082343470e-01 2357   -3.970951453e-01   4.126431391e-01   8.197811204e-01
2358   -3.680968264e-01   4.180429775e-01   8.305087569e-01 2359
-3.387352765e-01   4.230310815e-01   8.404184175e-01 2360   -3.090099356e-01
4.276068161e-01   8.495088408e-01 2361   -2.789407490e-01   4.317654981e-01
8.577707230e-01 2362   -2.486382909e-01   4.354919186e-01   8.651738491e-01
2363   -2.181188073e-01   4.387856885e-01   8.717174459e-01 2364
-1.873825794e-01   4.416473684e-01   8.774026276e-01 2365   -1.564292468e-01
4.440762397e-01   8.822279661e-01 2366   -1.252923363e-01   4.460683326e-01
8.861855749e-01 2367   -9.407670128e-02   4.476172820e-01   8.892628088e-01
2368   -6.278944277e-02   4.487241549e-01   8.914617876e-01 2369
-3.143059998e-02   4.493891932e-01   8.927829918e-01 2370   -9.995059366e-01
1.343831311e-02   2.841292586e-02 2371   -9.980267962e-01   2.684594607e-02
5.676098399e-02 2372   -9.955649523e-01   4.022297281e-02   8.504433069e-02
2373   -9.921198670e-01   5.356937656e-02   1.132629305e-01 2374
-9.876891671e-01   6.688212122e-02   1.414103642e-01 2375   -9.822870094e-01
8.011637625e-02   1.693918455e-01 2376   -9.759222233e-01   9.325780701e-02
1.971770664e-01 2377   -9.685964073e-01   1.063065677e-01   2.247663528e-01
2378   -9.603083143e-01   1.192625380e-01   2.521594505e-01 2379
-9.510588098e-01   1.321187719e-01   2.793416733e-01 2380   -9.408817207e-01
1.448279928e-01   3.062130632e-01 2381   -9.297874630e-01   1.573816730e-01
3.327555899e-01 2382   -9.177774488e-01   1.697800520e-01   3.589697597e-01
2383   -9.048503784e-01   1.820229093e-01   3.848551067e-01 2384
-8.910085207e-01   1.941042752e-01   4.103990088e-01 2385   -8.763036763e-01
2.059785732e-01   4.355051025e-01 2386   -8.607514785e-01   2.176364169e-01
4.601535420e-01 2387   -8.443535392e-01   2.290782181e-01   4.843451981e-01
2388   -8.271089652e-01   2.403037486e-01   5.080795883e-01 2389
-8.090171784e-01   2.513104702e-01   5.313513458e-01 2390   -7.901411305e-01
2.620591841e-01   5.540775919e-01 2391   -7.705112438e-01   2.725349066e-01
5.762266462e-01 2392   -7.501294560e-01   2.827383393e-01   5.977999922e-01
2393   -7.289954763e-01   2.926693771e-01   6.187974073e-01 2394
-7.071067812e-01   3.023271059e-01   6.392169593e-01 2395   -6.845185136e-01
3.116857290e-01   6.590041053e-01 2396   -6.612910095e-01   3.207216697e-01
6.781089967e-01 2397   -6.374264060e-01   3.294360069e-01   6.965339147e-01
2398   -6.129249496e-01   3.378288649e-01   7.142791220e-01 2399
-5.877849990e-01   3.458994153e-01   7.313428672e-01 2400   -5.620415996e-01
3.536346509e-01   7.476976488e-01 2401   -5.357864322e-01   3.610076563e-01
7.632865590e-01 2402   -5.090254337e-01   3.680186788e-01   7.781101206e-01
2403   -4.817591378e-01   3.746681002e-01   7.921691409e-01 2404
-4.539865814e-01   3.809552313e-01   8.054621628e-01 2405   -4.257297178e-01
3.868733881e-01   8.179750540e-01 2406   -3.970951453e-01   3.924004229e-01
8.296609872e-01 2407   -3.680968264e-01   3.975353656e-01   8.405179114e-01
2408   -3.387352765e-01   4.022787720e-01   8.505470016e-01 2409
-3.090099356e-01   4.066300383e-01   8.597469812e-01 2410   -2.789407490e-01
4.105847111e-01   8.681084342e-01 2411   -2.486382909e-01   4.141283274e-01
8.756007816e-01 2412   -2.181188073e-01   4.172605174e-01   8.822232408e-01
2413   -1.873825794e-01   4.199818141e-01   8.879769393e-01 2414
-1.564292468e-01   4.222915341e-01   8.928604320e-01 2415   -1.252923363e-01
4.241859024e-01   8.968657372e-01 2416   -9.407670128e-02   4.256588662e-01
8.999800575e-01 2417   -6.278944277e-02   4.267114401e-01   9.022055380e-01
2418   -3.143059998e-02   4.273438541e-01   9.035426651e-01 2419
-9.995059366e-01   1.273697764e-02   2.873416113e-02 2420   -9.980267962e-01
2.544487629e-02   5.740272114e-02 2421   -9.955649523e-01   3.812376605e-02
8.600583810e-02 2422   -9.921198670e-01   5.077363101e-02   1.145434762e-01
2423   -9.876891671e-01   6.339159351e-02   1.430091435e-01 2424
-9.822870094e-01   7.593516270e-02   1.713069821e-01 2425   -9.759222233e-01
8.839075206e-02   1.994063415e-01 2426   -9.685964073e-01   1.007585077e-01
2.273075512e-01 2427   -9.603083143e-01   1.130383157e-01   2.550103540e-01
2428   -9.510588098e-01   1.252235923e-01   2.824998977e-01 2429
-9.408817207e-01   1.372695286e-01   3.096750944e-01 2430   -9.297874630e-01
1.491680416e-01   3.365177098e-01 2431   -9.177774488e-01   1.609193585e-01
3.630282558e-01 2432   -9.048503784e-01   1.725232703e-01   3.892062613e-01
2433   -8.910085207e-01   1.839741188e-01   4.150389617e-01 2434
-8.763036763e-01   1.952287061e-01   4.404289037e-01 2435   -8.607514785e-01
2.062781356e-01   4.653560174e-01 2436   -8.443535392e-01   2.171227978e-01
4.898211833e-01 2437   -8.271089652e-01   2.277624763e-01   5.138239134e-01
2438   -8.090171784e-01   2.381947654e-01   5.373587804e-01 2439
-7.901411305e-01   2.483825120e-01   5.603419685e-01 2440   -7.705112438e-01
2.583115144e-01   5.827414389e-01 2441   -7.501294560e-01   2.679824376e-01
6.045586922e-01 2442   -7.289954763e-01   2.773951819e-01   6.257935031e-01
2443   -7.071067812e-01   2.865488811e-01   6.464439177e-01 2444
-6.845185136e-01   2.954190847e-01   6.664547763e-01 2445   -6.612910095e-01
3.039834464e-01   6.857756667e-01 2446   -6.374264060e-01   3.122429889e-01
7.044088960e-01 2447   -6.129249496e-01   3.201978300e-01   7.223547299e-01
2448   -5.877849990e-01   3.278471844e-01   7.396113970e-01 2449
-5.620415996e-01   3.351787239e-01   7.561510850e-01 2450   -5.357864322e-01
3.421669377e-01   7.719162428e-01 2451   -5.090254337e-01   3.488120602e-01
7.869073989e-01 2452   -4.817591378e-01   3.551144533e-01   8.011253698e-01
2453   -4.539865814e-01   3.610734637e-01   8.145686820e-01 2454
-4.257297178e-01   3.666827563e-01   8.272230434e-01 2455   -3.970951453e-01
3.719213393e-01   8.390410973e-01 2456   -3.680968264e-01   3.767882933e-01
8.500207694e-01 2457   -3.387352765e-01   3.812841448e-01   8.601632481e-01
2458   -3.090099356e-01   3.854083218e-01   8.694672422e-01 2459
-2.789407490e-01   3.891566031e-01   8.779232294e-01 2460   -2.486382909e-01
3.925152809e-01   8.855002849e-01 2461   -2.181188073e-01   3.954840041e-01
8.921976173e-01 2462   -1.873825794e-01   3.980632784e-01   8.980163669e-01
2463   -1.564292468e-01   4.002524559e-01   9.029550721e-01 2464
-1.252923363e-01   4.020479585e-01   9.070056612e-01 2465   -9.407670128e-02
4.034440495e-01   9.101551918e-01 2466   -6.278944277e-02   4.044416903e-01
9.124058335e-01 2467   -3.143059998e-02   4.050410991e-01   9.137580782e-01
2468   -9.995059366e-01   1.202796988e-02   2.903808802e-02 2469
-9.980267962e-01   2.402847948e-02   5.800988103e-02 2470   -9.955649523e-01
3.600159495e-02   8.691553880e-02 2471   -9.921198670e-01   4.794730131e-02
1.157550251e-01 2472   -9.876891671e-01   5.986288108e-02   1.445217794e-01
2473   -9.822870094e-01   7.170820865e-02   1.731189299e-01 2474
-9.759222233e-01   8.347045382e-02   2.015155017e-01 2475   -9.685964073e-01
9.514975457e-02   2.297118279e-01 2476   -9.603083143e-01   1.067460033e-01
2.577076488e-01 2477   -9.510588098e-01   1.182529828e-01   2.854879549e-01
2478   -9.408817207e-01   1.296283783e-01   3.129505889e-01 2479
-9.297874630e-01   1.408645570e-01   3.400771239e-01 2480   -9.177774488e-01
1.519617332e-01   3.668680772e-01 2481   -9.048503784e-01   1.629197097e-01
3.933229727e-01 2482   -8.910085207e-01   1.737331432e-01   4.194289106e-01
2483   -8.763036763e-01   1.843612404e-01   4.450874070e-01 2484
-8.607514785e-01   1.947956001e-01   4.702781798e-01 2485   -8.443535392e-01
2.050365909e-01   4.950021185e-01 2486   -8.271089652e-01   2.150840085e-01
5.192587303e-01 2487   -8.090171784e-01   2.249355809e-01   5.430425301e-01
2488   -7.901411305e-01   2.345562235e-01   5.662688159e-01 2489
-7.705112438e-01   2.439325249e-01   5.889052100e-01 2490   -7.501294560e-01
2.530651133e-01   6.109532287e-01 2491   -7.289954763e-01   2.619538943e-01
6.324126444e-01 2492   -7.071067812e-01   2.705980501e-01   6.532814824e-01
2493   -6.845185136e-01   2.789744911e-01   6.735039999e-01 2494
-6.612910095e-01   2.870621150e-01   6.930292512e-01 2495   -6.374264060e-01
2.948618875e-01   7.118595678e-01 2496   -6.129249496e-01   3.023739199e-01
7.299952183e-01 2497   -5.877849990e-01   3.095974707e-01   7.474344126e-01
2498   -5.620415996e-01   3.165208978e-01   7.641490441e-01 2499
-5.357864322e-01   3.231201105e-01   7.800809530e-01 2500   -5.090254337e-01
3.293953302e-01   7.952306736e-01 2501   -4.817591378e-01   3.353468986e-01
8.095990308e-01 2502   -4.539865814e-01   3.409741990e-01   8.231845355e-01
2503   -4.257297178e-01   3.462712486e-01   8.359727446e-01 2504
-3.970951453e-01   3.512182243e-01   8.479158004e-01 2505   -3.680968264e-01
3.558142577e-01   8.590116067e-01 2506   -3.387352765e-01   3.600598463e-01
8.692613643e-01 2507   -3.090099356e-01   3.639544497e-01   8.786637686e-01
2508   -2.789407490e-01   3.674940819e-01   8.872091965e-01 2509
-2.486382909e-01   3.706657977e-01   8.948663960e-01 2510   -2.181188073e-01
3.734692661e-01   9.016345674e-01 2511   -1.873825794e-01   3.759049643e-01
9.075148631e-01 2512   -1.564292468e-01   3.779722806e-01   9.125058059e-01
2513   -1.252923363e-01   3.796678360e-01   9.165992389e-01 2514
-9.407670128e-02   3.809862131e-01   9.197820827e-01 2515   -6.278944277e-02
3.819283200e-01   9.220565299e-01 2516   -3.143059998e-02   3.824943625e-01
9.234230775e-01 2517   -9.995059366e-01   1.131171693e-02   2.932452345e-02
2518   -9.980267962e-01   2.259760880e-02   5.858209795e-02 2519
-9.955649523e-01   3.385773785e-02   8.777288484e-02 2520   -9.921198670e-01
4.509208996e-02   1.168968475e-01 2521   -9.876891671e-01   5.629810949e-02
1.459473608e-01 2522   -9.822870094e-01   6.743806026e-02   1.748265972e-01
2523   -9.759222233e-01   7.849987611e-02   2.035032765e-01 2524
-9.685964073e-01   8.948368678e-02   2.319777349e-01 2525   -9.603083143e-01
1.003893910e-01   2.602497101e-01 2526   -9.510588098e-01   1.112111421e-01
2.883040447e-01 2527   -9.408817207e-01   1.219091447e-01   3.160375737e-01
2528   -9.297874630e-01   1.324762208e-01   3.434316883e-01 2529
-9.177774488e-01   1.429125718e-01   3.704869111e-01 2530   -9.048503784e-01
1.532180124e-01   3.972027610e-01 2531   -8.910085207e-01   1.633875173e-01
4.235662112e-01 2532   -8.763036763e-01   1.733827225e-01   4.494778064e-01
2533   -8.607514785e-01   1.831957271e-01   4.749170641e-01 2534
-8.443535392e-01   1.928268776e-01   4.998848829e-01 2535   -8.271089652e-01
2.022759820e-01   5.243807650e-01 2536   -8.090171784e-01   2.115409037e-01
5.483991714e-01 2537   -7.901411305e-01   2.205886471e-01   5.718545642e-01
2538   -7.705112438e-01   2.294065997e-01   5.947142466e-01 2539
-7.501294560e-01   2.379953520e-01   6.169797498e-01 2540   -7.289954763e-01
2.463548155e-01   6.386508439e-01 2541   -7.071067812e-01   2.544842208e-01
6.597255349e-01 2542   -6.845185136e-01   2.623618536e-01   6.801475298e-01
2543   -6.612910095e-01   2.699678680e-01   6.998653807e-01 2544
-6.374264060e-01   2.773031723e-01   7.188814419e-01 2545   -6.129249496e-01
2.843678710e-01   7.371959848e-01 2546   -5.877849990e-01   2.911612670e-01
7.548072016e-01 2547   -5.620415996e-01   2.976724113e-01   7.716867084e-01
2548   -5.357864322e-01   3.038786478e-01   7.877757717e-01 2549
-5.090254337e-01   3.097801848e-01   8.030749311e-01 2550   -4.817591378e-01
3.153773436e-01   8.175850196e-01 2551   -4.539865814e-01   3.206695441e-01
8.313045335e-01 2552   -4.257297178e-01   3.256511600e-01   8.442188871e-01
2553   -3.970951453e-01   3.303035485e-01   8.562797507e-01 2554
-3.680968264e-01   3.346258930e-01   8.674850074e-01 2555   -3.387352765e-01
3.386186613e-01   8.778358700e-01 2556   -3.090099356e-01   3.422813451e-01
8.873310208e-01 2557   -2.789407490e-01   3.456101959e-01   8.959607419e-01
2558   -2.486382909e-01   3.485930394e-01   9.036934730e-01 2559
-2.181188073e-01   3.512295642e-01   9.105284066e-01 2560   -1.873825794e-01
3.535202192e-01   9.164667062e-01 2561   -1.564292468e-01   3.554644289e-01
9.215068804e-01 2562   -1.252923363e-01   3.570590158e-01   9.256406915e-01
2563   -9.407670128e-02   3.582988849e-01   9.288549313e-01 2564
-6.278944277e-02   3.591848903e-01   9.311518139e-01 2565   -3.143059998e-02
3.597172256e-01   9.325318413e-01 2566   -9.995059366e-01   1.058865022e-02
2.959329488e-02 2567   -9.980267962e-01   2.115312617e-02   5.911902720e-02
2568   -9.955649523e-01   3.169348610e-02   8.857735977e-02 2569
-9.921198670e-01   4.220971681e-02   1.179682557e-01 2570   -9.876891671e-01
5.269942601e-02   1.472850289e-01 2571   -9.822870094e-01   6.312728971e-02
1.764289556e-01 2572   -9.759222233e-01   7.348201300e-02   2.053684685e-01
2573   -9.685964073e-01   8.376371736e-02   2.341039072e-01 2574
-9.603083143e-01   9.397230803e-02   2.626350068e-01 2575   -9.510588098e-01
1.041023119e-01   2.909464710e-01 2576   -9.408817207e-01   1.141164777e-01
3.189341893e-01 2577   -9.297874630e-01   1.240080859e-01   3.465793823e-01
2578   -9.177774488e-01   1.337773253e-01   3.738825774e-01 2579
-9.048503784e-01   1.434240222e-01   4.008432892e-01 2580   -8.910085207e-01
1.529434729e-01   4.274483714e-01 2581   -8.763036763e-01   1.622997653e-01
4.535974571e-01 2582   -8.607514785e-01   1.714855037e-01   4.792698762e-01
2583   -8.443535392e-01   1.805010126e-01   5.044665354e-01 2584
-8.271089652e-01   1.893461121e-01   5.291869325e-01 2585   -8.090171784e-01
1.980188022e-01   5.534254774e-01 2586   -7.901411305e-01   2.064881964e-01
5.770958487e-01 2587   -7.705112438e-01   2.147424885e-01   6.001650496e-01
2588   -7.501294560e-01   2.227822312e-01   6.226346253e-01 2589
-7.289954763e-01   2.306073417e-01   6.445043440e-01 2590   -7.071067812e-01
2.382170998e-01   6.657721933e-01 2591   -6.845185136e-01   2.455911791e-01
6.863813643e-01 2592   -6.612910095e-01   2.527110025e-01   7.062799374e-01
2593   -6.374264060e-01   2.595774200e-01   7.254702888e-01 2594
-6.129249496e-01   2.661905296e-01   7.439526921e-01 2595   -5.877849990e-01
2.725496786e-01   7.617253229e-01 2596   -5.620415996e-01   2.786446180e-01
7.787595375e-01 2597   -5.357864322e-01   2.844541400e-01   7.949960637e-01
2598   -5.090254337e-01   2.899784394e-01   8.104354462e-01 2599
-4.817591378e-01   2.952178170e-01   8.250785257e-01 2600   -4.539865814e-01
3.001717299e-01   8.389237846e-01 2601   -4.257297178e-01   3.048349113e-01
8.519565037e-01 2602   -3.970951453e-01   3.091899102e-01   8.641279101e-01
2603   -3.680968264e-01   3.132359621e-01   8.754358677e-01 2604
-3.387352765e-01   3.169735050e-01   8.858816002e-01 2605   -3.090099356e-01
3.204020630e-01   8.954637780e-01 2606   -2.789407490e-01   3.235181272e-01
9.041725941e-01 2607   -2.486382909e-01   3.263103017e-01   9.119761989e-01
2608   -2.181188073e-01   3.287782947e-01   9.188737774e-01 2609
-1.873825794e-01   3.309225266e-01   9.248665041e-01 2610   -1.564292468e-01
3.327424587e-01   9.299528735e-01 2611   -1.252923363e-01   3.342351165e-01
9.341245727e-01 2612   -9.407670128e-02   3.353957308e-01   9.373682724e-01
2613   -6.278944277e-02   3.362251010e-01   9.396862068e-01 2614
-3.143059998e-02   3.367234085e-01   9.410788828e-01 2615   -9.995059366e-01
9.859205304e-03   2.984424041e-02 2616   -9.980267962e-01   1.969590169e-02
5.962034536e-02 2617   -9.955649523e-01   2.951014339e-02   8.932847901e-02
2618   -9.921198670e-01   3.930191812e-02   1.189686042e-01 2619
-9.876891671e-01   4.906899838e-02   1.485339781e-01 2620   -9.822870094e-01
5.877849363e-02   1.779250397e-01 2621   -9.759222233e-01   6.841988707e-02
2.071099542e-01 2622   -9.685964073e-01   7.799329181e-02   2.360890640e-01
2623   -9.603083143e-01   8.749861961e-02   2.648621019e-01 2624
-9.510588098e-01   9.693077440e-02   2.934136419e-01 2625   -9.408817207e-01
1.062550711e-01   3.216386908e-01 2626   -9.297874630e-01   1.154652531e-01
3.495183099e-01 2627   -9.177774488e-01   1.245614963e-01   3.770530309e-01
2628   -9.048503784e-01   1.335436388e-01   4.042423644e-01 2629
-8.910085207e-01   1.424073010e-01   4.310730527e-01 2630   -8.763036763e-01
1.511190448e-01   4.574438776e-01 2631   -8.607514785e-01   1.596719840e-01
4.833339940e-01 2632   -8.443535392e-01   1.680664205e-01   5.087443161e-01
2633   -8.271089652e-01   1.763021871e-01   5.336743374e-01 2634
-8.090171784e-01   1.843774215e-01   5.581184207e-01 2635   -7.901411305e-01
1.922633649e-01   5.819895123e-01 2636   -7.705112438e-01   1.999490244e-01
6.052543356e-01 2637   -7.501294560e-01   2.074349148e-01   6.279144491e-01
2638   -7.289954763e-01   2.147209587e-01   6.499696188e-01 2639
-7.071067812e-01   2.218064858e-01   6.714178154e-01 2640   -6.845185136e-01
2.286725698e-01   6.922017483e-01 2641   -6.612910095e-01   2.353019133e-01
7.122690576e-01 2642   -6.374264060e-01   2.416953080e-01   7.316221395e-01
2643   -6.129249496e-01   2.478528450e-01   7.502612701e-01 2644
-5.877849990e-01   2.537739165e-01   7.681846095e-01 2645   -5.620415996e-01
2.594489797e-01   7.853632709e-01 2646   -5.357864322e-01   2.648582877e-01
8.017374798e-01 2647   -5.090254337e-01   2.700020218e-01   8.173077854e-01
2648   -4.817591378e-01   2.748804623e-01   8.320750354e-01 2649
-4.539865814e-01   2.794931035e-01   8.460376995e-01 2650   -4.257297178e-01
2.838350415e-01   8.591809335e-01 2651   -3.970951453e-01   2.878900274e-01
8.714555512e-01 2652   -3.680968264e-01   2.916573496e-01   8.828593981e-01
2653   -3.387352765e-01   2.951374157e-01   8.933937084e-01 2654
-3.090099356e-01   2.983297827e-01   9.030571413e-01 2655   -2.789407490e-01
3.012311834e-01   9.118398065e-01 2656   -2.486382909e-01   3.038310068e-01
9.197095844e-01 2657   -2.181188073e-01   3.061289815e-01   9.266656531e-01
2658   -1.873825794e-01   3.081254987e-01   9.327091969e-01 2659
-1.564292468e-01   3.098200569e-01   9.378386978e-01 2660   -1.252923363e-01
3.112098866e-01   9.420457722e-01 2661   -9.407670128e-02   3.122905469e-01
9.453169778e-01 2662   -6.278944277e-02   3.130627824e-01   9.476545680e-01
2663   -3.143059998e-02   3.135267617e-01   9.490590535e-01 2664
-9.995059366e-01   9.123821571e-03   3.007720890e-02 2665   -9.980267962e-01
1.822681313e-02   6.008575045e-02 2666   -9.955649523e-01   2.730902487e-02
9.002579011e-02 2667   -9.921198670e-01   3.637044541e-02   1.198972904e-01
2668   -9.876891671e-01   4.540901341e-02   1.496934559e-01 2669
-9.822870094e-01   5.439429159e-02   1.793139484e-01 2670   -9.759222233e-01
6.331654757e-02   2.087266846e-01 2671   -9.685964073e-01   7.217588602e-02
2.379320096e-01 2672   -9.603083143e-01   8.097222529e-02   2.669296540e-01
2673   -9.510588098e-01   8.970084943e-02   2.957040715e-01 2674
-9.408817207e-01   9.832966043e-02   3.241494493e-01 2675   -9.297874630e-01
1.068528685e-01   3.522467007e-01 2676   -9.177774488e-01   1.152706361e-01
3.799963617e-01 2677   -9.048503784e-01   1.235828137e-01   4.073979391e-01
2678   -8.910085207e-01   1.317853483e-01   4.344380717e-01 2679
-8.763036763e-01   1.398472958e-01   4.610147511e-01 2680   -8.607514785e-01
1.477622837e-01   4.871069695e-01 2681   -8.443535392e-01   1.555305915e-01
5.127156483e-01 2682   -8.271089652e-01   1.631520643e-01   5.378402770e-01
2683   -8.090171784e-01   1.706249787e-01   5.624751743e-01 2684
-7.901411305e-01   1.779227212e-01   5.865326071e-01 2685   -7.705112438e-01
1.850351185e-01   6.099790390e-01 2686   -7.501294560e-01   1.919626473e-01
6.328160406e-01 2687   -7.289954763e-01   1.987052358e-01   6.550433763e-01
2688   -7.071067812e-01   2.052622638e-01   6.766590006e-01 2689
-6.845185136e-01   2.116162166e-01   6.976051758e-01 2690   -6.612910095e-01
2.177510870e-01   7.178291335e-01 2691   -6.374264060e-01   2.236676077e-01
7.373332884e-01 2692   -6.129249496e-01   2.293658631e-01   7.561179187e-01
2693   -5.877849990e-01   2.348452905e-01   7.741811703e-01 2694
-5.620415996e-01   2.400970590e-01   7.914939309e-01 2695   -5.357864322e-01
2.451028946e-01   8.079959593e-01 2696   -5.090254337e-01   2.498629651e-01
8.236878089e-01 2697   -4.817591378e-01   2.543775299e-01   8.385703342e-01
2698   -4.539865814e-01   2.586461208e-01   8.526419929e-01 2699
-4.257297178e-01   2.626642001e-01   8.658878249e-01 2700   -3.970951453e-01
2.664167305e-01   8.782582600e-01 2701   -3.680968264e-01   2.699030536e-01
8.897511270e-01 2702   -3.387352765e-01   2.731235466e-01   9.003676697e-01
2703   -3.090099356e-01   2.760777997e-01   9.101065367e-01 2704
-2.789407490e-01   2.787627891e-01   9.189577607e-01 2705   -2.486382909e-01
2.811686955e-01   9.268889712e-01 2706   -2.181188073e-01   2.832952676e-01
9.338993400e-01 2707   -1.873825794e-01   2.851428675e-01   9.399900606e-01
2708   -1.564292468e-01   2.867110311e-01   9.451596031e-01 2709
-1.252923363e-01   2.879971954e-01   9.493995186e-01 2710   -9.407670128e-02
2.889972509e-01   9.526962597e-01 2711   -6.278944277e-02   2.897118864e-01
9.550520974e-01 2712   -3.143059998e-02   2.901412582e-01   9.564675466e-01
2713   -9.995059366e-01   8.382941990e-03   3.029206000e-02 2714
-9.980267962e-01   1.674674542e-02   6.051496213e-02 2715   -9.955649523e-01
2.509145641e-02   9.066887305e-02 2716   -9.921198670e-01   3.341706451e-02
1.207537550e-01 2717   -9.876891671e-01   4.172167576e-02   1.507627640e-01
2718   -9.822870094e-01   4.997732446e-02   1.805948452e-01 2719
-9.759222233e-01   5.817506854e-02   2.102176859e-01 2720   -9.685964073e-01
6.631500417e-02   2.396316338e-01 2721   -9.603083143e-01   7.439705634e-02
2.688364177e-01 2722   -9.510588098e-01   8.241689201e-02   2.978163800e-01
2723   -9.408817207e-01   9.034501966e-02   3.264649522e-01 2724
-9.297874630e-01   9.817611959e-02   3.547629112e-01 2725   -9.177774488e-01
1.059103412e-01   3.827107969e-01 2726   -9.048503784e-01   1.135475470e-01
4.103081125e-01 2727   -8.910085207e-01   1.210840130e-01   4.375414014e-01
2728   -8.763036763e-01   1.284913081e-01   4.643079265e-01 2729
-8.607514785e-01   1.357635771e-01   4.905865299e-01 2730   -8.443535392e-01
1.429010767e-01   5.163781397e-01 2731   -8.271089652e-01   1.499036648e-01
5.416822416e-01 2732   -8.090171784e-01   1.567697579e-01   5.664931139e-01
2733   -7.901411305e-01   1.634749034e-01   5.907223966e-01 2734
-7.705112438e-01   1.700097544e-01   6.143363138e-01 2735   -7.501294560e-01
1.763747486e-01   6.373364475e-01 2736   -7.289954763e-01   1.825698203e-01
6.597225600e-01 2737   -7.071067812e-01   1.885943994e-01   6.814925917e-01
2738   -6.845185136e-01   1.944323937e-01   7.025883921e-01 2739
-6.612910095e-01   2.000690957e-01   7.229568160e-01 2740   -6.374264060e-01
2.055051785e-01   7.426002952e-01 2741   -6.129249496e-01   2.107407197e-01
7.615191102e-01 2742   -5.877849990e-01   2.157752025e-01   7.797113933e-01
2743   -5.620415996e-01   2.206005128e-01   7.971478245e-01 2744
-5.357864322e-01   2.251998607e-01   8.137677321e-01 2745   -5.090254337e-01
2.295734003e-01   8.295716736e-01 2746   -4.817591378e-01   2.337213699e-01
8.445605096e-01 2747   -4.539865814e-01   2.376433395e-01   8.587326866e-01
2748   -4.257297178e-01   2.413351395e-01   8.720731379e-01 2749
-3.970951453e-01   2.447829541e-01   8.845319389e-01 2750   -3.680968264e-01
2.479861781e-01   8.961069031e-01 2751   -3.387352765e-01   2.509451582e-01
9.067992832e-01 2752   -3.090099356e-01   2.536595177e-01   9.166077180e-01
2753   -2.789407490e-01   2.561264785e-01   9.255221691e-01 2754
-2.486382909e-01   2.583370187e-01   9.335100348e-01 2755   -2.181188073e-01
2.602909073e-01   9.405704809e-01 2756   -1.873825794e-01   2.619884769e-01
9.467047094e-01 2757   -1.564292468e-01   2.634293013e-01   9.519111797e-01
2758   -1.252923363e-01   2.646110255e-01   9.561813822e-01 2759
-9.407670128e-02   2.655298737e-01   9.595016730e-01 2760   -6.278944277e-02
2.661864788e-01   9.618743392e-01 2761   -3.143059998e-02   2.665809845e-01
9.632998994e-01 2762   -9.995059366e-01   7.637012838e-03   3.048866429e-02
2763   -9.980267962e-01   1.525659010e-02   6.090772186e-02 2764
-9.955649523e-01   2.285877380e-02   9.125734044e-02 2765   -9.921198670e-01
3.044355442e-02   1.215374820e-01 2766   -9.876891671e-01   3.800920652e-02
1.517412583e-01 2767   -9.822870094e-01   4.553025286e-02   1.817669583e-01
2768   -9.759222233e-01   5.299854703e-02   2.115820599e-01 2769
-9.685964073e-01   6.041417665e-02   2.411869129e-01 2770   -9.603083143e-01
6.777707337e-02   2.705812443e-01 2771   -9.510588098e-01   7.508328975e-02
2.997492951e-01 2772   -9.408817207e-01   8.230595844e-02   3.285838048e-01
2773   -9.297874630e-01   8.944023310e-02   3.570654258e-01 2774
-9.177774488e-01   9.648624985e-02   3.851947015e-01 2775   -9.048503784e-01
1.034438834e-01   4.129711317e-01 2776   -8.910085207e-01   1.103097412e-01
4.403811725e-01 2777   -8.763036763e-01   1.170579220e-01   4.673214202e-01
2778   -8.607514785e-01   1.236830915e-01   4.937705794e-01 2779
-8.443535392e-01   1.301854837e-01   5.197295842e-01 2780   -8.271089652e-01
1.365649690e-01   5.451979172e-01 2781   -8.090171784e-01   1.428201048e-01
5.701698192e-01 2782   -7.901411305e-01   1.489286145e-01   5.945563570e-01
2783   -7.705112438e-01   1.548819828e-01   6.183235355e-01 2784
-7.501294560e-01   1.606806084e-01   6.414729466e-01 2785   -7.289954763e-01
1.663244316e-01   6.640043516e-01 2786   -7.071067812e-01   1.718129329e-01
6.859156771e-01 2787   -6.845185136e-01   1.771314520e-01   7.071483955e-01
2788   -6.612910095e-01   1.822665902e-01   7.276490163e-01 2789
-6.374264060e-01   1.872189606e-01   7.474199875e-01 2790   -6.129249496e-01
1.919886340e-01   7.664615910e-01 2791   -5.877849990e-01   1.965751395e-01
7.847719474e-01 2792   -5.620415996e-01   2.009710852e-01   8.023215461e-01
2793   -5.357864322e-01   2.051611749e-01   8.190493217e-01 2794
-5.090254337e-01   2.091455491e-01   8.349558354e-01 2795   -4.817591378e-01
2.129244249e-01   8.500419533e-01 2796   -4.539865814e-01   2.164974106e-01
8.643061119e-01 2797   -4.257297178e-01   2.198607077e-01   8.777331465e-01
2798   -3.970951453e-01   2.230017296e-01   8.902728088e-01 2799
-3.680968264e-01   2.259199250e-01   9.019228980e-01 2800   -3.387352765e-01
2.286156098e-01   9.126846747e-01 2801   -3.090099356e-01   2.310884407e-01
9.225567691e-01 2802   -2.789407490e-01   2.333358870e-01   9.315290776e-01
2803   -2.486382909e-01   2.353497293e-01   9.395687868e-01 2804
-2.181188073e-01   2.371297574e-01   9.466750573e-01 2805   -1.873825794e-01
2.386762743e-01   9.528490988e-01 2806   -1.564292468e-01   2.399888915e-01
9.580893605e-01 2807   -1.252923363e-01   2.410654638e-01   9.623872779e-01
2808   -9.407670128e-02   2.419025512e-01   9.657291183e-01 2809
-6.278944277e-02   2.425007305e-01   9.681171838e-01 2810   -3.143059998e-02
2.428601323e-01   9.695519963e-01 2811   -9.995059366e-01   6.886483435e-03
3.066690335e-02 2812   -9.980267962e-01   1.375724478e-02   6.126379306e-02
2813   -9.955649523e-01   2.061232192e-02   9.179083783e-02 2814
-9.921198670e-01   2.745170627e-02   1.222479994e-01 2815   -9.876891671e-01
3.427384197e-02   1.526283493e-01 2816   -9.822870094e-01   4.105575553e-02
1.828295819e-01 2817   -9.759222233e-01   4.779010117e-02   2.128189848e-01
2818   -9.685964073e-01   5.447695788e-02   2.425969100e-01 2819
-9.603083143e-01   6.111626403e-02   2.721630829e-01 2820   -9.510588098e-01
6.770446011e-02   3.015016524e-01 2821   -9.408817207e-01   7.421731918e-02
3.305047308e-01 2822   -9.297874630e-01   8.065047117e-02   3.591528576e-01
2823   -9.177774488e-01   8.700403881e-02   3.874465791e-01 2824
-9.048503784e-01   9.327790915e-02   4.153853925e-01 2825   -8.910085207e-01
9.946902301e-02   4.429556745e-01 2826   -8.763036763e-01   1.055540246e-01
4.700534170e-01 2827   -8.607514785e-01   1.115281038e-01   4.966571999e-01
2828   -8.443535392e-01   1.173914717e-01   5.227679631e-01 2829
-8.271089652e-01   1.231440115e-01   5.483851859e-01 2830   -8.090171784e-01
1.287844222e-01   5.735030756e-01 2831   -7.901411305e-01   1.342926166e-01
5.980321789e-01 2832   -7.705112438e-01   1.396609161e-01   6.219383021e-01
2833   -7.501294560e-01   1.448896803e-01   6.452230465e-01 2834
-7.289954763e-01   1.499788552e-01   6.678861718e-01 2835   -7.071067812e-01
1.549279727e-01   6.899255926e-01 2836   -6.845185136e-01   1.597238129e-01
7.112824390e-01 2837   -6.612910095e-01   1.643542941e-01   7.319029080e-01
2838   -6.374264060e-01   1.688199691e-01   7.517894618e-01 2839
-6.129249496e-01   1.731209016e-01   7.709423841e-01 2840   -5.877849990e-01
1.772566671e-01   7.893597842e-01 2841   -5.620415996e-01   1.812206000e-01
8.070119791e-01 2842   -5.357864322e-01   1.849989076e-01   8.238375467e-01
2843   -5.090254337e-01   1.885917164e-01   8.398370510e-01 2844
-4.817591378e-01   1.919992222e-01   8.550113635e-01 2845   -4.539865814e-01
1.952210719e-01   8.693589115e-01 2846   -4.257297178e-01   1.982538401e-01
8.828644416e-01 2847   -3.970951453e-01   2.010861772e-01   8.954774117e-01
2848   -3.680968264e-01   2.037175862e-01   9.071956081e-01 2849
-3.387352765e-01   2.061483519e-01   9.180202990e-01 2850   -3.090099356e-01
2.083781647e-01   9.279501065e-01 2851   -2.789407490e-01   2.104047426e-01
9.369748678e-01 2852   -2.486382909e-01   2.122206741e-01   9.450615778e-01
2853   -2.181188073e-01   2.138257694e-01   9.522093920e-01 2854
-1.873825794e-01   2.152203020e-01   9.584195274e-01 2855   -1.564292468e-01
2.164039214e-01   9.636904241e-01 2856   -1.252923363e-01   2.173746932e-01
9.680134675e-01 2857   -9.407670128e-02   2.181295157e-01   9.713748446e-01
2858   -6.278944277e-02   2.186689088e-01   9.737768709e-01 2859
-3.143059998e-02   2.189929903e-01   9.752200714e-01 2860   -9.995059366e-01
6.131805871e-03   3.082666982e-02 2861   -9.980267962e-01   1.224961261e-02
6.158296123e-02 2862   -9.955649523e-01   1.835345395e-02   9.226904385e-02
2863   -9.921198670e-01   2.444332224e-02   1.228848792e-01 2864
-9.876891671e-01   3.051783213e-02   1.534235027e-01 2865   -9.822870094e-01
3.655652776e-02   1.837820757e-01 2866   -9.759222233e-01   4.255286834e-02
2.139277155e-01 2867   -9.685964073e-01   4.850692423e-02   2.438607758e-01
2868   -9.603083143e-01   5.441864054e-02   2.735809807e-01 2869
-9.510588098e-01   6.028484785e-02   3.030723963e-01 2870   -9.408817207e-01
6.608397418e-02   3.322265732e-01 2871   -9.297874630e-01   7.181212840e-02
3.610239491e-01 2872   -9.177774488e-01   7.746941978e-02   3.894650735e-01
2873   -9.048503784e-01   8.305574774e-02   4.175494407e-01 2874
-8.910085207e-01   8.856838836e-02   4.452633566e-01 2875   -8.763036763e-01
9.398654533e-02   4.725022711e-01 2876   -8.607514785e-01   9.930593578e-02
4.992446528e-01 2877   -8.443535392e-01   1.045267476e-01   5.254914461e-01
2878   -8.271089652e-01   1.096488766e-01   5.512421278e-01 2879
-8.090171784e-01   1.146711647e-01   5.764908751e-01 2880   -7.901411305e-01
1.195757258e-01   6.011477686e-01 2881   -7.705112438e-01   1.243557228e-01
6.251784364e-01 2882   -7.501294560e-01   1.290114760e-01   6.485844881e-01
2883   -7.289954763e-01   1.335429373e-01   6.713656823e-01 2884
-7.071067812e-01   1.379496896e-01   6.935199227e-01 2885   -6.845185136e-01
1.422199622e-01   7.149880326e-01 2886   -6.612910095e-01   1.463429971e-01
7.357159289e-01 2887   -6.374264060e-01   1.503192867e-01   7.557060863e-01
2888   -6.129249496e-01   1.541488876e-01   7.749587903e-01 2889
-5.877849990e-01   1.578314218e-01   7.934721401e-01 2890   -5.620415996e-01
1.613609544e-01   8.112162984e-01 2891   -5.357864322e-01   1.647252039e-01
8.281295227e-01 2892   -5.090254337e-01   1.679242831e-01   8.442123802e-01
2893   -4.817591378e-01   1.709583664e-01   8.594657469e-01 2894
-4.539865814e-01   1.738271392e-01   8.738880418e-01 2895   -4.257297178e-01
1.765275517e-01   8.874639321e-01 2896   -3.970951453e-01   1.790494980e-01
9.001426125e-01 2897   -3.680968264e-01   1.813925356e-01   9.119218576e-01
2898   -3.387352765e-01   1.835569179e-01   9.228029423e-01 2899
-3.090099356e-01   1.855423695e-01   9.327844814e-01 2900   -2.789407490e-01
1.873468583e-01   9.418562593e-01 2901   -2.486382909e-01   1.889637850e-01
9.499850990e-01 2902   -2.181188073e-01   1.903929808e-01   9.571701514e-01
2903   -1.873825794e-01   1.916346890e-01   9.634126400e-01 2904
-1.564292468e-01   1.926885977e-01   9.687109967e-01 2905   -1.252923363e-01
1.935529843e-01   9.730565619e-01 2906   -9.407670128e-02   1.942250871e-01
9.764354509e-01 2907   -6.278944277e-02   1.947053690e-01   9.788499911e-01
2908   -3.143059998e-02   1.949939350e-01   9.803007103e-01 2909
-9.995059366e-01   5.373434738e-03   3.096786745e-02 2910   -9.980267962e-01
1.073460173e-02   6.186503414e-02 2911   -9.955649523e-01   1.608353054e-02
9.269167045e-02 2912   -9.921198670e-01   2.142021446e-02   1.234477377e-01
2913   -9.876891671e-01   2.674343949e-02   1.541262395e-01 2914
-9.822870094e-01   3.203527970e-02   1.846238661e-01 2915   -9.759222233e-01
3.729000326e-02   2.149075842e-01 2916   -9.685964073e-01   4.250767183e-02
2.449777490e-01 2917   -9.603083143e-01   4.768823730e-02   2.748340835e-01
2918   -9.510588098e-01   5.282892224e-02   3.044605808e-01 2919
-9.408817207e-01   5.791082267e-02   3.337482947e-01 2920   -9.297874630e-01
6.293052869e-02   3.626775733e-01 2921   -9.177774488e-01   6.788813607e-02
3.912489686e-01 2922   -9.048503784e-01   7.278355666e-02   4.194619727e-01
2923   -8.910085207e-01   7.761440343e-02   4.473028286e-01 2924
-8.763036763e-01   8.236245213e-02   4.746665075e-01 2925   -8.607514785e-01
8.702394958e-02   5.015313793e-01 2926   -8.443535392e-01   9.159906041e-02
5.278983927e-01 2927   -8.271089652e-01   9.608769342e-02   5.537670221e-01
2928   -8.090171784e-01   1.004888336e-01   5.791314181e-01 2929
-7.901411305e-01   1.047868071e-01   6.039012493e-01 2930   -7.705112438e-01
1.089756223e-01   6.280419865e-01 2931   -7.501294560e-01   1.130555600e-01
6.515552467e-01 2932   -7.289954763e-01   1.170265780e-01   6.744407873e-01
2933   -7.071067812e-01   1.208883109e-01   6.966965023e-01 2934
-6.845185136e-01   1.246304435e-01   7.182629442e-01 2935   -6.612910095e-01
1.282435486e-01   7.390857819e-01 2936   -6.374264060e-01   1.317280576e-01
7.591675018e-01 2937   -6.129249496e-01   1.350840201e-01   7.785083902e-01
2938   -5.877849990e-01   1.383111049e-01   7.971065382e-01 2939
-5.620415996e-01   1.414041109e-01   8.149319713e-01 2940   -5.357864322e-01
1.443522758e-01   8.319226644e-01 2941   -5.090254337e-01   1.471556985e-01
8.480791875e-01 2942   -4.817591378e-01   1.498145316e-01   8.634024202e-01
2943   -4.539865814e-01   1.523284996e-01   8.778907746e-01 2944
-4.257297178e-01   1.546949297e-01   8.915288476e-01 2945   -3.970951453e-01
1.569049661e-01   9.042656010e-01 2946   -3.680968264e-01   1.589582208e-01
9.160987995e-01 2947   -3.387352765e-01   1.608549161e-01   9.270297236e-01
2948   -3.090099356e-01   1.625948104e-01   9.370569819e-01 2949
-2.789407490e-01   1.641761232e-01   9.461703119e-01 2950   -2.486382909e-01
1.655930712e-01   9.543363846e-01 2951   -2.181188073e-01   1.668455066e-01
9.615543473e-01 2952   -1.873825794e-01   1.679336424e-01   9.678254288e-01
2953   -1.564292468e-01   1.688572055e-01   9.731480539e-01 2954
-1.252923363e-01   1.696146863e-01   9.775135235e-01 2955   -9.407670128e-02
1.702036646e-01   9.809078891e-01 2956   -6.278944277e-02   1.706245461e-01
9.833334888e-01 2957   -3.143059998e-02   1.708774228e-01   9.847908528e-01
2958   -9.995059366e-01   4.611826848e-03   3.109041120e-02 2959
-9.980267962e-01   9.213124729e-03   6.210984186e-02 2960   -9.955649523e-01
1.380391901e-02   9.305846305e-02 2961   -9.921198670e-01   1.838420395e-02
1.239362360e-01 2962   -9.876891671e-01   2.295293760e-02   1.547361364e-01
2963   -9.822870094e-01   2.749473478e-02   1.853544459e-01 2964
-9.759222233e-01   3.200467608e-02   2.157580005e-01 2965   -9.685964073e-01
3.648281439e-02   2.459471568e-01 2966   -9.603083143e-01   4.092910844e-02
2.759216366e-01 2967   -9.510588098e-01   4.534117446e-02   3.056653697e-01
2968   -9.408817207e-01   4.970278784e-02   3.350689787e-01 2969
-9.297874630e-01   5.401102199e-02   3.641127341e-01 2970   -9.177774488e-01
5.826595908e-02   3.927971900e-01 2971   -9.048503784e-01   6.246752349e-02
4.211218365e-01 2972   -8.910085207e-01   6.661366649e-02   4.490728622e-01
2973   -8.763036763e-01   7.068874687e-02   4.765448226e-01 2974
-8.607514785e-01   7.468954340e-02   5.035160020e-01 2975   -8.443535392e-01
7.861619740e-02   5.299873530e-01 2976   -8.271089652e-01   8.246863057e-02
5.559583479e-01 2977   -8.090171784e-01   8.624597179e-02   5.814231140e-01
2978   -7.901411305e-01   8.993476866e-02   6.062909625e-01 2979
-7.705112438e-01   9.352987899e-02   6.305272277e-01 2980   -7.501294560e-01
9.703154357e-02   6.541335328e-01 2981   -7.289954763e-01   1.004397263e-01
6.771096343e-01 2982   -7.071067812e-01   1.037541135e-01   6.994534180e-01
2983   -6.845185136e-01   1.069658521e-01   7.211052010e-01 2984
-6.612910095e-01   1.100668510e-01   7.420104373e-01 2985   -6.374264060e-01
1.130574804e-01   7.621716231e-01 2986   -6.129249496e-01   1.159377830e-01
7.815890459e-01 2987   -5.877849990e-01   1.187074744e-01   8.002607890e-01
2988   -5.620415996e-01   1.213620909e-01   8.181567596e-01 2989
-5.357864322e-01   1.238923954e-01   8.352146871e-01 2990   -5.090254337e-01
1.262984728e-01   8.514351435e-01 2991   -4.817591378e-01   1.285804542e-01
8.668190122e-01 2992   -4.539865814e-01   1.307381030e-01   8.813646988e-01
2993   -4.257297178e-01   1.327691253e-01   8.950567394e-01 2994
-3.970951453e-01   1.346659205e-01   9.078438937e-01 2995   -3.680968264e-01
1.364281556e-01   9.197239177e-01 2996   -3.387352765e-01   1.380560213e-01
9.306980968e-01 2997   -3.090099356e-01   1.395493104e-01   9.407650342e-01
2998   -2.789407490e-01   1.409064946e-01   9.499144268e-01 2999
-2.486382909e-01   1.421226104e-01   9.581128138e-01 3000   -2.181188073e-01
1.431975309e-01   9.653593388e-01 3001   -1.873825794e-01   1.441314389e-01
9.716552358e-01 3002   -1.564292468e-01   1.449241001e-01   9.769989232e-01
3003   -1.252923363e-01   1.455742188e-01   9.813816675e-01 3004
-9.407670128e-02   1.460797178e-01   9.847894650e-01 3005   -6.278944277e-02
1.464409453e-01   9.872246631e-01 3006   -3.143059998e-02   1.466579803e-01
9.886877941e-01 3007   -9.995059366e-01   3.847440966e-03   3.119422724e-02
3008   -9.980267962e-01   7.686098085e-03   6.231723694e-02 3009
-9.955649523e-01   1.151599252e-02   9.336920071e-02 3010   -9.921198670e-01
1.533711949e-02   1.243500796e-01 3011   -9.876891671e-01   1.914860972e-02
1.552528260e-01 3012   -9.822870094e-01   2.293762807e-02   1.859733752e-01
3013   -9.759222233e-01   2.670007047e-02   2.164784523e-01 3014
-9.685964073e-01   3.043598107e-02   2.467684152e-01 3015   -9.603083143e-01
3.414532542e-02   2.768429847e-01 3016   -9.510588098e-01   3.782611486e-02
3.066860371e-01 3017   -9.408817207e-01   4.146481392e-02   3.361878296e-01
3018   -9.297874630e-01   4.505898106e-02   3.653285670e-01 3019
-9.177774488e-01   4.860868486e-02   3.941088050e-01 3020   -9.048503784e-01
5.211386221e-02   4.225280322e-01 3021   -8.910085207e-01   5.557280396e-02
4.505723911e-01 3022   -8.763036763e-01   5.897246135e-02   4.781360849e-01
3023   -8.607514785e-01   6.231014704e-02   5.051973256e-01 3024
-8.443535392e-01   6.558597892e-02   5.317570688e-01 3025   -8.271089652e-01
6.879989169e-02   5.578147852e-01 3026   -8.090171784e-01   7.195115860e-02
5.833645823e-01 3027   -7.901411305e-01   7.502855693e-02   6.083154687e-01
3028   -7.705112438e-01   7.802779675e-02   6.326326628e-01 3029
-7.501294560e-01   8.094907897e-02   6.563177933e-01 3030   -7.289954763e-01
8.379237344e-02   6.793706158e-01 3031   -7.071067812e-01   8.655741852e-02
7.017890091e-01 3032   -6.845185136e-01   8.923682847e-02   7.235130911e-01
3033   -6.612910095e-01   9.182385320e-02   7.444881334e-01 3034
-6.374264060e-01   9.431880161e-02   7.647166407e-01 3035   -6.129249496e-01
9.672170929e-02   7.841989015e-01 3036   -5.877849990e-01   9.903233905e-02
8.029329927e-01 3037   -5.620415996e-01   1.012469669e-01   8.208887209e-01
3038   -5.357864322e-01   1.033578868e-01   8.380036076e-01 3039
-5.090254337e-01   1.053651697e-01   8.542782268e-01 3040   -4.817591378e-01
1.072689247e-01   8.697134648e-01 3041   -4.539865814e-01   1.090689546e-01
8.843077219e-01 3042   -4.257297178e-01   1.107633458e-01   8.980454825e-01
3043   -3.970951453e-01   1.123457572e-01   9.108753353e-01 3044
-3.680968264e-01   1.138159111e-01   9.227950286e-01 3045   -3.387352765e-01
1.151739667e-01   9.338058523e-01 3046   -3.090099356e-01   1.164197511e-01
9.439064049e-01 3047   -2.789407490e-01   1.175519892e-01   9.530863489e-01
3048   -2.486382909e-01   1.185665402e-01   9.613121116e-01 3049
-2.181188073e-01   1.194632983e-01   9.685828340e-01 3050   -1.873825794e-01
1.202424161e-01   9.748997540e-01 3051   -1.564292468e-01   1.209036978e-01
9.802612849e-01 3052   -1.252923363e-01   1.214460628e-01   9.846586638e-01
3053   -9.407670128e-02   1.218677780e-01   9.880778405e-01 3054
-6.278944277e-02   1.221691340e-01   9.905211702e-01 3055   -3.143059998e-02
1.223501966e-01   9.919891868e-01 3056   -9.995059366e-01   3.080737529e-03
3.127925305e-02 3057   -9.980267962e-01   6.154441623e-03   6.248709444e-02
3058   -9.955649523e-01   9.221129232e-03   9.362369625e-02 3059
-9.921198670e-01   1.228079651e-02   1.246890195e-01 3060   -9.876891671e-01
1.533274743e-02   1.556759972e-01 3061   -9.822870094e-01   1.836670458e-02
1.864802811e-01 3062   -9.759222233e-01   2.137938174e-02   2.170685056e-01
3063   -9.685964073e-01   2.437081425e-02   2.474410296e-01 3064
-9.603083143e-01   2.734097454e-02   2.775975730e-01 3065   -9.510588098e-01
3.028827022e-02   3.075219683e-01 3066   -9.408817207e-01   3.320186314e-02
3.371041736e-01 3067   -9.297874630e-01   3.607979829e-02   3.663243396e-01
3068   -9.177774488e-01   3.892213059e-02   3.951830237e-01 3069
-9.048503784e-01   4.172880949e-02   4.236797129e-01 3070   -8.910085207e-01
4.449846646e-02   4.518005120e-01 3071   -8.763036763e-01   4.722065302e-02
4.794393359e-01 3072   -8.607514785e-01   4.989321737e-02   5.065743371e-01
3073   -8.443535392e-01   5.251625391e-02   5.332064740e-01 3074
-8.271089652e-01   5.508971034e-02   5.593352156e-01 3075   -8.090171784e-01
5.761300473e-02   5.849546536e-01 3076   -7.901411305e-01   6.007715080e-02
6.099735485e-01 3077   -7.705112438e-01   6.247871349e-02   6.343570237e-01
3078   -7.501294560e-01   6.481785367e-02   6.581067125e-01 3079
-7.289954763e-01   6.709454721e-02   6.812223699e-01 3080   -7.071067812e-01
6.930858460e-02   7.037018688e-01 3081   -6.845185136e-01   7.145405190e-02
7.254851638e-01 3082   -6.612910095e-01   7.352554416e-02   7.465173777e-01
3083   -6.374264060e-01   7.552330871e-02   7.668010216e-01 3084
-6.129249496e-01   7.744737407e-02   7.863363850e-01 3085   -5.877849990e-01
7.929755030e-02   8.051215395e-01 3086   -5.620415996e-01   8.107085551e-02
8.231262095e-01 3087   -5.357864322e-01   8.276111934e-02   8.402877461e-01
3088   -5.090254337e-01   8.436839846e-02   8.566067249e-01 3089
-4.817591378e-01   8.589278041e-02   8.720840346e-01 3090   -4.539865814e-01
8.733410720e-02   8.867180711e-01 3091   -4.257297178e-01   8.869084652e-02
9.004932765e-01 3092   -3.970951453e-01   8.995792099e-02   9.133580995e-01
3093   -3.680968264e-01   9.113510824e-02   9.253102822e-01 3094
-3.387352765e-01   9.222253566e-02   9.363511181e-01 3095   -3.090099356e-01
9.322006482e-02   9.464792017e-01 3096   -2.789407490e-01   9.412667480e-02
9.556841673e-01 3097   -2.486382909e-01   9.493904998e-02   9.639323509e-01
3098   -2.181188073e-01   9.565710551e-02   9.712228910e-01 3099
-1.873825794e-01   9.628096365e-02   9.775570290e-01 3100   -1.564292468e-01
9.681046769e-02   9.829331738e-01 3101   -1.252923363e-01   9.724475223e-02
9.873425386e-01 3102   -9.407670128e-02   9.758242964e-02   9.907710350e-01
3103   -6.278944277e-02   9.782373253e-02   9.932210244e-01 3104
-3.143059998e-02   9.796871365e-02   9.946930424e-01 3105   -9.995059366e-01
2.312178371e-03   3.134543741e-02 3106   -9.980267962e-01   4.619077956e-03
6.261931206e-02 3107   -9.955649523e-01   6.920711475e-03   9.382179639e-02
3108   -9.921198670e-01   9.217076044e-03   1.249528513e-01 3109
-9.876891671e-01   1.150764927e-02   1.560053950e-01 3110   -9.822870094e-01
1.378471768e-02   1.868748582e-01 3111   -9.759222233e-01   1.604581487e-02
2.175278049e-01 3112   -9.685964073e-01   1.829096736e-02   2.479645947e-01
3113   -9.603083143e-01   2.052015447e-02   2.781849469e-01 3114
-9.510588098e-01   2.273218106e-02   3.081726598e-01 3115   -9.408817207e-01
2.491891280e-02   3.378174586e-01 3116   -9.297874630e-01   2.707888240e-02
3.670994521e-01 3117   -9.177774488e-01   2.921213107e-02   3.960191988e-01
3118   -9.048503784e-01   3.131862090e-02   4.245761847e-01 3119
-8.910085207e-01   3.339732474e-02   4.527564851e-01 3120   -8.763036763e-01
3.544040074e-02   4.804537906e-01 3121   -8.607514785e-01   3.744623389e-02
5.076462073e-01 3122   -8.443535392e-01   3.941489506e-02   5.343346956e-01
3123   -8.271089652e-01   4.134634500e-02   5.605187235e-01 3124
-8.090171784e-01   4.324014694e-02   5.861923701e-01 3125   -7.901411305e-01
4.508955644e-02   6.112642029e-01 3126   -7.705112438e-01   4.689199539e-02
6.356992716e-01 3127   -7.501294560e-01   4.864758452e-02   6.594992128e-01
3128   -7.289954763e-01   5.035630573e-02   6.826637811e-01 3129
-7.071067812e-01   5.201800178e-02   7.051908447e-01 3130   -6.845185136e-01
5.362823408e-02   7.270202315e-01 3131   -6.612910095e-01   5.518294608e-02
7.480969478e-01 3132   -6.374264060e-01   5.668232340e-02   7.684235102e-01
3133   -6.129249496e-01   5.812638745e-02   7.880002089e-01 3134
-5.877849990e-01   5.951499567e-02   8.068251113e-01 3135   -5.620415996e-01
6.084591008e-02   8.248678777e-01 3136   -5.357864322e-01   6.211449963e-02
8.420657267e-01 3137   -5.090254337e-01   6.332080689e-02   8.584192351e-01
3138   -4.817591378e-01   6.446489753e-02   8.739292935e-01 3139
-4.539865814e-01   6.554665299e-02   8.885942945e-01 3140   -4.257297178e-01
6.656492321e-02   9.023986471e-01 3141   -3.970951453e-01   6.751589750e-02
9.152906911e-01 3142   -3.680968264e-01   6.839940896e-02   9.272681636e-01
3143   -3.387352765e-01   6.921555319e-02   9.383323610e-01 3144
-3.090099356e-01   6.996422630e-02   9.484818748e-01 3145   -2.789407490e-01
7.064466206e-02   9.577063173e-01 3146   -2.486382909e-01   7.125437201e-02
9.659719534e-01 3147   -2.181188073e-01   7.179329246e-02   9.732779198e-01
3148   -1.873825794e-01   7.226151518e-02   9.796254602e-01 3149
-1.564292468e-01   7.265892255e-02   9.850129805e-01 3150   -1.252923363e-01
7.298486505e-02   9.894316752e-01 3151   -9.407670128e-02   7.323830125e-02
9.928674259e-01 3152   -6.278944277e-02   7.341940572e-02   9.953225993e-01
3153   -3.143059998e-02   7.352821804e-02   9.967977320e-01 3154
-9.995059366e-01   1.542226444e-03   3.139274045e-02 3155   -9.980267962e-01
3.080931929e-03   6.271381014e-02 3156   -9.955649523e-01   4.616124940e-03
9.396338178e-02 3157   -9.921198670e-01   6.147803554e-03   1.251414162e-01
3158   -9.876891671e-01   7.675619336e-03   1.562408209e-01 3159
-9.822870094e-01   9.194427381e-03   1.871568689e-01 3160   -9.759222233e-01
1.070258260e-02   2.178560736e-01 3161   -9.685964073e-01   1.220010268e-02
2.483387952e-01 3162   -9.603083143e-01   1.368697383e-02   2.786047526e-01
3163   -9.510588098e-01   1.516239888e-02   3.086377196e-01 3164
-9.408817207e-01   1.662095223e-02   3.383272551e-01 3165   -9.297874630e-01
1.806165520e-02   3.676534377e-01 3166   -9.177774488e-01   1.948453527e-02
3.966168269e-01 3167   -9.048503784e-01   2.088956715e-02   4.252169077e-01
3168   -8.910085207e-01   2.227606573e-02   4.534397347e-01 3169
-8.763036763e-01   2.363880048e-02   4.811788379e-01 3170   -8.607514785e-01
2.497669421e-02   5.084122903e-01 3171   -8.443535392e-01   2.628979416e-02
5.351410539e-01 3172   -8.271089652e-01   2.757807417e-02   5.613645958e-01
3173   -8.090171784e-01   2.884124291e-02   5.870769863e-01 3174
-7.901411305e-01   3.007480182e-02   6.121866547e-01 3175   -7.705112438e-01
3.127703130e-02   6.366585980e-01 3176   -7.501294560e-01   3.244801189e-02
6.604944555e-01 3177   -7.289954763e-01   3.358773150e-02   6.836939811e-01
3178   -7.071067812e-01   3.469608525e-02   7.062550401e-01 3179
-6.845185136e-01   3.577011262e-02   7.281173693e-01 3180   -6.612910095e-01
3.680710785e-02   7.492258922e-01 3181   -6.374264060e-01   3.780719478e-02
7.695831293e-01 3182   -6.129249496e-01   3.877038766e-02   7.891893709e-01
3183   -5.877849990e-01   3.969659143e-02   8.080426818e-01 3184
-5.620415996e-01   4.058431334e-02   8.261126763e-01 3185   -5.357864322e-01
4.143046448e-02   8.433364784e-01 3186   -5.090254337e-01   4.223507323e-02
8.597146657e-01 3187   -4.817591378e-01   4.299818340e-02   8.752481302e-01
3188   -4.539865814e-01   4.371971591e-02   8.899352619e-01 3189
-4.257297178e-01   4.439890368e-02   9.037604465e-01 3190   -3.970951453e-01
4.503320496e-02   9.166719457e-01 3191   -3.680968264e-01   4.562250843e-02
9.286674933e-01 3192   -3.387352765e-01   4.616687785e-02   9.397483875e-01
3193   -3.090099356e-01   4.666624395e-02   9.499132178e-01 3194
-2.789407490e-01   4.712009562e-02   9.591515809e-01 3195   -2.486382909e-01
4.752677307e-02   9.674296905e-01 3196   -2.181188073e-01   4.788623382e-02
9.747466822e-01 3197   -1.873825794e-01   4.819853908e-02   9.811038017e-01
3198   -1.564292468e-01   4.846361039e-02   9.864994522e-01 3199
-1.252923363e-01   4.868101453e-02   9.909248152e-01 3200   -9.407670128e-02
4.885005685e-02   9.943657507e-01 3201   -6.278944277e-02   4.897085380e-02
9.968246292e-01 3202   -3.143059998e-02   4.904343179e-02   9.983019880e-01
3203   -9.995059366e-01   7.713455367e-04   3.142113367e-02 3204
-9.980267962e-01   1.540930064e-03   6.277053177e-02 3205   -9.955649523e-01
2.308757825e-03   9.404836714e-02 3206   -9.921198670e-01   3.074827858e-03
1.252546006e-01 3207   -9.876891671e-01   3.838965893e-03   1.563821332e-01
3208   -9.822870094e-01   4.598598702e-03   1.873261433e-01 3209
-9.759222233e-01   5.352903494e-03   2.180531139e-01 3210   -9.685964073e-01
6.101889116e-03   2.485634057e-01 3211   -9.603083143e-01   6.845548665e-03
2.788567373e-01 3212   -9.510588098e-01   7.583483446e-03   3.089168676e-01
3213   -9.408817207e-01   8.312979831e-03   3.386332558e-01 3214
-9.297874630e-01   9.033548336e-03   3.679859625e-01 3215   -9.177774488e-01
9.745202707e-03   3.969755477e-01 3216   -9.048503784e-01   1.044793029e-02
4.256014960e-01 3217   -8.910085207e-01   1.114138844e-02   4.538498492e-01
3218   -8.763036763e-01   1.182296109e-02   4.816140410e-01 3219
-8.607514785e-01   1.249210949e-02   5.088721248e-01 3220   -8.443535392e-01
1.314885727e-02   5.356250633e-01 3221   -8.271089652e-01   1.379319133e-02
5.618723231e-01 3222   -8.090171784e-01   1.442496598e-02   5.876079692e-01
3223   -7.901411305e-01   1.504193126e-02   6.127403481e-01 3224
-7.705112438e-01   1.564322710e-02   6.372344251e-01 3225   -7.501294560e-01
1.622889378e-02   6.610918410e-01 3226   -7.289954763e-01   1.679892527e-02
6.843123495e-01 3227   -7.071067812e-01   1.735326911e-02   7.068938138e-01
3228   -6.845185136e-01   1.789044458e-02   7.287759165e-01 3229
-6.612910095e-01   1.840909840e-02   7.499035311e-01 3230   -6.374264060e-01
1.890929251e-02   7.702791803e-01 3231   -6.129249496e-01   1.939103405e-02
7.899031548e-01 3232   -5.877849990e-01   1.985427545e-02   8.087735175e-01
3233   -5.620415996e-01   2.029827013e-02   8.268598555e-01 3234
-5.357864322e-01   2.072147316e-02   8.440992357e-01 3235   -5.090254337e-01
2.112389874e-02   8.604922363e-01 3236   -4.817591378e-01   2.150556878e-02
8.760397500e-01 3237   -4.539865814e-01   2.186644372e-02   8.907401655e-01
3238   -4.257297178e-01   2.220613992e-02   9.045778544e-01 3239
-3.970951453e-01   2.252338610e-02   9.175010314e-01 3240   -3.680968264e-01
2.281812661e-02   9.295074284e-01 3241   -3.387352765e-01   2.309039332e-02
9.405983448e-01 3242   -3.090099356e-01   2.334015159e-02   9.507723687e-01
3243   -2.789407490e-01   2.356714579e-02   9.600190874e-01 3244
-2.486382909e-01   2.377054578e-02   9.683046842e-01 3245   -2.181188073e-01
2.395033030e-02   9.756282938e-01 3246   -1.873825794e-01   2.410652997e-02
9.819911630e-01 3247   -1.564292468e-01   2.423910556e-02   9.873916936e-01
3248   -1.252923363e-01   2.434784038e-02   9.918210590e-01 3249
-9.407670128e-02   2.443238700e-02   9.952651068e-01 3250   -6.278944277e-02
2.449280368e-02   9.977262092e-01 3251   -3.143059998e-02   2.452910360e-02
9.992049041e-01 1 0 quad        53      54     166     165 2 0 quad        54
55     167     166 3 0 quad        55      56     168     167 4 0 quad
56      57     169     168 5 0 quad        57      58     170     169 6 0 quad
58      59     171     170 7 0 quad        59      60     172     171 8 0 quad
60      61     173     172 9 0 quad        61      62     174     173 10 0
quad        62      63     175     174 11 0 quad        63      64     176
175 12 0 quad        64      65     177     176 13 0 quad        65      66
178     177 14 0 quad        66      67     179     178 15 0 quad        67
68     180     179 16 0 quad        68      69     181     180 17 0 quad
69      70     182     181 18 0 quad        70      71     183     182 19 0
quad        71      72     184     183 20 0 quad        72      73     185
184 21 0 quad        73      74     186     185 22 0 quad        74      75
187     186 23 0 quad        75      76     188     187 24 0 quad        76
77     189     188 25 0 quad        77      78     190     189 26 0 quad
78      79     191     190 27 0 quad        79      80     192     191 28 0
quad        80      81     193     192 29 0 quad        81      82     194
193 30 0 quad        82      83     195     194 31 0 quad        83      84
196     195 32 0 quad        84      85     197     196 33 0 quad        85
86     198     197 34 0 quad        86      87     199     198 35 0 quad
87      88     200     199 36 0 quad        88      89     201     200 37 0
quad        89      90     202     201 38 0 quad        90      91     203
202 39 0 quad        91      92     204     203 40 0 quad        92      93
205     204 41 0 quad        93      94     206     205 42 0 quad        94
95     207     206 43 0 quad        95      96     208     207 44 0 quad
96      97     209     208 45 0 quad        97      98     210     209 46 0
quad        98      99     211     210 47 0 quad        99     100     212
211 48 0 quad       100     101     213     212 49 0 quad       101       3
102     213 50 0 quad       165     166     215     214 51 0 quad       166
167     216     215 52 0 quad       167     168     217     216 53 0 quad
168     169     218     217 54 0 quad       169     170     219     218 55 0
quad       170     171     220     219 56 0 quad       171     172     221
220 57 0 quad       172     173     222     221 58 0 quad       173     174
223     222 59 0 quad       174     175     224     223 60 0 quad       175
176     225     224 61 0 quad       176     177     226     225 62 0 quad
177     178     227     226 63 0 quad       178     179     228     227 64 0
quad       179     180     229     228 65 0 quad       180     181     230
229 66 0 quad       181     182     231     230 67 0 quad       182     183
232     231 68 0 quad       183     184     233     232 69 0 quad       184
185     234     233 70 0 quad       185     186     235     234 71 0 quad
186     187     236     235 72 0 quad       187     188     237     236 73 0
quad       188     189     238     237 74 0 quad       189     190     239
238 75 0 quad       190     191     240     239 76 0 quad       191     192
241     240 77 0 quad       192     193     242     241 78 0 quad       193
194     243     242 79 0 quad       194     195     244     243 80 0 quad
195     196     245     244 81 0 quad       196     197     246     245 82 0
quad       197     198     247     246 83 0 quad       198     199     248
247 84 0 quad       199     200     249     248 85 0 quad       200     201
250     249 86 0 quad       201     202     251     250 87 0 quad       202
203     252     251 88 0 quad       203     204     253     252 89 0 quad
204     205     254     253 90 0 quad       205     206     255     254 91 0
quad       206     207     256     255 92 0 quad       207     208     257
256 93 0 quad       208     209     258     257 94 0 quad       209     210
259     258 95 0 quad       210     211     260     259 96 0 quad       211
212     261     260 97 0 quad       212     213     262     261 98 0 quad
213     102     103     262 99 0 quad       214     215     264     263 100 0
quad       215     216     265     264 101 0 quad       216     217     266
265 102 0 quad       217     218     267     266 103 0 quad       218     219
268     267 104 0 quad       219     220     269     268 105 0 quad       220
221     270     269 106 0 quad       221     222     271     270 107 0 quad
222     223     272     271 108 0 quad       223     224     273     272 109 0
quad       224     225     274     273 110 0 quad       225     226     275
274 111 0 quad       226     227     276     275 112 0 quad       227     228
277     276 113 0 quad       228     229     278     277 114 0 quad       229
230     279     278 115 0 quad       230     231     280     279 116 0 quad
231     232     281     280 117 0 quad       232     233     282     281 118 0
quad       233     234     283     282 119 0 quad       234     235     284
283 120 0 quad       235     236     285     284 121 0 quad       236     237
286     285 122 0 quad       237     238     287     286 123 0 quad       238
239     288     287 124 0 quad       239     240     289     288 125 0 quad
240     241     290     289 126 0 quad       241     242     291     290 127 0
quad       242     243     292     291 128 0 quad       243     244     293
292 129 0 quad       244     245     294     293 130 0 quad       245     246
295     294 131 0 quad       246     247     296     295 132 0 quad       247
248     297     296 133 0 quad       248     249     298     297 134 0 quad
249     250     299     298 135 0 quad       250     251     300     299 136 0
quad       251     252     301     300 137 0 quad       252     253     302
301 138 0 quad       253     254     303     302 139 0 quad       254     255
304     303 140 0 quad       255     256     305     304 141 0 quad       256
257     306     305 142 0 quad       257     258     307     306 143 0 quad
258     259     308     307 144 0 quad       259     260     309     308 145 0
quad       260     261     310     309 146 0 quad       261     262     311
310 147 0 quad       262     103     104     311 148 0 quad       263     264
313     312 149 0 quad       264     265     314     313 150 0 quad       265
266     315     314 151 0 quad       266     267     316     315 152 0 quad
267     268     317     316 153 0 quad       268     269     318     317 154 0
quad       269     270     319     318 155 0 quad       270     271     320
319 156 0 quad       271     272     321     320 157 0 quad       272     273
322     321 158 0 quad       273     274     323     322 159 0 quad       274
275     324     323 160 0 quad       275     276     325     324 161 0 quad
276     277     326     325 162 0 quad       277     278     327     326 163 0
quad       278     279     328     327 164 0 quad       279     280     329
328 165 0 quad       280     281     330     329 166 0 quad       281     282
331     330 167 0 quad       282     283     332     331 168 0 quad       283
284     333     332 169 0 quad       284     285     334     333 170 0 quad
285     286     335     334 171 0 quad       286     287     336     335 172 0
quad       287     288     337     336 173 0 quad       288     289     338
337 174 0 quad       289     290     339     338 175 0 quad       290     291
340     339 176 0 quad       291     292     341     340 177 0 quad       292
293     342     341 178 0 quad       293     294     343     342 179 0 quad
294     295     344     343 180 0 quad       295     296     345     344 181 0
quad       296     297     346     345 182 0 quad       297     298     347
346 183 0 quad       298     299     348     347 184 0 quad       299     300
349     348 185 0 quad       300     301     350     349 186 0 quad       301
302     351     350 187 0 quad       302     303     352     351 188 0 quad
303     304     353     352 189 0 quad       304     305     354     353 190 0
quad       305     306     355     354 191 0 quad       306     307     356
355 192 0 quad       307     308     357     356 193 0 quad       308     309
358     357 194 0 quad       309     310     359     358 195 0 quad       310
311     360     359 196 0 quad       311     104     105     360 197 0 quad
312     313     362     361 198 0 quad       313     314     363     362 199 0
quad       314     315     364     363 200 0 quad       315     316     365
364 201 0 quad       316     317     366     365 202 0 quad       317     318
367     366 203 0 quad       318     319     368     367 204 0 quad       319
320     369     368 205 0 quad       320     321     370     369 206 0 quad
321     322     371     370 207 0 quad       322     323     372     371 208 0
quad       323     324     373     372 209 0 quad       324     325     374
373 210 0 quad       325     326     375     374 211 0 quad       326     327
376     375 212 0 quad       327     328     377     376 213 0 quad       328
329     378     377 214 0 quad       329     330     379     378 215 0 quad
330     331     380     379 216 0 quad       331     332     381     380 217 0
quad       332     333     382     381 218 0 quad       333     334     383
382 219 0 quad       334     335     384     383 220 0 quad       335     336
385     384 221 0 quad       336     337     386     385 222 0 quad       337
338     387     386 223 0 quad       338     339     388     387 224 0 quad
339     340     389     388 225 0 quad       340     341     390     389 226 0
quad       341     342     391     390 227 0 quad       342     343     392
391 228 0 quad       343     344     393     392 229 0 quad       344     345
394     393 230 0 quad       345     346     395     394 231 0 quad       346
347     396     395 232 0 quad       347     348     397     396 233 0 quad
348     349     398     397 234 0 quad       349     350     399     398 235 0
quad       350     351     400     399 236 0 quad       351     352     401
400 237 0 quad       352     353     402     401 238 0 quad       353     354
403     402 239 0 quad       354     355     404     403 240 0 quad       355
356     405     404 241 0 quad       356     357     406     405 242 0 quad
357     358     407     406 243 0 quad       358     359     408     407 244 0
quad       359     360     409     408 245 0 quad       360     105     106
409 246 0 quad       361     362     411     410 247 0 quad       362     363
412     411 248 0 quad       363     364     413     412 249 0 quad       364
365     414     413 250 0 quad       365     366     415     414 251 0 quad
366     367     416     415 252 0 quad       367     368     417     416 253 0
quad       368     369     418     417 254 0 quad       369     370     419
418 255 0 quad       370     371     420     419 256 0 quad       371     372
421     420 257 0 quad       372     373     422     421 258 0 quad       373
374     423     422 259 0 quad       374     375     424     423 260 0 quad
375     376     425     424 261 0 quad       376     377     426     425 262 0
quad       377     378     427     426 263 0 quad       378     379     428
427 264 0 quad       379     380     429     428 265 0 quad       380     381
430     429 266 0 quad       381     382     431     430 267 0 quad       382
383     432     431 268 0 quad       383     384     433     432 269 0 quad
384     385     434     433 270 0 quad       385     386     435     434 271 0
quad       386     387     436     435 272 0 quad       387     388     437
436 273 0 quad       388     389     438     437 274 0 quad       389     390
439     438 275 0 quad       390     391     440     439 276 0 quad       391
392     441     440 277 0 quad       392     393     442     441 278 0 quad
393     394     443     442 279 0 quad       394     395     444     443 280 0
quad       395     396     445     444 281 0 quad       396     397     446
445 282 0 quad       397     398     447     446 283 0 quad       398     399
448     447 284 0 quad       399     400     449     448 285 0 quad       400
401     450     449 286 0 quad       401     402     451     450 287 0 quad
402     403     452     451 288 0 quad       403     404     453     452 289 0
quad       404     405     454     453 290 0 quad       405     406     455
454 291 0 quad       406     407     456     455 292 0 quad       407     408
457     456 293 0 quad       408     409     458     457 294 0 quad       409
106     107     458 295 0 quad       410     411     460     459 296 0 quad
411     412     461     460 297 0 quad       412     413     462     461 298 0
quad       413     414     463     462 299 0 quad       414     415     464
463 300 0 quad       415     416     465     464 301 0 quad       416     417
466     465 302 0 quad       417     418     467     466 303 0 quad       418
419     468     467 304 0 quad       419     420     469     468 305 0 quad
420     421     470     469 306 0 quad       421     422     471     470 307 0
quad       422     423     472     471 308 0 quad       423     424     473
472 309 0 quad       424     425     474     473 310 0 quad       425     426
475     474 311 0 quad       426     427     476     475 312 0 quad       427
428     477     476 313 0 quad       428     429     478     477 314 0 quad
429     430     479     478 315 0 quad       430     431     480     479 316 0
quad       431     432     481     480 317 0 quad       432     433     482
481 318 0 quad       433     434     483     482 319 0 quad       434     435
484     483 320 0 quad       435     436     485     484 321 0 quad       436
437     486     485 322 0 quad       437     438     487     486 323 0 quad
438     439     488     487 324 0 quad       439     440     489     488 325 0
quad       440     441     490     489 326 0 quad       441     442     491
490 327 0 quad       442     443     492     491 328 0 quad       443     444
493     492 329 0 quad       444     445     494     493 330 0 quad       445
446     495     494 331 0 quad       446     447     496     495 332 0 quad
447     448     497     496 333 0 quad       448     449     498     497 334 0
quad       449     450     499     498 335 0 quad       450     451     500
499 336 0 quad       451     452     501     500 337 0 quad       452     453
502     501 338 0 quad       453     454     503     502 339 0 quad       454
455     504     503 340 0 quad       455     456     505     504 341 0 quad
456     457     506     505 342 0 quad       457     458     507     506 343 0
quad       458     107     108     507 344 0 quad       459     460     509
508 345 0 quad       460     461     510     509 346 0 quad       461     462
511     510 347 0 quad       462     463     512     511 348 0 quad       463
464     513     512 349 0 quad       464     465     514     513 350 0 quad
465     466     515     514 351 0 quad       466     467     516     515 352 0
quad       467     468     517     516 353 0 quad       468     469     518
517 354 0 quad       469     470     519     518 355 0 quad       470     471
520     519 356 0 quad       471     472     521     520 357 0 quad       472
473     522     521 358 0 quad       473     474     523     522 359 0 quad
474     475     524     523 360 0 quad       475     476     525     524 361 0
quad       476     477     526     525 362 0 quad       477     478     527
526 363 0 quad       478     479     528     527 364 0 quad       479     480
529     528 365 0 quad       480     481     530     529 366 0 quad       481
482     531     530 367 0 quad       482     483     532     531 368 0 quad
483     484     533     532 369 0 quad       484     485     534     533 370 0
quad       485     486     535     534 371 0 quad       486     487     536
535 372 0 quad       487     488     537     536 373 0 quad       488     489
538     537 374 0 quad       489     490     539     538 375 0 quad       490
491     540     539 376 0 quad       491     492     541     540 377 0 quad
492     493     542     541 378 0 quad       493     494     543     542 379 0
quad       494     495     544     543 380 0 quad       495     496     545
544 381 0 quad       496     497     546     545 382 0 quad       497     498
547     546 383 0 quad       498     499     548     547 384 0 quad       499
500     549     548 385 0 quad       500     501     550     549 386 0 quad
501     502     551     550 387 0 quad       502     503     552     551 388 0
quad       503     504     553     552 389 0 quad       504     505     554
553 390 0 quad       505     506     555     554 391 0 quad       506     507
556     555 392 0 quad       507     108     109     556 393 0 quad       508
509     558     557 394 0 quad       509     510     559     558 395 0 quad
510     511     560     559 396 0 quad       511     512     561     560 397 0
quad       512     513     562     561 398 0 quad       513     514     563
562 399 0 quad       514     515     564     563 400 0 quad       515     516
565     564 401 0 quad       516     517     566     565 402 0 quad       517
518     567     566 403 0 quad       518     519     568     567 404 0 quad
519     520     569     568 405 0 quad       520     521     570     569 406 0
quad       521     522     571     570 407 0 quad       522     523     572
571 408 0 quad       523     524     573     572 409 0 quad       524     525
574     573 410 0 quad       525     526     575     574 411 0 quad       526
527     576     575 412 0 quad       527     528     577     576 413 0 quad
528     529     578     577 414 0 quad       529     530     579     578 415 0
quad       530     531     580     579 416 0 quad       531     532     581
580 417 0 quad       532     533     582     581 418 0 quad       533     534
583     582 419 0 quad       534     535     584     583 420 0 quad       535
536     585     584 421 0 quad       536     537     586     585 422 0 quad
537     538     587     586 423 0 quad       538     539     588     587 424 0
quad       539     540     589     588 425 0 quad       540     541     590
589 426 0 quad       541     542     591     590 427 0 quad       542     543
592     591 428 0 quad       543     544     593     592 429 0 quad       544
545     594     593 430 0 quad       545     546     595     594 431 0 quad
546     547     596     595 432 0 quad       547     548     597     596 433 0
quad       548     549     598     597 434 0 quad       549     550     599
598 435 0 quad       550     551     600     599 436 0 quad       551     552
601     600 437 0 quad       552     553     602     601 438 0 quad       553
554     603     602 439 0 quad       554     555     604     603 440 0 quad
555     556     605     604 441 0 quad       556     109     110     605 442 0
quad       557     558     607     606 443 0 quad       558     559     608
607 444 0 quad       559     560     609     608 445 0 quad       560     561
610     609 446 0 quad       561     562     611     610 447 0 quad       562
563     612     611 448 0 quad       563     564     613     612 449 0 quad
564     565     614     613 450 0 quad       565     566     615     614 451 0
quad       566     567     616     615 452 0 quad       567     568     617
616 453 0 quad       568     569     618     617 454 0 quad       569     570
619     618 455 0 quad       570     571     620     619 456 0 quad       571
572     621     620 457 0 quad       572     573     622     621 458 0 quad
573     574     623     622 459 0 quad       574     575     624     623 460 0
quad       575     576     625     624 461 0 quad       576     577     626
625 462 0 quad       577     578     627     626 463 0 quad       578     579
628     627 464 0 quad       579     580     629     628 465 0 quad       580
581     630     629 466 0 quad       581     582     631     630 467 0 quad
582     583     632     631 468 0 quad       583     584     633     632 469 0
quad       584     585     634     633 470 0 quad       585     586     635
634 471 0 quad       586     587     636     635 472 0 quad       587     588
637     636 473 0 quad       588     589     638     637 474 0 quad       589
590     639     638 475 0 quad       590     591     640     639 476 0 quad
591     592     641     640 477 0 quad       592     593     642     641 478 0
quad       593     594     643     642 479 0 quad       594     595     644
643 480 0 quad       595     596     645     644 481 0 quad       596     597
646     645 482 0 quad       597     598     647     646 483 0 quad       598
599     648     647 484 0 quad       599     600     649     648 485 0 quad
600     601     650     649 486 0 quad       601     602     651     650 487 0
quad       602     603     652     651 488 0 quad       603     604     653
652 489 0 quad       604     605     654     653 490 0 quad       605     110
111     654 491 0 quad       606     607     656     655 492 0 quad       607
608     657     656 493 0 quad       608     609     658     657 494 0 quad
609     610     659     658 495 0 quad       610     611     660     659 496 0
quad       611     612     661     660 497 0 quad       612     613     662
661 498 0 quad       613     614     663     662 499 0 quad       614     615
664     663 500 0 quad       615     616     665     664 501 0 quad       616
617     666     665 502 0 quad       617     618     667     666 503 0 quad
618     619     668     667 504 0 quad       619     620     669     668 505 0
quad       620     621     670     669 506 0 quad       621     622     671
670 507 0 quad       622     623     672     671 508 0 quad       623     624
673     672 509 0 quad       624     625     674     673 510 0 quad       625
626     675     674 511 0 quad       626     627     676     675 512 0 quad
627     628     677     676 513 0 quad       628     629     678     677 514 0
quad       629     630     679     678 515 0 quad       630     631     680
679 516 0 quad       631     632     681     680 517 0 quad       632     633
682     681 518 0 quad       633     634     683     682 519 0 quad       634
635     684     683 520 0 quad       635     636     685     684 521 0 quad
636     637     686     685 522 0 quad       637     638     687     686 523 0
quad       638     639     688     687 524 0 quad       639     640     689
688 525 0 quad       640     641     690     689 526 0 quad       641     642
691     690 527 0 quad       642     643     692     691 528 0 quad       643
644     693     692 529 0 quad       644     645     694     693 530 0 quad
645     646     695     694 531 0 quad       646     647     696     695 532 0
quad       647     648     697     696 533 0 quad       648     649     698
697 534 0 quad       649     650     699     698 535 0 quad       650     651
700     699 536 0 quad       651     652     701     700 537 0 quad       652
653     702     701 538 0 quad       653     654     703     702 539 0 quad
654     111     112     703 540 0 quad       655     656     705     704 541 0
quad       656     657     706     705 542 0 quad       657     658     707
706 543 0 quad       658     659     708     707 544 0 quad       659     660
709     708 545 0 quad       660     661     710     709 546 0 quad       661
662     711     710 547 0 quad       662     663     712     711 548 0 quad
663     664     713     712 549 0 quad       664     665     714     713 550 0
quad       665     666     715     714 551 0 quad       666     667     716
715 552 0 quad       667     668     717     716 553 0 quad       668     669
718     717 554 0 quad       669     670     719     718 555 0 quad       670
671     720     719 556 0 quad       671     672     721     720 557 0 quad
672     673     722     721 558 0 quad       673     674     723     722 559 0
quad       674     675     724     723 560 0 quad       675     676     725
724 561 0 quad       676     677     726     725 562 0 quad       677     678
727     726 563 0 quad       678     679     728     727 564 0 quad       679
680     729     728 565 0 quad       680     681     730     729 566 0 quad
681     682     731     730 567 0 quad       682     683     732     731 568 0
quad       683     684     733     732 569 0 quad       684     685     734
733 570 0 quad       685     686     735     734 571 0 quad       686     687
736     735 572 0 quad       687     688     737     736 573 0 quad       688
689     738     737 574 0 quad       689     690     739     738 575 0 quad
690     691     740     739 576 0 quad       691     692     741     740 577 0
quad       692     693     742     741 578 0 quad       693     694     743
742 579 0 quad       694     695     744     743 580 0 quad       695     696
745     744 581 0 quad       696     697     746     745 582 0 quad       697
698     747     746 583 0 quad       698     699     748     747 584 0 quad
699     700     749     748 585 0 quad       700     701     750     749 586 0
quad       701     702     751     750 587 0 quad       702     703     752
751 588 0 quad       703     112     113     752 589 0 quad       704     705
754     753 590 0 quad       705     706     755     754 591 0 quad       706
707     756     755 592 0 quad       707     708     757     756 593 0 quad
708     709     758     757 594 0 quad       709     710     759     758 595 0
quad       710     711     760     759 596 0 quad       711     712     761
760 597 0 quad       712     713     762     761 598 0 quad       713     714
763     762 599 0 quad       714     715     764     763 600 0 quad       715
716     765     764 601 0 quad       716     717     766     765 602 0 quad
717     718     767     766 603 0 quad       718     719     768     767 604 0
quad       719     720     769     768 605 0 quad       720     721     770
769 606 0 quad       721     722     771     770 607 0 quad       722     723
772     771 608 0 quad       723     724     773     772 609 0 quad       724
725     774     773 610 0 quad       725     726     775     774 611 0 quad
726     727     776     775 612 0 quad       727     728     777     776 613 0
quad       728     729     778     777 614 0 quad       729     730     779
778 615 0 quad       730     731     780     779 616 0 quad       731     732
781     780 617 0 quad       732     733     782     781 618 0 quad       733
734     783     782 619 0 quad       734     735     784     783 620 0 quad
735     736     785     784 621 0 quad       736     737     786     785 622 0
quad       737     738     787     786 623 0 quad       738     739     788
787 624 0 quad       739     740     789     788 625 0 quad       740     741
790     789 626 0 quad       741     742     791     790 627 0 quad       742
743     792     791 628 0 quad       743     744     793     792 629 0 quad
744     745     794     793 630 0 quad       745     746     795     794 631 0
quad       746     747     796     795 632 0 quad       747     748     797
796 633 0 quad       748     749     798     797 634 0 quad       749     750
799     798 635 0 quad       750     751     800     799 636 0 quad       751
752     801     800 637 0 quad       752     113     114     801 638 0 quad
753     754     803     802 639 0 quad       754     755     804     803 640 0
quad       755     756     805     804 641 0 quad       756     757     806
805 642 0 quad       757     758     807     806 643 0 quad       758     759
808     807 644 0 quad       759     760     809     808 645 0 quad       760
761     810     809 646 0 quad       761     762     811     810 647 0 quad
762     763     812     811 648 0 quad       763     764     813     812 649 0
quad       764     765     814     813 650 0 quad       765     766     815
814 651 0 quad       766     767     816     815 652 0 quad       767     768
817     816 653 0 quad       768     769     818     817 654 0 quad       769
770     819     818 655 0 quad       770     771     820     819 656 0 quad
771     772     821     820 657 0 quad       772     773     822     821 658 0
quad       773     774     823     822 659 0 quad       774     775     824
823 660 0 quad       775     776     825     824 661 0 quad       776     777
826     825 662 0 quad       777     778     827     826 663 0 quad       778
779     828     827 664 0 quad       779     780     829     828 665 0 quad
780     781     830     829 666 0 quad       781     782     831     830 667 0
quad       782     783     832     831 668 0 quad       783     784     833
832 669 0 quad       784     785     834     833 670 0 quad       785     786
835     834 671 0 quad       786     787     836     835 672 0 quad       787
788     837     836 673 0 quad       788     789     838     837 674 0 quad
789     790     839     838 675 0 quad       790     791     840     839 676 0
quad       791     792     841     840 677 0 quad       792     793     842
841 678 0 quad       793     794     843     842 679 0 quad       794     795
844     843 680 0 quad       795     796     845     844 681 0 quad       796
797     846     845 682 0 quad       797     798     847     846 683 0 quad
798     799     848     847 684 0 quad       799     800     849     848 685 0
quad       800     801     850     849 686 0 quad       801     114     115
850 687 0 quad       802     803     852     851 688 0 quad       803     804
853     852 689 0 quad       804     805     854     853 690 0 quad       805
806     855     854 691 0 quad       806     807     856     855 692 0 quad
807     808     857     856 693 0 quad       808     809     858     857 694 0
quad       809     810     859     858 695 0 quad       810     811     860
859 696 0 quad       811     812     861     860 697 0 quad       812     813
862     861 698 0 quad       813     814     863     862 699 0 quad       814
815     864     863 700 0 quad       815     816     865     864 701 0 quad
816     817     866     865 702 0 quad       817     818     867     866 703 0
quad       818     819     868     867 704 0 quad       819     820     869
868 705 0 quad       820     821     870     869 706 0 quad       821     822
871     870 707 0 quad       822     823     872     871 708 0 quad       823
824     873     872 709 0 quad       824     825     874     873 710 0 quad
825     826     875     874 711 0 quad       826     827     876     875 712 0
quad       827     828     877     876 713 0 quad       828     829     878
877 714 0 quad       829     830     879     878 715 0 quad       830     831
880     879 716 0 quad       831     832     881     880 717 0 quad       832
833     882     881 718 0 quad       833     834     883     882 719 0 quad
834     835     884     883 720 0 quad       835     836     885     884 721 0
quad       836     837     886     885 722 0 quad       837     838     887
886 723 0 quad       838     839     888     887 724 0 quad       839     840
889     888 725 0 quad       840     841     890     889 726 0 quad       841
842     891     890 727 0 quad       842     843     892     891 728 0 quad
843     844     893     892 729 0 quad       844     845     894     893 730 0
quad       845     846     895     894 731 0 quad       846     847     896
895 732 0 quad       847     848     897     896 733 0 quad       848     849
898     897 734 0 quad       849     850     899     898 735 0 quad       850
115     116     899 736 0 quad       851     852     901     900 737 0 quad
852     853     902     901 738 0 quad       853     854     903     902 739 0
quad       854     855     904     903 740 0 quad       855     856     905
904 741 0 quad       856     857     906     905 742 0 quad       857     858
907     906 743 0 quad       858     859     908     907 744 0 quad       859
860     909     908 745 0 quad       860     861     910     909 746 0 quad
861     862     911     910 747 0 quad       862     863     912     911 748 0
quad       863     864     913     912 749 0 quad       864     865     914
913 750 0 quad       865     866     915     914 751 0 quad       866     867
916     915 752 0 quad       867     868     917     916 753 0 quad       868
869     918     917 754 0 quad       869     870     919     918 755 0 quad
870     871     920     919 756 0 quad       871     872     921     920 757 0
quad       872     873     922     921 758 0 quad       873     874     923
922 759 0 quad       874     875     924     923 760 0 quad       875     876
925     924 761 0 quad       876     877     926     925 762 0 quad       877
878     927     926 763 0 quad       878     879     928     927 764 0 quad
879     880     929     928 765 0 quad       880     881     930     929 766 0
quad       881     882     931     930 767 0 quad       882     883     932
931 768 0 quad       883     884     933     932 769 0 quad       884     885
934     933 770 0 quad       885     886     935     934 771 0 quad       886
887     936     935 772 0 quad       887     888     937     936 773 0 quad
888     889     938     937 774 0 quad       889     890     939     938 775 0
quad       890     891     940     939 776 0 quad       891     892     941
940 777 0 quad       892     893     942     941 778 0 quad       893     894
943     942 779 0 quad       894     895     944     943 780 0 quad       895
896     945     944 781 0 quad       896     897     946     945 782 0 quad
897     898     947     946 783 0 quad       898     899     948     947 784 0
quad       899     116     117     948 785 0 quad       900     901     950
949 786 0 quad       901     902     951     950 787 0 quad       902     903
952     951 788 0 quad       903     904     953     952 789 0 quad       904
905     954     953 790 0 quad       905     906     955     954 791 0 quad
906     907     956     955 792 0 quad       907     908     957     956 793 0
quad       908     909     958     957 794 0 quad       909     910     959
958 795 0 quad       910     911     960     959 796 0 quad       911     912
961     960 797 0 quad       912     913     962     961 798 0 quad       913
914     963     962 799 0 quad       914     915     964     963 800 0 quad
915     916     965     964 801 0 quad       916     917     966     965 802 0
quad       917     918     967     966 803 0 quad       918     919     968
967 804 0 quad       919     920     969     968 805 0 quad       920     921
970     969 806 0 quad       921     922     971     970 807 0 quad       922
923     972     971 808 0 quad       923     924     973     972 809 0 quad
924     925     974     973 810 0 quad       925     926     975     974 811 0
quad       926     927     976     975 812 0 quad       927     928     977
976 813 0 quad       928     929     978     977 814 0 quad       929     930
979     978 815 0 quad       930     931     980     979 816 0 quad       931
932     981     980 817 0 quad       932     933     982     981 818 0 quad
933     934     983     982 819 0 quad       934     935     984     983 820 0
quad       935     936     985     984 821 0 quad       936     937     986
985 822 0 quad       937     938     987     986 823 0 quad       938     939
988     987 824 0 quad       939     940     989     988 825 0 quad       940
941     990     989 826 0 quad       941     942     991     990 827 0 quad
942     943     992     991 828 0 quad       943     944     993     992 829 0
quad       944     945     994     993 830 0 quad       945     946     995
994 831 0 quad       946     947     996     995 832 0 quad       947     948
997     996 833 0 quad       948     117     118     997 834 0 quad       949
950     999     998 835 0 quad       950     951    1000     999 836 0 quad
951     952    1001    1000 837 0 quad       952     953    1002    1001 838 0
quad       953     954    1003    1002 839 0 quad       954     955    1004
1003 840 0 quad       955     956    1005    1004 841 0 quad       956     957
1006    1005 842 0 quad       957     958    1007    1006 843 0 quad       958
959    1008    1007 844 0 quad       959     960    1009    1008 845 0 quad
960     961    1010    1009 846 0 quad       961     962    1011    1010 847 0
quad       962     963    1012    1011 848 0 quad       963     964    1013
1012 849 0 quad       964     965    1014    1013 850 0 quad       965     966
1015    1014 851 0 quad       966     967    1016    1015 852 0 quad       967
968    1017    1016 853 0 quad       968     969    1018    1017 854 0 quad
969     970    1019    1018 855 0 quad       970     971    1020    1019 856 0
quad       971     972    1021    1020 857 0 quad       972     973    1022
1021 858 0 quad       973     974    1023    1022 859 0 quad       974     975
1024    1023 860 0 quad       975     976    1025    1024 861 0 quad       976
977    1026    1025 862 0 quad       977     978    1027    1026 863 0 quad
978     979    1028    1027 864 0 quad       979     980    1029    1028 865 0
quad       980     981    1030    1029 866 0 quad       981     982    1031
1030 867 0 quad       982     983    1032    1031 868 0 quad       983     984
1033    1032 869 0 quad       984     985    1034    1033 870 0 quad       985
986    1035    1034 871 0 quad       986     987    1036    1035 872 0 quad
987     988    1037    1036 873 0 quad       988     989    1038    1037 874 0
quad       989     990    1039    1038 875 0 quad       990     991    1040
1039 876 0 quad       991     992    1041    1040 877 0 quad       992     993
1042    1041 878 0 quad       993     994    1043    1042 879 0 quad       994
995    1044    1043 880 0 quad       995     996    1045    1044 881 0 quad
996     997    1046    1045 882 0 quad       997     118     119    1046 883 0
quad       998     999    1048    1047 884 0 quad       999    1000    1049
1048 885 0 quad      1000    1001    1050    1049 886 0 quad      1001    1002
1051    1050 887 0 quad      1002    1003    1052    1051 888 0 quad      1003
1004    1053    1052 889 0 quad      1004    1005    1054    1053 890 0 quad
1005    1006    1055    1054 891 0 quad      1006    1007    1056    1055 892
0 quad      1007    1008    1057    1056 893 0 quad      1008    1009    1058
1057 894 0 quad      1009    1010    1059    1058 895 0 quad      1010    1011
1060    1059 896 0 quad      1011    1012    1061    1060 897 0 quad      1012
1013    1062    1061 898 0 quad      1013    1014    1063    1062 899 0 quad
1014    1015    1064    1063 900 0 quad      1015    1016    1065    1064 901
0 quad      1016    1017    1066    1065 902 0 quad      1017    1018    1067
1066 903 0 quad      1018    1019    1068    1067 904 0 quad      1019    1020
1069    1068 905 0 quad      1020    1021    1070    1069 906 0 quad      1021
1022    1071    1070 907 0 quad      1022    1023    1072    1071 908 0 quad
1023    1024    1073    1072 909 0 quad      1024    1025    1074    1073 910
0 quad      1025    1026    1075    1074 911 0 quad      1026    1027    1076
1075 912 0 quad      1027    1028    1077    1076 913 0 quad      1028    1029
1078    1077 914 0 quad      1029    1030    1079    1078 915 0 quad      1030
1031    1080    1079 916 0 quad      1031    1032    1081    1080 917 0 quad
1032    1033    1082    1081 918 0 quad      1033    1034    1083    1082 919
0 quad      1034    1035    1084    1083 920 0 quad      1035    1036    1085
1084 921 0 quad      1036    1037    1086    1085 922 0 quad      1037    1038
1087    1086 923 0 quad      1038    1039    1088    1087 924 0 quad      1039
1040    1089    1088 925 0 quad      1040    1041    1090    1089 926 0 quad
1041    1042    1091    1090 927 0 quad      1042    1043    1092    1091 928
0 quad      1043    1044    1093    1092 929 0 quad      1044    1045    1094
1093 930 0 quad      1045    1046    1095    1094 931 0 quad      1046     119
120    1095 932 0 quad      1047    1048    1097    1096 933 0 quad      1048
1049    1098    1097 934 0 quad      1049    1050    1099    1098 935 0 quad
1050    1051    1100    1099 936 0 quad      1051    1052    1101    1100 937
0 quad      1052    1053    1102    1101 938 0 quad      1053    1054    1103
1102 939 0 quad      1054    1055    1104    1103 940 0 quad      1055    1056
1105    1104 941 0 quad      1056    1057    1106    1105 942 0 quad      1057
1058    1107    1106 943 0 quad      1058    1059    1108    1107 944 0 quad
1059    1060    1109    1108 945 0 quad      1060    1061    1110    1109 946
0 quad      1061    1062    1111    1110 947 0 quad      1062    1063    1112
1111 948 0 quad      1063    1064    1113    1112 949 0 quad      1064    1065
1114    1113 950 0 quad      1065    1066    1115    1114 951 0 quad      1066
1067    1116    1115 952 0 quad      1067    1068    1117    1116 953 0 quad
1068    1069    1118    1117 954 0 quad      1069    1070    1119    1118 955
0 quad      1070    1071    1120    1119 956 0 quad      1071    1072    1121
1120 957 0 quad      1072    1073    1122    1121 958 0 quad      1073    1074
1123    1122 959 0 quad      1074    1075    1124    1123 960 0 quad      1075
1076    1125    1124 961 0 quad      1076    1077    1126    1125 962 0 quad
1077    1078    1127    1126 963 0 quad      1078    1079    1128    1127 964
0 quad      1079    1080    1129    1128 965 0 quad      1080    1081    1130
1129 966 0 quad      1081    1082    1131    1130 967 0 quad      1082    1083
1132    1131 968 0 quad      1083    1084    1133    1132 969 0 quad      1084
1085    1134    1133 970 0 quad      1085    1086    1135    1134 971 0 quad
1086    1087    1136    1135 972 0 quad      1087    1088    1137    1136 973
0 quad      1088    1089    1138    1137 974 0 quad      1089    1090    1139
1138 975 0 quad      1090    1091    1140    1139 976 0 quad      1091    1092
1141    1140 977 0 quad      1092    1093    1142    1141 978 0 quad      1093
1094    1143    1142 979 0 quad      1094    1095    1144    1143 980 0 quad
1095     120     121    1144 981 0 quad      1096    1097    1146    1145 982
0 quad      1097    1098    1147    1146 983 0 quad      1098    1099    1148
1147 984 0 quad      1099    1100    1149    1148 985 0 quad      1100    1101
1150    1149 986 0 quad      1101    1102    1151    1150 987 0 quad      1102
1103    1152    1151 988 0 quad      1103    1104    1153    1152 989 0 quad
1104    1105    1154    1153 990 0 quad      1105    1106    1155    1154 991
0 quad      1106    1107    1156    1155 992 0 quad      1107    1108    1157
1156 993 0 quad      1108    1109    1158    1157 994 0 quad      1109    1110
1159    1158 995 0 quad      1110    1111    1160    1159 996 0 quad      1111
1112    1161    1160 997 0 quad      1112    1113    1162    1161 998 0 quad
1113    1114    1163    1162 999 0 quad      1114    1115    1164    1163 1000
0 quad      1115    1116    1165    1164 1001 0 quad      1116    1117    1166
1165 1002 0 quad      1117    1118    1167    1166 1003 0 quad      1118
1119    1168    1167 1004 0 quad      1119    1120    1169    1168 1005 0 quad
1120    1121    1170    1169 1006 0 quad      1121    1122    1171    1170
1007 0 quad      1122    1123    1172    1171 1008 0 quad      1123    1124
1173    1172 1009 0 quad      1124    1125    1174    1173 1010 0 quad
1125    1126    1175    1174 1011 0 quad      1126    1127    1176    1175
1012 0 quad      1127    1128    1177    1176 1013 0 quad      1128    1129
1178    1177 1014 0 quad      1129    1130    1179    1178 1015 0 quad
1130    1131    1180    1179 1016 0 quad      1131    1132    1181    1180
1017 0 quad      1132    1133    1182    1181 1018 0 quad      1133    1134
1183    1182 1019 0 quad      1134    1135    1184    1183 1020 0 quad
1135    1136    1185    1184 1021 0 quad      1136    1137    1186    1185
1022 0 quad      1137    1138    1187    1186 1023 0 quad      1138    1139
1188    1187 1024 0 quad      1139    1140    1189    1188 1025 0 quad
1140    1141    1190    1189 1026 0 quad      1141    1142    1191    1190
1027 0 quad      1142    1143    1192    1191 1028 0 quad      1143    1144
1193    1192 1029 0 quad      1144     121     122    1193 1030 0 quad
1145    1146    1195    1194 1031 0 quad      1146    1147    1196    1195
1032 0 quad      1147    1148    1197    1196 1033 0 quad      1148    1149
1198    1197 1034 0 quad      1149    1150    1199    1198 1035 0 quad
1150    1151    1200    1199 1036 0 quad      1151    1152    1201    1200
1037 0 quad      1152    1153    1202    1201 1038 0 quad      1153    1154
1203    1202 1039 0 quad      1154    1155    1204    1203 1040 0 quad
1155    1156    1205    1204 1041 0 quad      1156    1157    1206    1205
1042 0 quad      1157    1158    1207    1206 1043 0 quad      1158    1159
1208    1207 1044 0 quad      1159    1160    1209    1208 1045 0 quad
1160    1161    1210    1209 1046 0 quad      1161    1162    1211    1210
1047 0 quad      1162    1163    1212    1211 1048 0 quad      1163    1164
1213    1212 1049 0 quad      1164    1165    1214    1213 1050 0 quad
1165    1166    1215    1214 1051 0 quad      1166    1167    1216    1215
1052 0 quad      1167    1168    1217    1216 1053 0 quad      1168    1169
1218    1217 1054 0 quad      1169    1170    1219    1218 1055 0 quad
1170    1171    1220    1219 1056 0 quad      1171    1172    1221    1220
1057 0 quad      1172    1173    1222    1221 1058 0 quad      1173    1174
1223    1222 1059 0 quad      1174    1175    1224    1223 1060 0 quad
1175    1176    1225    1224 1061 0 quad      1176    1177    1226    1225
1062 0 quad      1177    1178    1227    1226 1063 0 quad      1178    1179
1228    1227 1064 0 quad      1179    1180    1229    1228 1065 0 quad
1180    1181    1230    1229 1066 0 quad      1181    1182    1231    1230
1067 0 quad      1182    1183    1232    1231 1068 0 quad      1183    1184
1233    1232 1069 0 quad      1184    1185    1234    1233 1070 0 quad
1185    1186    1235    1234 1071 0 quad      1186    1187    1236    1235
1072 0 quad      1187    1188    1237    1236 1073 0 quad      1188    1189
1238    1237 1074 0 quad      1189    1190    1239    1238 1075 0 quad
1190    1191    1240    1239 1076 0 quad      1191    1192    1241    1240
1077 0 quad      1192    1193    1242    1241 1078 0 quad      1193     122
123    1242 1079 0 quad      1194    1195    1244    1243 1080 0 quad
1195    1196    1245    1244 1081 0 quad      1196    1197    1246    1245
1082 0 quad      1197    1198    1247    1246 1083 0 quad      1198    1199
1248    1247 1084 0 quad      1199    1200    1249    1248 1085 0 quad
1200    1201    1250    1249 1086 0 quad      1201    1202    1251    1250
1087 0 quad      1202    1203    1252    1251 1088 0 quad      1203    1204
1253    1252 1089 0 quad      1204    1205    1254    1253 1090 0 quad
1205    1206    1255    1254 1091 0 quad      1206    1207    1256    1255
1092 0 quad      1207    1208    1257    1256 1093 0 quad      1208    1209
1258    1257 1094 0 quad      1209    1210    1259    1258 1095 0 quad
1210    1211    1260    1259 1096 0 quad      1211    1212    1261    1260
1097 0 quad      1212    1213    1262    1261 1098 0 quad      1213    1214
1263    1262 1099 0 quad      1214    1215    1264    1263 1100 0 quad
1215    1216    1265    1264 1101 0 quad      1216    1217    1266    1265
1102 0 quad      1217    1218    1267    1266 1103 0 quad      1218    1219
1268    1267 1104 0 quad      1219    1220    1269    1268 1105 0 quad
1220    1221    1270    1269 1106 0 quad      1221    1222    1271    1270
1107 0 quad      1222    1223    1272    1271 1108 0 quad      1223    1224
1273    1272 1109 0 quad      1224    1225    1274    1273 1110 0 quad
1225    1226    1275    1274 1111 0 quad      1226    1227    1276    1275
1112 0 quad      1227    1228    1277    1276 1113 0 quad      1228    1229
1278    1277 1114 0 quad      1229    1230    1279    1278 1115 0 quad
1230    1231    1280    1279 1116 0 quad      1231    1232    1281    1280
1117 0 quad      1232    1233    1282    1281 1118 0 quad      1233    1234
1283    1282 1119 0 quad      1234    1235    1284    1283 1120 0 quad
1235    1236    1285    1284 1121 0 quad      1236    1237    1286    1285
1122 0 quad      1237    1238    1287    1286 1123 0 quad      1238    1239
1288    1287 1124 0 quad      1239    1240    1289    1288 1125 0 quad
1240    1241    1290    1289 1126 0 quad      1241    1242    1291    1290
1127 0 quad      1242     123     124    1291 1128 0 quad      1243    1244
1293    1292 1129 0 quad      1244    1245    1294    1293 1130 0 quad
1245    1246    1295    1294 1131 0 quad      1246    1247    1296    1295
1132 0 quad      1247    1248    1297    1296 1133 0 quad      1248    1249
1298    1297 1134 0 quad      1249    1250    1299    1298 1135 0 quad
1250    1251    1300    1299 1136 0 quad      1251    1252    1301    1300
1137 0 quad      1252    1253    1302    1301 1138 0 quad      1253    1254
1303    1302 1139 0 quad      1254    1255    1304    1303 1140 0 quad
1255    1256    1305    1304 1141 0 quad      1256    1257    1306    1305
1142 0 quad      1257    1258    1307    1306 1143 0 quad      1258    1259
1308    1307 1144 0 quad      1259    1260    1309    1308 1145 0 quad
1260    1261    1310    1309 1146 0 quad      1261    1262    1311    1310
1147 0 quad      1262    1263    1312    1311 1148 0 quad      1263    1264
1313    1312 1149 0 quad      1264    1265    1314    1313 1150 0 quad
1265    1266    1315    1314 1151 0 quad      1266    1267    1316    1315
1152 0 quad      1267    1268    1317    1316 1153 0 quad      1268    1269
1318    1317 1154 0 quad      1269    1270    1319    1318 1155 0 quad
1270    1271    1320    1319 1156 0 quad      1271    1272    1321    1320
1157 0 quad      1272    1273    1322    1321 1158 0 quad      1273    1274
1323    1322 1159 0 quad      1274    1275    1324    1323 1160 0 quad
1275    1276    1325    1324 1161 0 quad      1276    1277    1326    1325
1162 0 quad      1277    1278    1327    1326 1163 0 quad      1278    1279
1328    1327 1164 0 quad      1279    1280    1329    1328 1165 0 quad
1280    1281    1330    1329 1166 0 quad      1281    1282    1331    1330
1167 0 quad      1282    1283    1332    1331 1168 0 quad      1283    1284
1333    1332 1169 0 quad      1284    1285    1334    1333 1170 0 quad
1285    1286    1335    1334 1171 0 quad      1286    1287    1336    1335
1172 0 quad      1287    1288    1337    1336 1173 0 quad      1288    1289
1338    1337 1174 0 quad      1289    1290    1339    1338 1175 0 quad
1290    1291    1340    1339 1176 0 quad      1291     124     125    1340
1177 0 quad      1292    1293    1342    1341 1178 0 quad      1293    1294
1343    1342 1179 0 quad      1294    1295    1344    1343 1180 0 quad
1295    1296    1345    1344 1181 0 quad      1296    1297    1346    1345
1182 0 quad      1297    1298    1347    1346 1183 0 quad      1298    1299
1348    1347 1184 0 quad      1299    1300    1349    1348 1185 0 quad
1300    1301    1350    1349 1186 0 quad      1301    1302    1351    1350
1187 0 quad      1302    1303    1352    1351 1188 0 quad      1303    1304
1353    1352 1189 0 quad      1304    1305    1354    1353 1190 0 quad
1305    1306    1355    1354 1191 0 quad      1306    1307    1356    1355
1192 0 quad      1307    1308    1357    1356 1193 0 quad      1308    1309
1358    1357 1194 0 quad      1309    1310    1359    1358 1195 0 quad
1310    1311    1360    1359 1196 0 quad      1311    1312    1361    1360
1197 0 quad      1312    1313    1362    1361 1198 0 quad      1313    1314
1363    1362 1199 0 quad      1314    1315    1364    1363 1200 0 quad
1315    1316    1365    1364 1201 0 quad      1316    1317    1366    1365
1202 0 quad      1317    1318    1367    1366 1203 0 quad      1318    1319
1368    1367 1204 0 quad      1319    1320    1369    1368 1205 0 quad
1320    1321    1370    1369 1206 0 quad      1321    1322    1371    1370
1207 0 quad      1322    1323    1372    1371 1208 0 quad      1323    1324
1373    1372 1209 0 quad      1324    1325    1374    1373 1210 0 quad
1325    1326    1375    1374 1211 0 quad      1326    1327    1376    1375
1212 0 quad      1327    1328    1377    1376 1213 0 quad      1328    1329
1378    1377 1214 0 quad      1329    1330    1379    1378 1215 0 quad
1330    1331    1380    1379 1216 0 quad      1331    1332    1381    1380
1217 0 quad      1332    1333    1382    1381 1218 0 quad      1333    1334
1383    1382 1219 0 quad      1334    1335    1384    1383 1220 0 quad
1335    1336    1385    1384 1221 0 quad      1336    1337    1386    1385
1222 0 quad      1337    1338    1387    1386 1223 0 quad      1338    1339
1388    1387 1224 0 quad      1339    1340    1389    1388 1225 0 quad
1340     125     126    1389 1226 0 quad      1341    1342    1391    1390
1227 0 quad      1342    1343    1392    1391 1228 0 quad      1343    1344
1393    1392 1229 0 quad      1344    1345    1394    1393 1230 0 quad
1345    1346    1395    1394 1231 0 quad      1346    1347    1396    1395
1232 0 quad      1347    1348    1397    1396 1233 0 quad      1348    1349
1398    1397 1234 0 quad      1349    1350    1399    1398 1235 0 quad
1350    1351    1400    1399 1236 0 quad      1351    1352    1401    1400
1237 0 quad      1352    1353    1402    1401 1238 0 quad      1353    1354
1403    1402 1239 0 quad      1354    1355    1404    1403 1240 0 quad
1355    1356    1405    1404 1241 0 quad      1356    1357    1406    1405
1242 0 quad      1357    1358    1407    1406 1243 0 quad      1358    1359
1408    1407 1244 0 quad      1359    1360    1409    1408 1245 0 quad
1360    1361    1410    1409 1246 0 quad      1361    1362    1411    1410
1247 0 quad      1362    1363    1412    1411 1248 0 quad      1363    1364
1413    1412 1249 0 quad      1364    1365    1414    1413 1250 0 quad
1365    1366    1415    1414 1251 0 quad      1366    1367    1416    1415
1252 0 quad      1367    1368    1417    1416 1253 0 quad      1368    1369
1418    1417 1254 0 quad      1369    1370    1419    1418 1255 0 quad
1370    1371    1420    1419 1256 0 quad      1371    1372    1421    1420
1257 0 quad      1372    1373    1422    1421 1258 0 quad      1373    1374
1423    1422 1259 0 quad      1374    1375    1424    1423 1260 0 quad
1375    1376    1425    1424 1261 0 quad      1376    1377    1426    1425
1262 0 quad      1377    1378    1427    1426 1263 0 quad      1378    1379
1428    1427 1264 0 quad      1379    1380    1429    1428 1265 0 quad
1380    1381    1430    1429 1266 0 quad      1381    1382    1431    1430
1267 0 quad      1382    1383    1432    1431 1268 0 quad      1383    1384
1433    1432 1269 0 quad      1384    1385    1434    1433 1270 0 quad
1385    1386    1435    1434 1271 0 quad      1386    1387    1436    1435
1272 0 quad      1387    1388    1437    1436 1273 0 quad      1388    1389
1438    1437 1274 0 quad      1389     126     127    1438 1275 0 quad
1390    1391    1440    1439 1276 0 quad      1391    1392    1441    1440
1277 0 quad      1392    1393    1442    1441 1278 0 quad      1393    1394
1443    1442 1279 0 quad      1394    1395    1444    1443 1280 0 quad
1395    1396    1445    1444 1281 0 quad      1396    1397    1446    1445
1282 0 quad      1397    1398    1447    1446 1283 0 quad      1398    1399
1448    1447 1284 0 quad      1399    1400    1449    1448 1285 0 quad
1400    1401    1450    1449 1286 0 quad      1401    1402    1451    1450
1287 0 quad      1402    1403    1452    1451 1288 0 quad      1403    1404
1453    1452 1289 0 quad      1404    1405    1454    1453 1290 0 quad
1405    1406    1455    1454 1291 0 quad      1406    1407    1456    1455
1292 0 quad      1407    1408    1457    1456 1293 0 quad      1408    1409
1458    1457 1294 0 quad      1409    1410    1459    1458 1295 0 quad
1410    1411    1460    1459 1296 0 quad      1411    1412    1461    1460
1297 0 quad      1412    1413    1462    1461 1298 0 quad      1413    1414
1463    1462 1299 0 quad      1414    1415    1464    1463 1300 0 quad
1415    1416    1465    1464 1301 0 quad      1416    1417    1466    1465
1302 0 quad      1417    1418    1467    1466 1303 0 quad      1418    1419
1468    1467 1304 0 quad      1419    1420    1469    1468 1305 0 quad
1420    1421    1470    1469 1306 0 quad      1421    1422    1471    1470
1307 0 quad      1422    1423    1472    1471 1308 0 quad      1423    1424
1473    1472 1309 0 quad      1424    1425    1474    1473 1310 0 quad
1425    1426    1475    1474 1311 0 quad      1426    1427    1476    1475
1312 0 quad      1427    1428    1477    1476 1313 0 quad      1428    1429
1478    1477 1314 0 quad      1429    1430    1479    1478 1315 0 quad
1430    1431    1480    1479 1316 0 quad      1431    1432    1481    1480
1317 0 quad      1432    1433    1482    1481 1318 0 quad      1433    1434
1483    1482 1319 0 quad      1434    1435    1484    1483 1320 0 quad
1435    1436    1485    1484 1321 0 quad      1436    1437    1486    1485
1322 0 quad      1437    1438    1487    1486 1323 0 quad      1438     127
128    1487 1324 0 quad      1439    1440    1489    1488 1325 0 quad
1440    1441    1490    1489 1326 0 quad      1441    1442    1491    1490
1327 0 quad      1442    1443    1492    1491 1328 0 quad      1443    1444
1493    1492 1329 0 quad      1444    1445    1494    1493 1330 0 quad
1445    1446    1495    1494 1331 0 quad      1446    1447    1496    1495
1332 0 quad      1447    1448    1497    1496 1333 0 quad      1448    1449
1498    1497 1334 0 quad      1449    1450    1499    1498 1335 0 quad
1450    1451    1500    1499 1336 0 quad      1451    1452    1501    1500
1337 0 quad      1452    1453    1502    1501 1338 0 quad      1453    1454
1503    1502 1339 0 quad      1454    1455    1504    1503 1340 0 quad
1455    1456    1505    1504 1341 0 quad      1456    1457    1506    1505
1342 0 quad      1457    1458    1507    1506 1343 0 quad      1458    1459
1508    1507 1344 0 quad      1459    1460    1509    1508 1345 0 quad
1460    1461    1510    1509 1346 0 quad      1461    1462    1511    1510
1347 0 quad      1462    1463    1512    1511 1348 0 quad      1463    1464
1513    1512 1349 0 quad      1464    1465    1514    1513 1350 0 quad
1465    1466    1515    1514 1351 0 quad      1466    1467    1516    1515
1352 0 quad      1467    1468    1517    1516 1353 0 quad      1468    1469
1518    1517 1354 0 quad      1469    1470    1519    1518 1355 0 quad
1470    1471    1520    1519 1356 0 quad      1471    1472    1521    1520
1357 0 quad      1472    1473    1522    1521 1358 0 quad      1473    1474
1523    1522 1359 0 quad      1474    1475    1524    1523 1360 0 quad
1475    1476    1525    1524 1361 0 quad      1476    1477    1526    1525
1362 0 quad      1477    1478    1527    1526 1363 0 quad      1478    1479
1528    1527 1364 0 quad      1479    1480    1529    1528 1365 0 quad
1480    1481    1530    1529 1366 0 quad      1481    1482    1531    1530
1367 0 quad      1482    1483    1532    1531 1368 0 quad      1483    1484
1533    1532 1369 0 quad      1484    1485    1534    1533 1370 0 quad
1485    1486    1535    1534 1371 0 quad      1486    1487    1536    1535
1372 0 quad      1487     128     129    1536 1373 0 quad      1488    1489
1538    1537 1374 0 quad      1489    1490    1539    1538 1375 0 quad
1490    1491    1540    1539 1376 0 quad      1491    1492    1541    1540
1377 0 quad      1492    1493    1542    1541 1378 0 quad      1493    1494
1543    1542 1379 0 quad      1494    1495    1544    1543 1380 0 quad
1495    1496    1545    1544 1381 0 quad      1496    1497    1546    1545
1382 0 quad      1497    1498    1547    1546 1383 0 quad      1498    1499
1548    1547 1384 0 quad      1499    1500    1549    1548 1385 0 quad
1500    1501    1550    1549 1386 0 quad      1501    1502    1551    1550
1387 0 quad      1502    1503    1552    1551 1388 0 quad      1503    1504
1553    1552 1389 0 quad      1504    1505    1554    1553 1390 0 quad
1505    1506    1555    1554 1391 0 quad      1506    1507    1556    1555
1392 0 quad      1507    1508    1557    1556 1393 0 quad      1508    1509
1558    1557 1394 0 quad      1509    1510    1559    1558 1395 0 quad
1510    1511    1560    1559 1396 0 quad      1511    1512    1561    1560
1397 0 quad      1512    1513    1562    1561 1398 0 quad      1513    1514
1563    1562 1399 0 quad      1514    1515    1564    1563 1400 0 quad
1515    1516    1565    1564 1401 0 quad      1516    1517    1566    1565
1402 0 quad      1517    1518    1567    1566 1403 0 quad      1518    1519
1568    1567 1404 0 quad      1519    1520    1569    1568 1405 0 quad
1520    1521    1570    1569 1406 0 quad      1521    1522    1571    1570
1407 0 quad      1522    1523    1572    1571 1408 0 quad      1523    1524
1573    1572 1409 0 quad      1524    1525    1574    1573 1410 0 quad
1525    1526    1575    1574 1411 0 quad      1526    1527    1576    1575
1412 0 quad      1527    1528    1577    1576 1413 0 quad      1528    1529
1578    1577 1414 0 quad      1529    1530    1579    1578 1415 0 quad
1530    1531    1580    1579 1416 0 quad      1531    1532    1581    1580
1417 0 quad      1532    1533    1582    1581 1418 0 quad      1533    1534
1583    1582 1419 0 quad      1534    1535    1584    1583 1420 0 quad
1535    1536    1585    1584 1421 0 quad      1536     129     130    1585
1422 0 quad      1537    1538    1587    1586 1423 0 quad      1538    1539
1588    1587 1424 0 quad      1539    1540    1589    1588 1425 0 quad
1540    1541    1590    1589 1426 0 quad      1541    1542    1591    1590
1427 0 quad      1542    1543    1592    1591 1428 0 quad      1543    1544
1593    1592 1429 0 quad      1544    1545    1594    1593 1430 0 quad
1545    1546    1595    1594 1431 0 quad      1546    1547    1596    1595
1432 0 quad      1547    1548    1597    1596 1433 0 quad      1548    1549
1598    1597 1434 0 quad      1549    1550    1599    1598 1435 0 quad
1550    1551    1600    1599 1436 0 quad      1551    1552    1601    1600
1437 0 quad      1552    1553    1602    1601 1438 0 quad      1553    1554
1603    1602 1439 0 quad      1554    1555    1604    1603 1440 0 quad
1555    1556    1605    1604 1441 0 quad      1556    1557    1606    1605
1442 0 quad      1557    1558    1607    1606 1443 0 quad      1558    1559
1608    1607 1444 0 quad      1559    1560    1609    1608 1445 0 quad
1560    1561    1610    1609 1446 0 quad      1561    1562    1611    1610
1447 0 quad      1562    1563    1612    1611 1448 0 quad      1563    1564
1613    1612 1449 0 quad      1564    1565    1614    1613 1450 0 quad
1565    1566    1615    1614 1451 0 quad      1566    1567    1616    1615
1452 0 quad      1567    1568    1617    1616 1453 0 quad      1568    1569
1618    1617 1454 0 quad      1569    1570    1619    1618 1455 0 quad
1570    1571    1620    1619 1456 0 quad      1571    1572    1621    1620
1457 0 quad      1572    1573    1622    1621 1458 0 quad      1573    1574
1623    1622 1459 0 quad      1574    1575    1624    1623 1460 0 quad
1575    1576    1625    1624 1461 0 quad      1576    1577    1626    1625
1462 0 quad      1577    1578    1627    1626 1463 0 quad      1578    1579
1628    1627 1464 0 quad      1579    1580    1629    1628 1465 0 quad
1580    1581    1630    1629 1466 0 quad      1581    1582    1631    1630
1467 0 quad      1582    1583    1632    1631 1468 0 quad      1583    1584
1633    1632 1469 0 quad      1584    1585    1634    1633 1470 0 quad
1585     130     131    1634 1471 0 quad      1586    1587    1636    1635
1472 0 quad      1587    1588    1637    1636 1473 0 quad      1588    1589
1638    1637 1474 0 quad      1589    1590    1639    1638 1475 0 quad
1590    1591    1640    1639 1476 0 quad      1591    1592    1641    1640
1477 0 quad      1592    1593    1642    1641 1478 0 quad      1593    1594
1643    1642 1479 0 quad      1594    1595    1644    1643 1480 0 quad
1595    1596    1645    1644 1481 0 quad      1596    1597    1646    1645
1482 0 quad      1597    1598    1647    1646 1483 0 quad      1598    1599
1648    1647 1484 0 quad      1599    1600    1649    1648 1485 0 quad
1600    1601    1650    1649 1486 0 quad      1601    1602    1651    1650
1487 0 quad      1602    1603    1652    1651 1488 0 quad      1603    1604
1653    1652 1489 0 quad      1604    1605    1654    1653 1490 0 quad
1605    1606    1655    1654 1491 0 quad      1606    1607    1656    1655
1492 0 quad      1607    1608    1657    1656 1493 0 quad      1608    1609
1658    1657 1494 0 quad      1609    1610    1659    1658 1495 0 quad
1610    1611    1660    1659 1496 0 quad      1611    1612    1661    1660
1497 0 quad      1612    1613    1662    1661 1498 0 quad      1613    1614
1663    1662 1499 0 quad      1614    1615    1664    1663 1500 0 quad
1615    1616    1665    1664 1501 0 quad      1616    1617    1666    1665
1502 0 quad      1617    1618    1667    1666 1503 0 quad      1618    1619
1668    1667 1504 0 quad      1619    1620    1669    1668 1505 0 quad
1620    1621    1670    1669 1506 0 quad      1621    1622    1671    1670
1507 0 quad      1622    1623    1672    1671 1508 0 quad      1623    1624
1673    1672 1509 0 quad      1624    1625    1674    1673 1510 0 quad
1625    1626    1675    1674 1511 0 quad      1626    1627    1676    1675
1512 0 quad      1627    1628    1677    1676 1513 0 quad      1628    1629
1678    1677 1514 0 quad      1629    1630    1679    1678 1515 0 quad
1630    1631    1680    1679 1516 0 quad      1631    1632    1681    1680
1517 0 quad      1632    1633    1682    1681 1518 0 quad      1633    1634
1683    1682 1519 0 quad      1634     131     132    1683 1520 0 quad
1635    1636    1685    1684 1521 0 quad      1636    1637    1686    1685
1522 0 quad      1637    1638    1687    1686 1523 0 quad      1638    1639
1688    1687 1524 0 quad      1639    1640    1689    1688 1525 0 quad
1640    1641    1690    1689 1526 0 quad      1641    1642    1691    1690
1527 0 quad      1642    1643    1692    1691 1528 0 quad      1643    1644
1693    1692 1529 0 quad      1644    1645    1694    1693 1530 0 quad
1645    1646    1695    1694 1531 0 quad      1646    1647    1696    1695
1532 0 quad      1647    1648    1697    1696 1533 0 quad      1648    1649
1698    1697 1534 0 quad      1649    1650    1699    1698 1535 0 quad
1650    1651    1700    1699 1536 0 quad      1651    1652    1701    1700
1537 0 quad      1652    1653    1702    1701 1538 0 quad      1653    1654
1703    1702 1539 0 quad      1654    1655    1704    1703 1540 0 quad
1655    1656    1705    1704 1541 0 quad      1656    1657    1706    1705
1542 0 quad      1657    1658    1707    1706 1543 0 quad      1658    1659
1708    1707 1544 0 quad      1659    1660    1709    1708 1545 0 quad
1660    1661    1710    1709 1546 0 quad      1661    1662    1711    1710
1547 0 quad      1662    1663    1712    1711 1548 0 quad      1663    1664
1713    1712 1549 0 quad      1664    1665    1714    1713 1550 0 quad
1665    1666    1715    1714 1551 0 quad      1666    1667    1716    1715
1552 0 quad      1667    1668    1717    1716 1553 0 quad      1668    1669
1718    1717 1554 0 quad      1669    1670    1719    1718 1555 0 quad
1670    1671    1720    1719 1556 0 quad      1671    1672    1721    1720
1557 0 quad      1672    1673    1722    1721 1558 0 quad      1673    1674
1723    1722 1559 0 quad      1674    1675    1724    1723 1560 0 quad
1675    1676    1725    1724 1561 0 quad      1676    1677    1726    1725
1562 0 quad      1677    1678    1727    1726 1563 0 quad      1678    1679
1728    1727 1564 0 quad      1679    1680    1729    1728 1565 0 quad
1680    1681    1730    1729 1566 0 quad      1681    1682    1731    1730
1567 0 quad      1682    1683    1732    1731 1568 0 quad      1683     132
133    1732 1569 0 quad      1684    1685    1734    1733 1570 0 quad
1685    1686    1735    1734 1571 0 quad      1686    1687    1736    1735
1572 0 quad      1687    1688    1737    1736 1573 0 quad      1688    1689
1738    1737 1574 0 quad      1689    1690    1739    1738 1575 0 quad
1690    1691    1740    1739 1576 0 quad      1691    1692    1741    1740
1577 0 quad      1692    1693    1742    1741 1578 0 quad      1693    1694
1743    1742 1579 0 quad      1694    1695    1744    1743 1580 0 quad
1695    1696    1745    1744 1581 0 quad      1696    1697    1746    1745
1582 0 quad      1697    1698    1747    1746 1583 0 quad      1698    1699
1748    1747 1584 0 quad      1699    1700    1749    1748 1585 0 quad
1700    1701    1750    1749 1586 0 quad      1701    1702    1751    1750
1587 0 quad      1702    1703    1752    1751 1588 0 quad      1703    1704
1753    1752 1589 0 quad      1704    1705    1754    1753 1590 0 quad
1705    1706    1755    1754 1591 0 quad      1706    1707    1756    1755
1592 0 quad      1707    1708    1757    1756 1593 0 quad      1708    1709
1758    1757 1594 0 quad      1709    1710    1759    1758 1595 0 quad
1710    1711    1760    1759 1596 0 quad      1711    1712    1761    1760
1597 0 quad      1712    1713    1762    1761 1598 0 quad      1713    1714
1763    1762 1599 0 quad      1714    1715    1764    1763 1600 0 quad
1715    1716    1765    1764 1601 0 quad      1716    1717    1766    1765
1602 0 quad      1717    1718    1767    1766 1603 0 quad      1718    1719
1768    1767 1604 0 quad      1719    1720    1769    1768 1605 0 quad
1720    1721    1770    1769 1606 0 quad      1721    1722    1771    1770
1607 0 quad      1722    1723    1772    1771 1608 0 quad      1723    1724
1773    1772 1609 0 quad      1724    1725    1774    1773 1610 0 quad
1725    1726    1775    1774 1611 0 quad      1726    1727    1776    1775
1612 0 quad      1727    1728    1777    1776 1613 0 quad      1728    1729
1778    1777 1614 0 quad      1729    1730    1779    1778 1615 0 quad
1730    1731    1780    1779 1616 0 quad      1731    1732    1781    1780
1617 0 quad      1732     133     134    1781 1618 0 quad      1733    1734
1783    1782 1619 0 quad      1734    1735    1784    1783 1620 0 quad
1735    1736    1785    1784 1621 0 quad      1736    1737    1786    1785
1622 0 quad      1737    1738    1787    1786 1623 0 quad      1738    1739
1788    1787 1624 0 quad      1739    1740    1789    1788 1625 0 quad
1740    1741    1790    1789 1626 0 quad      1741    1742    1791    1790
1627 0 quad      1742    1743    1792    1791 1628 0 quad      1743    1744
1793    1792 1629 0 quad      1744    1745    1794    1793 1630 0 quad
1745    1746    1795    1794 1631 0 quad      1746    1747    1796    1795
1632 0 quad      1747    1748    1797    1796 1633 0 quad      1748    1749
1798    1797 1634 0 quad      1749    1750    1799    1798 1635 0 quad
1750    1751    1800    1799 1636 0 quad      1751    1752    1801    1800
1637 0 quad      1752    1753    1802    1801 1638 0 quad      1753    1754
1803    1802 1639 0 quad      1754    1755    1804    1803 1640 0 quad
1755    1756    1805    1804 1641 0 quad      1756    1757    1806    1805
1642 0 quad      1757    1758    1807    1806 1643 0 quad      1758    1759
1808    1807 1644 0 quad      1759    1760    1809    1808 1645 0 quad
1760    1761    1810    1809 1646 0 quad      1761    1762    1811    1810
1647 0 quad      1762    1763    1812    1811 1648 0 quad      1763    1764
1813    1812 1649 0 quad      1764    1765    1814    1813 1650 0 quad
1765    1766    1815    1814 1651 0 quad      1766    1767    1816    1815
1652 0 quad      1767    1768    1817    1816 1653 0 quad      1768    1769
1818    1817 1654 0 quad      1769    1770    1819    1818 1655 0 quad
1770    1771    1820    1819 1656 0 quad      1771    1772    1821    1820
1657 0 quad      1772    1773    1822    1821 1658 0 quad      1773    1774
1823    1822 1659 0 quad      1774    1775    1824    1823 1660 0 quad
1775    1776    1825    1824 1661 0 quad      1776    1777    1826    1825
1662 0 quad      1777    1778    1827    1826 1663 0 quad      1778    1779
1828    1827 1664 0 quad      1779    1780    1829    1828 1665 0 quad
1780    1781    1830    1829 1666 0 quad      1781     134     135    1830
1667 0 quad      1782    1783    1832    1831 1668 0 quad      1783    1784
1833    1832 1669 0 quad      1784    1785    1834    1833 1670 0 quad
1785    1786    1835    1834 1671 0 quad      1786    1787    1836    1835
1672 0 quad      1787    1788    1837    1836 1673 0 quad      1788    1789
1838    1837 1674 0 quad      1789    1790    1839    1838 1675 0 quad
1790    1791    1840    1839 1676 0 quad      1791    1792    1841    1840
1677 0 quad      1792    1793    1842    1841 1678 0 quad      1793    1794
1843    1842 1679 0 quad      1794    1795    1844    1843 1680 0 quad
1795    1796    1845    1844 1681 0 quad      1796    1797    1846    1845
1682 0 quad      1797    1798    1847    1846 1683 0 quad      1798    1799
1848    1847 1684 0 quad      1799    1800    1849    1848 1685 0 quad
1800    1801    1850    1849 1686 0 quad      1801    1802    1851    1850
1687 0 quad      1802    1803    1852    1851 1688 0 quad      1803    1804
1853    1852 1689 0 quad      1804    1805    1854    1853 1690 0 quad
1805    1806    1855    1854 1691 0 quad      1806    1807    1856    1855
1692 0 quad      1807    1808    1857    1856 1693 0 quad      1808    1809
1858    1857 1694 0 quad      1809    1810    1859    1858 1695 0 quad
1810    1811    1860    1859 1696 0 quad      1811    1812    1861    1860
1697 0 quad      1812    1813    1862    1861 1698 0 quad      1813    1814
1863    1862 1699 0 quad      1814    1815    1864    1863 1700 0 quad
1815    1816    1865    1864 1701 0 quad      1816    1817    1866    1865
1702 0 quad      1817    1818    1867    1866 1703 0 quad      1818    1819
1868    1867 1704 0 quad      1819    1820    1869    1868 1705 0 quad
1820    1821    1870    1869 1706 0 quad      1821    1822    1871    1870
1707 0 quad      1822    1823    1872    1871 1708 0 quad      1823    1824
1873    1872 1709 0 quad      1824    1825    1874    1873 1710 0 quad
1825    1826    1875    1874 1711 0 quad      1826    1827    1876    1875
1712 0 quad      1827    1828    1877    1876 1713 0 quad      1828    1829
1878    1877 1714 0 quad      1829    1830    1879    1878 1715 0 quad
1830     135     136    1879 1716 0 quad      1831    1832    1881    1880
1717 0 quad      1832    1833    1882    1881 1718 0 quad      1833    1834
1883    1882 1719 0 quad      1834    1835    1884    1883 1720 0 quad
1835    1836    1885    1884 1721 0 quad      1836    1837    1886    1885
1722 0 quad      1837    1838    1887    1886 1723 0 quad      1838    1839
1888    1887 1724 0 quad      1839    1840    1889    1888 1725 0 quad
1840    1841    1890    1889 1726 0 quad      1841    1842    1891    1890
1727 0 quad      1842    1843    1892    1891 1728 0 quad      1843    1844
1893    1892 1729 0 quad      1844    1845    1894    1893 1730 0 quad
1845    1846    1895    1894 1731 0 quad      1846    1847    1896    1895
1732 0 quad      1847    1848    1897    1896 1733 0 quad      1848    1849
1898    1897 1734 0 quad      1849    1850    1899    1898 1735 0 quad
1850    1851    1900    1899 1736 0 quad      1851    1852    1901    1900
1737 0 quad      1852    1853    1902    1901 1738 0 quad      1853    1854
1903    1902 1739 0 quad      1854    1855    1904    1903 1740 0 quad
1855    1856    1905    1904 1741 0 quad      1856    1857    1906    1905
1742 0 quad      1857    1858    1907    1906 1743 0 quad      1858    1859
1908    1907 1744 0 quad      1859    1860    1909    1908 1745 0 quad
1860    1861    1910    1909 1746 0 quad      1861    1862    1911    1910
1747 0 quad      1862    1863    1912    1911 1748 0 quad      1863    1864
1913    1912 1749 0 quad      1864    1865    1914    1913 1750 0 quad
1865    1866    1915    1914 1751 0 quad      1866    1867    1916    1915
1752 0 quad      1867    1868    1917    1916 1753 0 quad      1868    1869
1918    1917 1754 0 quad      1869    1870    1919    1918 1755 0 quad
1870    1871    1920    1919 1756 0 quad      1871    1872    1921    1920
1757 0 quad      1872    1873    1922    1921 1758 0 quad      1873    1874
1923    1922 1759 0 quad      1874    1875    1924    1923 1760 0 quad
1875    1876    1925    1924 1761 0 quad      1876    1877    1926    1925
1762 0 quad      1877    1878    1927    1926 1763 0 quad      1878    1879
1928    1927 1764 0 quad      1879     136     137    1928 1765 0 quad
1880    1881    1930    1929 1766 0 quad      1881    1882    1931    1930
1767 0 quad      1882    1883    1932    1931 1768 0 quad      1883    1884
1933    1932 1769 0 quad      1884    1885    1934    1933 1770 0 quad
1885    1886    1935    1934 1771 0 quad      1886    1887    1936    1935
1772 0 quad      1887    1888    1937    1936 1773 0 quad      1888    1889
1938    1937 1774 0 quad      1889    1890    1939    1938 1775 0 quad
1890    1891    1940    1939 1776 0 quad      1891    1892    1941    1940
1777 0 quad      1892    1893    1942    1941 1778 0 quad      1893    1894
1943    1942 1779 0 quad      1894    1895    1944    1943 1780 0 quad
1895    1896    1945    1944 1781 0 quad      1896    1897    1946    1945
1782 0 quad      1897    1898    1947    1946 1783 0 quad      1898    1899
1948    1947 1784 0 quad      1899    1900    1949    1948 1785 0 quad
1900    1901    1950    1949 1786 0 quad      1901    1902    1951    1950
1787 0 quad      1902    1903    1952    1951 1788 0 quad      1903    1904
1953    1952 1789 0 quad      1904    1905    1954    1953 1790 0 quad
1905    1906    1955    1954 1791 0 quad      1906    1907    1956    1955
1792 0 quad      1907    1908    1957    1956 1793 0 quad      1908    1909
1958    1957 1794 0 quad      1909    1910    1959    1958 1795 0 quad
1910    1911    1960    1959 1796 0 quad      1911    1912    1961    1960
1797 0 quad      1912    1913    1962    1961 1798 0 quad      1913    1914
1963    1962 1799 0 quad      1914    1915    1964    1963 1800 0 quad
1915    1916    1965    1964 1801 0 quad      1916    1917    1966    1965
1802 0 quad      1917    1918    1967    1966 1803 0 quad      1918    1919
1968    1967 1804 0 quad      1919    1920    1969    1968 1805 0 quad
1920    1921    1970    1969 1806 0 quad      1921    1922    1971    1970
1807 0 quad      1922    1923    1972    1971 1808 0 quad      1923    1924
1973    1972 1809 0 quad      1924    1925    1974    1973 1810 0 quad
1925    1926    1975    1974 1811 0 quad      1926    1927    1976    1975
1812 0 quad      1927    1928    1977    1976 1813 0 quad      1928     137
138    1977 1814 0 quad      1929    1930    1979    1978 1815 0 quad
1930    1931    1980    1979 1816 0 quad      1931    1932    1981    1980
1817 0 quad      1932    1933    1982    1981 1818 0 quad      1933    1934
1983    1982 1819 0 quad      1934    1935    1984    1983 1820 0 quad
1935    1936    1985    1984 1821 0 quad      1936    1937    1986    1985
1822 0 quad      1937    1938    1987    1986 1823 0 quad      1938    1939
1988    1987 1824 0 quad      1939    1940    1989    1988 1825 0 quad
1940    1941    1990    1989 1826 0 quad      1941    1942    1991    1990
1827 0 quad      1942    1943    1992    1991 1828 0 quad      1943    1944
1993    1992 1829 0 quad      1944    1945    1994    1993 1830 0 quad
1945    1946    1995    1994 1831 0 quad      1946    1947    1996    1995
1832 0 quad      1947    1948    1997    1996 1833 0 quad      1948    1949
1998    1997 1834 0 quad      1949    1950    1999    1998 1835 0 quad
1950    1951    2000    1999 1836 0 quad      1951    1952    2001    2000
1837 0 quad      1952    1953    2002    2001 1838 0 quad      1953    1954
2003    2002 1839 0 quad      1954    1955    2004    2003 1840 0 quad
1955    1956    2005    2004 1841 0 quad      1956    1957    2006    2005
1842 0 quad      1957    1958    2007    2006 1843 0 quad      1958    1959
2008    2007 1844 0 quad      1959    1960    2009    2008 1845 0 quad
1960    1961    2010    2009 1846 0 quad      1961    1962    2011    2010
1847 0 quad      1962    1963    2012    2011 1848 0 quad      1963    1964
2013    2012 1849 0 quad      1964    1965    2014    2013 1850 0 quad
1965    1966    2015    2014 1851 0 quad      1966    1967    2016    2015
1852 0 quad      1967    1968    2017    2016 1853 0 quad      1968    1969
2018    2017 1854 0 quad      1969    1970    2019    2018 1855 0 quad
1970    1971    2020    2019 1856 0 quad      1971    1972    2021    2020
1857 0 quad      1972    1973    2022    2021 1858 0 quad      1973    1974
2023    2022 1859 0 quad      1974    1975    2024    2023 1860 0 quad
1975    1976    2025    2024 1861 0 quad      1976    1977    2026    2025
1862 0 quad      1977     138     139    2026 1863 0 quad      1978    1979
2028    2027 1864 0 quad      1979    1980    2029    2028 1865 0 quad
1980    1981    2030    2029 1866 0 quad      1981    1982    2031    2030
1867 0 quad      1982    1983    2032    2031 1868 0 quad      1983    1984
2033    2032 1869 0 quad      1984    1985    2034    2033 1870 0 quad
1985    1986    2035    2034 1871 0 quad      1986    1987    2036    2035
1872 0 quad      1987    1988    2037    2036 1873 0 quad      1988    1989
2038    2037 1874 0 quad      1989    1990    2039    2038 1875 0 quad
1990    1991    2040    2039 1876 0 quad      1991    1992    2041    2040
1877 0 quad      1992    1993    2042    2041 1878 0 quad      1993    1994
2043    2042 1879 0 quad      1994    1995    2044    2043 1880 0 quad
1995    1996    2045    2044 1881 0 quad      1996    1997    2046    2045
1882 0 quad      1997    1998    2047    2046 1883 0 quad      1998    1999
2048    2047 1884 0 quad      1999    2000    2049    2048 1885 0 quad
2000    2001    2050    2049 1886 0 quad      2001    2002    2051    2050
1887 0 quad      2002    2003    2052    2051 1888 0 quad      2003    2004
2053    2052 1889 0 quad      2004    2005    2054    2053 1890 0 quad
2005    2006    2055    2054 1891 0 quad      2006    2007    2056    2055
1892 0 quad      2007    2008    2057    2056 1893 0 quad      2008    2009
2058    2057 1894 0 quad      2009    2010    2059    2058 1895 0 quad
2010    2011    2060    2059 1896 0 quad      2011    2012    2061    2060
1897 0 quad      2012    2013    2062    2061 1898 0 quad      2013    2014
2063    2062 1899 0 quad      2014    2015    2064    2063 1900 0 quad
2015    2016    2065    2064 1901 0 quad      2016    2017    2066    2065
1902 0 quad      2017    2018    2067    2066 1903 0 quad      2018    2019
2068    2067 1904 0 quad      2019    2020    2069    2068 1905 0 quad
2020    2021    2070    2069 1906 0 quad      2021    2022    2071    2070
1907 0 quad      2022    2023    2072    2071 1908 0 quad      2023    2024
2073    2072 1909 0 quad      2024    2025    2074    2073 1910 0 quad
2025    2026    2075    2074 1911 0 quad      2026     139     140    2075
1912 0 quad      2027    2028    2077    2076 1913 0 quad      2028    2029
2078    2077 1914 0 quad      2029    2030    2079    2078 1915 0 quad
2030    2031    2080    2079 1916 0 quad      2031    2032    2081    2080
1917 0 quad      2032    2033    2082    2081 1918 0 quad      2033    2034
2083    2082 1919 0 quad      2034    2035    2084    2083 1920 0 quad
2035    2036    2085    2084 1921 0 quad      2036    2037    2086    2085
1922 0 quad      2037    2038    2087    2086 1923 0 quad      2038    2039
2088    2087 1924 0 quad      2039    2040    2089    2088 1925 0 quad
2040    2041    2090    2089 1926 0 quad      2041    2042    2091    2090
1927 0 quad      2042    2043    2092    2091 1928 0 quad      2043    2044
2093    2092 1929 0 quad      2044    2045    2094    2093 1930 0 quad
2045    2046    2095    2094 1931 0 quad      2046    2047    2096    2095
1932 0 quad      2047    2048    2097    2096 1933 0 quad      2048    2049
2098    2097 1934 0 quad      2049    2050    2099    2098 1935 0 quad
2050    2051    2100    2099 1936 0 quad      2051    2052    2101    2100
1937 0 quad      2052    2053    2102    2101 1938 0 quad      2053    2054
2103    2102 1939 0 quad      2054    2055    2104    2103 1940 0 quad
2055    2056    2105    2104 1941 0 quad      2056    2057    2106    2105
1942 0 quad      2057    2058    2107    2106 1943 0 quad      2058    2059
2108    2107 1944 0 quad      2059    2060    2109    2108 1945 0 quad
2060    2061    2110    2109 1946 0 quad      2061    2062    2111    2110
1947 0 quad      2062    2063    2112    2111 1948 0 quad      2063    2064
2113    2112 1949 0 quad      2064    2065    2114    2113 1950 0 quad
2065    2066    2115    2114 1951 0 quad      2066    2067    2116    2115
1952 0 quad      2067    2068    2117    2116 1953 0 quad      2068    2069
2118    2117 1954 0 quad      2069    2070    2119    2118 1955 0 quad
2070    2071    2120    2119 1956 0 quad      2071    2072    2121    2120
1957 0 quad      2072    2073    2122    2121 1958 0 quad      2073    2074
2123    2122 1959 0 quad      2074    2075    2124    2123 1960 0 quad
2075     140     141    2124 1961 0 quad      2076    2077    2126    2125
1962 0 quad      2077    2078    2127    2126 1963 0 quad      2078    2079
2128    2127 1964 0 quad      2079    2080    2129    2128 1965 0 quad
2080    2081    2130    2129 1966 0 quad      2081    2082    2131    2130
1967 0 quad      2082    2083    2132    2131 1968 0 quad      2083    2084
2133    2132 1969 0 quad      2084    2085    2134    2133 1970 0 quad
2085    2086    2135    2134 1971 0 quad      2086    2087    2136    2135
1972 0 quad      2087    2088    2137    2136 1973 0 quad      2088    2089
2138    2137 1974 0 quad      2089    2090    2139    2138 1975 0 quad
2090    2091    2140    2139 1976 0 quad      2091    2092    2141    2140
1977 0 quad      2092    2093    2142    2141 1978 0 quad      2093    2094
2143    2142 1979 0 quad      2094    2095    2144    2143 1980 0 quad
2095    2096    2145    2144 1981 0 quad      2096    2097    2146    2145
1982 0 quad      2097    2098    2147    2146 1983 0 quad      2098    2099
2148    2147 1984 0 quad      2099    2100    2149    2148 1985 0 quad
2100    2101    2150    2149 1986 0 quad      2101    2102    2151    2150
1987 0 quad      2102    2103    2152    2151 1988 0 quad      2103    2104
2153    2152 1989 0 quad      2104    2105    2154    2153 1990 0 quad
2105    2106    2155    2154 1991 0 quad      2106    2107    2156    2155
1992 0 quad      2107    2108    2157    2156 1993 0 quad      2108    2109
2158    2157 1994 0 quad      2109    2110    2159    2158 1995 0 quad
2110    2111    2160    2159 1996 0 quad      2111    2112    2161    2160
1997 0 quad      2112    2113    2162    2161 1998 0 quad      2113    2114
2163    2162 1999 0 quad      2114    2115    2164    2163 2000 0 quad
2115    2116    2165    2164 2001 0 quad      2116    2117    2166    2165
2002 0 quad      2117    2118    2167    2166 2003 0 quad      2118    2119
2168    2167 2004 0 quad      2119    2120    2169    2168 2005 0 quad
2120    2121    2170    2169 2006 0 quad      2121    2122    2171    2170
2007 0 quad      2122    2123    2172    2171 2008 0 quad      2123    2124
2173    2172 2009 0 quad      2124     141     142    2173 2010 0 quad
2125    2126    2175    2174 2011 0 quad      2126    2127    2176    2175
2012 0 quad      2127    2128    2177    2176 2013 0 quad      2128    2129
2178    2177 2014 0 quad      2129    2130    2179    2178 2015 0 quad
2130    2131    2180    2179 2016 0 quad      2131    2132    2181    2180
2017 0 quad      2132    2133    2182    2181 2018 0 quad      2133    2134
2183    2182 2019 0 quad      2134    2135    2184    2183 2020 0 quad
2135    2136    2185    2184 2021 0 quad      2136    2137    2186    2185
2022 0 quad      2137    2138    2187    2186 2023 0 quad      2138    2139
2188    2187 2024 0 quad      2139    2140    2189    2188 2025 0 quad
2140    2141    2190    2189 2026 0 quad      2141    2142    2191    2190
2027 0 quad      2142    2143    2192    2191 2028 0 quad      2143    2144
2193    2192 2029 0 quad      2144    2145    2194    2193 2030 0 quad
2145    2146    2195    2194 2031 0 quad      2146    2147    2196    2195
2032 0 quad      2147    2148    2197    2196 2033 0 quad      2148    2149
2198    2197 2034 0 quad      2149    2150    2199    2198 2035 0 quad
2150    2151    2200    2199 2036 0 quad      2151    2152    2201    2200
2037 0 quad      2152    2153    2202    2201 2038 0 quad      2153    2154
2203    2202 2039 0 quad      2154    2155    2204    2203 2040 0 quad
2155    2156    2205    2204 2041 0 quad      2156    2157    2206    2205
2042 0 quad      2157    2158    2207    2206 2043 0 quad      2158    2159
2208    2207 2044 0 quad      2159    2160    2209    2208 2045 0 quad
2160    2161    2210    2209 2046 0 quad      2161    2162    2211    2210
2047 0 quad      2162    2163    2212    2211 2048 0 quad      2163    2164
2213    2212 2049 0 quad      2164    2165    2214    2213 2050 0 quad
2165    2166    2215    2214 2051 0 quad      2166    2167    2216    2215
2052 0 quad      2167    2168    2217    2216 2053 0 quad      2168    2169
2218    2217 2054 0 quad      2169    2170    2219    2218 2055 0 quad
2170    2171    2220    2219 2056 0 quad      2171    2172    2221    2220
2057 0 quad      2172    2173    2222    2221 2058 0 quad      2173     142
143    2222 2059 0 quad      2174    2175    2224    2223 2060 0 quad
2175    2176    2225    2224 2061 0 quad      2176    2177    2226    2225
2062 0 quad      2177    2178    2227    2226 2063 0 quad      2178    2179
2228    2227 2064 0 quad      2179    2180    2229    2228 2065 0 quad
2180    2181    2230    2229 2066 0 quad      2181    2182    2231    2230
2067 0 quad      2182    2183    2232    2231 2068 0 quad      2183    2184
2233    2232 2069 0 quad      2184    2185    2234    2233 2070 0 quad
2185    2186    2235    2234 2071 0 quad      2186    2187    2236    2235
2072 0 quad      2187    2188    2237    2236 2073 0 quad      2188    2189
2238    2237 2074 0 quad      2189    2190    2239    2238 2075 0 quad
2190    2191    2240    2239 2076 0 quad      2191    2192    2241    2240
2077 0 quad      2192    2193    2242    2241 2078 0 quad      2193    2194
2243    2242 2079 0 quad      2194    2195    2244    2243 2080 0 quad
2195    2196    2245    2244 2081 0 quad      2196    2197    2246    2245
2082 0 quad      2197    2198    2247    2246 2083 0 quad      2198    2199
2248    2247 2084 0 quad      2199    2200    2249    2248 2085 0 quad
2200    2201    2250    2249 2086 0 quad      2201    2202    2251    2250
2087 0 quad      2202    2203    2252    2251 2088 0 quad      2203    2204
2253    2252 2089 0 quad      2204    2205    2254    2253 2090 0 quad
2205    2206    2255    2254 2091 0 quad      2206    2207    2256    2255
2092 0 quad      2207    2208    2257    2256 2093 0 quad      2208    2209
2258    2257 2094 0 quad      2209    2210    2259    2258 2095 0 quad
2210    2211    2260    2259 2096 0 quad      2211    2212    2261    2260
2097 0 quad      2212    2213    2262    2261 2098 0 quad      2213    2214
2263    2262 2099 0 quad      2214    2215    2264    2263 2100 0 quad
2215    2216    2265    2264 2101 0 quad      2216    2217    2266    2265
2102 0 quad      2217    2218    2267    2266 2103 0 quad      2218    2219
2268    2267 2104 0 quad      2219    2220    2269    2268 2105 0 quad
2220    2221    2270    2269 2106 0 quad      2221    2222    2271    2270
2107 0 quad      2222     143     144    2271 2108 0 quad      2223    2224
2273    2272 2109 0 quad      2224    2225    2274    2273 2110 0 quad
2225    2226    2275    2274 2111 0 quad      2226    2227    2276    2275
2112 0 quad      2227    2228    2277    2276 2113 0 quad      2228    2229
2278    2277 2114 0 quad      2229    2230    2279    2278 2115 0 quad
2230    2231    2280    2279 2116 0 quad      2231    2232    2281    2280
2117 0 quad      2232    2233    2282    2281 2118 0 quad      2233    2234
2283    2282 2119 0 quad      2234    2235    2284    2283 2120 0 quad
2235    2236    2285    2284 2121 0 quad      2236    2237    2286    2285
2122 0 quad      2237    2238    2287    2286 2123 0 quad      2238    2239
2288    2287 2124 0 quad      2239    2240    2289    2288 2125 0 quad
2240    2241    2290    2289 2126 0 quad      2241    2242    2291    2290
2127 0 quad      2242    2243    2292    2291 2128 0 quad      2243    2244
2293    2292 2129 0 quad      2244    2245    2294    2293 2130 0 quad
2245    2246    2295    2294 2131 0 quad      2246    2247    2296    2295
2132 0 quad      2247    2248    2297    2296 2133 0 quad      2248    2249
2298    2297 2134 0 quad      2249    2250    2299    2298 2135 0 quad
2250    2251    2300    2299 2136 0 quad      2251    2252    2301    2300
2137 0 quad      2252    2253    2302    2301 2138 0 quad      2253    2254
2303    2302 2139 0 quad      2254    2255    2304    2303 2140 0 quad
2255    2256    2305    2304 2141 0 quad      2256    2257    2306    2305
2142 0 quad      2257    2258    2307    2306 2143 0 quad      2258    2259
2308    2307 2144 0 quad      2259    2260    2309    2308 2145 0 quad
2260    2261    2310    2309 2146 0 quad      2261    2262    2311    2310
2147 0 quad      2262    2263    2312    2311 2148 0 quad      2263    2264
2313    2312 2149 0 quad      2264    2265    2314    2313 2150 0 quad
2265    2266    2315    2314 2151 0 quad      2266    2267    2316    2315
2152 0 quad      2267    2268    2317    2316 2153 0 quad      2268    2269
2318    2317 2154 0 quad      2269    2270    2319    2318 2155 0 quad
2270    2271    2320    2319 2156 0 quad      2271     144     145    2320
2157 0 quad      2272    2273    2322    2321 2158 0 quad      2273    2274
2323    2322 2159 0 quad      2274    2275    2324    2323 2160 0 quad
2275    2276    2325    2324 2161 0 quad      2276    2277    2326    2325
2162 0 quad      2277    2278    2327    2326 2163 0 quad      2278    2279
2328    2327 2164 0 quad      2279    2280    2329    2328 2165 0 quad
2280    2281    2330    2329 2166 0 quad      2281    2282    2331    2330
2167 0 quad      2282    2283    2332    2331 2168 0 quad      2283    2284
2333    2332 2169 0 quad      2284    2285    2334    2333 2170 0 quad
2285    2286    2335    2334 2171 0 quad      2286    2287    2336    2335
2172 0 quad      2287    2288    2337    2336 2173 0 quad      2288    2289
2338    2337 2174 0 quad      2289    2290    2339    2338 2175 0 quad
2290    2291    2340    2339 2176 0 quad      2291    2292    2341    2340
2177 0 quad      2292    2293    2342    2341 2178 0 quad      2293    2294
2343    2342 2179 0 quad      2294    2295    2344    2343 2180 0 quad
2295    2296    2345    2344 2181 0 quad      2296    2297    2346    2345
2182 0 quad      2297    2298    2347    2346 2183 0 quad      2298    2299
2348    2347 2184 0 quad      2299    2300    2349    2348 2185 0 quad
2300    2301    2350    2349 2186 0 quad      2301    2302    2351    2350
2187 0 quad      2302    2303    2352    2351 2188 0 quad      2303    2304
2353    2352 2189 0 quad      2304    2305    2354    2353 2190 0 quad
2305    2306    2355    2354 2191 0 quad      2306    2307    2356    2355
2192 0 quad      2307    2308    2357    2356 2193 0 quad      2308    2309
2358    2357 2194 0 quad      2309    2310    2359    2358 2195 0 quad
2310    2311    2360    2359 2196 0 quad      2311    2312    2361    2360
2197 0 quad      2312    2313    2362    2361 2198 0 quad      2313    2314
2363    2362 2199 0 quad      2314    2315    2364    2363 2200 0 quad
2315    2316    2365    2364 2201 0 quad      2316    2317    2366    2365
2202 0 quad      2317    2318    2367    2366 2203 0 quad      2318    2319
2368    2367 2204 0 quad      2319    2320    2369    2368 2205 0 quad
2320     145     146    2369 2206 0 quad      2321    2322    2371    2370
2207 0 quad      2322    2323    2372    2371 2208 0 quad      2323    2324
2373    2372 2209 0 quad      2324    2325    2374    2373 2210 0 quad
2325    2326    2375    2374 2211 0 quad      2326    2327    2376    2375
2212 0 quad      2327    2328    2377    2376 2213 0 quad      2328    2329
2378    2377 2214 0 quad      2329    2330    2379    2378 2215 0 quad
2330    2331    2380    2379 2216 0 quad      2331    2332    2381    2380
2217 0 quad      2332    2333    2382    2381 2218 0 quad      2333    2334
2383    2382 2219 0 quad      2334    2335    2384    2383 2220 0 quad
2335    2336    2385    2384 2221 0 quad      2336    2337    2386    2385
2222 0 quad      2337    2338    2387    2386 2223 0 quad      2338    2339
2388    2387 2224 0 quad      2339    2340    2389    2388 2225 0 quad
2340    2341    2390    2389 2226 0 quad      2341    2342    2391    2390
2227 0 quad      2342    2343    2392    2391 2228 0 quad      2343    2344
2393    2392 2229 0 quad      2344    2345    2394    2393 2230 0 quad
2345    2346    2395    2394 2231 0 quad      2346    2347    2396    2395
2232 0 quad      2347    2348    2397    2396 2233 0 quad      2348    2349
2398    2397 2234 0 quad      2349    2350    2399    2398 2235 0 quad
2350    2351    2400    2399 2236 0 quad      2351    2352    2401    2400
2237 0 quad      2352    2353    2402    2401 2238 0 quad      2353    2354
2403    2402 2239 0 quad      2354    2355    2404    2403 2240 0 quad
2355    2356    2405    2404 2241 0 quad      2356    2357    2406    2405
2242 0 quad      2357    2358    2407    2406 2243 0 quad      2358    2359
2408    2407 2244 0 quad      2359    2360    2409    2408 2245 0 quad
2360    2361    2410    2409 2246 0 quad      2361    2362    2411    2410
2247 0 quad      2362    2363    2412    2411 2248 0 quad      2363    2364
2413    2412 2249 0 quad      2364    2365    2414    2413 2250 0 quad
2365    2366    2415    2414 2251 0 quad      2366    2367    2416    2415
2252 0 quad      2367    2368    2417    2416 2253 0 quad      2368    2369
2418    2417 2254 0 quad      2369     146     147    2418 2255 0 quad
2370    2371    2420    2419 2256 0 quad      2371    2372    2421    2420
2257 0 quad      2372    2373    2422    2421 2258 0 quad      2373    2374
2423    2422 2259 0 quad      2374    2375    2424    2423 2260 0 quad
2375    2376    2425    2424 2261 0 quad      2376    2377    2426    2425
2262 0 quad      2377    2378    2427    2426 2263 0 quad      2378    2379
2428    2427 2264 0 quad      2379    2380    2429    2428 2265 0 quad
2380    2381    2430    2429 2266 0 quad      2381    2382    2431    2430
2267 0 quad      2382    2383    2432    2431 2268 0 quad      2383    2384
2433    2432 2269 0 quad      2384    2385    2434    2433 2270 0 quad
2385    2386    2435    2434 2271 0 quad      2386    2387    2436    2435
2272 0 quad      2387    2388    2437    2436 2273 0 quad      2388    2389
2438    2437 2274 0 quad      2389    2390    2439    2438 2275 0 quad
2390    2391    2440    2439 2276 0 quad      2391    2392    2441    2440
2277 0 quad      2392    2393    2442    2441 2278 0 quad      2393    2394
2443    2442 2279 0 quad      2394    2395    2444    2443 2280 0 quad
2395    2396    2445    2444 2281 0 quad      2396    2397    2446    2445
2282 0 quad      2397    2398    2447    2446 2283 0 quad      2398    2399
2448    2447 2284 0 quad      2399    2400    2449    2448 2285 0 quad
2400    2401    2450    2449 2286 0 quad      2401    2402    2451    2450
2287 0 quad      2402    2403    2452    2451 2288 0 quad      2403    2404
2453    2452 2289 0 quad      2404    2405    2454    2453 2290 0 quad
2405    2406    2455    2454 2291 0 quad      2406    2407    2456    2455
2292 0 quad      2407    2408    2457    2456 2293 0 quad      2408    2409
2458    2457 2294 0 quad      2409    2410    2459    2458 2295 0 quad
2410    2411    2460    2459 2296 0 quad      2411    2412    2461    2460
2297 0 quad      2412    2413    2462    2461 2298 0 quad      2413    2414
2463    2462 2299 0 quad      2414    2415    2464    2463 2300 0 quad
2415    2416    2465    2464 2301 0 quad      2416    2417    2466    2465
2302 0 quad      2417    2418    2467    2466 2303 0 quad      2418     147
148    2467 2304 0 quad      2419    2420    2469    2468 2305 0 quad
2420    2421    2470    2469 2306 0 quad      2421    2422    2471    2470
2307 0 quad      2422    2423    2472    2471 2308 0 quad      2423    2424
2473    2472 2309 0 quad      2424    2425    2474    2473 2310 0 quad
2425    2426    2475    2474 2311 0 quad      2426    2427    2476    2475
2312 0 quad      2427    2428    2477    2476 2313 0 quad      2428    2429
2478    2477 2314 0 quad      2429    2430    2479    2478 2315 0 quad
2430    2431    2480    2479 2316 0 quad      2431    2432    2481    2480
2317 0 quad      2432    2433    2482    2481 2318 0 quad      2433    2434
2483    2482 2319 0 quad      2434    2435    2484    2483 2320 0 quad
2435    2436    2485    2484 2321 0 quad      2436    2437    2486    2485
2322 0 quad      2437    2438    2487    2486 2323 0 quad      2438    2439
2488    2487 2324 0 quad      2439    2440    2489    2488 2325 0 quad
2440    2441    2490    2489 2326 0 quad      2441    2442    2491    2490
2327 0 quad      2442    2443    2492    2491 2328 0 quad      2443    2444
2493    2492 2329 0 quad      2444    2445    2494    2493 2330 0 quad
2445    2446    2495    2494 2331 0 quad      2446    2447    2496    2495
2332 0 quad      2447    2448    2497    2496 2333 0 quad      2448    2449
2498    2497 2334 0 quad      2449    2450    2499    2498 2335 0 quad
2450    2451    2500    2499 2336 0 quad      2451    2452    2501    2500
2337 0 quad      2452    2453    2502    2501 2338 0 quad      2453    2454
2503    2502 2339 0 quad      2454    2455    2504    2503 2340 0 quad
2455    2456    2505    2504 2341 0 quad      2456    2457    2506    2505
2342 0 quad      2457    2458    2507    2506 2343 0 quad      2458    2459
2508    2507 2344 0 quad      2459    2460    2509    2508 2345 0 quad
2460    2461    2510    2509 2346 0 quad      2461    2462    2511    2510
2347 0 quad      2462    2463    2512    2511 2348 0 quad      2463    2464
2513    2512 2349 0 quad      2464    2465    2514    2513 2350 0 quad
2465    2466    2515    2514 2351 0 quad      2466    2467    2516    2515
2352 0 quad      2467     148     149    2516 2353 0 quad      2468    2469
2518    2517 2354 0 quad      2469    2470    2519    2518 2355 0 quad
2470    2471    2520    2519 2356 0 quad      2471    2472    2521    2520
2357 0 quad      2472    2473    2522    2521 2358 0 quad      2473    2474
2523    2522 2359 0 quad      2474    2475    2524    2523 2360 0 quad
2475    2476    2525    2524 2361 0 quad      2476    2477    2526    2525
2362 0 quad      2477    2478    2527    2526 2363 0 quad      2478    2479
2528    2527 2364 0 quad      2479    2480    2529    2528 2365 0 quad
2480    2481    2530    2529 2366 0 quad      2481    2482    2531    2530
2367 0 quad      2482    2483    2532    2531 2368 0 quad      2483    2484
2533    2532 2369 0 quad      2484    2485    2534    2533 2370 0 quad
2485    2486    2535    2534 2371 0 quad      2486    2487    2536    2535
2372 0 quad      2487    2488    2537    2536 2373 0 quad      2488    2489
2538    2537 2374 0 quad      2489    2490    2539    2538 2375 0 quad
2490    2491    2540    2539 2376 0 quad      2491    2492    2541    2540
2377 0 quad      2492    2493    2542    2541 2378 0 quad      2493    2494
2543    2542 2379 0 quad      2494    2495    2544    2543 2380 0 quad
2495    2496    2545    2544 2381 0 quad      2496    2497    2546    2545
2382 0 quad      2497    2498    2547    2546 2383 0 quad      2498    2499
2548    2547 2384 0 quad      2499    2500    2549    2548 2385 0 quad
2500    2501    2550    2549 2386 0 quad      2501    2502    2551    2550
2387 0 quad      2502    2503    2552    2551 2388 0 quad      2503    2504
2553    2552 2389 0 quad      2504    2505    2554    2553 2390 0 quad
2505    2506    2555    2554 2391 0 quad      2506    2507    2556    2555
2392 0 quad      2507    2508    2557    2556 2393 0 quad      2508    2509
2558    2557 2394 0 quad      2509    2510    2559    2558 2395 0 quad
2510    2511    2560    2559 2396 0 quad      2511    2512    2561    2560
2397 0 quad      2512    2513    2562    2561 2398 0 quad      2513    2514
2563    2562 2399 0 quad      2514    2515    2564    2563 2400 0 quad
2515    2516    2565    2564 2401 0 quad      2516     149     150    2565
2402 0 quad      2517    2518    2567    2566 2403 0 quad      2518    2519
2568    2567 2404 0 quad      2519    2520    2569    2568 2405 0 quad
2520    2521    2570    2569 2406 0 quad      2521    2522    2571    2570
2407 0 quad      2522    2523    2572    2571 2408 0 quad      2523    2524
2573    2572 2409 0 quad      2524    2525    2574    2573 2410 0 quad
2525    2526    2575    2574 2411 0 quad      2526    2527    2576    2575
2412 0 quad      2527    2528    2577    2576 2413 0 quad      2528    2529
2578    2577 2414 0 quad      2529    2530    2579    2578 2415 0 quad
2530    2531    2580    2579 2416 0 quad      2531    2532    2581    2580
2417 0 quad      2532    2533    2582    2581 2418 0 quad      2533    2534
2583    2582 2419 0 quad      2534    2535    2584    2583 2420 0 quad
2535    2536    2585    2584 2421 0 quad      2536    2537    2586    2585
2422 0 quad      2537    2538    2587    2586 2423 0 quad      2538    2539
2588    2587 2424 0 quad      2539    2540    2589    2588 2425 0 quad
2540    2541    2590    2589 2426 0 quad      2541    2542    2591    2590
2427 0 quad      2542    2543    2592    2591 2428 0 quad      2543    2544
2593    2592 2429 0 quad      2544    2545    2594    2593 2430 0 quad
2545    2546    2595    2594 2431 0 quad      2546    2547    2596    2595
2432 0 quad      2547    2548    2597    2596 2433 0 quad      2548    2549
2598    2597 2434 0 quad      2549    2550    2599    2598 2435 0 quad
2550    2551    2600    2599 2436 0 quad      2551    2552    2601    2600
2437 0 quad      2552    2553    2602    2601 2438 0 quad      2553    2554
2603    2602 2439 0 quad      2554    2555    2604    2603 2440 0 quad
2555    2556    2605    2604 2441 0 quad      2556    2557    2606    2605
2442 0 quad      2557    2558    2607    2606 2443 0 quad      2558    2559
2608    2607 2444 0 quad      2559    2560    2609    2608 2445 0 quad
2560    2561    2610    2609 2446 0 quad      2561    2562    2611    2610
2447 0 quad      2562    2563    2612    2611 2448 0 quad      2563    2564
2613    2612 2449 0 quad      2564    2565    2614    2613 2450 0 quad
2565     150     151    2614 2451 0 quad      2566    2567    2616    2615
2452 0 quad      2567    2568    2617    2616 2453 0 quad      2568    2569
2618    2617 2454 0 quad      2569    2570    2619    2618 2455 0 quad
2570    2571    2620    2619 2456 0 quad      2571    2572    2621    2620
2457 0 quad      2572    2573    2622    2621 2458 0 quad      2573    2574
2623    2622 2459 0 quad      2574    2575    2624    2623 2460 0 quad
2575    2576    2625    2624 2461 0 quad      2576    2577    2626    2625
2462 0 quad      2577    2578    2627    2626 2463 0 quad      2578    2579
2628    2627 2464 0 quad      2579    2580    2629    2628 2465 0 quad
2580    2581    2630    2629 2466 0 quad      2581    2582    2631    2630
2467 0 quad      2582    2583    2632    2631 2468 0 quad      2583    2584
2633    2632 2469 0 quad      2584    2585    2634    2633 2470 0 quad
2585    2586    2635    2634 2471 0 quad      2586    2587    2636    2635
2472 0 quad      2587    2588    2637    2636 2473 0 quad      2588    2589
2638    2637 2474 0 quad      2589    2590    2639    2638 2475 0 quad
2590    2591    2640    2639 2476 0 quad      2591    2592    2641    2640
2477 0 quad      2592    2593    2642    2641 2478 0 quad      2593    2594
2643    2642 2479 0 quad      2594    2595    2644    2643 2480 0 quad
2595    2596    2645    2644 2481 0 quad      2596    2597    2646    2645
2482 0 quad      2597    2598    2647    2646 2483 0 quad      2598    2599
2648    2647 2484 0 quad      2599    2600    2649    2648 2485 0 quad
2600    2601    2650    2649 2486 0 quad      2601    2602    2651    2650
2487 0 quad      2602    2603    2652    2651 2488 0 quad      2603    2604
2653    2652 2489 0 quad      2604    2605    2654    2653 2490 0 quad
2605    2606    2655    2654 2491 0 quad      2606    2607    2656    2655
2492 0 quad      2607    2608    2657    2656 2493 0 quad      2608    2609
2658    2657 2494 0 quad      2609    2610    2659    2658 2495 0 quad
2610    2611    2660    2659 2496 0 quad      2611    2612    2661    2660
2497 0 quad      2612    2613    2662    2661 2498 0 quad      2613    2614
2663    2662 2499 0 quad      2614     151     152    2663 2500 0 quad
2615    2616    2665    2664 2501 0 quad      2616    2617    2666    2665
2502 0 quad      2617    2618    2667    2666 2503 0 quad      2618    2619
2668    2667 2504 0 quad      2619    2620    2669    2668 2505 0 quad
2620    2621    2670    2669 2506 0 quad      2621    2622    2671    2670
2507 0 quad      2622    2623    2672    2671 2508 0 quad      2623    2624
2673    2672 2509 0 quad      2624    2625    2674    2673 2510 0 quad
2625    2626    2675    2674 2511 0 quad      2626    2627    2676    2675
2512 0 quad      2627    2628    2677    2676 2513 0 quad      2628    2629
2678    2677 2514 0 quad      2629    2630    2679    2678 2515 0 quad
2630    2631    2680    2679 2516 0 quad      2631    2632    2681    2680
2517 0 quad      2632    2633    2682    2681 2518 0 quad      2633    2634
2683    2682 2519 0 quad      2634    2635    2684    2683 2520 0 quad
2635    2636    2685    2684 2521 0 quad      2636    2637    2686    2685
2522 0 quad      2637    2638    2687    2686 2523 0 quad      2638    2639
2688    2687 2524 0 quad      2639    2640    2689    2688 2525 0 quad
2640    2641    2690    2689 2526 0 quad      2641    2642    2691    2690
2527 0 quad      2642    2643    2692    2691 2528 0 quad      2643    2644
2693    2692 2529 0 quad      2644    2645    2694    2693 2530 0 quad
2645    2646    2695    2694 2531 0 quad      2646    2647    2696    2695
2532 0 quad      2647    2648    2697    2696 2533 0 quad      2648    2649
2698    2697 2534 0 quad      2649    2650    2699    2698 2535 0 quad
2650    2651    2700    2699 2536 0 quad      2651    2652    2701    2700
2537 0 quad      2652    2653    2702    2701 2538 0 quad      2653    2654
2703    2702 2539 0 quad      2654    2655    2704    2703 2540 0 quad
2655    2656    2705    2704 2541 0 quad      2656    2657    2706    2705
2542 0 quad      2657    2658    2707    2706 2543 0 quad      2658    2659
2708    2707 2544 0 quad      2659    2660    2709    2708 2545 0 quad
2660    2661    2710    2709 2546 0 quad      2661    2662    2711    2710
2547 0 quad      2662    2663    2712    2711 2548 0 quad      2663     152
153    2712 2549 0 quad      2664    2665    2714    2713 2550 0 quad
2665    2666    2715    2714 2551 0 quad      2666    2667    2716    2715
2552 0 quad      2667    2668    2717    2716 2553 0 quad      2668    2669
2718    2717 2554 0 quad      2669    2670    2719    2718 2555 0 quad
2670    2671    2720    2719 2556 0 quad      2671    2672    2721    2720
2557 0 quad      2672    2673    2722    2721 2558 0 quad      2673    2674
2723    2722 2559 0 quad      2674    2675    2724    2723 2560 0 quad
2675    2676    2725    2724 2561 0 quad      2676    2677    2726    2725
2562 0 quad      2677    2678    2727    2726 2563 0 quad      2678    2679
2728    2727 2564 0 quad      2679    2680    2729    2728 2565 0 quad
2680    2681    2730    2729 2566 0 quad      2681    2682    2731    2730
2567 0 quad      2682    2683    2732    2731 2568 0 quad      2683    2684
2733    2732 2569 0 quad      2684    2685    2734    2733 2570 0 quad
2685    2686    2735    2734 2571 0 quad      2686    2687    2736    2735
2572 0 quad      2687    2688    2737    2736 2573 0 quad      2688    2689
2738    2737 2574 0 quad      2689    2690    2739    2738 2575 0 quad
2690    2691    2740    2739 2576 0 quad      2691    2692    2741    2740
2577 0 quad      2692    2693    2742    2741 2578 0 quad      2693    2694
2743    2742 2579 0 quad      2694    2695    2744    2743 2580 0 quad
2695    2696    2745    2744 2581 0 quad      2696    2697    2746    2745
2582 0 quad      2697    2698    2747    2746 2583 0 quad      2698    2699
2748    2747 2584 0 quad      2699    2700    2749    2748 2585 0 quad
2700    2701    2750    2749 2586 0 quad      2701    2702    2751    2750
2587 0 quad      2702    2703    2752    2751 2588 0 quad      2703    2704
2753    2752 2589 0 quad      2704    2705    2754    2753 2590 0 quad
2705    2706    2755    2754 2591 0 quad      2706    2707    2756    2755
2592 0 quad      2707    2708    2757    2756 2593 0 quad      2708    2709
2758    2757 2594 0 quad      2709    2710    2759    2758 2595 0 quad
2710    2711    2760    2759 2596 0 quad      2711    2712    2761    2760
2597 0 quad      2712     153     154    2761 2598 0 quad      2713    2714
2763    2762 2599 0 quad      2714    2715    2764    2763 2600 0 quad
2715    2716    2765    2764 2601 0 quad      2716    2717    2766    2765
2602 0 quad      2717    2718    2767    2766 2603 0 quad      2718    2719
2768    2767 2604 0 quad      2719    2720    2769    2768 2605 0 quad
2720    2721    2770    2769 2606 0 quad      2721    2722    2771    2770
2607 0 quad      2722    2723    2772    2771 2608 0 quad      2723    2724
2773    2772 2609 0 quad      2724    2725    2774    2773 2610 0 quad
2725    2726    2775    2774 2611 0 quad      2726    2727    2776    2775
2612 0 quad      2727    2728    2777    2776 2613 0 quad      2728    2729
2778    2777 2614 0 quad      2729    2730    2779    2778 2615 0 quad
2730    2731    2780    2779 2616 0 quad      2731    2732    2781    2780
2617 0 quad      2732    2733    2782    2781 2618 0 quad      2733    2734
2783    2782 2619 0 quad      2734    2735    2784    2783 2620 0 quad
2735    2736    2785    2784 2621 0 quad      2736    2737    2786    2785
2622 0 quad      2737    2738    2787    2786 2623 0 quad      2738    2739
2788    2787 2624 0 quad      2739    2740    2789    2788 2625 0 quad
2740    2741    2790    2789 2626 0 quad      2741    2742    2791    2790
2627 0 quad      2742    2743    2792    2791 2628 0 quad      2743    2744
2793    2792 2629 0 quad      2744    2745    2794    2793 2630 0 quad
2745    2746    2795    2794 2631 0 quad      2746    2747    2796    2795
2632 0 quad      2747    2748    2797    2796 2633 0 quad      2748    2749
2798    2797 2634 0 quad      2749    2750    2799    2798 2635 0 quad
2750    2751    2800    2799 2636 0 quad      2751    2752    2801    2800
2637 0 quad      2752    2753    2802    2801 2638 0 quad      2753    2754
2803    2802 2639 0 quad      2754    2755    2804    2803 2640 0 quad
2755    2756    2805    2804 2641 0 quad      2756    2757    2806    2805
2642 0 quad      2757    2758    2807    2806 2643 0 quad      2758    2759
2808    2807 2644 0 quad      2759    2760    2809    2808 2645 0 quad
2760    2761    2810    2809 2646 0 quad      2761     154     155    2810
2647 0 quad      2762    2763    2812    2811 2648 0 quad      2763    2764
2813    2812 2649 0 quad      2764    2765    2814    2813 2650 0 quad
2765    2766    2815    2814 2651 0 quad      2766    2767    2816    2815
2652 0 quad      2767    2768    2817    2816 2653 0 quad      2768    2769
2818    2817 2654 0 quad      2769    2770    2819    2818 2655 0 quad
2770    2771    2820    2819 2656 0 quad      2771    2772    2821    2820
2657 0 quad      2772    2773    2822    2821 2658 0 quad      2773    2774
2823    2822 2659 0 quad      2774    2775    2824    2823 2660 0 quad
2775    2776    2825    2824 2661 0 quad      2776    2777    2826    2825
2662 0 quad      2777    2778    2827    2826 2663 0 quad      2778    2779
2828    2827 2664 0 quad      2779    2780    2829    2828 2665 0 quad
2780    2781    2830    2829 2666 0 quad      2781    2782    2831    2830
2667 0 quad      2782    2783    2832    2831 2668 0 quad      2783    2784
2833    2832 2669 0 quad      2784    2785    2834    2833 2670 0 quad
2785    2786    2835    2834 2671 0 quad      2786    2787    2836    2835
2672 0 quad      2787    2788    2837    2836 2673 0 quad      2788    2789
2838    2837 2674 0 quad      2789    2790    2839    2838 2675 0 quad
2790    2791    2840    2839 2676 0 quad      2791    2792    2841    2840
2677 0 quad      2792    2793    2842    2841 2678 0 quad      2793    2794
2843    2842 2679 0 quad      2794    2795    2844    2843 2680 0 quad
2795    2796    2845    2844 2681 0 quad      2796    2797    2846    2845
2682 0 quad      2797    2798    2847    2846 2683 0 quad      2798    2799
2848    2847 2684 0 quad      2799    2800    2849    2848 2685 0 quad
2800    2801    2850    2849 2686 0 quad      2801    2802    2851    2850
2687 0 quad      2802    2803    2852    2851 2688 0 quad      2803    2804
2853    2852 2689 0 quad      2804    2805    2854    2853 2690 0 quad
2805    2806    2855    2854 2691 0 quad      2806    2807    2856    2855
2692 0 quad      2807    2808    2857    2856 2693 0 quad      2808    2809
2858    2857 2694 0 quad      2809    2810    2859    2858 2695 0 quad
2810     155     156    2859 2696 0 quad      2811    2812    2861    2860
2697 0 quad      2812    2813    2862    2861 2698 0 quad      2813    2814
2863    2862 2699 0 quad      2814    2815    2864    2863 2700 0 quad
2815    2816    2865    2864 2701 0 quad      2816    2817    2866    2865
2702 0 quad      2817    2818    2867    2866 2703 0 quad      2818    2819
2868    2867 2704 0 quad      2819    2820    2869    2868 2705 0 quad
2820    2821    2870    2869 2706 0 quad      2821    2822    2871    2870
2707 0 quad      2822    2823    2872    2871 2708 0 quad      2823    2824
2873    2872 2709 0 quad      2824    2825    2874    2873 2710 0 quad
2825    2826    2875    2874 2711 0 quad      2826    2827    2876    2875
2712 0 quad      2827    2828    2877    2876 2713 0 quad      2828    2829
2878    2877 2714 0 quad      2829    2830    2879    2878 2715 0 quad
2830    2831    2880    2879 2716 0 quad      2831    2832    2881    2880
2717 0 quad      2832    2833    2882    2881 2718 0 quad      2833    2834
2883    2882 2719 0 quad      2834    2835    2884    2883 2720 0 quad
2835    2836    2885    2884 2721 0 quad      2836    2837    2886    2885
2722 0 quad      2837    2838    2887    2886 2723 0 quad      2838    2839
2888    2887 2724 0 quad      2839    2840    2889    2888 2725 0 quad
2840    2841    2890    2889 2726 0 quad      2841    2842    2891    2890
2727 0 quad      2842    2843    2892    2891 2728 0 quad      2843    2844
2893    2892 2729 0 quad      2844    2845    2894    2893 2730 0 quad
2845    2846    2895    2894 2731 0 quad      2846    2847    2896    2895
2732 0 quad      2847    2848    2897    2896 2733 0 quad      2848    2849
2898    2897 2734 0 quad      2849    2850    2899    2898 2735 0 quad
2850    2851    2900    2899 2736 0 quad      2851    2852    2901    2900
2737 0 quad      2852    2853    2902    2901 2738 0 quad      2853    2854
2903    2902 2739 0 quad      2854    2855    2904    2903 2740 0 quad
2855    2856    2905    2904 2741 0 quad      2856    2857    2906    2905
2742 0 quad      2857    2858    2907    2906 2743 0 quad      2858    2859
2908    2907 2744 0 quad      2859     156     157    2908 2745 0 quad
2860    2861    2910    2909 2746 0 quad      2861    2862    2911    2910
2747 0 quad      2862    2863    2912    2911 2748 0 quad      2863    2864
2913    2912 2749 0 quad      2864    2865    2914    2913 2750 0 quad
2865    2866    2915    2914 2751 0 quad      2866    2867    2916    2915
2752 0 quad      2867    2868    2917    2916 2753 0 quad      2868    2869
2918    2917 2754 0 quad      2869    2870    2919    2918 2755 0 quad
2870    2871    2920    2919 2756 0 quad      2871    2872    2921    2920
2757 0 quad      2872    2873    2922    2921 2758 0 quad      2873    2874
2923    2922 2759 0 quad      2874    2875    2924    2923 2760 0 quad
2875    2876    2925    2924 2761 0 quad      2876    2877    2926    2925
2762 0 quad      2877    2878    2927    2926 2763 0 quad      2878    2879
2928    2927 2764 0 quad      2879    2880    2929    2928 2765 0 quad
2880    2881    2930    2929 2766 0 quad      2881    2882    2931    2930
2767 0 quad      2882    2883    2932    2931 2768 0 quad      2883    2884
2933    2932 2769 0 quad      2884    2885    2934    2933 2770 0 quad
2885    2886    2935    2934 2771 0 quad      2886    2887    2936    2935
2772 0 quad      2887    2888    2937    2936 2773 0 quad      2888    2889
2938    2937 2774 0 quad      2889    2890    2939    2938 2775 0 quad
2890    2891    2940    2939 2776 0 quad      2891    2892    2941    2940
2777 0 quad      2892    2893    2942    2941 2778 0 quad      2893    2894
2943    2942 2779 0 quad      2894    2895    2944    2943 2780 0 quad
2895    2896    2945    2944 2781 0 quad      2896    2897    2946    2945
2782 0 quad      2897    2898    2947    2946 2783 0 quad      2898    2899
2948    2947 2784 0 quad      2899    2900    2949    2948 2785 0 quad
2900    2901    2950    2949 2786 0 quad      2901    2902    2951    2950
2787 0 quad      2902    2903    2952    2951 2788 0 quad      2903    2904
2953    2952 2789 0 quad      2904    2905    2954    2953 2790 0 quad
2905    2906    2955    2954 2791 0 quad      2906    2907    2956    2955
2792 0 quad      2907    2908    2957    2956 2793 0 quad      2908     157
158    2957 2794 0 quad      2909    2910    2959    2958 2795 0 quad
2910    2911    2960    2959 2796 0 quad      2911    2912    2961    2960
2797 0 quad      2912    2913    2962    2961 2798 0 quad      2913    2914
2963    2962 2799 0 quad      2914    2915    2964    2963 2800 0 quad
2915    2916    2965    2964 2801 0 quad      2916    2917    2966    2965
2802 0 quad      2917    2918    2967    2966 2803 0 quad      2918    2919
2968    2967 2804 0 quad      2919    2920    2969    2968 2805 0 quad
2920    2921    2970    2969 2806 0 quad      2921    2922    2971    2970
2807 0 quad      2922    2923    2972    2971 2808 0 quad      2923    2924
2973    2972 2809 0 quad      2924    2925    2974    2973 2810 0 quad
2925    2926    2975    2974 2811 0 quad      2926    2927    2976    2975
2812 0 quad      2927    2928    2977    2976 2813 0 quad      2928    2929
2978    2977 2814 0 quad      2929    2930    2979    2978 2815 0 quad
2930    2931    2980    2979 2816 0 quad      2931    2932    2981    2980
2817 0 quad      2932    2933    2982    2981 2818 0 quad      2933    2934
2983    2982 2819 0 quad      2934    2935    2984    2983 2820 0 quad
2935    2936    2985    2984 2821 0 quad      2936    2937    2986    2985
2822 0 quad      2937    2938    2987    2986 2823 0 quad      2938    2939
2988    2987 2824 0 quad      2939    2940    2989    2988 2825 0 quad
2940    2941    2990    2989 2826 0 quad      2941    2942    2991    2990
2827 0 quad      2942    2943    2992    2991 2828 0 quad      2943    2944
2993    2992 2829 0 quad      2944    2945    2994    2993 2830 0 quad
2945    2946    2995    2994 2831 0 quad      2946    2947    2996    2995
2832 0 quad      2947    2948    2997    2996 2833 0 quad      2948    2949
2998    2997 2834 0 quad      2949    2950    2999    2998 2835 0 quad
2950    2951    3000    2999 2836 0 quad      2951    2952    3001    3000
2837 0 quad      2952    2953    3002    3001 2838 0 quad      2953    2954
3003    3002 2839 0 quad      2954    2955    3004    3003 2840 0 quad
2955    2956    3005    3004 2841 0 quad      2956    2957    3006    3005
2842 0 quad      2957     158     159    3006 2843 0 quad      2958    2959
3008    3007 2844 0 quad      2959    2960    3009    3008 2845 0 quad
2960    2961    3010    3009 2846 0 quad      2961    2962    3011    3010
2847 0 quad      2962    2963    3012    3011 2848 0 quad      2963    2964
3013    3012 2849 0 quad      2964    2965    3014    3013 2850 0 quad
2965    2966    3015    3014 2851 0 quad      2966    2967    3016    3015
2852 0 quad      2967    2968    3017    3016 2853 0 quad      2968    2969
3018    3017 2854 0 quad      2969    2970    3019    3018 2855 0 quad
2970    2971    3020    3019 2856 0 quad      2971    2972    3021    3020
2857 0 quad      2972    2973    3022    3021 2858 0 quad      2973    2974
3023    3022 2859 0 quad      2974    2975    3024    3023 2860 0 quad
2975    2976    3025    3024 2861 0 quad      2976    2977    3026    3025
2862 0 quad      2977    2978    3027    3026 2863 0 quad      2978    2979
3028    3027 2864 0 quad      2979    2980    3029    3028 2865 0 quad
2980    2981    3030    3029 2866 0 quad      2981    2982    3031    3030
2867 0 quad      2982    2983    3032    3031 2868 0 quad      2983    2984
3033    3032 2869 0 quad      2984    2985    3034    3033 2870 0 quad
2985    2986    3035    3034 2871 0 quad      2986    2987    3036    3035
2872 0 quad      2987    2988    3037    3036 2873 0 quad      2988    2989
3038    3037 2874 0 quad      2989    2990    3039    3038 2875 0 quad
2990    2991    3040    3039 2876 0 quad      2991    2992    3041    3040
2877 0 quad      2992    2993    3042    3041 2878 0 quad      2993    2994
3043    3042 2879 0 quad      2994    2995    3044    3043 2880 0 quad
2995    2996    3045    3044 2881 0 quad      2996    2997    3046    3045
2882 0 quad      2997    2998    3047    3046 2883 0 quad      2998    2999
3048    3047 2884 0 quad      2999    3000    3049    3048 2885 0 quad
3000    3001    3050    3049 2886 0 quad      3001    3002    3051    3050
2887 0 quad      3002    3003    3052    3051 2888 0 quad      3003    3004
3053    3052 2889 0 quad      3004    3005    3054    3053 2890 0 quad
3005    3006    3055    3054 2891 0 quad      3006     159     160    3055
2892 0 quad      3007    3008    3057    3056 2893 0 quad      3008    3009
3058    3057 2894 0 quad      3009    3010    3059    3058 2895 0 quad
3010    3011    3060    3059 2896 0 quad      3011    3012    3061    3060
2897 0 quad      3012    3013    3062    3061 2898 0 quad      3013    3014
3063    3062 2899 0 quad      3014    3015    3064    3063 2900 0 quad
3015    3016    3065    3064 2901 0 quad      3016    3017    3066    3065
2902 0 quad      3017    3018    3067    3066 2903 0 quad      3018    3019
3068    3067 2904 0 quad      3019    3020    3069    3068 2905 0 quad
3020    3021    3070    3069 2906 0 quad      3021    3022    3071    3070
2907 0 quad      3022    3023    3072    3071 2908 0 quad      3023    3024
3073    3072 2909 0 quad      3024    3025    3074    3073 2910 0 quad
3025    3026    3075    3074 2911 0 quad      3026    3027    3076    3075
2912 0 quad      3027    3028    3077    3076 2913 0 quad      3028    3029
3078    3077 2914 0 quad      3029    3030    3079    3078 2915 0 quad
3030    3031    3080    3079 2916 0 quad      3031    3032    3081    3080
2917 0 quad      3032    3033    3082    3081 2918 0 quad      3033    3034
3083    3082 2919 0 quad      3034    3035    3084    3083 2920 0 quad
3035    3036    3085    3084 2921 0 quad      3036    3037    3086    3085
2922 0 quad      3037    3038    3087    3086 2923 0 quad      3038    3039
3088    3087 2924 0 quad      3039    3040    3089    3088 2925 0 quad
3040    3041    3090    3089 2926 0 quad      3041    3042    3091    3090
2927 0 quad      3042    3043    3092    3091 2928 0 quad      3043    3044
3093    3092 2929 0 quad      3044    3045    3094    3093 2930 0 quad
3045    3046    3095    3094 2931 0 quad      3046    3047    3096    3095
2932 0 quad      3047    3048    3097    3096 2933 0 quad      3048    3049
3098    3097 2934 0 quad      3049    3050    3099    3098 2935 0 quad
3050    3051    3100    3099 2936 0 quad      3051    3052    3101    3100
2937 0 quad      3052    3053    3102    3101 2938 0 quad      3053    3054
3103    3102 2939 0 quad      3054    3055    3104    3103 2940 0 quad
3055     160     161    3104 2941 0 quad      3056    3057    3106    3105
2942 0 quad      3057    3058    3107    3106 2943 0 quad      3058    3059
3108    3107 2944 0 quad      3059    3060    3109    3108 2945 0 quad
3060    3061    3110    3109 2946 0 quad      3061    3062    3111    3110
2947 0 quad      3062    3063    3112    3111 2948 0 quad      3063    3064
3113    3112 2949 0 quad      3064    3065    3114    3113 2950 0 quad
3065    3066    3115    3114 2951 0 quad      3066    3067    3116    3115
2952 0 quad      3067    3068    3117    3116 2953 0 quad      3068    3069
3118    3117 2954 0 quad      3069    3070    3119    3118 2955 0 quad
3070    3071    3120    3119 2956 0 quad      3071    3072    3121    3120
2957 0 quad      3072    3073    3122    3121 2958 0 quad      3073    3074
3123    3122 2959 0 quad      3074    3075    3124    3123 2960 0 quad
3075    3076    3125    3124 2961 0 quad      3076    3077    3126    3125
2962 0 quad      3077    3078    3127    3126 2963 0 quad      3078    3079
3128    3127 2964 0 quad      3079    3080    3129    3128 2965 0 quad
3080    3081    3130    3129 2966 0 quad      3081    3082    3131    3130
2967 0 quad      3082    3083    3132    3131 2968 0 quad      3083    3084
3133    3132 2969 0 quad      3084    3085    3134    3133 2970 0 quad
3085    3086    3135    3134 2971 0 quad      3086    3087    3136    3135
2972 0 quad      3087    3088    3137    3136 2973 0 quad      3088    3089
3138    3137 2974 0 quad      3089    3090    3139    3138 2975 0 quad
3090    3091    3140    3139 2976 0 quad      3091    3092    3141    3140
2977 0 quad      3092    3093    3142    3141 2978 0 quad      3093    3094
3143    3142 2979 0 quad      3094    3095    3144    3143 2980 0 quad
3095    3096    3145    3144 2981 0 quad      3096    3097    3146    3145
2982 0 quad      3097    3098    3147    3146 2983 0 quad      3098    3099
3148    3147 2984 0 quad      3099    3100    3149    3148 2985 0 quad
3100    3101    3150    3149 2986 0 quad      3101    3102    3151    3150
2987 0 quad      3102    3103    3152    3151 2988 0 quad      3103    3104
3153    3152 2989 0 quad      3104     161     162    3153 2990 0 quad
3105    3106    3155    3154 2991 0 quad      3106    3107    3156    3155
2992 0 quad      3107    3108    3157    3156 2993 0 quad      3108    3109
3158    3157 2994 0 quad      3109    3110    3159    3158 2995 0 quad
3110    3111    3160    3159 2996 0 quad      3111    3112    3161    3160
2997 0 quad      3112    3113    3162    3161 2998 0 quad      3113    3114
3163    3162 2999 0 quad      3114    3115    3164    3163 3000 0 quad
3115    3116    3165    3164 3001 0 quad      3116    3117    3166    3165
3002 0 quad      3117    3118    3167    3166 3003 0 quad      3118    3119
3168    3167 3004 0 quad      3119    3120    3169    3168 3005 0 quad
3120    3121    3170    3169 3006 0 quad      3121    3122    3171    3170
3007 0 quad      3122    3123    3172    3171 3008 0 quad      3123    3124
3173    3172 3009 0 quad      3124    3125    3174    3173 3010 0 quad
3125    3126    3175    3174 3011 0 quad      3126    3127    3176    3175
3012 0 quad      3127    3128    3177    3176 3013 0 quad      3128    3129
3178    3177 3014 0 quad      3129    3130    3179    3178 3015 0 quad
3130    3131    3180    3179 3016 0 quad      3131    3132    3181    3180
3017 0 quad      3132    3133    3182    3181 3018 0 quad      3133    3134
3183    3182 3019 0 quad      3134    3135    3184    3183 3020 0 quad
3135    3136    3185    3184 3021 0 quad      3136    3137    3186    3185
3022 0 quad      3137    3138    3187    3186 3023 0 quad      3138    3139
3188    3187 3024 0 quad      3139    3140    3189    3188 3025 0 quad
3140    3141    3190    3189 3026 0 quad      3141    3142    3191    3190
3027 0 quad      3142    3143    3192    3191 3028 0 quad      3143    3144
3193    3192 3029 0 quad      3144    3145    3194    3193 3030 0 quad
3145    3146    3195    3194 3031 0 quad      3146    3147    3196    3195
3032 0 quad      3147    3148    3197    3196 3033 0 quad      3148    3149
3198    3197 3034 0 quad      3149    3150    3199    3198 3035 0 quad
3150    3151    3200    3199 3036 0 quad      3151    3152    3201    3200
3037 0 quad      3152    3153    3202    3201 3038 0 quad      3153     162
163    3202 3039 0 quad      3154    3155    3204    3203 3040 0 quad
3155    3156    3205    3204 3041 0 quad      3156    3157    3206    3205
3042 0 quad      3157    3158    3207    3206 3043 0 quad      3158    3159
3208    3207 3044 0 quad      3159    3160    3209    3208 3045 0 quad
3160    3161    3210    3209 3046 0 quad      3161    3162    3211    3210
3047 0 quad      3162    3163    3212    3211 3048 0 quad      3163    3164
3213    3212 3049 0 quad      3164    3165    3214    3213 3050 0 quad
3165    3166    3215    3214 3051 0 quad      3166    3167    3216    3215
3052 0 quad      3167    3168    3217    3216 3053 0 quad      3168    3169
3218    3217 3054 0 quad      3169    3170    3219    3218 3055 0 quad
3170    3171    3220    3219 3056 0 quad      3171    3172    3221    3220
3057 0 quad      3172    3173    3222    3221 3058 0 quad      3173    3174
3223    3222 3059 0 quad      3174    3175    3224    3223 3060 0 quad
3175    3176    3225    3224 3061 0 quad      3176    3177    3226    3225
3062 0 quad      3177    3178    3227    3226 3063 0 quad      3178    3179
3228    3227 3064 0 quad      3179    3180    3229    3228 3065 0 quad
3180    3181    3230    3229 3066 0 quad      3181    3182    3231    3230
3067 0 quad      3182    3183    3232    3231 3068 0 quad      3183    3184
3233    3232 3069 0 quad      3184    3185    3234    3233 3070 0 quad
3185    3186    3235    3234 3071 0 quad      3186    3187    3236    3235
3072 0 quad      3187    3188    3237    3236 3073 0 quad      3188    3189
3238    3237 3074 0 quad      3189    3190    3239    3238 3075 0 quad
3190    3191    3240    3239 3076 0 quad      3191    3192    3241    3240
3077 0 quad      3192    3193    3242    3241 3078 0 quad      3193    3194
3243    3242 3079 0 quad      3194    3195    3244    3243 3080 0 quad
3195    3196    3245    3244 3081 0 quad      3196    3197    3246    3245
3082 0 quad      3197    3198    3247    3246 3083 0 quad      3198    3199
3248    3247 3084 0 quad      3199    3200    3249    3248 3085 0 quad
3200    3201    3250    3249 3086 0 quad      3201    3202    3251    3250
3087 0 quad      3202     163     164    3251 3088 0 quad      3203    3204
5       4 3089 0 quad      3204    3205       6       5 3090 0 quad      3205
3206       7       6 3091 0 quad      3206    3207       8       7 3092 0 quad
3207    3208       9       8 3093 0 quad      3208    3209      10       9
3094 0 quad      3209    3210      11      10 3095 0 quad      3210    3211
12      11 3096 0 quad      3211    3212      13      12 3097 0 quad      3212
3213      14      13 3098 0 quad      3213    3214      15      14 3099 0 quad
3214    3215      16      15 3100 0 quad      3215    3216      17      16
3101 0 quad      3216    3217      18      17 3102 0 quad      3217    3218
19      18 3103 0 quad      3218    3219      20      19 3104 0 quad      3219
3220      21      20 3105 0 quad      3220    3221      22      21 3106 0 quad
3221    3222      23      22 3107 0 quad      3222    3223      24      23
3108 0 quad      3223    3224      25      24 3109 0 quad      3224    3225
26      25 3110 0 quad      3225    3226      27      26 3111 0 quad      3226
3227      28      27 3112 0 quad      3227    3228      29      28 3113 0 quad
3228    3229      30      29 3114 0 quad      3229    3230      31      30
3115 0 quad      3230    3231      32      31 3116 0 quad      3231    3232
33      32 3117 0 quad      3232    3233      34      33 3118 0 quad      3233
3234      35      34 3119 0 quad      3234    3235      36      35 3120 0 quad
3235    3236      37      36 3121 0 quad      3236    3237      38      37
3122 0 quad      3237    3238      39      38 3123 0 quad      3238    3239
40      39 3124 0 quad      3239    3240      41      40 3125 0 quad      3240
3241      42      41 3126 0 quad      3241    3242      43      42 3127 0 quad
3242    3243      44      43 3128 0 quad      3243    3244      45      44
3129 0 quad      3244    3245      46      45 3130 0 quad      3245    3246
47      46 3131 0 quad      3246    3247      48      47 3132 0 quad      3247
3248      49      48 3133 0 quad      3248    3249      50      49 3134 0 quad
3249    3250      51      50 3135 0 quad      3250    3251      52      51
3136 0 quad      3251     164       2      52 1 0 tri         53     165
1 2 0 tri        165     214       1 3 0 tri        214     263       1 4 0
tri        263     312       1 5 0 tri        312     361       1 6 0 tri
361     410       1 7 0 tri        410     459       1 8 0 tri        459
508       1 9 0 tri        508     557       1 10 0 tri        557     606
1 11 0 tri        606     655       1 12 0 tri        655     704       1 13 0
tri        704     753       1 14 0 tri        753     802       1 15 0 tri
802     851       1 16 0 tri        851     900       1 17 0 tri        900
949       1 18 0 tri        949     998       1 19 0 tri        998    1047
1 20 0 tri       1047    1096       1 21 0 tri       1096    1145       1 22 0
tri       1145    1194       1 23 0 tri       1194    1243       1 24 0 tri
1243    1292       1 25 0 tri       1292    1341       1 26 0 tri       1341
1390       1 27 0 tri       1390    1439       1 28 0 tri       1439    1488
1 29 0 tri       1488    1537       1 30 0 tri       1537    1586       1 31 0
tri       1586    1635       1 32 0 tri       1635    1684       1 33 0 tri
1684    1733       1 34 0 tri       1733    1782       1 35 0 tri       1782
1831       1 36 0 tri       1831    1880       1 37 0 tri       1880    1929
1 38 0 tri       1929    1978       1 39 0 tri       1978    2027       1 40 0
tri       2027    2076       1 41 0 tri       2076    2125       1 42 0 tri
2125    2174       1 43 0 tri       2174    2223       1 44 0 tri       2223
2272       1 45 0 tri       2272    2321       1 46 0 tri       2321    2370
1 47 0 tri       2370    2419       1 48 0 tri       2419    2468       1 49 0
tri       2468    2517       1 50 0 tri       2517    2566       1 51 0 tri
2566    2615       1 52 0 tri       2615    2664       1 53 0 tri       2664
2713       1 54 0 tri       2713    2762       1 55 0 tri       2762    2811
1 56 0 tri       2811    2860       1 57 0 tri       2860    2909       1 58 0
tri       2909    2958       1 59 0 tri       2958    3007       1 60 0 tri
3007    3056       1 61 0 tri       3056    3105       1 62 0 tri       3105
3154       1 63 0 tri       3154    3203       1 64 0 tri       3203       4
1

                                                                            ()
