()                                                                          ()

1
  32.706  82.243  69.708  32.532  82.398  69.689  32.725  82.436  69.606
0.86  0.86  0.86 7
  -0.239  -0.514  -0.824  -0.367  -0.404  -0.838  -0.243  -0.346  -0.906 1
  32.706  82.243  69.708  32.725  82.436  69.606  33.038  82.213  69.665
0.86  0.86  0.86 7
  -0.239  -0.514  -0.824  -0.243  -0.346  -0.906  -0.050  -0.520  -0.853 1
  33.038  82.213  69.665  32.725  82.436  69.606  33.038  82.418  69.560
0.86  0.86  0.86 7
  -0.050  -0.520  -0.853  -0.243  -0.346  -0.906  -0.018  -0.377  -0.926 1
  33.038  82.213  69.665  33.038  82.418  69.560  33.378  82.223  69.681
0.86  0.86  0.86 7
  -0.050  -0.520  -0.853  -0.018  -0.377  -0.926   0.149  -0.514  -0.844 1
  33.378  82.223  69.681  33.038  82.418  69.560  33.360  82.423  69.575
0.86  0.86  0.86 7
   0.149  -0.514  -0.844  -0.018  -0.377  -0.926   0.185  -0.367  -0.912 1
  33.378  82.223  69.681  33.360  82.423  69.575  33.685  82.272  69.742
0.86  0.86  0.86 7
   0.149  -0.514  -0.844   0.185  -0.367  -0.912   0.383  -0.480  -0.789 1
  33.685  82.272  69.742  33.360  82.423  69.575  33.673  82.455  69.649
0.86  0.86  0.86 7
   0.383  -0.480  -0.789   0.185  -0.367  -0.912   0.341  -0.332  -0.880 1
  33.847  82.431  69.740  33.685  82.272  69.742  33.673  82.455  69.649
0.86  0.86  0.86 7
   0.476  -0.352  -0.806   0.383  -0.480  -0.789   0.341  -0.332  -0.880 1
  32.369  82.571  69.699  32.215  82.746  69.727  32.408  82.764  69.622
0.86  0.86  0.86 7
  -0.396  -0.304  -0.866  -0.384  -0.183  -0.905  -0.397  -0.154  -0.905 1
  32.725  82.436  69.606  32.532  82.398  69.689  32.369  82.571  69.699
0.86  0.86  0.86 7
  -0.243  -0.346  -0.906  -0.367  -0.404  -0.838  -0.396  -0.304  -0.866 1
  32.725  82.436  69.606  32.369  82.571  69.699  32.408  82.764  69.622
0.86  0.86  0.86 7
  -0.243  -0.346  -0.906  -0.396  -0.304  -0.866  -0.397  -0.154  -0.905 1
  32.725  82.436  69.606  32.408  82.764  69.622  32.700  82.735  69.519
0.86  0.86  0.86 7
  -0.243  -0.346  -0.906  -0.397  -0.154  -0.905  -0.234  -0.170  -0.957 1
  32.725  82.436  69.606  32.700  82.735  69.519  33.038  82.722  69.466
0.86  0.86  0.86 7
  -0.243  -0.346  -0.906  -0.234  -0.170  -0.957  -0.050  -0.193  -0.980 1
  32.725  82.436  69.606  33.038  82.722  69.466  33.038  82.418  69.560
0.86  0.86  0.86 7
  -0.243  -0.346  -0.906  -0.050  -0.193  -0.980  -0.018  -0.377  -0.926 1
  33.038  82.418  69.560  33.038  82.722  69.466  33.384  82.727  69.485
0.86  0.86  0.86 7
  -0.018  -0.377  -0.926  -0.050  -0.193  -0.980   0.160  -0.192  -0.968 1
  33.038  82.418  69.560  33.384  82.727  69.485  33.360  82.423  69.575
0.86  0.86  0.86 7
  -0.018  -0.377  -0.926   0.160  -0.192  -0.968   0.185  -0.367  -0.912 1
  33.360  82.423  69.575  33.384  82.727  69.485  33.692  82.748  69.567
0.86  0.86  0.86 7
   0.185  -0.367  -0.912   0.160  -0.192  -0.968   0.344  -0.184  -0.921 1
  33.360  82.423  69.575  33.692  82.748  69.567  33.673  82.455  69.649
0.86  0.86  0.86 7
   0.185  -0.367  -0.912   0.344  -0.184  -0.921   0.341  -0.332  -0.880 1
  33.673  82.455  69.649  33.692  82.748  69.567  33.897  82.729  69.667
0.86  0.86  0.86 7
   0.341  -0.332  -0.880   0.344  -0.184  -0.921   0.490  -0.183  -0.852 1
  33.673  82.455  69.649  33.897  82.729  69.667  33.847  82.431  69.740
0.86  0.86  0.86 7
   0.341  -0.332  -0.880   0.490  -0.183  -0.852   0.476  -0.352  -0.806 1
  32.408  82.764  69.622  32.215  82.746  69.727  32.206  83.073  69.706
0.86  0.86  0.86 7
  -0.397  -0.154  -0.905  -0.384  -0.183  -0.905  -0.378  -0.008  -0.926 1
  32.408  82.764  69.622  32.206  83.073  69.706  32.412  83.073  69.606
0.86  0.86  0.86 7
  -0.397  -0.154  -0.905  -0.378  -0.008  -0.926  -0.392   0.040  -0.919 1
  32.408  82.764  69.622  32.412  83.073  69.606  32.693  83.073  69.490
0.86  0.86  0.86 7
  -0.397  -0.154  -0.905  -0.392   0.040  -0.919  -0.265   0.026  -0.964 1
  32.408  82.764  69.622  32.693  83.073  69.490  32.700  82.735  69.519
0.86  0.86  0.86 7
  -0.397  -0.154  -0.905  -0.265   0.026  -0.964  -0.234  -0.170  -0.957 1
  32.700  82.735  69.519  32.693  83.073  69.490  33.038  83.073  69.434
0.86  0.86  0.86 7
  -0.234  -0.170  -0.957  -0.265   0.026  -0.964  -0.051   0.018  -0.999 1
  32.700  82.735  69.519  33.038  83.073  69.434  33.038  82.722  69.466
0.86  0.86  0.86 7
  -0.234  -0.170  -0.957  -0.051   0.018  -0.999  -0.050  -0.193  -0.980 1
  33.038  82.722  69.466  33.038  83.073  69.434  33.391  83.073  69.455
0.86  0.86  0.86 7
  -0.050  -0.193  -0.980  -0.051   0.018  -0.999   0.163   0.018  -0.987 1
  33.038  82.722  69.466  33.391  83.073  69.455  33.384  82.727  69.485
0.86  0.86  0.86 7
  -0.050  -0.193  -0.980   0.163   0.018  -0.987   0.160  -0.192  -0.968 1
  33.384  82.727  69.485  33.391  83.073  69.455  33.703  83.073  69.541
0.86  0.86  0.86 7
   0.160  -0.192  -0.968   0.163   0.018  -0.987   0.351   0.017  -0.936 1
  33.384  82.727  69.485  33.703  83.073  69.541  33.692  82.748  69.567
0.86  0.86  0.86 7
   0.160  -0.192  -0.968   0.351   0.017  -0.936   0.344  -0.184  -0.921 1
  33.692  82.748  69.567  33.703  83.073  69.541  33.904  83.073  69.639
0.86  0.86  0.86 7
   0.344  -0.184  -0.921   0.351   0.017  -0.936   0.501   0.018  -0.865 1
  33.692  82.748  69.567  33.904  83.073  69.639  33.897  82.729  69.667
0.86  0.86  0.86 7
   0.344  -0.184  -0.921   0.501   0.018  -0.865   0.490  -0.183  -0.852 1
  32.412  83.073  69.606  32.206  83.073  69.706  32.210  83.402  69.717
0.86  0.86  0.86 7
  -0.392   0.040  -0.919  -0.378  -0.008  -0.926  -0.357   0.184  -0.916 1
  32.412  83.073  69.606  32.210  83.402  69.717  32.413  83.379  69.633
0.86  0.86  0.86 7
  -0.392   0.040  -0.919  -0.357   0.184  -0.916  -0.327   0.218  -0.919 1
  32.412  83.073  69.606  32.413  83.379  69.633  32.703  83.408  69.530
0.86  0.86  0.86 7
  -0.392   0.040  -0.919  -0.327   0.218  -0.919  -0.257   0.217  -0.942 1
  32.412  83.073  69.606  32.703  83.408  69.530  32.693  83.073  69.490
0.86  0.86  0.86 7
  -0.392   0.040  -0.919  -0.257   0.217  -0.942  -0.265   0.026  -0.964 1
  32.693  83.073  69.490  32.703  83.408  69.530  33.038  83.421  69.479
0.86  0.86  0.86 7
  -0.265   0.026  -0.964  -0.257   0.217  -0.942  -0.054   0.226  -0.973 1
  32.693  83.073  69.490  33.038  83.421  69.479  33.038  83.073  69.434
0.86  0.86  0.86 7
  -0.265   0.026  -0.964  -0.054   0.226  -0.973  -0.051   0.018  -0.999 1
  33.038  83.073  69.434  33.038  83.421  69.479  33.381  83.416  69.497
0.86  0.86  0.86 7
  -0.051   0.018  -0.999  -0.054   0.226  -0.973   0.175   0.236  -0.956 1
  33.038  83.073  69.434  33.381  83.416  69.497  33.391  83.073  69.455
0.86  0.86  0.86 7
  -0.051   0.018  -0.999   0.175   0.236  -0.956   0.163   0.018  -0.987 1
  33.391  83.073  69.455  33.381  83.416  69.497  33.687  83.394  69.578
0.86  0.86  0.86 7
   0.163   0.018  -0.987   0.175   0.236  -0.956   0.325   0.192  -0.926 1
  33.391  83.073  69.455  33.687  83.394  69.578  33.703  83.073  69.541
0.86  0.86  0.86 7
   0.163   0.018  -0.987   0.325   0.192  -0.926   0.351   0.017  -0.936 1
  33.703  83.073  69.541  33.687  83.394  69.578  33.890  83.414  69.677
0.86  0.86  0.86 7
   0.351   0.017  -0.936   0.325   0.192  -0.926   0.480   0.242  -0.843 1
  33.703  83.073  69.541  33.890  83.414  69.677  33.904  83.073  69.639
0.86  0.86  0.86 7
   0.351   0.017  -0.936   0.480   0.242  -0.843   0.501   0.018  -0.865 1
  32.210  83.402  69.717  32.370  83.575  69.700  32.413  83.379  69.633
0.86  0.86  0.86 7
  -0.357   0.184  -0.916  -0.340   0.316  -0.886  -0.327   0.218  -0.919 1
  32.413  83.379  69.633  32.370  83.575  69.700  32.541  83.736  69.709
0.86  0.86  0.86 7
  -0.327   0.218  -0.919  -0.340   0.316  -0.886  -0.300   0.448  -0.842 1
  32.413  83.379  69.633  32.541  83.736  69.709  32.730  83.702  69.626
0.86  0.86  0.86 7
  -0.327   0.218  -0.919  -0.300   0.448  -0.842  -0.238   0.397  -0.886 1
  32.413  83.379  69.633  32.730  83.702  69.626  32.703  83.408  69.530
0.86  0.86  0.86 7
  -0.327   0.218  -0.919  -0.238   0.397  -0.886  -0.257   0.217  -0.942 1
  32.703  83.408  69.530  32.730  83.702  69.626  33.038  83.717  69.582
0.86  0.86  0.86 7
  -0.257   0.217  -0.942  -0.238   0.397  -0.886  -0.054   0.408  -0.911 1
  32.703  83.408  69.530  33.038  83.717  69.582  33.038  83.421  69.479
0.86  0.86  0.86 7
  -0.257   0.217  -0.942  -0.054   0.408  -0.911  -0.054   0.226  -0.973 1
  33.038  83.421  69.479  33.038  83.717  69.582  33.355  83.715  69.594
0.86  0.86  0.86 7
  -0.054   0.226  -0.973  -0.054   0.408  -0.911   0.120   0.391  -0.913 1
  33.038  83.421  69.479  33.355  83.715  69.594  33.381  83.416  69.497
0.86  0.86  0.86 7
  -0.054   0.226  -0.973   0.120   0.391  -0.913   0.175   0.236  -0.956 1
  33.381  83.416  69.497  33.355  83.715  69.594  33.554  83.761  69.667
0.86  0.86  0.86 7
   0.175   0.236  -0.956   0.120   0.391  -0.913   0.277   0.459  -0.844 1
  33.381  83.416  69.497  33.554  83.761  69.667  33.723  83.591  69.655
0.86  0.86  0.86 7
   0.175   0.236  -0.956   0.277   0.459  -0.844   0.356   0.337  -0.872 1
  33.381  83.416  69.497  33.723  83.591  69.655  33.687  83.394  69.578
0.86  0.86  0.86 7
   0.175   0.236  -0.956   0.356   0.337  -0.872   0.325   0.192  -0.926 1
  33.723  83.591  69.655  33.890  83.414  69.677  33.687  83.394  69.578
0.86  0.86  0.86 7
   0.356   0.337  -0.872   0.480   0.242  -0.843   0.325   0.192  -0.926 1
  32.541  83.736  69.709  32.713  83.886  69.732  32.730  83.702  69.626
0.86  0.86  0.86 7
  -0.300   0.448  -0.842  -0.228   0.541  -0.809  -0.238   0.397  -0.886 1
  32.730  83.702  69.626  32.713  83.886  69.732  33.038  83.915  69.691
0.86  0.86  0.86 7
  -0.238   0.397  -0.886  -0.228   0.541  -0.809  -0.050   0.545  -0.837 1
  32.730  83.702  69.626  33.038  83.915  69.691  33.038  83.717  69.582
0.86  0.86  0.86 7
  -0.238   0.397  -0.886  -0.050   0.545  -0.837  -0.054   0.408  -0.911 1
  33.038  83.717  69.582  33.038  83.915  69.691  33.371  83.905  69.705
0.86  0.86  0.86 7
  -0.054   0.408  -0.911  -0.050   0.545  -0.837   0.129   0.532  -0.837 1
  33.038  83.717  69.582  33.371  83.905  69.705  33.355  83.715  69.594
0.86  0.86  0.86 7
  -0.054   0.408  -0.911   0.129   0.532  -0.837   0.120   0.391  -0.913 1
  33.371  83.905  69.705  33.554  83.761  69.667  33.355  83.715  69.594
0.86  0.86  0.86 7
   0.129   0.532  -0.837   0.277   0.459  -0.844   0.120   0.391  -0.913 1
  32.392  81.957  70.087  32.211  82.084  70.049  32.393  82.124  69.922
0.86  0.86  0.86 7
  -0.287  -0.722  -0.630  -0.322  -0.608  -0.726  -0.351  -0.559  -0.752 1
  32.392  81.957  70.087  32.393  82.124  69.922  32.697  81.883  70.013
0.86  0.86  0.86 7
  -0.287  -0.722  -0.630  -0.351  -0.559  -0.752  -0.241  -0.731  -0.639 1
  32.697  81.883  70.013  32.393  82.124  69.922  32.697  82.055  69.845
0.86  0.86  0.86 7
  -0.241  -0.731  -0.639  -0.351  -0.559  -0.752  -0.224  -0.637  -0.737 1
  32.697  81.883  70.013  32.697  82.055  69.845  33.038  81.844  69.975
0.86  0.86  0.86 7
  -0.241  -0.731  -0.639  -0.224  -0.637  -0.737  -0.050  -0.750  -0.659 1
  33.038  81.844  69.975  32.697  82.055  69.845  33.038  82.023  69.801
0.86  0.86  0.86 7
  -0.050  -0.750  -0.659  -0.224  -0.637  -0.737  -0.049  -0.641  -0.766 1
  33.038  81.844  69.975  33.038  82.023  69.801  33.387  81.859  69.989
0.86  0.86  0.86 7
  -0.050  -0.750  -0.659  -0.049  -0.641  -0.766   0.155  -0.743  -0.651 1
  33.387  81.859  69.989  33.038  82.023  69.801  33.386  82.035  69.817
0.86  0.86  0.86 7
   0.155  -0.743  -0.651  -0.049  -0.641  -0.766   0.153  -0.636  -0.757 1
  33.387  81.859  69.989  33.386  82.035  69.817  33.699  81.915  70.047
0.86  0.86  0.86 7
   0.155  -0.743  -0.651   0.153  -0.636  -0.757   0.386  -0.711  -0.588 1
  33.699  81.915  70.047  33.386  82.035  69.817  33.697  82.083  69.880
0.86  0.86  0.86 7
   0.386  -0.711  -0.588   0.153  -0.636  -0.757   0.328  -0.594  -0.734 1
  33.880  82.058  70.019  33.699  81.915  70.047  33.697  82.083  69.880
0.86  0.86  0.86 7
   0.483  -0.591  -0.646   0.386  -0.711  -0.588   0.328  -0.594  -0.734 1
  31.391  82.279  70.096  31.221  82.428  70.075  31.407  82.460  69.996
0.86  0.86  0.86 7
  -0.284  -0.525  -0.802  -0.367  -0.401  -0.839  -0.225  -0.385  -0.895 1
  31.391  82.279  70.096  31.407  82.460  69.996  31.705  82.250  70.051
0.86  0.86  0.86 7
  -0.284  -0.525  -0.802  -0.225  -0.385  -0.895  -0.141  -0.520  -0.843 1
  31.705  82.250  70.051  31.407  82.460  69.996  31.706  82.442  69.952
0.86  0.86  0.86 7
  -0.141  -0.520  -0.843  -0.225  -0.385  -0.895  -0.141  -0.407  -0.902 1
  31.705  82.250  70.051  31.706  82.442  69.952  32.033  82.228  70.020
0.86  0.86  0.86 7
  -0.141  -0.520  -0.843  -0.141  -0.407  -0.902  -0.237  -0.525  -0.818 1
  32.033  82.228  70.020  31.706  82.442  69.952  32.049  82.422  69.907
0.86  0.86  0.86 7
  -0.237  -0.525  -0.818  -0.141  -0.407  -0.902  -0.303  -0.393  -0.868 1
  32.393  82.124  69.922  32.211  82.084  70.049  32.033  82.228  70.020
0.86  0.86  0.86 7
  -0.351  -0.559  -0.752  -0.322  -0.608  -0.726  -0.237  -0.525  -0.818 1
  32.393  82.124  69.922  32.033  82.228  70.020  32.049  82.422  69.907
0.86  0.86  0.86 7
  -0.351  -0.559  -0.752  -0.237  -0.525  -0.818  -0.303  -0.393  -0.868 1
  32.393  82.124  69.922  32.049  82.422  69.907  32.334  82.378  69.804
0.86  0.86  0.86 7
  -0.351  -0.559  -0.752  -0.303  -0.393  -0.868  -0.395  -0.420  -0.817 1
  32.393  82.124  69.922  32.334  82.378  69.804  32.532  82.398  69.689
0.86  0.86  0.86 7
  -0.351  -0.559  -0.752  -0.395  -0.420  -0.817  -0.367  -0.404  -0.838 1
  32.393  82.124  69.922  32.532  82.398  69.689  32.706  82.243  69.708
0.86  0.86  0.86 7
  -0.351  -0.559  -0.752  -0.367  -0.404  -0.838  -0.239  -0.514  -0.824 1
  32.393  82.124  69.922  32.706  82.243  69.708  32.697  82.055  69.845
0.86  0.86  0.86 7
  -0.351  -0.559  -0.752  -0.239  -0.514  -0.824  -0.224  -0.637  -0.737 1
  32.706  82.243  69.708  33.038  82.213  69.665  33.038  82.023  69.801
0.86  0.86  0.86 7
  -0.239  -0.514  -0.824  -0.050  -0.520  -0.853  -0.049  -0.641  -0.766 1
  32.706  82.243  69.708  33.038  82.023  69.801  32.697  82.055  69.845
0.86  0.86  0.86 7
  -0.239  -0.514  -0.824  -0.049  -0.641  -0.766  -0.224  -0.637  -0.737 1
  33.038  82.213  69.665  33.378  82.223  69.681  33.386  82.035  69.817
0.86  0.86  0.86 7
  -0.050  -0.520  -0.853   0.149  -0.514  -0.844   0.153  -0.636  -0.757 1
  33.038  82.213  69.665  33.386  82.035  69.817  33.038  82.023  69.801
0.86  0.86  0.86 7
  -0.050  -0.520  -0.853   0.153  -0.636  -0.757  -0.049  -0.641  -0.766 1
  33.378  82.223  69.681  33.685  82.272  69.742  33.697  82.083  69.880
0.86  0.86  0.86 7
   0.149  -0.514  -0.844   0.383  -0.480  -0.789   0.328  -0.594  -0.734 1
  33.378  82.223  69.681  33.697  82.083  69.880  33.386  82.035  69.817
0.86  0.86  0.86 7
   0.149  -0.514  -0.844   0.328  -0.594  -0.734   0.153  -0.636  -0.757 1
  33.685  82.272  69.742  33.847  82.431  69.740  34.033  82.411  69.877
0.86  0.86  0.86 7
   0.383  -0.480  -0.789   0.476  -0.352  -0.806   0.576  -0.384  -0.722 1
  33.685  82.272  69.742  34.033  82.411  69.877  34.052  82.222  70.019
0.86  0.86  0.86 7
   0.383  -0.480  -0.789   0.576  -0.384  -0.722   0.615  -0.509  -0.602 1
  33.685  82.272  69.742  34.052  82.222  70.019  33.880  82.058  70.019
0.86  0.86  0.86 7
   0.383  -0.480  -0.789   0.615  -0.509  -0.602   0.483  -0.591  -0.646 1
  33.685  82.272  69.742  33.880  82.058  70.019  33.697  82.083  69.880
0.86  0.86  0.86 7
   0.383  -0.480  -0.789   0.483  -0.591  -0.646   0.328  -0.594  -0.734 1
  34.203  82.408  70.038  34.052  82.222  70.019  34.033  82.411  69.877
0.86  0.86  0.86 7
   0.699  -0.362  -0.617   0.615  -0.509  -0.602   0.576  -0.384  -0.722 1
  31.407  82.460  69.996  31.221  82.428  70.075  31.176  82.725  69.979
0.86  0.86  0.86 7
  -0.225  -0.385  -0.895  -0.367  -0.401  -0.839  -0.366  -0.261  -0.893 1
  31.407  82.460  69.996  31.176  82.725  69.979  31.380  82.748  69.903
0.86  0.86  0.86 7
  -0.225  -0.385  -0.895  -0.366  -0.261  -0.893  -0.270  -0.182  -0.946 1
  31.407  82.460  69.996  31.380  82.748  69.903  31.704  82.733  69.842
0.86  0.86  0.86 7
  -0.225  -0.385  -0.895  -0.270  -0.182  -0.946  -0.154  -0.227  -0.962 1
  31.407  82.460  69.996  31.704  82.733  69.842  31.706  82.442  69.952
0.86  0.86  0.86 7
  -0.225  -0.385  -0.895  -0.154  -0.227  -0.962  -0.141  -0.407  -0.902 1
  31.706  82.442  69.952  31.704  82.733  69.842  32.020  82.722  69.801
0.86  0.86  0.86 7
  -0.141  -0.407  -0.902  -0.154  -0.227  -0.962  -0.211  -0.251  -0.945 1
  31.706  82.442  69.952  32.020  82.722  69.801  32.049  82.422  69.907
0.86  0.86  0.86 7
  -0.141  -0.407  -0.902  -0.211  -0.251  -0.945  -0.303  -0.393  -0.868 1
  32.049  82.422  69.907  32.020  82.722  69.801  32.215  82.746  69.727
0.86  0.86  0.86 7
  -0.303  -0.393  -0.868  -0.211  -0.251  -0.945  -0.384  -0.183  -0.905 1
  32.049  82.422  69.907  32.215  82.746  69.727  32.369  82.571  69.699
0.86  0.86  0.86 7
  -0.303  -0.393  -0.868  -0.384  -0.183  -0.905  -0.396  -0.304  -0.866 1
  32.049  82.422  69.907  32.369  82.571  69.699  32.334  82.378  69.804
0.86  0.86  0.86 7
  -0.303  -0.393  -0.868  -0.396  -0.304  -0.866  -0.395  -0.420  -0.817 1
  32.334  82.378  69.804  32.369  82.571  69.699  32.532  82.398  69.689
0.86  0.86  0.86 7
  -0.395  -0.420  -0.817  -0.396  -0.304  -0.866  -0.367  -0.404  -0.838 1
  33.847  82.431  69.740  33.897  82.729  69.667  34.087  82.720  69.801
0.86  0.86  0.86 7
   0.476  -0.352  -0.806   0.490  -0.183  -0.852   0.615  -0.190  -0.765 1
  33.847  82.431  69.740  34.087  82.720  69.801  34.033  82.411  69.877
0.86  0.86  0.86 7
   0.476  -0.352  -0.806   0.615  -0.190  -0.765   0.576  -0.384  -0.722 1
  34.033  82.411  69.877  34.087  82.720  69.801  34.270  82.718  69.972
0.86  0.86  0.86 7
   0.576  -0.384  -0.722   0.615  -0.190  -0.765   0.723  -0.192  -0.663 1
  34.033  82.411  69.877  34.270  82.718  69.972  34.203  82.408  70.038
0.86  0.86  0.86 7
   0.576  -0.384  -0.722   0.723  -0.192  -0.663   0.699  -0.362  -0.617 1
  31.025  82.903  70.014  30.896  83.073  70.071  31.080  83.073  69.967
0.86  0.86  0.86 7
  -0.461  -0.139  -0.876  -0.556  -0.038  -0.830  -0.411  -0.028  -0.911 1
  31.380  82.748  69.903  31.176  82.725  69.979  31.025  82.903  70.014
0.86  0.86  0.86 7
  -0.270  -0.182  -0.946  -0.366  -0.261  -0.893  -0.461  -0.139  -0.876 1
  31.380  82.748  69.903  31.025  82.903  70.014  31.080  83.073  69.967
0.86  0.86  0.86 7
  -0.270  -0.182  -0.946  -0.461  -0.139  -0.876  -0.411  -0.028  -0.911 1
  31.380  82.748  69.903  31.080  83.073  69.967  31.369  83.073  69.859
0.86  0.86  0.86 7
  -0.270  -0.182  -0.946  -0.411  -0.028  -0.911  -0.242  -0.024  -0.970 1
  31.380  82.748  69.903  31.369  83.073  69.859  31.704  83.073  69.801
0.86  0.86  0.86 7
  -0.270  -0.182  -0.946  -0.242  -0.024  -0.970  -0.146  -0.035  -0.989 1
  31.380  82.748  69.903  31.704  83.073  69.801  31.704  82.733  69.842
0.86  0.86  0.86 7
  -0.270  -0.182  -0.946  -0.146  -0.035  -0.989  -0.154  -0.227  -0.962 1
  31.704  82.733  69.842  31.704  83.073  69.801  32.014  83.073  69.765
0.86  0.86  0.86 7
  -0.154  -0.227  -0.962  -0.146  -0.035  -0.989  -0.217  -0.046  -0.975 1
  31.704  82.733  69.842  32.014  83.073  69.765  32.020  82.722  69.801
0.86  0.86  0.86 7
  -0.154  -0.227  -0.962  -0.217  -0.046  -0.975  -0.211  -0.251  -0.945 1
  32.206  83.073  69.706  32.215  82.746  69.727  32.014  83.073  69.765
0.86  0.86  0.86 7
  -0.378  -0.008  -0.926  -0.384  -0.183  -0.905  -0.217  -0.046  -0.975 1
  32.014  83.073  69.765  32.215  82.746  69.727  32.020  82.722  69.801
0.86  0.86  0.86 7
  -0.217  -0.046  -0.975  -0.384  -0.183  -0.905  -0.211  -0.251  -0.945 1
  33.897  82.729  69.667  33.904  83.073  69.639  34.106  83.073  69.775
0.86  0.86  0.86 7
   0.490  -0.183  -0.852   0.501   0.018  -0.865   0.623   0.020  -0.782 1
  33.897  82.729  69.667  34.106  83.073  69.775  34.087  82.720  69.801
0.86  0.86  0.86 7
   0.490  -0.183  -0.852   0.623   0.020  -0.782   0.615  -0.190  -0.765 1
  34.087  82.720  69.801  34.106  83.073  69.775  34.294  83.073  69.948
0.86  0.86  0.86 7
   0.615  -0.190  -0.765   0.623   0.020  -0.782   0.735   0.017  -0.678 1
  34.087  82.720  69.801  34.294  83.073  69.948  34.270  82.718  69.972
0.86  0.86  0.86 7
   0.615  -0.190  -0.765   0.735   0.017  -0.678   0.723  -0.192  -0.663 1
  31.080  83.073  69.967  30.896  83.073  70.071  30.904  83.393  70.083
0.86  0.86  0.86 7
  -0.411  -0.028  -0.911  -0.556  -0.038  -0.830  -0.543   0.159  -0.824 1
  31.080  83.073  69.967  30.904  83.393  70.083  31.083  83.376  69.976
0.86  0.86  0.86 7
  -0.411  -0.028  -0.911  -0.543   0.159  -0.824  -0.392   0.163  -0.905 1
  31.080  83.073  69.967  31.083  83.376  69.976  31.373  83.405  69.876
0.86  0.86  0.86 7
  -0.411  -0.028  -0.911  -0.392   0.163  -0.905  -0.257   0.147  -0.955 1
  31.080  83.073  69.967  31.373  83.405  69.876  31.369  83.073  69.859
0.86  0.86  0.86 7
  -0.411  -0.028  -0.911  -0.257   0.147  -0.955  -0.242  -0.024  -0.970 1
  31.369  83.073  69.859  31.373  83.405  69.876  31.705  83.419  69.820
0.86  0.86  0.86 7
  -0.242  -0.024  -0.970  -0.257   0.147  -0.955  -0.143   0.150  -0.978 1
  31.369  83.073  69.859  31.705  83.419  69.820  31.704  83.073  69.801
0.86  0.86  0.86 7
  -0.242  -0.024  -0.970  -0.143   0.150  -0.978  -0.146  -0.035  -0.989 1
  31.704  83.073  69.801  31.705  83.419  69.820  32.018  83.427  69.785
0.86  0.86  0.86 7
  -0.146  -0.035  -0.989  -0.143   0.150  -0.978  -0.212   0.116  -0.970 1
  31.704  83.073  69.801  32.018  83.427  69.785  32.014  83.073  69.765
0.86  0.86  0.86 7
  -0.146  -0.035  -0.989  -0.212   0.116  -0.970  -0.217  -0.046  -0.975 1
  32.210  83.402  69.717  32.206  83.073  69.706  32.018  83.427  69.785
0.86  0.86  0.86 7
  -0.357   0.184  -0.916  -0.378  -0.008  -0.926  -0.212   0.116  -0.970 1
  32.018  83.427  69.785  32.206  83.073  69.706  32.014  83.073  69.765
0.86  0.86  0.86 7
  -0.212   0.116  -0.970  -0.378  -0.008  -0.926  -0.217  -0.046  -0.975 1
  33.904  83.073  69.639  33.890  83.414  69.677  34.080  83.423  69.811
0.86  0.86  0.86 7
   0.501   0.018  -0.865   0.480   0.242  -0.843   0.609   0.225  -0.760 1
  33.904  83.073  69.639  34.080  83.423  69.811  34.106  83.073  69.775
0.86  0.86  0.86 7
   0.501   0.018  -0.865   0.609   0.225  -0.760   0.623   0.020  -0.782 1
  34.106  83.073  69.775  34.080  83.423  69.811  34.261  83.425  69.980
0.86  0.86  0.86 7
   0.623   0.020  -0.782   0.609   0.225  -0.760   0.716   0.228  -0.660 1
  34.106  83.073  69.775  34.261  83.425  69.980  34.294  83.073  69.948
0.86  0.86  0.86 7
   0.623   0.020  -0.782   0.716   0.228  -0.660   0.735   0.017  -0.678 1
  30.904  83.393  70.083  31.042  83.570  70.043  31.083  83.376  69.976
0.86  0.86  0.86 7
  -0.543   0.159  -0.824  -0.467   0.262  -0.845  -0.392   0.163  -0.905 1
  31.083  83.376  69.976  31.042  83.570  70.043  31.201  83.742  70.028
0.86  0.86  0.86 7
  -0.392   0.163  -0.905  -0.467   0.262  -0.845  -0.365   0.373  -0.853 1
  31.083  83.376  69.976  31.201  83.742  70.028  31.394  83.705  69.950
0.86  0.86  0.86 7
  -0.392   0.163  -0.905  -0.365   0.373  -0.853  -0.245   0.324  -0.914 1
  31.083  83.376  69.976  31.394  83.705  69.950  31.373  83.405  69.876
0.86  0.86  0.86 7
  -0.392   0.163  -0.905  -0.245   0.324  -0.914  -0.257   0.147  -0.955 1
  31.373  83.405  69.876  31.394  83.705  69.950  31.705  83.732  69.901
0.86  0.86  0.86 7
  -0.257   0.147  -0.955  -0.245   0.324  -0.914  -0.137   0.346  -0.928 1
  31.373  83.405  69.876  31.705  83.732  69.901  31.705  83.419  69.820
0.86  0.86  0.86 7
  -0.257   0.147  -0.955  -0.137   0.346  -0.928  -0.143   0.150  -0.978 1
  31.705  83.419  69.820  31.705  83.732  69.901  32.036  83.742  69.862
0.86  0.86  0.86 7
  -0.143   0.150  -0.978  -0.137   0.346  -0.928  -0.160   0.404  -0.901 1
  31.705  83.419  69.820  32.036  83.742  69.862  32.018  83.427  69.785
0.86  0.86  0.86 7
  -0.143   0.150  -0.978  -0.160   0.404  -0.901  -0.212   0.116  -0.970 1
  32.370  83.575  69.700  32.210  83.402  69.717  32.352  83.787  69.803
0.86  0.86  0.86 7
  -0.340   0.316  -0.886  -0.357   0.184  -0.916  -0.298   0.445  -0.844 1
  32.036  83.742  69.862  32.352  83.787  69.803  32.210  83.402  69.717
0.86  0.86  0.86 7
  -0.160   0.404  -0.901  -0.298   0.445  -0.844  -0.357   0.184  -0.916 1
  32.036  83.742  69.862  32.210  83.402  69.717  32.018  83.427  69.785
0.86  0.86  0.86 7
  -0.160   0.404  -0.901  -0.357   0.184  -0.916  -0.212   0.116  -0.970 1
  32.352  83.787  69.803  32.541  83.736  69.709  32.370  83.575  69.700
0.86  0.86  0.86 7
  -0.298   0.445  -0.844  -0.300   0.448  -0.842  -0.340   0.316  -0.886 1
  33.554  83.761  69.667  33.756  83.791  69.768  33.723  83.591  69.655
0.86  0.86  0.86 7
   0.277   0.459  -0.844   0.440   0.463  -0.769   0.356   0.337  -0.872 1
  33.890  83.414  69.677  33.723  83.591  69.655  33.756  83.791  69.768
0.86  0.86  0.86 7
   0.480   0.242  -0.843   0.356   0.337  -0.872   0.440   0.463  -0.769 1
  33.890  83.414  69.677  33.756  83.791  69.768  34.021  83.723  69.895
0.86  0.86  0.86 7
   0.480   0.242  -0.843   0.440   0.463  -0.769   0.554   0.399  -0.731 1
  33.890  83.414  69.677  34.021  83.723  69.895  34.080  83.423  69.811
0.86  0.86  0.86 7
   0.480   0.242  -0.843   0.554   0.399  -0.731   0.609   0.225  -0.760 1
  34.080  83.423  69.811  34.021  83.723  69.895  34.188  83.726  70.054
0.86  0.86  0.86 7
   0.609   0.225  -0.760   0.554   0.399  -0.731   0.675   0.446  -0.588 1
  34.080  83.423  69.811  34.188  83.726  70.054  34.261  83.425  69.980
0.86  0.86  0.86 7
   0.609   0.225  -0.760   0.675   0.446  -0.588   0.716   0.228  -0.660 1
  31.201  83.742  70.028  31.373  83.904  70.043  31.394  83.705  69.950
0.86  0.86  0.86 7
  -0.365   0.373  -0.853  -0.235   0.465  -0.853  -0.245   0.324  -0.914 1
  31.394  83.705  69.950  31.373  83.904  70.043  31.705  83.928  69.993
0.86  0.86  0.86 7
  -0.245   0.324  -0.914  -0.235   0.465  -0.853  -0.105   0.493  -0.864 1
  31.394  83.705  69.950  31.705  83.928  69.993  31.705  83.732  69.901
0.86  0.86  0.86 7
  -0.245   0.324  -0.914  -0.105   0.493  -0.864  -0.137   0.346  -0.928 1
  31.705  83.732  69.901  31.705  83.928  69.993  32.037  83.959  69.984
0.86  0.86  0.86 7
  -0.137   0.346  -0.928  -0.105   0.493  -0.864  -0.046   0.541  -0.840 1
  31.705  83.732  69.901  32.037  83.959  69.984  32.036  83.742  69.862
0.86  0.86  0.86 7
  -0.137   0.346  -0.928  -0.046   0.541  -0.840  -0.160   0.404  -0.901 1
  32.036  83.742  69.862  32.037  83.959  69.984  32.208  84.057  70.055
0.86  0.86  0.86 7
  -0.160   0.404  -0.901  -0.046   0.541  -0.840  -0.125   0.633  -0.764 1
  32.036  83.742  69.862  32.208  84.057  70.055  32.402  83.998  69.945
0.86  0.86  0.86 7
  -0.160   0.404  -0.901  -0.125   0.633  -0.764  -0.261   0.603  -0.754 1
  32.036  83.742  69.862  32.402  83.998  69.945  32.352  83.787  69.803
0.86  0.86  0.86 7
  -0.160   0.404  -0.901  -0.261   0.603  -0.754  -0.298   0.445  -0.844 1
  32.713  83.886  69.732  32.541  83.736  69.709  32.706  84.070  69.873
0.86  0.86  0.86 7
  -0.228   0.541  -0.809  -0.300   0.448  -0.842  -0.249   0.635  -0.731 1
  32.402  83.998  69.945  32.706  84.070  69.873  32.541  83.736  69.709
0.86  0.86  0.86 7
  -0.261   0.603  -0.754  -0.249   0.635  -0.731  -0.300   0.448  -0.842 1
  32.402  83.998  69.945  32.541  83.736  69.709  32.352  83.787  69.803
0.86  0.86  0.86 7
  -0.261   0.603  -0.754  -0.300   0.448  -0.842  -0.298   0.445  -0.844 1
  33.038  83.915  69.691  32.713  83.886  69.732  33.038  84.107  69.836
0.86  0.86  0.86 7
  -0.050   0.545  -0.837  -0.228   0.541  -0.809  -0.050   0.661  -0.748 1
  33.038  84.107  69.836  32.713  83.886  69.732  32.706  84.070  69.873
0.86  0.86  0.86 7
  -0.050   0.661  -0.748  -0.228   0.541  -0.809  -0.249   0.635  -0.731 1
  33.371  83.905  69.705  33.038  83.915  69.691  33.378  84.094  69.849
0.86  0.86  0.86 7
   0.129   0.532  -0.837  -0.050   0.545  -0.837   0.171   0.641  -0.748 1
  33.378  84.094  69.849  33.038  83.915  69.691  33.038  84.107  69.836
0.86  0.86  0.86 7
   0.171   0.641  -0.748  -0.050   0.545  -0.837  -0.050   0.661  -0.748 1
  33.554  83.761  69.667  33.371  83.905  69.705  33.378  84.094  69.849
0.86  0.86  0.86 7
   0.277   0.459  -0.844   0.129   0.532  -0.837   0.171   0.641  -0.748 1
  33.554  83.761  69.667  33.378  84.094  69.849  33.686  84.036  69.901
0.86  0.86  0.86 7
   0.277   0.459  -0.844   0.171   0.641  -0.748   0.337   0.597  -0.728 1
  33.554  83.761  69.667  33.686  84.036  69.901  33.756  83.791  69.768
0.86  0.86  0.86 7
   0.277   0.459  -0.844   0.337   0.597  -0.728   0.440   0.463  -0.769 1
  33.756  83.791  69.768  33.686  84.036  69.901  33.867  84.065  70.043
0.86  0.86  0.86 7
   0.440   0.463  -0.769   0.337   0.597  -0.728   0.472   0.647  -0.598 1
  33.756  83.791  69.768  33.867  84.065  70.043  34.037  83.905  70.038
0.86  0.86  0.86 7
   0.440   0.463  -0.769   0.472   0.647  -0.598   0.560   0.528  -0.638 1
  33.756  83.791  69.768  34.037  83.905  70.038  34.021  83.723  69.895
0.86  0.86  0.86 7
   0.440   0.463  -0.769   0.560   0.528  -0.638   0.554   0.399  -0.731 1
  34.037  83.905  70.038  34.188  83.726  70.054  34.021  83.723  69.895
0.86  0.86  0.86 7
   0.560   0.528  -0.638   0.675   0.446  -0.588   0.554   0.399  -0.731 1
  32.208  84.057  70.055  32.396  84.192  70.107  32.402  83.998  69.945
0.86  0.86  0.86 7
  -0.125   0.633  -0.764  -0.238   0.732  -0.638  -0.261   0.603  -0.754 1
  32.402  83.998  69.945  32.396  84.192  70.107  32.706  84.234  70.041
0.86  0.86  0.86 7
  -0.261   0.603  -0.754  -0.238   0.732  -0.638  -0.211   0.738  -0.641 1
  32.402  83.998  69.945  32.706  84.234  70.041  32.706  84.070  69.873
0.86  0.86  0.86 7
  -0.261   0.603  -0.754  -0.211   0.738  -0.641  -0.249   0.635  -0.731 1
  32.706  84.070  69.873  32.706  84.234  70.041  33.038  84.277  70.010
0.86  0.86  0.86 7
  -0.249   0.635  -0.731  -0.211   0.738  -0.641  -0.051   0.765  -0.641 1
  32.706  84.070  69.873  33.038  84.277  70.010  33.038  84.107  69.836
0.86  0.86  0.86 7
  -0.249   0.635  -0.731  -0.051   0.765  -0.641  -0.050   0.661  -0.748 1
  33.038  84.107  69.836  33.038  84.277  70.010  33.378  84.261  70.021
0.86  0.86  0.86 7
  -0.050   0.661  -0.748  -0.051   0.765  -0.641   0.182   0.767  -0.615 1
  33.038  84.107  69.836  33.378  84.261  70.021  33.378  84.094  69.849
0.86  0.86  0.86 7
  -0.050   0.661  -0.748   0.182   0.767  -0.615   0.171   0.641  -0.748 1
  33.378  84.094  69.849  33.378  84.261  70.021  33.689  84.194  70.067
0.86  0.86  0.86 7
   0.171   0.641  -0.748   0.182   0.767  -0.615   0.324   0.728  -0.604 1
  33.378  84.094  69.849  33.689  84.194  70.067  33.686  84.036  69.901
0.86  0.86  0.86 7
   0.171   0.641  -0.748   0.324   0.728  -0.604   0.337   0.597  -0.728 1
  33.689  84.194  70.067  33.867  84.065  70.043  33.686  84.036  69.901
0.86  0.86  0.86 7
   0.324   0.728  -0.604   0.472   0.647  -0.598   0.337   0.597  -0.728 1
  32.721  81.632  70.395  32.529  81.718  70.358  32.704  81.739  70.203
0.86  0.86  0.86 7
  -0.226  -0.895  -0.385  -0.302  -0.830  -0.469  -0.240  -0.825  -0.512 1
  32.721  81.632  70.395  32.704  81.739  70.203  33.038  81.586  70.377
0.86  0.86  0.86 7
  -0.226  -0.895  -0.385  -0.240  -0.825  -0.512  -0.052  -0.918  -0.394 1
  33.038  81.586  70.377  32.704  81.739  70.203  33.038  81.696  70.172
0.86  0.86  0.86 7
  -0.052  -0.918  -0.394  -0.240  -0.825  -0.512  -0.052  -0.840  -0.540 1
  33.038  81.586  70.377  33.038  81.696  70.172  33.364  81.600  70.382
0.86  0.86  0.86 7
  -0.052  -0.918  -0.394  -0.052  -0.840  -0.540   0.154  -0.907  -0.391 1
  33.364  81.600  70.382  33.038  81.696  70.172  33.379  81.712  70.183
0.86  0.86  0.86 7
   0.154  -0.907  -0.391  -0.052  -0.840  -0.540   0.154  -0.831  -0.534 1
  33.364  81.600  70.382  33.379  81.712  70.183  33.676  81.675  70.414
0.86  0.86  0.86 7
   0.154  -0.907  -0.391   0.154  -0.831  -0.534   0.333  -0.866  -0.373 1
  33.676  81.675  70.414  33.379  81.712  70.183  33.687  81.775  70.233
0.86  0.86  0.86 7
   0.333  -0.866  -0.373   0.154  -0.831  -0.534   0.325  -0.794  -0.513 1
  33.851  81.771  70.391  33.676  81.675  70.414  33.687  81.775  70.233
0.86  0.86  0.86 7
   0.479  -0.784  -0.395   0.333  -0.866  -0.373   0.325  -0.794  -0.513 1
  31.378  81.927  70.391  31.194  82.055  70.348  31.380  82.091  70.231
0.86  0.86  0.86 7
  -0.287  -0.734  -0.616  -0.371  -0.617  -0.693  -0.236  -0.630  -0.740 1
  31.378  81.927  70.391  31.380  82.091  70.231  31.705  81.888  70.352
0.86  0.86  0.86 7
  -0.287  -0.734  -0.616  -0.236  -0.630  -0.740  -0.124  -0.750  -0.650 1
  31.705  81.888  70.352  31.380  82.091  70.231  31.705  82.061  70.186
0.86  0.86  0.86 7
  -0.124  -0.750  -0.650  -0.236  -0.630  -0.740  -0.140  -0.631  -0.763 1
  31.705  81.888  70.352  31.705  82.061  70.186  32.023  81.862  70.326
0.86  0.86  0.86 7
  -0.124  -0.750  -0.650  -0.140  -0.631  -0.763  -0.154  -0.785  -0.600 1
  32.023  81.862  70.326  31.705  82.061  70.186  32.024  82.039  70.156
0.86  0.86  0.86 7
  -0.154  -0.785  -0.600  -0.140  -0.631  -0.763  -0.204  -0.616  -0.761 1
  32.211  82.084  70.049  32.392  81.957  70.087  32.024  82.039  70.156
0.86  0.86  0.86 7
  -0.322  -0.608  -0.726  -0.287  -0.722  -0.630  -0.204  -0.616  -0.761 1
  32.024  82.039  70.156  32.392  81.957  70.087  32.023  81.862  70.326
0.86  0.86  0.86 7
  -0.204  -0.616  -0.761  -0.287  -0.722  -0.630  -0.154  -0.785  -0.600 1
  32.023  81.862  70.326  32.392  81.957  70.087  32.344  81.812  70.303
0.86  0.86  0.86 7
  -0.154  -0.785  -0.600  -0.287  -0.722  -0.630  -0.222  -0.838  -0.499 1
  32.392  81.957  70.087  32.697  81.883  70.013  32.704  81.739  70.203
0.86  0.86  0.86 7
  -0.287  -0.722  -0.630  -0.241  -0.731  -0.639  -0.240  -0.825  -0.512 1
  32.392  81.957  70.087  32.704  81.739  70.203  32.529  81.718  70.358
0.86  0.86  0.86 7
  -0.287  -0.722  -0.630  -0.240  -0.825  -0.512  -0.302  -0.830  -0.469 1
  32.392  81.957  70.087  32.529  81.718  70.358  32.344  81.812  70.303
0.86  0.86  0.86 7
  -0.287  -0.722  -0.630  -0.302  -0.830  -0.469  -0.222  -0.838  -0.499 1
  32.697  81.883  70.013  33.038  81.844  69.975  33.038  81.696  70.172
0.86  0.86  0.86 7
  -0.241  -0.731  -0.639  -0.050  -0.750  -0.659  -0.052  -0.840  -0.540 1
  32.697  81.883  70.013  33.038  81.696  70.172  32.704  81.739  70.203
0.86  0.86  0.86 7
  -0.241  -0.731  -0.639  -0.052  -0.840  -0.540  -0.240  -0.825  -0.512 1
  33.038  81.844  69.975  33.387  81.859  69.989  33.379  81.712  70.183
0.86  0.86  0.86 7
  -0.050  -0.750  -0.659   0.155  -0.743  -0.651   0.154  -0.831  -0.534 1
  33.038  81.844  69.975  33.379  81.712  70.183  33.038  81.696  70.172
0.86  0.86  0.86 7
  -0.050  -0.750  -0.659   0.154  -0.831  -0.534  -0.052  -0.840  -0.540 1
  33.387  81.859  69.989  33.699  81.915  70.047  33.687  81.775  70.233
0.86  0.86  0.86 7
   0.155  -0.743  -0.651   0.386  -0.711  -0.588   0.325  -0.794  -0.513 1
  33.387  81.859  69.989  33.687  81.775  70.233  33.379  81.712  70.183
0.86  0.86  0.86 7
   0.155  -0.743  -0.651   0.325  -0.794  -0.513   0.154  -0.831  -0.534 1
  33.699  81.915  70.047  33.880  82.058  70.019  34.053  82.054  70.185
0.86  0.86  0.86 7
   0.386  -0.711  -0.588   0.483  -0.591  -0.646   0.568  -0.637  -0.522 1
  33.699  81.915  70.047  34.053  82.054  70.185  34.037  81.908  70.371
0.86  0.86  0.86 7
   0.386  -0.711  -0.588   0.568  -0.637  -0.522   0.577  -0.710  -0.403 1
  33.699  81.915  70.047  34.037  81.908  70.371  33.851  81.771  70.391
0.86  0.86  0.86 7
   0.386  -0.711  -0.588   0.577  -0.710  -0.403   0.479  -0.784  -0.395 1
  33.699  81.915  70.047  33.851  81.771  70.391  33.687  81.775  70.233
0.86  0.86  0.86 7
   0.386  -0.711  -0.588   0.479  -0.784  -0.395   0.325  -0.794  -0.513 1
  34.206  82.072  70.369  34.037  81.908  70.371  34.053  82.054  70.185
0.86  0.86  0.86 7
   0.700  -0.588  -0.405   0.577  -0.710  -0.403   0.568  -0.637  -0.522 1
  31.009  82.210  70.326  30.837  82.379  70.335  31.028  82.397  70.189
0.86  0.86  0.86 7
  -0.504  -0.554  -0.663  -0.575  -0.450  -0.684  -0.482  -0.419  -0.770 1
  31.221  82.428  70.075  31.391  82.279  70.096  31.028  82.397  70.189
0.86  0.86  0.86 7
  -0.367  -0.401  -0.839  -0.284  -0.525  -0.802  -0.482  -0.419  -0.770 1
  31.028  82.397  70.189  31.391  82.279  70.096  31.009  82.210  70.326
0.86  0.86  0.86 7
  -0.482  -0.419  -0.770  -0.284  -0.525  -0.802  -0.504  -0.554  -0.663 1
  31.009  82.210  70.326  31.391  82.279  70.096  31.194  82.055  70.348
0.86  0.86  0.86 7
  -0.504  -0.554  -0.663  -0.284  -0.525  -0.802  -0.371  -0.617  -0.693 1
  31.194  82.055  70.348  31.391  82.279  70.096  31.380  82.091  70.231
0.86  0.86  0.86 7
  -0.371  -0.617  -0.693  -0.284  -0.525  -0.802  -0.236  -0.630  -0.740 1
  31.391  82.279  70.096  31.705  82.250  70.051  31.705  82.061  70.186
0.86  0.86  0.86 7
  -0.284  -0.525  -0.802  -0.141  -0.520  -0.843  -0.140  -0.631  -0.763 1
  31.391  82.279  70.096  31.705  82.061  70.186  31.380  82.091  70.231
0.86  0.86  0.86 7
  -0.284  -0.525  -0.802  -0.140  -0.631  -0.763  -0.236  -0.630  -0.740 1
  31.705  82.250  70.051  32.033  82.228  70.020  32.024  82.039  70.156
0.86  0.86  0.86 7
  -0.141  -0.520  -0.843  -0.237  -0.525  -0.818  -0.204  -0.616  -0.761 1
  31.705  82.250  70.051  32.024  82.039  70.156  31.705  82.061  70.186
0.86  0.86  0.86 7
  -0.141  -0.520  -0.843  -0.204  -0.616  -0.761  -0.140  -0.631  -0.763 1
  32.024  82.039  70.156  32.033  82.228  70.020  32.211  82.084  70.049
0.86  0.86  0.86 7
  -0.204  -0.616  -0.761  -0.237  -0.525  -0.818  -0.322  -0.608  -0.726 1
  34.052  82.222  70.019  34.053  82.054  70.185  33.880  82.058  70.019
0.86  0.86  0.86 7
   0.615  -0.509  -0.602   0.568  -0.637  -0.522   0.483  -0.591  -0.646 1
  34.052  82.222  70.019  34.203  82.408  70.038  34.350  82.421  70.218
0.86  0.86  0.86 7
   0.615  -0.509  -0.602   0.699  -0.362  -0.617   0.769  -0.385  -0.511 1
  34.052  82.222  70.019  34.350  82.421  70.218  34.351  82.253  70.384
0.86  0.86  0.86 7
   0.615  -0.509  -0.602   0.769  -0.385  -0.511   0.769  -0.501  -0.398 1
  34.052  82.222  70.019  34.351  82.253  70.384  34.206  82.072  70.369
0.86  0.86  0.86 7
   0.615  -0.509  -0.602   0.769  -0.501  -0.398   0.700  -0.588  -0.405 1
  34.052  82.222  70.019  34.206  82.072  70.369  34.053  82.054  70.185
0.86  0.86  0.86 7
   0.615  -0.509  -0.602   0.700  -0.588  -0.405   0.568  -0.637  -0.522 1
  34.461  82.428  70.403  34.351  82.253  70.384  34.350  82.421  70.218
0.86  0.86  0.86 7
   0.859  -0.358  -0.367   0.769  -0.501  -0.398   0.769  -0.385  -0.511 1
  30.694  82.567  70.357  30.574  82.752  70.406  30.741  82.752  70.240
0.86  0.86  0.86 7
  -0.686  -0.340  -0.643  -0.737  -0.212  -0.642  -0.619  -0.210  -0.757 1
  31.028  82.397  70.189  30.837  82.379  70.335  30.694  82.567  70.357
0.86  0.86  0.86 7
  -0.482  -0.419  -0.770  -0.575  -0.450  -0.684  -0.686  -0.340  -0.643 1
  31.028  82.397  70.189  30.694  82.567  70.357  30.741  82.752  70.240
0.86  0.86  0.86 7
  -0.482  -0.419  -0.770  -0.686  -0.340  -0.643  -0.619  -0.210  -0.757 1
  31.028  82.397  70.189  30.741  82.752  70.240  30.960  82.708  70.094
0.86  0.86  0.86 7
  -0.482  -0.419  -0.770  -0.619  -0.210  -0.757  -0.491  -0.280  -0.825 1
  31.176  82.725  69.979  31.221  82.428  70.075  30.960  82.708  70.094
0.86  0.86  0.86 7
  -0.366  -0.261  -0.893  -0.367  -0.401  -0.839  -0.491  -0.280  -0.825 1
  30.960  82.708  70.094  31.221  82.428  70.075  31.028  82.397  70.189
0.86  0.86  0.86 7
  -0.491  -0.280  -0.825  -0.367  -0.401  -0.839  -0.482  -0.419  -0.770 1
  34.203  82.408  70.038  34.270  82.718  69.972  34.424  82.725  70.166
0.86  0.86  0.86 7
   0.699  -0.362  -0.617   0.723  -0.192  -0.663   0.817  -0.189  -0.545 1
  34.203  82.408  70.038  34.424  82.725  70.166  34.350  82.421  70.218
0.86  0.86  0.86 7
   0.699  -0.362  -0.617   0.817  -0.189  -0.545   0.769  -0.385  -0.511 1
  34.350  82.421  70.218  34.424  82.725  70.166  34.541  82.739  70.369
0.86  0.86  0.86 7
   0.769  -0.385  -0.511   0.817  -0.189  -0.545   0.896  -0.182  -0.404 1
  34.350  82.421  70.218  34.541  82.739  70.369  34.461  82.428  70.403
0.86  0.86  0.86 7
   0.769  -0.385  -0.511   0.896  -0.182  -0.404   0.859  -0.358  -0.367 1
  30.741  82.752  70.240  30.574  82.752  70.406  30.542  83.073  70.374
0.86  0.86  0.86 7
  -0.619  -0.210  -0.757  -0.737  -0.212  -0.642  -0.727  -0.047  -0.684 1
  30.741  82.752  70.240  30.542  83.073  70.374  30.709  83.073  70.208
0.86  0.86  0.86 7
  -0.619  -0.210  -0.757  -0.727  -0.047  -0.684  -0.662  -0.025  -0.749 1
  30.741  82.752  70.240  30.709  83.073  70.208  30.896  83.073  70.071
0.86  0.86  0.86 7
  -0.619  -0.210  -0.757  -0.662  -0.025  -0.749  -0.556  -0.038  -0.830 1
  30.741  82.752  70.240  30.896  83.073  70.071  31.025  82.903  70.014
0.86  0.86  0.86 7
  -0.619  -0.210  -0.757  -0.556  -0.038  -0.830  -0.461  -0.139  -0.876 1
  30.741  82.752  70.240  31.025  82.903  70.014  30.960  82.708  70.094
0.86  0.86  0.86 7
  -0.619  -0.210  -0.757  -0.461  -0.139  -0.876  -0.491  -0.280  -0.825 1
  30.960  82.708  70.094  31.025  82.903  70.014  31.176  82.725  69.979
0.86  0.86  0.86 7
  -0.491  -0.280  -0.825  -0.461  -0.139  -0.876  -0.366  -0.261  -0.893 1
  34.270  82.718  69.972  34.294  83.073  69.948  34.450  83.073  70.147
0.86  0.86  0.86 7
   0.723  -0.192  -0.663   0.735   0.017  -0.678   0.831   0.017  -0.556 1
  34.270  82.718  69.972  34.450  83.073  70.147  34.424  82.725  70.166
0.86  0.86  0.86 7
   0.723  -0.192  -0.663   0.831   0.017  -0.556   0.817  -0.189  -0.545 1
  34.424  82.725  70.166  34.450  83.073  70.147  34.567  83.073  70.356
0.86  0.86  0.86 7
   0.817  -0.189  -0.545   0.831   0.017  -0.556   0.913   0.018  -0.409 1
  34.424  82.725  70.166  34.567  83.073  70.356  34.541  82.739  70.369
0.86  0.86  0.86 7
   0.817  -0.189  -0.545   0.913   0.018  -0.409   0.896  -0.182  -0.404 1
  30.709  83.073  70.208  30.542  83.073  70.374  30.554  83.401  70.386
0.86  0.86  0.86 7
  -0.662  -0.025  -0.749  -0.727  -0.047  -0.684  -0.699   0.133  -0.702 1
  30.709  83.073  70.208  30.554  83.401  70.386  30.721  83.401  70.220
0.86  0.86  0.86 7
  -0.662  -0.025  -0.749  -0.699   0.133  -0.702  -0.644   0.149  -0.750 1
  30.904  83.393  70.083  30.896  83.073  70.071  30.721  83.401  70.220
0.86  0.86  0.86 7
  -0.543   0.159  -0.824  -0.556  -0.038  -0.830  -0.644   0.149  -0.750 1
  30.721  83.401  70.220  30.896  83.073  70.071  30.709  83.073  70.208
0.86  0.86  0.86 7
  -0.644   0.149  -0.750  -0.556  -0.038  -0.830  -0.662  -0.025  -0.749 1
  34.294  83.073  69.948  34.261  83.425  69.980  34.414  83.419  70.173
0.86  0.86  0.86 7
   0.735   0.017  -0.678   0.716   0.228  -0.660   0.807   0.219  -0.548 1
  34.294  83.073  69.948  34.414  83.419  70.173  34.450  83.073  70.147
0.86  0.86  0.86 7
   0.735   0.017  -0.678   0.807   0.219  -0.548   0.831   0.017  -0.556 1
  34.450  83.073  70.147  34.414  83.419  70.173  34.530  83.404  70.374
0.86  0.86  0.86 7
   0.831   0.017  -0.556   0.807   0.219  -0.548   0.893   0.216  -0.394 1
  34.450  83.073  70.147  34.530  83.404  70.374  34.567  83.073  70.356
0.86  0.86  0.86 7
   0.831   0.017  -0.556   0.893   0.216  -0.394   0.913   0.018  -0.409 1
  30.721  83.401  70.220  30.554  83.401  70.386  30.610  83.711  70.442
0.86  0.86  0.86 7
  -0.644   0.149  -0.750  -0.699   0.133  -0.702  -0.605   0.305  -0.735 1
  30.721  83.401  70.220  30.610  83.711  70.442  30.777  83.710  70.276
0.86  0.86  0.86 7
  -0.644   0.149  -0.750  -0.605   0.305  -0.735  -0.592   0.360  -0.721 1
  31.042  83.570  70.043  30.904  83.393  70.083  31.003  83.766  70.143
0.86  0.86  0.86 7
  -0.467   0.262  -0.845  -0.543   0.159  -0.824  -0.503   0.357  -0.787 1
  30.777  83.710  70.276  31.003  83.766  70.143  30.904  83.393  70.083
0.86  0.86  0.86 7
  -0.592   0.360  -0.721  -0.503   0.357  -0.787  -0.543   0.159  -0.824 1
  30.777  83.710  70.276  30.904  83.393  70.083  30.721  83.401  70.220
0.86  0.86  0.86 7
  -0.592   0.360  -0.721  -0.543   0.159  -0.824  -0.644   0.149  -0.750 1
  31.003  83.766  70.143  31.201  83.742  70.028  31.042  83.570  70.043
0.86  0.86  0.86 7
  -0.503   0.357  -0.787  -0.365   0.373  -0.853  -0.467   0.262  -0.845 1
  34.261  83.425  69.980  34.188  83.726  70.054  34.332  83.713  70.230
0.86  0.86  0.86 7
   0.716   0.228  -0.660   0.675   0.446  -0.588   0.748   0.395  -0.533 1
  34.261  83.425  69.980  34.332  83.713  70.230  34.414  83.419  70.173
0.86  0.86  0.86 7
   0.716   0.228  -0.660   0.748   0.395  -0.533   0.807   0.219  -0.548 1
  34.414  83.419  70.173  34.332  83.713  70.230  34.443  83.699  70.397
0.86  0.86  0.86 7
   0.807   0.219  -0.548   0.748   0.395  -0.533   0.834   0.397  -0.382 1
  34.414  83.419  70.173  34.443  83.699  70.397  34.530  83.404  70.374
0.86  0.86  0.86 7
   0.807   0.219  -0.548   0.834   0.397  -0.382   0.893   0.216  -0.394 1
  30.610  83.711  70.442  30.749  83.880  70.418  30.777  83.710  70.276
0.86  0.86  0.86 7
  -0.605   0.305  -0.735  -0.610   0.409  -0.679  -0.592   0.360  -0.721 1
  30.777  83.710  70.276  30.749  83.880  70.418  30.890  84.055  70.398
0.86  0.86  0.86 7
  -0.592   0.360  -0.721  -0.610   0.409  -0.679  -0.504   0.515  -0.694 1
  30.777  83.710  70.276  30.890  84.055  70.398  31.074  84.037  70.257
0.86  0.86  0.86 7
  -0.592   0.360  -0.721  -0.504   0.515  -0.694  -0.429   0.513  -0.743 1
  30.777  83.710  70.276  31.074  84.037  70.257  31.003  83.766  70.143
0.86  0.86  0.86 7
  -0.592   0.360  -0.721  -0.429   0.513  -0.743  -0.503   0.357  -0.787 1
  31.373  83.904  70.043  31.201  83.742  70.028  31.361  84.098  70.168
0.86  0.86  0.86 7
  -0.235   0.465  -0.853  -0.365   0.373  -0.853  -0.255   0.576  -0.777 1
  31.074  84.037  70.257  31.361  84.098  70.168  31.201  83.742  70.028
0.86  0.86  0.86 7
  -0.429   0.513  -0.743  -0.255   0.576  -0.777  -0.365   0.373  -0.853 1
  31.074  84.037  70.257  31.201  83.742  70.028  31.003  83.766  70.143
0.86  0.86  0.86 7
  -0.429   0.513  -0.743  -0.365   0.373  -0.853  -0.503   0.357  -0.787 1
  31.705  83.928  69.993  31.373  83.904  70.043  31.704  84.133  70.119
0.86  0.86  0.86 7
  -0.105   0.493  -0.864  -0.235   0.465  -0.853  -0.058   0.595  -0.801 1
  31.704  84.133  70.119  31.373  83.904  70.043  31.361  84.098  70.168
0.86  0.86  0.86 7
  -0.058   0.595  -0.801  -0.235   0.465  -0.853  -0.255   0.576  -0.777 1
  32.037  83.959  69.984  31.705  83.928  69.993  32.036  84.128  70.127
0.86  0.86  0.86 7
  -0.046   0.541  -0.840  -0.105   0.493  -0.864  -0.028   0.618  -0.786 1
  32.036  84.128  70.127  31.705  83.928  69.993  31.704  84.133  70.119
0.86  0.86  0.86 7
  -0.028   0.618  -0.786  -0.105   0.493  -0.864  -0.058   0.595  -0.801 1
  32.036  84.128  70.127  32.208  84.057  70.055  32.037  83.959  69.984
0.86  0.86  0.86 7
  -0.028   0.618  -0.786  -0.125   0.633  -0.764  -0.046   0.541  -0.840 1
  33.867  84.065  70.043  34.036  84.070  70.205  34.037  83.905  70.038
0.86  0.86  0.86 7
   0.472   0.647  -0.598   0.599   0.614  -0.513   0.560   0.528  -0.638 1
  34.188  83.726  70.054  34.037  83.905  70.038  34.036  84.070  70.205
0.86  0.86  0.86 7
   0.675   0.446  -0.588   0.560   0.528  -0.638   0.599   0.614  -0.513 1
  34.188  83.726  70.054  34.036  84.070  70.205  34.184  84.053  70.386
0.86  0.86  0.86 7
   0.675   0.446  -0.588   0.599   0.614  -0.513   0.670   0.628  -0.395 1
  34.188  83.726  70.054  34.184  84.053  70.386  34.330  83.879  70.397
0.86  0.86  0.86 7
   0.675   0.446  -0.588   0.670   0.628  -0.395   0.738   0.544  -0.400 1
  34.188  83.726  70.054  34.330  83.879  70.397  34.332  83.713  70.230
0.86  0.86  0.86 7
   0.675   0.446  -0.588   0.738   0.544  -0.400   0.748   0.395  -0.533 1
  34.330  83.879  70.397  34.443  83.699  70.397  34.332  83.713  70.230
0.86  0.86  0.86 7
   0.738   0.544  -0.400   0.834   0.397  -0.382   0.748   0.395  -0.533 1
  30.890  84.055  70.398  31.066  84.205  70.404  31.074  84.037  70.257
0.86  0.86  0.86 7
  -0.504   0.515  -0.694  -0.411   0.643  -0.646  -0.429   0.513  -0.743 1
  31.074  84.037  70.257  31.066  84.205  70.404  31.357  84.284  70.326
0.86  0.86  0.86 7
  -0.429   0.513  -0.743  -0.411   0.643  -0.646  -0.294   0.657  -0.694 1
  31.074  84.037  70.257  31.357  84.284  70.326  31.361  84.098  70.168
0.86  0.86  0.86 7
  -0.429   0.513  -0.743  -0.294   0.657  -0.694  -0.255   0.576  -0.777 1
  31.361  84.098  70.168  31.357  84.284  70.326  31.540  84.394  70.381
0.86  0.86  0.86 7
  -0.255   0.576  -0.777  -0.294   0.657  -0.694  -0.174   0.740  -0.650 1
  31.361  84.098  70.168  31.540  84.394  70.381  31.705  84.327  70.282
0.86  0.86  0.86 7
  -0.255   0.576  -0.777  -0.174   0.740  -0.650  -0.092   0.680  -0.727 1
  31.361  84.098  70.168  31.705  84.327  70.282  31.704  84.133  70.119
0.86  0.86  0.86 7
  -0.255   0.576  -0.777  -0.092   0.680  -0.727  -0.058   0.595  -0.801 1
  31.704  84.133  70.119  31.705  84.327  70.282  31.872  84.413  70.365
0.86  0.86  0.86 7
  -0.058   0.595  -0.801  -0.092   0.680  -0.727   0.025   0.739  -0.673 1
  31.704  84.133  70.119  31.872  84.413  70.365  32.039  84.323  70.287
0.86  0.86  0.86 7
  -0.058   0.595  -0.801   0.025   0.739  -0.673   0.020   0.701  -0.713 1
  31.704  84.133  70.119  32.039  84.323  70.287  32.036  84.128  70.127
0.86  0.86  0.86 7
  -0.058   0.595  -0.801   0.020   0.701  -0.713  -0.028   0.618  -0.786 1
  32.396  84.192  70.107  32.208  84.057  70.055  32.359  84.328  70.294
0.86  0.86  0.86 7
  -0.238   0.732  -0.638  -0.125   0.633  -0.764  -0.113   0.767  -0.631 1
  32.039  84.323  70.287  32.359  84.328  70.294  32.208  84.057  70.055
0.86  0.86  0.86 7
   0.020   0.701  -0.713  -0.113   0.767  -0.631  -0.125   0.633  -0.764 1
  32.039  84.323  70.287  32.208  84.057  70.055  32.036  84.128  70.127
0.86  0.86  0.86 7
   0.020   0.701  -0.713  -0.125   0.633  -0.764  -0.028   0.618  -0.786 1
  32.706  84.234  70.041  32.396  84.192  70.107  32.715  84.371  70.229
0.86  0.86  0.86 7
  -0.211   0.738  -0.641  -0.238   0.732  -0.638  -0.186   0.834  -0.519 1
  32.715  84.371  70.229  32.396  84.192  70.107  32.538  84.408  70.369
0.86  0.86  0.86 7
  -0.186   0.834  -0.519  -0.238   0.732  -0.638  -0.160   0.799  -0.580 1
  32.538  84.408  70.369  32.396  84.192  70.107  32.359  84.328  70.294
0.86  0.86  0.86 7
  -0.160   0.799  -0.580  -0.238   0.732  -0.638  -0.113   0.767  -0.631 1
  33.038  84.277  70.010  32.706  84.234  70.041  33.038  84.412  70.199
0.86  0.86  0.86 7
  -0.051   0.765  -0.641  -0.211   0.738  -0.641  -0.054   0.852  -0.521 1
  33.038  84.412  70.199  32.706  84.234  70.041  32.715  84.371  70.229
0.86  0.86  0.86 7
  -0.054   0.852  -0.521  -0.211   0.738  -0.641  -0.186   0.834  -0.519 1
  33.378  84.261  70.021  33.038  84.277  70.010  33.369  84.398  70.209
0.86  0.86  0.86 7
   0.182   0.767  -0.615  -0.051   0.765  -0.641   0.131   0.837  -0.531 1
  33.369  84.398  70.209  33.038  84.277  70.010  33.038  84.412  70.199
0.86  0.86  0.86 7
   0.131   0.837  -0.531  -0.051   0.765  -0.641  -0.054   0.852  -0.521 1
  33.689  84.194  70.067  33.378  84.261  70.021  33.751  84.332  70.324
0.86  0.86  0.86 7
   0.324   0.728  -0.604   0.182   0.767  -0.615   0.423   0.795  -0.434 1
  33.751  84.332  70.324  33.378  84.261  70.021  33.549  84.433  70.355
0.86  0.86  0.86 7
   0.423   0.795  -0.434   0.182   0.767  -0.615   0.280   0.864  -0.418 1
  33.549  84.433  70.355  33.378  84.261  70.021  33.369  84.398  70.209
0.86  0.86  0.86 7
   0.280   0.864  -0.418   0.182   0.767  -0.615   0.131   0.837  -0.531 1
  33.867  84.065  70.043  33.689  84.194  70.067  33.751  84.332  70.324
0.86  0.86  0.86 7
   0.472   0.647  -0.598   0.324   0.728  -0.604   0.423   0.795  -0.434 1
  33.867  84.065  70.043  33.751  84.332  70.324  34.017  84.208  70.391
0.86  0.86  0.86 7
   0.472   0.647  -0.598   0.423   0.795  -0.434   0.534   0.740  -0.409 1
  33.867  84.065  70.043  34.017  84.208  70.391  34.036  84.070  70.205
0.86  0.86  0.86 7
   0.472   0.647  -0.598   0.534   0.740  -0.409   0.599   0.614  -0.513 1
  34.017  84.208  70.391  34.184  84.053  70.386  34.036  84.070  70.205
0.86  0.86  0.86 7
   0.534   0.740  -0.409   0.670   0.628  -0.395   0.599   0.614  -0.513 1
  31.540  84.394  70.381  31.705  84.472  70.438  31.705  84.327  70.282
0.86  0.86  0.86 7
  -0.174   0.740  -0.650  -0.073   0.771  -0.632  -0.092   0.680  -0.727 1
  31.705  84.472  70.438  31.872  84.413  70.365  31.705  84.327  70.282
0.86  0.86  0.86 7
  -0.073   0.771  -0.632   0.025   0.739  -0.673  -0.092   0.680  -0.727 1
  32.538  84.408  70.369  32.733  84.489  70.426  32.715  84.371  70.229
0.86  0.86  0.86 7
  -0.160   0.799  -0.580  -0.117   0.836  -0.536  -0.186   0.834  -0.519 1
  32.715  84.371  70.229  32.733  84.489  70.426  33.038  84.512  70.396
0.86  0.86  0.86 7
  -0.186   0.834  -0.519  -0.117   0.836  -0.536  -0.025   0.889  -0.457 1
  32.715  84.371  70.229  33.038  84.512  70.396  33.038  84.412  70.199
0.86  0.86  0.86 7
  -0.186   0.834  -0.519  -0.025   0.889  -0.457  -0.054   0.852  -0.521 1
  33.038  84.412  70.199  33.038  84.512  70.396  33.351  84.501  70.401
0.86  0.86  0.86 7
  -0.054   0.852  -0.521  -0.025   0.889  -0.457   0.109   0.900  -0.422 1
  33.038  84.412  70.199  33.351  84.501  70.401  33.369  84.398  70.209
0.86  0.86  0.86 7
  -0.054   0.852  -0.521   0.109   0.900  -0.422   0.131   0.837  -0.531 1
  33.351  84.501  70.401  33.549  84.433  70.355  33.369  84.398  70.209
0.86  0.86  0.86 7
   0.109   0.900  -0.422   0.280   0.864  -0.418   0.131   0.837  -0.531 1
  31.400  81.674  70.746  31.213  81.760  70.715  31.384  81.785  70.569
0.86  0.86  0.86 7
  -0.262  -0.879  -0.399  -0.364  -0.794  -0.486  -0.234  -0.807  -0.542 1
  31.400  81.674  70.746  31.384  81.785  70.569  31.705  81.628  70.727
0.86  0.86  0.86 7
  -0.262  -0.879  -0.399  -0.234  -0.807  -0.542  -0.073  -0.894  -0.442 1
  31.705  81.628  70.727  31.384  81.785  70.569  31.705  81.741  70.538
0.86  0.86  0.86 7
  -0.073  -0.894  -0.442  -0.234  -0.807  -0.542  -0.087  -0.825  -0.559 1
  31.705  81.628  70.727  31.705  81.741  70.538  32.038  81.633  70.729
0.86  0.86  0.86 7
  -0.073  -0.894  -0.442  -0.087  -0.825  -0.559  -0.027  -0.917  -0.398 1
  32.038  81.633  70.729  31.705  81.741  70.538  32.038  81.736  70.535
0.86  0.86  0.86 7
  -0.027  -0.917  -0.398  -0.087  -0.825  -0.559  -0.081  -0.857  -0.509 1
  32.038  81.633  70.729  32.038  81.736  70.535  32.377  81.596  70.713
0.86  0.86  0.86 7
  -0.027  -0.917  -0.398  -0.081  -0.857  -0.509  -0.164  -0.935  -0.316 1
  32.377  81.596  70.713  32.038  81.736  70.535  32.362  81.703  70.520
0.86  0.86  0.86 7
  -0.164  -0.935  -0.316  -0.081  -0.857  -0.509  -0.223  -0.867  -0.446 1
  32.529  81.718  70.358  32.721  81.632  70.395  32.362  81.703  70.520
0.86  0.86  0.86 7
  -0.302  -0.830  -0.469  -0.226  -0.895  -0.385  -0.223  -0.867  -0.446 1
  32.362  81.703  70.520  32.721  81.632  70.395  32.377  81.596  70.713
0.86  0.86  0.86 7
  -0.223  -0.867  -0.446  -0.226  -0.895  -0.385  -0.164  -0.935  -0.316 1
  32.377  81.596  70.713  32.721  81.632  70.395  32.696  81.538  70.695
0.86  0.86  0.86 7
  -0.164  -0.935  -0.316  -0.226  -0.895  -0.385  -0.169  -0.967  -0.189 1
  32.721  81.632  70.395  33.038  81.586  70.377  33.038  81.485  70.681
0.86  0.86  0.86 7
  -0.226  -0.895  -0.385  -0.052  -0.918  -0.394  -0.050  -0.976  -0.212 1
  32.721  81.632  70.395  33.038  81.485  70.681  32.696  81.538  70.695
0.86  0.86  0.86 7
  -0.226  -0.895  -0.385  -0.050  -0.976  -0.212  -0.169  -0.967  -0.189 1
  33.038  81.586  70.377  33.364  81.600  70.382  33.388  81.505  70.686
0.86  0.86  0.86 7
  -0.052  -0.918  -0.394   0.154  -0.907  -0.391   0.160  -0.965  -0.208 1
  33.038  81.586  70.377  33.388  81.505  70.686  33.038  81.485  70.681
0.86  0.86  0.86 7
  -0.052  -0.918  -0.394   0.160  -0.965  -0.208  -0.050  -0.976  -0.212 1
  33.364  81.600  70.382  33.676  81.675  70.414  33.698  81.587  70.707
0.86  0.86  0.86 7
   0.154  -0.907  -0.391   0.333  -0.866  -0.373   0.368  -0.911  -0.184 1
  33.364  81.600  70.382  33.698  81.587  70.707  33.388  81.505  70.686
0.86  0.86  0.86 7
   0.154  -0.907  -0.391   0.368  -0.911  -0.184   0.160  -0.965  -0.208 1
  33.676  81.675  70.414  33.851  81.771  70.391  33.897  81.689  70.691
0.86  0.86  0.86 7
   0.333  -0.866  -0.373   0.479  -0.784  -0.395   0.480  -0.846  -0.233 1
  33.676  81.675  70.414  33.897  81.689  70.691  33.698  81.587  70.707
0.86  0.86  0.86 7
   0.333  -0.866  -0.373   0.480  -0.846  -0.233   0.368  -0.911  -0.184 1
  31.020  81.880  70.686  30.835  82.030  70.667  31.010  82.031  70.494
0.86  0.86  0.86 7
  -0.493  -0.743  -0.453  -0.580  -0.637  -0.508  -0.455  -0.670  -0.586 1
  31.194  82.055  70.348  31.378  81.927  70.391  31.010  82.031  70.494
0.86  0.86  0.86 7
  -0.371  -0.617  -0.693  -0.287  -0.734  -0.616  -0.455  -0.670  -0.586 1
  31.010  82.031  70.494  31.378  81.927  70.391  31.020  81.880  70.686
0.86  0.86  0.86 7
  -0.455  -0.670  -0.586  -0.287  -0.734  -0.616  -0.493  -0.743  -0.453 1
  31.020  81.880  70.686  31.378  81.927  70.391  31.213  81.760  70.715
0.86  0.86  0.86 7
  -0.493  -0.743  -0.453  -0.287  -0.734  -0.616  -0.364  -0.794  -0.486 1
  31.213  81.760  70.715  31.378  81.927  70.391  31.384  81.785  70.569
0.86  0.86  0.86 7
  -0.364  -0.794  -0.486  -0.287  -0.734  -0.616  -0.234  -0.807  -0.542 1
  31.378  81.927  70.391  31.705  81.888  70.352  31.705  81.741  70.538
0.86  0.86  0.86 7
  -0.287  -0.734  -0.616  -0.124  -0.750  -0.650  -0.087  -0.825  -0.559 1
  31.378  81.927  70.391  31.705  81.741  70.538  31.384  81.785  70.569
0.86  0.86  0.86 7
  -0.287  -0.734  -0.616  -0.087  -0.825  -0.559  -0.234  -0.807  -0.542 1
  31.705  81.888  70.352  32.023  81.862  70.326  32.038  81.736  70.535
0.86  0.86  0.86 7
  -0.124  -0.750  -0.650  -0.154  -0.785  -0.600  -0.081  -0.857  -0.509 1
  31.705  81.888  70.352  32.038  81.736  70.535  31.705  81.741  70.538
0.86  0.86  0.86 7
  -0.124  -0.750  -0.650  -0.081  -0.857  -0.509  -0.087  -0.825  -0.559 1
  32.023  81.862  70.326  32.344  81.812  70.303  32.362  81.703  70.520
0.86  0.86  0.86 7
  -0.154  -0.785  -0.600  -0.222  -0.838  -0.499  -0.223  -0.867  -0.446 1
  32.023  81.862  70.326  32.362  81.703  70.520  32.038  81.736  70.535
0.86  0.86  0.86 7
  -0.154  -0.785  -0.600  -0.223  -0.867  -0.446  -0.081  -0.857  -0.509 1
  32.362  81.703  70.520  32.344  81.812  70.303  32.529  81.718  70.358
0.86  0.86  0.86 7
  -0.223  -0.867  -0.446  -0.222  -0.838  -0.499  -0.302  -0.830  -0.469 1
  33.851  81.771  70.391  34.037  81.908  70.371  34.095  81.827  70.681
0.86  0.86  0.86 7
   0.479  -0.784  -0.395   0.577  -0.710  -0.403   0.634  -0.749  -0.195 1
  33.851  81.771  70.391  34.095  81.827  70.681  33.897  81.689  70.691
0.86  0.86  0.86 7
   0.479  -0.784  -0.395   0.634  -0.749  -0.195   0.480  -0.846  -0.233 1
  34.037  81.908  70.371  34.206  82.072  70.369  34.277  82.000  70.679
0.86  0.86  0.86 7
   0.577  -0.710  -0.403   0.700  -0.588  -0.405   0.712  -0.659  -0.242 1
  34.037  81.908  70.371  34.277  82.000  70.679  34.095  81.827  70.681
0.86  0.86  0.86 7
   0.577  -0.710  -0.403   0.712  -0.659  -0.242   0.634  -0.749  -0.195 1
  30.659  82.209  70.673  30.521  82.395  70.692  30.669  82.378  70.502
0.86  0.86  0.86 7
  -0.699  -0.547  -0.460  -0.764  -0.416  -0.493  -0.659  -0.473  -0.584 1
  30.837  82.379  70.335  31.009  82.210  70.326  30.669  82.378  70.502
0.86  0.86  0.86 7
  -0.575  -0.450  -0.684  -0.504  -0.554  -0.663  -0.659  -0.473  -0.584 1
  30.669  82.378  70.502  31.009  82.210  70.326  30.659  82.209  70.673
0.86  0.86  0.86 7
  -0.659  -0.473  -0.584  -0.504  -0.554  -0.663  -0.699  -0.547  -0.460 1
  30.659  82.209  70.673  31.009  82.210  70.326  30.835  82.030  70.667
0.86  0.86  0.86 7
  -0.699  -0.547  -0.460  -0.504  -0.554  -0.663  -0.580  -0.637  -0.508 1
  30.835  82.030  70.667  31.009  82.210  70.326  31.010  82.031  70.494
0.86  0.86  0.86 7
  -0.580  -0.637  -0.508  -0.504  -0.554  -0.663  -0.455  -0.670  -0.586 1
  31.010  82.031  70.494  31.009  82.210  70.326  31.194  82.055  70.348
0.86  0.86  0.86 7
  -0.455  -0.670  -0.586  -0.504  -0.554  -0.663  -0.371  -0.617  -0.693 1
  34.206  82.072  70.369  34.351  82.253  70.384  34.430  82.198  70.687
0.86  0.86  0.86 7
   0.700  -0.588  -0.405   0.769  -0.501  -0.398   0.824  -0.529  -0.202 1
  34.206  82.072  70.369  34.430  82.198  70.687  34.277  82.000  70.679
0.86  0.86  0.86 7
   0.700  -0.588  -0.405   0.824  -0.529  -0.202   0.712  -0.659  -0.242 1
  34.351  82.253  70.384  34.461  82.428  70.403  34.545  82.403  70.702
0.86  0.86  0.86 7
   0.769  -0.501  -0.398   0.859  -0.358  -0.367   0.898  -0.393  -0.197 1
  34.351  82.253  70.384  34.545  82.403  70.702  34.430  82.198  70.687
0.86  0.86  0.86 7
   0.769  -0.501  -0.398   0.898  -0.393  -0.197   0.824  -0.529  -0.202 1
  30.409  82.589  70.725  30.315  82.776  70.776  30.438  82.762  70.581
0.86  0.86  0.86 7
  -0.815  -0.344  -0.466  -0.784  -0.339  -0.520  -0.782  -0.268  -0.562 1
  30.574  82.752  70.406  30.694  82.567  70.357  30.438  82.762  70.581
0.86  0.86  0.86 7
  -0.737  -0.212  -0.642  -0.686  -0.340  -0.643  -0.782  -0.268  -0.562 1
  30.438  82.762  70.581  30.694  82.567  70.357  30.409  82.589  70.725
0.86  0.86  0.86 7
  -0.782  -0.268  -0.562  -0.686  -0.340  -0.643  -0.815  -0.344  -0.466 1
  30.409  82.589  70.725  30.694  82.567  70.357  30.521  82.395  70.692
0.86  0.86  0.86 7
  -0.815  -0.344  -0.466  -0.686  -0.340  -0.643  -0.764  -0.416  -0.493 1
  30.521  82.395  70.692  30.694  82.567  70.357  30.669  82.378  70.502
0.86  0.86  0.86 7
  -0.764  -0.416  -0.493  -0.686  -0.340  -0.643  -0.659  -0.473  -0.584 1
  30.669  82.378  70.502  30.694  82.567  70.357  30.837  82.379  70.335
0.86  0.86  0.86 7
  -0.659  -0.473  -0.584  -0.686  -0.340  -0.643  -0.575  -0.450  -0.684 1
  34.461  82.428  70.403  34.541  82.739  70.369  34.642  82.714  70.677
0.86  0.86  0.86 7
   0.859  -0.358  -0.367   0.896  -0.182  -0.404   0.960  -0.191  -0.206 1
  34.461  82.428  70.403  34.642  82.714  70.677  34.545  82.403  70.702
0.86  0.86  0.86 7
   0.859  -0.358  -0.367   0.960  -0.191  -0.206   0.898  -0.393  -0.197 1
  30.438  82.762  70.581  30.315  82.776  70.776  30.233  83.083  70.732
0.86  0.86  0.86 7
  -0.782  -0.268  -0.562  -0.784  -0.339  -0.520  -0.715  -0.187  -0.673 1
  30.438  82.762  70.581  30.233  83.083  70.732  30.390  83.079  70.550
0.86  0.86  0.86 7
  -0.782  -0.268  -0.562  -0.715  -0.187  -0.673  -0.743  -0.086  -0.664 1
  30.542  83.073  70.374  30.574  82.752  70.406  30.390  83.079  70.550
0.86  0.86  0.86 7
  -0.727  -0.047  -0.684  -0.737  -0.212  -0.642  -0.743  -0.086  -0.664 1
  30.390  83.079  70.550  30.574  82.752  70.406  30.438  82.762  70.581
0.86  0.86  0.86 7
  -0.743  -0.086  -0.664  -0.737  -0.212  -0.642  -0.782  -0.268  -0.562 1
  34.541  82.739  70.369  34.567  83.073  70.356  34.677  83.073  70.676
0.86  0.86  0.86 7
   0.896  -0.182  -0.404   0.913   0.018  -0.409   0.973   0.050  -0.224 1
  34.541  82.739  70.369  34.677  83.073  70.676  34.642  82.714  70.677
0.86  0.86  0.86 7
   0.896  -0.182  -0.404   0.973   0.050  -0.224   0.960  -0.191  -0.206 1
  30.390  83.079  70.550  30.233  83.083  70.732  30.212  83.406  70.713
0.86  0.86  0.86 7
  -0.743  -0.086  -0.664  -0.715  -0.187  -0.673  -0.599  -0.032  -0.800 1
  30.390  83.079  70.550  30.212  83.406  70.713  30.395  83.406  70.560
0.86  0.86  0.86 7
  -0.743  -0.086  -0.664  -0.599  -0.032  -0.800  -0.671   0.075  -0.738 1
  30.554  83.401  70.386  30.542  83.073  70.374  30.395  83.406  70.560
0.86  0.86  0.86 7
  -0.699   0.133  -0.702  -0.727  -0.047  -0.684  -0.671   0.075  -0.738 1
  30.395  83.406  70.560  30.542  83.073  70.374  30.390  83.079  70.550
0.86  0.86  0.86 7
  -0.671   0.075  -0.738  -0.727  -0.047  -0.684  -0.743  -0.086  -0.664 1
  34.567  83.073  70.356  34.530  83.404  70.374  34.630  83.429  70.680
0.86  0.86  0.86 7
   0.913   0.018  -0.409   0.893   0.216  -0.394   0.948   0.235  -0.214 1
  34.567  83.073  70.356  34.630  83.429  70.680  34.677  83.073  70.676
0.86  0.86  0.86 7
   0.913   0.018  -0.409   0.948   0.235  -0.214   0.973   0.050  -0.224 1
  30.395  83.406  70.560  30.212  83.406  70.713  30.214  83.734  70.724
0.86  0.86  0.86 7
  -0.671   0.075  -0.738  -0.599  -0.032  -0.800  -0.446   0.140  -0.884 1
  30.395  83.406  70.560  30.214  83.734  70.724  30.418  83.717  70.604
0.86  0.86  0.86 7
  -0.671   0.075  -0.738  -0.446   0.140  -0.884  -0.596   0.185  -0.782 1
  30.610  83.711  70.442  30.554  83.401  70.386  30.418  83.717  70.604
0.86  0.86  0.86 7
  -0.605   0.305  -0.735  -0.699   0.133  -0.702  -0.596   0.185  -0.782 1
  30.418  83.717  70.604  30.554  83.401  70.386  30.395  83.406  70.560
0.86  0.86  0.86 7
  -0.596   0.185  -0.782  -0.699   0.133  -0.702  -0.671   0.075  -0.738 1
  34.530  83.404  70.374  34.443  83.699  70.397  34.524  83.733  70.707
0.86  0.86  0.86 7
   0.893   0.216  -0.394   0.834   0.397  -0.382   0.890   0.412  -0.196 1
  34.530  83.404  70.374  34.524  83.733  70.707  34.630  83.429  70.680
0.86  0.86  0.86 7
   0.893   0.216  -0.394   0.890   0.412  -0.196   0.948   0.235  -0.214 1
  30.214  83.734  70.724  30.362  83.909  70.687  30.418  83.717  70.604
0.86  0.86  0.86 7
  -0.446   0.140  -0.884  -0.502   0.239  -0.831  -0.596   0.185  -0.782 1
  30.749  83.880  70.418  30.610  83.711  70.442  30.712  84.066  70.548
0.86  0.86  0.86 7
  -0.610   0.409  -0.679  -0.605   0.305  -0.735  -0.532   0.388  -0.753 1
  30.712  84.066  70.548  30.610  83.711  70.442  30.517  84.083  70.665
0.86  0.86  0.86 7
  -0.532   0.388  -0.753  -0.605   0.305  -0.735  -0.413   0.388  -0.824 1
  30.517  84.083  70.665  30.610  83.711  70.442  30.362  83.909  70.687
0.86  0.86  0.86 7
  -0.413   0.388  -0.824  -0.605   0.305  -0.735  -0.502   0.239  -0.831 1
  30.362  83.909  70.687  30.610  83.711  70.442  30.418  83.717  70.604
0.86  0.86  0.86 7
  -0.502   0.239  -0.831  -0.605   0.305  -0.735  -0.596   0.185  -0.782 1
  30.712  84.066  70.548  30.890  84.055  70.398  30.749  83.880  70.418
0.86  0.86  0.86 7
  -0.532   0.388  -0.753  -0.504   0.515  -0.694  -0.610   0.409  -0.679 1
  34.330  83.879  70.397  34.184  84.053  70.386  34.251  84.120  70.688
0.86  0.86  0.86 7
   0.738   0.544  -0.400   0.670   0.628  -0.395   0.710   0.674  -0.204 1
  34.330  83.879  70.397  34.251  84.120  70.688  34.406  83.931  70.694
0.86  0.86  0.86 7
   0.738   0.544  -0.400   0.710   0.674  -0.204   0.804   0.562  -0.197 1
  34.443  83.699  70.397  34.330  83.879  70.397  34.406  83.931  70.694
0.86  0.86  0.86 7
   0.834   0.397  -0.382   0.738   0.544  -0.400   0.804   0.562  -0.197 1
  34.443  83.699  70.397  34.406  83.931  70.694  34.524  83.733  70.707
0.86  0.86  0.86 7
   0.834   0.397  -0.382   0.804   0.562  -0.197   0.890   0.412  -0.196 1
  30.517  84.083  70.665  30.684  84.255  70.666  30.712  84.066  70.548
0.86  0.86  0.86 7
  -0.413   0.388  -0.824  -0.440   0.522  -0.731  -0.532   0.388  -0.753 1
  31.066  84.205  70.404  30.890  84.055  70.398  31.062  84.359  70.576
0.86  0.86  0.86 7
  -0.411   0.643  -0.646  -0.504   0.515  -0.694  -0.362   0.717  -0.596 1
  31.062  84.359  70.576  30.890  84.055  70.398  30.876  84.399  70.712
0.86  0.86  0.86 7
  -0.362   0.717  -0.596  -0.504   0.515  -0.694  -0.257   0.697  -0.670 1
  30.876  84.399  70.712  30.890  84.055  70.398  30.684  84.255  70.666
0.86  0.86  0.86 7
  -0.257   0.697  -0.670  -0.504   0.515  -0.694  -0.440   0.522  -0.731 1
  30.684  84.255  70.666  30.890  84.055  70.398  30.712  84.066  70.548
0.86  0.86  0.86 7
  -0.440   0.522  -0.731  -0.504   0.515  -0.694  -0.532   0.388  -0.753 1
  31.357  84.284  70.326  31.066  84.205  70.404  31.360  84.447  70.508
0.86  0.86  0.86 7
  -0.294   0.657  -0.694  -0.411   0.643  -0.646  -0.290   0.749  -0.596 1
  31.360  84.447  70.508  31.066  84.205  70.404  31.062  84.359  70.576
0.86  0.86  0.86 7
  -0.290   0.749  -0.596  -0.411   0.643  -0.646  -0.362   0.717  -0.596 1
  31.360  84.447  70.508  31.540  84.394  70.381  31.357  84.284  70.326
0.86  0.86  0.86 7
  -0.290   0.749  -0.596  -0.174   0.740  -0.650  -0.294   0.657  -0.694 1
  31.872  84.413  70.365  32.038  84.491  70.476  32.039  84.323  70.287
0.86  0.86  0.86 7
   0.025   0.739  -0.673   0.077   0.757  -0.649   0.020   0.701  -0.713 1
  32.359  84.328  70.294  32.039  84.323  70.287  32.371  84.471  70.491
0.86  0.86  0.86 7
  -0.113   0.767  -0.631   0.020   0.701  -0.713  -0.028   0.781  -0.624 1
  32.371  84.471  70.491  32.039  84.323  70.287  32.038  84.491  70.476
0.86  0.86  0.86 7
  -0.028   0.781  -0.624   0.020   0.701  -0.713   0.077   0.757  -0.649 1
  32.371  84.471  70.491  32.538  84.408  70.369  32.359  84.328  70.294
0.86  0.86  0.86 7
  -0.028   0.781  -0.624  -0.160   0.799  -0.580  -0.113   0.767  -0.631 1
  33.549  84.433  70.355  33.724  84.440  70.522  33.751  84.332  70.324
0.86  0.86  0.86 7
   0.280   0.864  -0.418   0.382   0.871  -0.308   0.423   0.795  -0.434 1
  34.017  84.208  70.391  33.751  84.332  70.324  34.070  84.284  70.691
0.86  0.86  0.86 7
   0.534   0.740  -0.409   0.423   0.795  -0.434   0.589   0.774  -0.233 1
  34.070  84.284  70.691  33.751  84.332  70.324  33.874  84.414  70.703
0.86  0.86  0.86 7
   0.589   0.774  -0.233   0.423   0.795  -0.434   0.472   0.847  -0.244 1
  33.874  84.414  70.703  33.751  84.332  70.324  33.724  84.440  70.522
0.86  0.86  0.86 7
   0.472   0.847  -0.244   0.423   0.795  -0.434   0.382   0.871  -0.308 1
  34.184  84.053  70.386  34.017  84.208  70.391  34.070  84.284  70.691
0.86  0.86  0.86 7
   0.670   0.628  -0.395   0.534   0.740  -0.409   0.589   0.774  -0.233 1
  34.184  84.053  70.386  34.070  84.284  70.691  34.251  84.120  70.688
0.86  0.86  0.86 7
   0.670   0.628  -0.395   0.589   0.774  -0.233   0.710   0.674  -0.204 1
  30.876  84.399  70.712  31.065  84.492  70.757  31.062  84.359  70.576
0.86  0.86  0.86 7
  -0.257   0.697  -0.670  -0.277   0.762  -0.586  -0.362   0.717  -0.596 1
  31.062  84.359  70.576  31.065  84.492  70.757  31.369  84.578  70.700
0.86  0.86  0.86 7
  -0.362   0.717  -0.596  -0.277   0.762  -0.586  -0.258   0.785  -0.563 1
  31.062  84.359  70.576  31.369  84.578  70.700  31.360  84.447  70.508
0.86  0.86  0.86 7
  -0.362   0.717  -0.596  -0.258   0.785  -0.563  -0.290   0.749  -0.596 1
  31.705  84.472  70.438  31.540  84.394  70.381  31.688  84.631  70.662
0.86  0.86  0.86 7
  -0.073   0.771  -0.632  -0.174   0.740  -0.650  -0.107   0.771  -0.628 1
  31.369  84.578  70.700  31.688  84.631  70.662  31.540  84.394  70.381
0.86  0.86  0.86 7
  -0.258   0.785  -0.563  -0.107   0.771  -0.628  -0.174   0.740  -0.650 1
  31.369  84.578  70.700  31.540  84.394  70.381  31.360  84.447  70.508
0.86  0.86  0.86 7
  -0.258   0.785  -0.563  -0.174   0.740  -0.650  -0.290   0.749  -0.596 1
  31.872  84.413  70.365  31.705  84.472  70.438  31.688  84.631  70.662
0.86  0.86  0.86 7
   0.025   0.739  -0.673  -0.073   0.771  -0.632  -0.107   0.771  -0.628 1
  31.872  84.413  70.365  31.688  84.631  70.662  32.038  84.633  70.645
0.86  0.86  0.86 7
   0.025   0.739  -0.673  -0.107   0.771  -0.628   0.038   0.717  -0.696 1
  31.872  84.413  70.365  32.038  84.633  70.645  32.038  84.491  70.476
0.86  0.86  0.86 7
   0.025   0.739  -0.673   0.038   0.717  -0.696   0.077   0.757  -0.649 1
  32.038  84.491  70.476  32.038  84.633  70.645  32.371  84.615  70.662
0.86  0.86  0.86 7
   0.077   0.757  -0.649   0.038   0.717  -0.696  -0.031   0.735  -0.678 1
  32.038  84.491  70.476  32.371  84.615  70.662  32.371  84.471  70.491
0.86  0.86  0.86 7
   0.077   0.757  -0.649  -0.031   0.735  -0.678  -0.028   0.781  -0.624 1
  32.733  84.489  70.426  32.538  84.408  70.369  32.705  84.651  70.643
0.86  0.86  0.86 7
  -0.117   0.836  -0.536  -0.160   0.799  -0.580  -0.056   0.771  -0.635 1
  32.371  84.615  70.662  32.705  84.651  70.643  32.538  84.408  70.369
0.86  0.86  0.86 7
  -0.031   0.735  -0.678  -0.056   0.771  -0.635  -0.160   0.799  -0.580 1
  32.371  84.615  70.662  32.538  84.408  70.369  32.371  84.471  70.491
0.86  0.86  0.86 7
  -0.031   0.735  -0.678  -0.160   0.799  -0.580  -0.028   0.781  -0.624 1
  33.038  84.512  70.396  32.733  84.489  70.426  33.038  84.652  70.648
0.86  0.86  0.86 7
  -0.025   0.889  -0.457  -0.117   0.836  -0.536   0.078   0.823  -0.562 1
  33.038  84.652  70.648  32.733  84.489  70.426  32.705  84.651  70.643
0.86  0.86  0.86 7
   0.078   0.823  -0.562  -0.117   0.836  -0.536  -0.056   0.771  -0.635 1
  33.351  84.501  70.401  33.038  84.512  70.396  33.381  84.609  70.685
0.86  0.86  0.86 7
   0.109   0.900  -0.422  -0.025   0.889  -0.457   0.307   0.869  -0.387 1
  33.381  84.609  70.685  33.038  84.512  70.396  33.038  84.652  70.648
0.86  0.86  0.86 7
   0.307   0.869  -0.387  -0.025   0.889  -0.457   0.078   0.823  -0.562 1
  33.549  84.433  70.355  33.351  84.501  70.401  33.381  84.609  70.685
0.86  0.86  0.86 7
   0.280   0.864  -0.418   0.109   0.900  -0.422   0.307   0.869  -0.387 1
  33.549  84.433  70.355  33.381  84.609  70.685  33.668  84.506  70.711
0.86  0.86  0.86 7
   0.280   0.864  -0.418   0.307   0.869  -0.387   0.341   0.909  -0.241 1
  33.549  84.433  70.355  33.668  84.506  70.711  33.724  84.440  70.522
0.86  0.86  0.86 7
   0.280   0.864  -0.418   0.341   0.909  -0.241   0.382   0.871  -0.308 1
  33.668  84.506  70.711  33.874  84.414  70.703  33.724  84.440  70.522
0.86  0.86  0.86 7
   0.341   0.909  -0.241   0.472   0.847  -0.244   0.382   0.871  -0.308 1
  31.080  81.672  71.065  30.902  81.782  71.049  31.049  81.759  70.878
0.86  0.86  0.86 7
  -0.413  -0.878  -0.243  -0.556  -0.787  -0.267  -0.432  -0.824  -0.366 1
  31.213  81.760  70.715  31.400  81.674  70.746  31.049  81.759  70.878
0.86  0.86  0.86 7
  -0.364  -0.794  -0.486  -0.262  -0.879  -0.399  -0.432  -0.824  -0.366 1
  31.049  81.759  70.878  31.400  81.674  70.746  31.080  81.672  71.065
0.86  0.86  0.86 7
  -0.432  -0.824  -0.366  -0.262  -0.879  -0.399  -0.413  -0.878  -0.243 1
  31.080  81.672  71.065  31.400  81.674  70.746  31.370  81.568  71.035
0.86  0.86  0.86 7
  -0.413  -0.878  -0.243  -0.262  -0.879  -0.399  -0.243  -0.937  -0.251 1
  31.400  81.674  70.746  31.705  81.628  70.727  31.705  81.512  71.021
0.86  0.86  0.86 7
  -0.262  -0.879  -0.399  -0.073  -0.894  -0.442  -0.072  -0.960  -0.270 1
  31.400  81.674  70.746  31.705  81.512  71.021  31.370  81.568  71.035
0.86  0.86  0.86 7
  -0.262  -0.879  -0.399  -0.072  -0.960  -0.270  -0.243  -0.937  -0.251 1
  31.705  81.628  70.727  32.038  81.633  70.729  32.038  81.518  71.023
0.86  0.86  0.86 7
  -0.073  -0.894  -0.442  -0.027  -0.917  -0.398   0.047  -0.965  -0.256 1
  31.705  81.628  70.727  32.038  81.518  71.023  31.705  81.512  71.021
0.86  0.86  0.86 7
  -0.073  -0.894  -0.442   0.047  -0.965  -0.256  -0.072  -0.960  -0.270 1
  32.038  81.633  70.729  32.377  81.596  70.713  32.372  81.533  71.036
0.86  0.86  0.86 7
  -0.027  -0.917  -0.398  -0.164  -0.935  -0.316  -0.026  -0.988  -0.153 1
  32.038  81.633  70.729  32.372  81.533  71.036  32.038  81.518  71.023
0.86  0.86  0.86 7
  -0.027  -0.917  -0.398  -0.026  -0.988  -0.153   0.047  -0.965  -0.256 1
  32.377  81.596  70.713  32.696  81.538  70.695  32.689  81.501  71.036
0.86  0.86  0.86 7
  -0.164  -0.935  -0.316  -0.169  -0.967  -0.189  -0.130  -0.991  -0.036 1
  32.377  81.596  70.713  32.689  81.501  71.036  32.372  81.533  71.036
0.86  0.86  0.86 7
  -0.164  -0.935  -0.316  -0.130  -0.991  -0.036  -0.026  -0.988  -0.153 1
  32.696  81.538  70.695  33.038  81.485  70.681  33.038  81.446  71.037
0.86  0.86  0.86 7
  -0.169  -0.967  -0.189  -0.050  -0.976  -0.212  -0.050  -0.999   0.002 1
  32.696  81.538  70.695  33.038  81.446  71.037  32.689  81.501  71.036
0.86  0.86  0.86 7
  -0.169  -0.967  -0.189  -0.050  -0.999   0.002  -0.130  -0.991  -0.036 1
  33.038  81.485  70.681  33.388  81.505  70.686  33.383  81.466  71.037
0.86  0.86  0.86 7
  -0.050  -0.976  -0.212   0.160  -0.965  -0.208   0.163  -0.987   0.001 1
  33.038  81.485  70.681  33.383  81.466  71.037  33.038  81.446  71.037
0.86  0.86  0.86 7
  -0.050  -0.976  -0.212   0.163  -0.987   0.001  -0.050  -0.999   0.002 1
  33.388  81.505  70.686  33.698  81.587  70.707  33.713  81.557  71.037
0.86  0.86  0.86 7
   0.160  -0.965  -0.208   0.368  -0.911  -0.184   0.377  -0.926   0.015 1
  33.388  81.505  70.686  33.713  81.557  71.037  33.383  81.466  71.037
0.86  0.86  0.86 7
   0.160  -0.965  -0.208   0.377  -0.926   0.015   0.163  -0.987   0.001 1
  33.698  81.587  70.707  33.897  81.689  70.691  34.036  81.742  70.870
0.86  0.86  0.86 7
   0.368  -0.911  -0.184   0.480  -0.846  -0.233   0.544  -0.833  -0.103 1
  33.698  81.587  70.707  34.036  81.742  70.870  33.963  81.686  71.037
0.86  0.86  0.86 7
   0.368  -0.911  -0.184   0.544  -0.833  -0.103   0.505  -0.863  -0.019 1
  33.698  81.587  70.707  33.963  81.686  71.037  33.713  81.557  71.037
0.86  0.86  0.86 7
   0.368  -0.911  -0.184   0.505  -0.863  -0.019   0.377  -0.926   0.015 1
  34.137  81.808  71.037  33.963  81.686  71.037  34.036  81.742  70.870
0.86  0.86  0.86 7
   0.662  -0.749   0.032   0.505  -0.863  -0.019   0.544  -0.833  -0.103 1
  30.722  81.924  71.042  30.560  82.088  71.044  30.680  82.052  70.858
0.86  0.86  0.86 7
  -0.641  -0.719  -0.268  -0.754  -0.600  -0.266  -0.643  -0.665  -0.380 1
  30.835  82.030  70.667  31.020  81.880  70.686  30.680  82.052  70.858
0.86  0.86  0.86 7
  -0.580  -0.637  -0.508  -0.493  -0.743  -0.453  -0.643  -0.665  -0.380 1
  30.680  82.052  70.858  31.020  81.880  70.686  30.722  81.924  71.042
0.86  0.86  0.86 7
  -0.643  -0.665  -0.380  -0.493  -0.743  -0.453  -0.641  -0.719  -0.268 1
  30.722  81.924  71.042  31.020  81.880  70.686  30.902  81.782  71.049
0.86  0.86  0.86 7
  -0.641  -0.719  -0.268  -0.493  -0.743  -0.453  -0.556  -0.787  -0.267 1
  30.902  81.782  71.049  31.020  81.880  70.686  31.049  81.759  70.878
0.86  0.86  0.86 7
  -0.556  -0.787  -0.267  -0.493  -0.743  -0.453  -0.432  -0.824  -0.366 1
  31.049  81.759  70.878  31.020  81.880  70.686  31.213  81.760  70.715
0.86  0.86  0.86 7
  -0.432  -0.824  -0.366  -0.493  -0.743  -0.453  -0.364  -0.794  -0.486 1
  34.095  81.827  70.681  34.036  81.742  70.870  33.897  81.689  70.691
0.86  0.86  0.86 7
   0.634  -0.749  -0.195   0.544  -0.833  -0.103   0.480  -0.846  -0.233 1
  34.095  81.827  70.681  34.277  82.000  70.679  34.375  82.070  70.869
0.86  0.86  0.86 7
   0.634  -0.749  -0.195   0.712  -0.659  -0.242   0.766  -0.634  -0.106 1
  34.095  81.827  70.681  34.375  82.070  70.869  34.306  81.972  71.037
0.86  0.86  0.86 7
   0.634  -0.749  -0.195   0.766  -0.634  -0.106   0.736  -0.677  -0.022 1
  34.095  81.827  70.681  34.306  81.972  71.037  34.137  81.808  71.037
0.86  0.86  0.86 7
   0.634  -0.749  -0.195   0.736  -0.677  -0.022   0.662  -0.749   0.032 1
  34.095  81.827  70.681  34.137  81.808  71.037  34.036  81.742  70.870
0.86  0.86  0.86 7
   0.634  -0.749  -0.195   0.662  -0.749   0.032   0.544  -0.833  -0.103 1
  34.437  82.140  71.037  34.306  81.972  71.037  34.375  82.070  70.869
0.86  0.86  0.86 7
   0.846  -0.532   0.017   0.736  -0.677  -0.022   0.766  -0.634  -0.106 1
  30.425  82.275  71.055  30.323  82.457  71.070  30.404  82.425  70.884
0.86  0.86  0.86 7
  -0.813  -0.514  -0.273  -0.830  -0.465  -0.308  -0.819  -0.443  -0.364 1
  30.521  82.395  70.692  30.659  82.209  70.673  30.404  82.425  70.884
0.86  0.86  0.86 7
  -0.764  -0.416  -0.493  -0.699  -0.547  -0.460  -0.819  -0.443  -0.364 1
  30.404  82.425  70.884  30.659  82.209  70.673  30.425  82.275  71.055
0.86  0.86  0.86 7
  -0.819  -0.443  -0.364  -0.699  -0.547  -0.460  -0.813  -0.514  -0.273 1
  30.425  82.275  71.055  30.659  82.209  70.673  30.560  82.088  71.044
0.86  0.86  0.86 7
  -0.813  -0.514  -0.273  -0.699  -0.547  -0.460  -0.754  -0.600  -0.266 1
  30.560  82.088  71.044  30.659  82.209  70.673  30.680  82.052  70.858
0.86  0.86  0.86 7
  -0.754  -0.600  -0.266  -0.699  -0.547  -0.460  -0.643  -0.665  -0.380 1
  30.680  82.052  70.858  30.659  82.209  70.673  30.835  82.030  70.667
0.86  0.86  0.86 7
  -0.643  -0.665  -0.380  -0.699  -0.547  -0.460  -0.580  -0.637  -0.508 1
  34.430  82.198  70.687  34.375  82.070  70.869  34.277  82.000  70.679
0.86  0.86  0.86 7
   0.824  -0.529  -0.202   0.766  -0.634  -0.106   0.712  -0.659  -0.242 1
  34.430  82.198  70.687  34.545  82.403  70.702  34.576  82.387  71.037
0.86  0.86  0.86 7
   0.824  -0.529  -0.202   0.898  -0.393  -0.197   0.916  -0.400   0.004 1
  34.430  82.198  70.687  34.576  82.387  71.037  34.437  82.140  71.037
0.86  0.86  0.86 7
   0.824  -0.529  -0.202   0.916  -0.400   0.004   0.846  -0.532   0.017 1
  34.430  82.198  70.687  34.437  82.140  71.037  34.375  82.070  70.869
0.86  0.86  0.86 7
   0.824  -0.529  -0.202   0.846  -0.532   0.017   0.766  -0.634  -0.106 1
  30.315  82.776  70.776  30.409  82.589  70.725  30.187  82.730  71.029
0.86  0.86  0.86 7
  -0.784  -0.339  -0.520  -0.815  -0.344  -0.466  -0.802  -0.428  -0.417 1
  30.323  82.457  71.070  30.187  82.730  71.029  30.409  82.589  70.725
0.86  0.86  0.86 7
  -0.830  -0.465  -0.308  -0.802  -0.428  -0.417  -0.815  -0.344  -0.466 1
  30.323  82.457  71.070  30.409  82.589  70.725  30.404  82.425  70.884
0.86  0.86  0.86 7
  -0.830  -0.465  -0.308  -0.815  -0.344  -0.466  -0.819  -0.443  -0.364 1
  30.404  82.425  70.884  30.409  82.589  70.725  30.521  82.395  70.692
0.86  0.86  0.86 7
  -0.819  -0.443  -0.364  -0.815  -0.344  -0.466  -0.764  -0.416  -0.493 1
  34.545  82.403  70.702  34.642  82.714  70.677  34.682  82.711  71.037
0.86  0.86  0.86 7
   0.898  -0.393  -0.197   0.960  -0.191  -0.206   0.977  -0.211   0.034 1
  34.545  82.403  70.702  34.682  82.711  71.037  34.576  82.387  71.037
0.86  0.86  0.86 7
   0.898  -0.393  -0.197   0.977  -0.211   0.034   0.916  -0.400   0.004 1
  30.061  82.921  71.052  29.908  83.102  71.073  30.066  83.086  70.893
0.86  0.86  0.86 7
  -0.690  -0.524  -0.500  -0.622  -0.526  -0.580  -0.658  -0.370  -0.656 1
  30.233  83.083  70.732  30.315  82.776  70.776  30.066  83.086  70.893
0.86  0.86  0.86 7
  -0.715  -0.187  -0.673  -0.784  -0.339  -0.520  -0.658  -0.370  -0.656 1
  30.066  83.086  70.893  30.315  82.776  70.776  30.061  82.921  71.052
0.86  0.86  0.86 7
  -0.658  -0.370  -0.656  -0.784  -0.339  -0.520  -0.690  -0.524  -0.500 1
  30.061  82.921  71.052  30.315  82.776  70.776  30.187  82.730  71.029
0.86  0.86  0.86 7
  -0.690  -0.524  -0.500  -0.784  -0.339  -0.520  -0.802  -0.428  -0.417 1
  34.642  82.714  70.677  34.677  83.073  70.676  34.709  83.073  70.870
0.86  0.86  0.86 7
   0.960  -0.191  -0.206   0.973   0.050  -0.224   0.994   0.001  -0.111 1
  34.642  82.714  70.677  34.709  83.073  70.870  34.711  82.906  71.037
0.86  0.86  0.86 7
   0.960  -0.191  -0.206   0.994   0.001  -0.111   0.995  -0.096  -0.014 1
  34.642  82.714  70.677  34.711  82.906  71.037  34.682  82.711  71.037
0.86  0.86  0.86 7
   0.960  -0.191  -0.206   0.995  -0.096  -0.014   0.977  -0.211   0.034 1
  34.717  83.073  71.037  34.711  82.906  71.037  34.709  83.073  70.870
0.86  0.86  0.86 7
   1.000   0.018   0.002   0.995  -0.096  -0.014   0.994   0.001  -0.111 1
  29.736  83.271  71.083  29.556  83.429  71.077  29.758  83.440  70.990
0.86  0.86  0.86 7
  -0.465  -0.541  -0.701  -0.331  -0.472  -0.817  -0.379  -0.336  -0.862 1
  30.066  83.086  70.893  29.908  83.102  71.073  29.736  83.271  71.083
0.86  0.86  0.86 7
  -0.658  -0.370  -0.656  -0.622  -0.526  -0.580  -0.465  -0.541  -0.701 1
  30.066  83.086  70.893  29.736  83.271  71.083  29.758  83.440  70.990
0.86  0.86  0.86 7
  -0.658  -0.370  -0.656  -0.465  -0.541  -0.701  -0.379  -0.336  -0.862 1
  30.066  83.086  70.893  29.758  83.440  70.990  30.022  83.400  70.848
0.86  0.86  0.86 7
  -0.658  -0.370  -0.656  -0.379  -0.336  -0.862  -0.564  -0.141  -0.814 1
  30.212  83.406  70.713  30.233  83.083  70.732  30.022  83.400  70.848
0.86  0.86  0.86 7
  -0.599  -0.032  -0.800  -0.715  -0.187  -0.673  -0.564  -0.141  -0.814 1
  30.022  83.400  70.848  30.233  83.083  70.732  30.066  83.086  70.893
0.86  0.86  0.86 7
  -0.564  -0.141  -0.814  -0.715  -0.187  -0.673  -0.658  -0.370  -0.656 1
  34.677  83.073  70.676  34.630  83.429  70.680  34.668  83.439  71.037
0.86  0.86  0.86 7
   0.973   0.050  -0.224   0.948   0.235  -0.214   0.967   0.256  -0.008 1
  34.677  83.073  70.676  34.668  83.439  71.037  34.705  83.240  71.037
0.86  0.86  0.86 7
   0.973   0.050  -0.224   0.967   0.256  -0.008   0.990   0.143   0.015 1
  34.677  83.073  70.676  34.705  83.240  71.037  34.709  83.073  70.870
0.86  0.86  0.86 7
   0.973   0.050  -0.224   0.990   0.143   0.015   0.994   0.001  -0.111 1
  34.705  83.240  71.037  34.717  83.073  71.037  34.709  83.073  70.870
0.86  0.86  0.86 7
   0.990   0.143   0.015   1.000   0.018   0.002   0.994   0.001  -0.111 1
  29.373  83.579  71.052  29.202  83.731  71.013  29.383  83.787  70.953
0.86  0.86  0.86 7
  -0.259  -0.482  -0.837  -0.239  -0.413  -0.879  -0.186  -0.275  -0.943 1
  29.758  83.440  70.990  29.556  83.429  71.077  29.373  83.579  71.052
0.86  0.86  0.86 7
  -0.379  -0.336  -0.862  -0.331  -0.472  -0.817  -0.259  -0.482  -0.837 1
  29.758  83.440  70.990  29.373  83.579  71.052  29.383  83.787  70.953
0.86  0.86  0.86 7
  -0.379  -0.336  -0.862  -0.259  -0.482  -0.837  -0.186  -0.275  -0.943 1
  29.758  83.440  70.990  29.383  83.787  70.953  29.709  83.745  70.890
0.86  0.86  0.86 7
  -0.379  -0.336  -0.862  -0.186  -0.275  -0.943  -0.222  -0.111  -0.969 1
  29.758  83.440  70.990  29.709  83.745  70.890  30.019  83.757  70.801
0.86  0.86  0.86 7
  -0.379  -0.336  -0.862  -0.222  -0.111  -0.969  -0.391  -0.047  -0.919 1
  29.758  83.440  70.990  30.019  83.757  70.801  30.022  83.400  70.848
0.86  0.86  0.86 7
  -0.379  -0.336  -0.862  -0.391  -0.047  -0.919  -0.564  -0.141  -0.814 1
  30.214  83.734  70.724  30.212  83.406  70.713  30.019  83.757  70.801
0.86  0.86  0.86 7
  -0.446   0.140  -0.884  -0.599  -0.032  -0.800  -0.391  -0.047  -0.919 1
  30.019  83.757  70.801  30.212  83.406  70.713  30.022  83.400  70.848
0.86  0.86  0.86 7
  -0.391  -0.047  -0.919  -0.599  -0.032  -0.800  -0.564  -0.141  -0.814 1
  34.630  83.429  70.680  34.524  83.733  70.707  34.554  83.748  71.037
0.86  0.86  0.86 7
   0.948   0.235  -0.214   0.890   0.412  -0.196   0.905   0.425   0.002 1
  34.630  83.429  70.680  34.554  83.748  71.037  34.668  83.439  71.037
0.86  0.86  0.86 7
   0.948   0.235  -0.214   0.905   0.425   0.002   0.967   0.256  -0.008 1
  29.029  83.898  71.002  28.867  84.070  71.027  29.057  84.092  70.946
0.86  0.86  0.86 7
  -0.330  -0.289  -0.899  -0.447  -0.165  -0.879  -0.282  -0.134  -0.950 1
  29.383  83.787  70.953  29.202  83.731  71.013  29.029  83.898  71.002
0.86  0.86  0.86 7
  -0.186  -0.275  -0.943  -0.239  -0.413  -0.879  -0.330  -0.289  -0.899 1
  29.383  83.787  70.953  29.029  83.898  71.002  29.057  84.092  70.946
0.86  0.86  0.86 7
  -0.186  -0.275  -0.943  -0.330  -0.289  -0.899  -0.282  -0.134  -0.950 1
  29.383  83.787  70.953  29.057  84.092  70.946  29.371  84.076  70.880
0.86  0.86  0.86 7
  -0.186  -0.275  -0.943  -0.282  -0.134  -0.950  -0.071  -0.141  -0.987 1
  29.383  83.787  70.953  29.371  84.076  70.880  29.705  84.073  70.891
0.86  0.86  0.86 7
  -0.186  -0.275  -0.943  -0.071  -0.141  -0.987  -0.064  -0.048  -0.997 1
  29.383  83.787  70.953  29.705  84.073  70.891  29.709  83.745  70.890
0.86  0.86  0.86 7
  -0.186  -0.275  -0.943  -0.064  -0.048  -0.997  -0.222  -0.111  -0.969 1
  29.709  83.745  70.890  29.705  84.073  70.891  30.030  84.073  70.841
0.86  0.86  0.86 7
  -0.222  -0.111  -0.969  -0.064  -0.048  -0.997  -0.231   0.140  -0.963 1
  29.709  83.745  70.890  30.030  84.073  70.841  30.019  83.757  70.801
0.86  0.86  0.86 7
  -0.222  -0.111  -0.969  -0.231   0.140  -0.963  -0.391  -0.047  -0.919 1
  30.362  83.909  70.687  30.214  83.734  70.724  30.329  84.100  70.755
0.86  0.86  0.86 7
  -0.502   0.239  -0.831  -0.446   0.140  -0.884  -0.369   0.250  -0.895 1
  30.030  84.073  70.841  30.329  84.100  70.755  30.214  83.734  70.724
0.86  0.86  0.86 7
  -0.231   0.140  -0.963  -0.369   0.250  -0.895  -0.446   0.140  -0.884 1
  30.030  84.073  70.841  30.214  83.734  70.724  30.019  83.757  70.801
0.86  0.86  0.86 7
  -0.231   0.140  -0.963  -0.446   0.140  -0.884  -0.391  -0.047  -0.919 1
  30.329  84.100  70.755  30.517  84.083  70.665  30.362  83.909  70.687
0.86  0.86  0.86 7
  -0.369   0.250  -0.895  -0.413   0.388  -0.824  -0.502   0.239  -0.831 1
  34.406  83.931  70.694  34.251  84.120  70.688  34.278  84.146  71.037
0.86  0.86  0.86 7
   0.804   0.562  -0.197   0.710   0.674  -0.204   0.737   0.676  -0.009 1
  34.406  83.931  70.694  34.278  84.146  71.037  34.435  83.952  71.037
0.86  0.86  0.86 7
   0.804   0.562  -0.197   0.737   0.676  -0.009   0.822   0.569   0.003 1
  34.524  83.733  70.707  34.406  83.931  70.694  34.435  83.952  71.037
0.86  0.86  0.86 7
   0.890   0.412  -0.196   0.804   0.562  -0.197   0.822   0.569   0.003 1
  34.524  83.733  70.707  34.435  83.952  71.037  34.554  83.748  71.037
0.86  0.86  0.86 7
   0.890   0.412  -0.196   0.822   0.569   0.003   0.905   0.425   0.002 1
  29.057  84.092  70.946  28.867  84.070  71.027  28.857  84.406  71.008
0.86  0.86  0.86 7
  -0.282  -0.134  -0.950  -0.447  -0.165  -0.879  -0.437   0.041  -0.898 1
  29.057  84.092  70.946  28.857  84.406  71.008  29.053  84.406  70.929
0.86  0.86  0.86 7
  -0.282  -0.134  -0.950  -0.437   0.041  -0.898  -0.296   0.073  -0.952 1
  29.057  84.092  70.946  29.053  84.406  70.929  29.371  84.406  70.860
0.86  0.86  0.86 7
  -0.282  -0.134  -0.950  -0.296   0.073  -0.952  -0.104   0.038  -0.994 1
  29.057  84.092  70.946  29.371  84.406  70.860  29.371  84.076  70.880
0.86  0.86  0.86 7
  -0.282  -0.134  -0.950  -0.104   0.038  -0.994  -0.071  -0.141  -0.987 1
  29.371  84.076  70.880  29.371  84.406  70.860  29.705  84.406  70.863
0.86  0.86  0.86 7
  -0.071  -0.141  -0.987  -0.104   0.038  -0.994   0.055   0.046  -0.997 1
  29.371  84.076  70.880  29.705  84.406  70.863  29.705  84.073  70.891
0.86  0.86  0.86 7
  -0.071  -0.141  -0.987   0.055   0.046  -0.997  -0.064  -0.048  -0.997 1
  29.705  84.073  70.891  29.705  84.406  70.863  30.038  84.404  70.881
0.86  0.86  0.86 7
  -0.064  -0.048  -0.997   0.055   0.046  -0.997  -0.003   0.223  -0.975 1
  29.705  84.073  70.891  30.038  84.404  70.881  30.030  84.073  70.841
0.86  0.86  0.86 7
  -0.064  -0.048  -0.997  -0.003   0.223  -0.975  -0.231   0.140  -0.963 1
  30.030  84.073  70.841  30.038  84.404  70.881  30.371  84.422  70.849
0.86  0.86  0.86 7
  -0.231   0.140  -0.963  -0.003   0.223  -0.975  -0.154   0.427  -0.891 1
  30.030  84.073  70.841  30.371  84.422  70.849  30.329  84.100  70.755
0.86  0.86  0.86 7
  -0.231   0.140  -0.963  -0.154   0.427  -0.891  -0.369   0.250  -0.895 1
  30.684  84.255  70.666  30.517  84.083  70.665  30.690  84.443  70.818
0.86  0.86  0.86 7
  -0.440   0.522  -0.731  -0.413   0.388  -0.824  -0.263   0.611  -0.746 1
  30.371  84.422  70.849  30.690  84.443  70.818  30.517  84.083  70.665
0.86  0.86  0.86 7
  -0.154   0.427  -0.891  -0.263   0.611  -0.746  -0.413   0.388  -0.824 1
  30.371  84.422  70.849  30.517  84.083  70.665  30.329  84.100  70.755
0.86  0.86  0.86 7
  -0.154   0.427  -0.891  -0.413   0.388  -0.824  -0.369   0.250  -0.895 1
  30.690  84.443  70.818  30.876  84.399  70.712  30.684  84.255  70.666
0.86  0.86  0.86 7
  -0.263   0.611  -0.746  -0.257   0.697  -0.670  -0.440   0.522  -0.731 1
  34.070  84.284  70.691  33.874  84.414  70.703  33.910  84.461  71.021
0.86  0.86  0.86 7
   0.589   0.774  -0.233   0.472   0.847  -0.244   0.578   0.797  -0.177 1
  34.070  84.284  70.691  33.910  84.461  71.021  34.092  84.314  71.037
0.86  0.86  0.86 7
   0.589   0.774  -0.233   0.578   0.797  -0.177   0.663   0.748  -0.044 1
  34.251  84.120  70.688  34.070  84.284  70.691  34.092  84.314  71.037
0.86  0.86  0.86 7
   0.710   0.674  -0.204   0.589   0.774  -0.233   0.663   0.748  -0.044 1
  34.251  84.120  70.688  34.092  84.314  71.037  34.278  84.146  71.037
0.86  0.86  0.86 7
   0.710   0.674  -0.204   0.663   0.748  -0.044   0.737   0.676  -0.009 1
  29.053  84.406  70.929  28.857  84.406  71.008  28.877  84.736  71.051
0.86  0.86  0.86 7
  -0.296   0.073  -0.952  -0.437   0.041  -0.898  -0.421   0.256  -0.870 1
  29.053  84.406  70.929  28.877  84.736  71.051  29.063  84.715  70.970
0.86  0.86  0.86 7
  -0.296   0.073  -0.952  -0.421   0.256  -0.870  -0.261   0.252  -0.932 1
  29.053  84.406  70.929  29.063  84.715  70.970  29.371  84.731  70.905
0.86  0.86  0.86 7
  -0.296   0.073  -0.952  -0.261   0.252  -0.932  -0.107   0.234  -0.966 1
  29.053  84.406  70.929  29.371  84.731  70.905  29.371  84.406  70.860
0.86  0.86  0.86 7
  -0.296   0.073  -0.952  -0.107   0.234  -0.966  -0.104   0.038  -0.994 1
  29.371  84.406  70.860  29.371  84.731  70.905  29.705  84.731  70.905
0.86  0.86  0.86 7
  -0.104   0.038  -0.994  -0.107   0.234  -0.966   0.109   0.249  -0.962 1
  29.371  84.406  70.860  29.705  84.731  70.905  29.705  84.406  70.863
0.86  0.86  0.86 7
  -0.104   0.038  -0.994   0.109   0.249  -0.962   0.055   0.046  -0.997 1
  29.705  84.406  70.863  29.705  84.731  70.905  30.014  84.703  70.955
0.86  0.86  0.86 7
   0.055   0.046  -0.997   0.109   0.249  -0.962   0.164   0.266  -0.950 1
  29.705  84.406  70.863  30.014  84.703  70.955  30.038  84.404  70.881
0.86  0.86  0.86 7
   0.055   0.046  -0.997   0.164   0.266  -0.950  -0.003   0.223  -0.975 1
  30.038  84.404  70.881  30.014  84.703  70.955  30.208  84.749  71.013
0.86  0.86  0.86 7
  -0.003   0.223  -0.975   0.164   0.266  -0.950   0.236   0.428  -0.872 1
  30.038  84.404  70.881  30.208  84.749  71.013  30.371  84.610  70.962
0.86  0.86  0.86 7
  -0.003   0.223  -0.975   0.236   0.428  -0.872   0.064   0.544  -0.837 1
  30.038  84.404  70.881  30.371  84.610  70.962  30.371  84.422  70.849
0.86  0.86  0.86 7
  -0.003   0.223  -0.975   0.064   0.544  -0.837  -0.154   0.427  -0.891 1
  30.371  84.422  70.849  30.371  84.610  70.962  30.704  84.617  70.993
0.86  0.86  0.86 7
  -0.154   0.427  -0.891   0.064   0.544  -0.837  -0.084   0.667  -0.740 1
  30.371  84.422  70.849  30.704  84.617  70.993  30.690  84.443  70.818
0.86  0.86  0.86 7
  -0.154   0.427  -0.891  -0.084   0.667  -0.740  -0.263   0.611  -0.746 1
  31.065  84.492  70.757  30.876  84.399  70.712  31.014  84.645  70.966
0.86  0.86  0.86 7
  -0.277   0.762  -0.586  -0.257   0.697  -0.670  -0.189   0.712  -0.676 1
  30.704  84.617  70.993  31.014  84.645  70.966  30.876  84.399  70.712
0.86  0.86  0.86 7
  -0.084   0.667  -0.740  -0.189   0.712  -0.676  -0.257   0.697  -0.670 1
  30.704  84.617  70.993  30.876  84.399  70.712  30.690  84.443  70.818
0.86  0.86  0.86 7
  -0.084   0.667  -0.740  -0.257   0.697  -0.670  -0.263   0.611  -0.746 1
  31.369  84.578  70.700  31.065  84.492  70.757  31.383  84.716  70.890
0.86  0.86  0.86 7
  -0.258   0.785  -0.563  -0.277   0.762  -0.586  -0.290   0.714  -0.637 1
  31.383  84.716  70.890  31.065  84.492  70.757  31.199  84.758  71.018
0.86  0.86  0.86 7
  -0.290   0.714  -0.637  -0.277   0.762  -0.586  -0.248   0.644  -0.723 1
  31.199  84.758  71.018  31.065  84.492  70.757  31.014  84.645  70.966
0.86  0.86  0.86 7
  -0.248   0.644  -0.723  -0.277   0.762  -0.586  -0.189   0.712  -0.676 1
  31.688  84.631  70.662  31.369  84.578  70.700  31.692  84.777  70.832
0.86  0.86  0.86 7
  -0.107   0.771  -0.628  -0.258   0.785  -0.563  -0.197   0.682  -0.704 1
  31.692  84.777  70.832  31.369  84.578  70.700  31.383  84.716  70.890
0.86  0.86  0.86 7
  -0.197   0.682  -0.704  -0.258   0.785  -0.563  -0.290   0.714  -0.637 1
  32.038  84.633  70.645  31.688  84.631  70.662  32.038  84.799  70.789
0.86  0.86  0.86 7
   0.038   0.717  -0.696  -0.107   0.771  -0.628  -0.030   0.633  -0.774 1
  32.038  84.799  70.789  31.688  84.631  70.662  31.692  84.777  70.832
0.86  0.86  0.86 7
  -0.030   0.633  -0.774  -0.107   0.771  -0.628  -0.197   0.682  -0.704 1
  32.371  84.615  70.662  32.038  84.633  70.645  32.371  84.784  70.809
0.86  0.86  0.86 7
  -0.031   0.735  -0.678   0.038   0.717  -0.696   0.038   0.600  -0.799 1
  32.371  84.784  70.809  32.038  84.633  70.645  32.038  84.799  70.789
0.86  0.86  0.86 7
   0.038   0.600  -0.799   0.038   0.717  -0.696  -0.030   0.633  -0.774 1
  32.705  84.651  70.643  32.371  84.615  70.662  32.705  84.799  70.807
0.86  0.86  0.86 7
  -0.056   0.771  -0.635  -0.031   0.735  -0.678   0.010   0.663  -0.749 1
  32.705  84.799  70.807  32.371  84.615  70.662  32.371  84.784  70.809
0.86  0.86  0.86 7
   0.010   0.663  -0.749  -0.031   0.735  -0.678   0.038   0.600  -0.799 1
  33.038  84.652  70.648  32.705  84.651  70.643  33.038  84.793  70.819
0.86  0.86  0.86 7
   0.078   0.823  -0.562  -0.056   0.771  -0.635   0.162   0.729  -0.665 1
  33.038  84.793  70.819  32.705  84.651  70.643  32.705  84.799  70.807
0.86  0.86  0.86 7
   0.162   0.729  -0.665  -0.056   0.771  -0.635   0.010   0.663  -0.749 1
  33.381  84.609  70.685  33.038  84.652  70.648  33.369  84.731  70.876
0.86  0.86  0.86 7
   0.307   0.869  -0.387   0.078   0.823  -0.562   0.391   0.759  -0.520 1
  33.369  84.731  70.876  33.038  84.652  70.648  33.038  84.793  70.819
0.86  0.86  0.86 7
   0.391   0.759  -0.520   0.078   0.823  -0.562   0.162   0.729  -0.665 1
  33.668  84.506  70.711  33.381  84.609  70.685  33.703  84.570  71.038
0.86  0.86  0.86 7
   0.341   0.909  -0.241   0.307   0.869  -0.387   0.437   0.847  -0.303 1
  33.703  84.570  71.038  33.381  84.609  70.685  33.510  84.705  71.053
0.86  0.86  0.86 7
   0.437   0.847  -0.303   0.307   0.869  -0.387   0.592   0.677  -0.437 1
  33.510  84.705  71.053  33.381  84.609  70.685  33.369  84.731  70.876
0.86  0.86  0.86 7
   0.592   0.677  -0.437   0.307   0.869  -0.387   0.391   0.759  -0.520 1
  33.874  84.414  70.703  33.668  84.506  70.711  33.703  84.570  71.038
0.86  0.86  0.86 7
   0.472   0.847  -0.244   0.341   0.909  -0.241   0.437   0.847  -0.303 1
  33.874  84.414  70.703  33.703  84.570  71.038  33.910  84.461  71.021
0.86  0.86  0.86 7
   0.472   0.847  -0.244   0.437   0.847  -0.303   0.578   0.797  -0.177 1
  28.877  84.736  71.051  29.039  84.905  71.039  29.063  84.715  70.970
0.86  0.86  0.86 7
  -0.421   0.256  -0.870  -0.327   0.351  -0.877  -0.261   0.252  -0.932 1
  29.063  84.715  70.970  29.039  84.905  71.039  29.208  85.061  71.057
0.86  0.86  0.86 7
  -0.261   0.252  -0.932  -0.327   0.351  -0.877  -0.226   0.457  -0.860 1
  29.063  84.715  70.970  29.208  85.061  71.057  29.371  85.015  71.005
0.86  0.86  0.86 7
  -0.261   0.252  -0.932  -0.226   0.457  -0.860  -0.096   0.398  -0.912 1
  29.063  84.715  70.970  29.371  85.015  71.005  29.371  84.731  70.905
0.86  0.86  0.86 7
  -0.261   0.252  -0.932  -0.096   0.398  -0.912  -0.107   0.234  -0.966 1
  29.371  84.731  70.905  29.371  85.015  71.005  29.705  85.015  71.004
0.86  0.86  0.86 7
  -0.107   0.234  -0.966  -0.096   0.398  -0.912   0.069   0.385  -0.920 1
  29.371  84.731  70.905  29.705  85.015  71.004  29.705  84.731  70.905
0.86  0.86  0.86 7
  -0.107   0.234  -0.966   0.069   0.385  -0.920   0.109   0.249  -0.962 1
  29.705  84.731  70.905  29.705  85.015  71.004  29.869  85.062  71.056
0.86  0.86  0.86 7
   0.109   0.249  -0.962   0.069   0.385  -0.920   0.237   0.459  -0.856 1
  29.705  84.731  70.905  29.869  85.062  71.056  30.038  84.906  71.037
0.86  0.86  0.86 7
   0.109   0.249  -0.962   0.237   0.459  -0.856   0.244   0.392  -0.887 1
  29.705  84.731  70.905  30.038  84.906  71.037  30.014  84.703  70.955
0.86  0.86  0.86 7
   0.109   0.249  -0.962   0.244   0.392  -0.887   0.164   0.266  -0.950 1
  30.038  84.906  71.037  30.208  84.749  71.013  30.014  84.703  70.955
0.86  0.86  0.86 7
   0.244   0.392  -0.887   0.236   0.428  -0.872   0.164   0.266  -0.950 1
  31.199  84.758  71.018  31.383  84.888  71.059  31.383  84.716  70.890
0.86  0.86  0.86 7
  -0.248   0.644  -0.723  -0.304   0.584  -0.752  -0.290   0.714  -0.637 1
  31.383  84.716  70.890  31.383  84.888  71.059  31.688  84.948  70.978
0.86  0.86  0.86 7
  -0.290   0.714  -0.637  -0.304   0.584  -0.752  -0.252   0.588  -0.768 1
  31.383  84.716  70.890  31.688  84.948  70.978  31.692  84.777  70.832
0.86  0.86  0.86 7
  -0.290   0.714  -0.637  -0.252   0.588  -0.768  -0.197   0.682  -0.704 1
  31.692  84.777  70.832  31.688  84.948  70.978  31.870  85.077  71.029
0.86  0.86  0.86 7
  -0.197   0.682  -0.704  -0.252   0.588  -0.768  -0.176   0.473  -0.863 1
  31.692  84.777  70.832  31.870  85.077  71.029  32.039  85.020  70.955
0.86  0.86  0.86 7
  -0.197   0.682  -0.704  -0.176   0.473  -0.863  -0.097   0.530  -0.842 1
  31.692  84.777  70.832  32.039  85.020  70.955  32.038  84.799  70.789
0.86  0.86  0.86 7
  -0.197   0.682  -0.704  -0.097   0.530  -0.842  -0.030   0.633  -0.774 1
  32.038  84.799  70.789  32.039  85.020  70.955  32.372  85.034  70.956
0.86  0.86  0.86 7
  -0.030   0.633  -0.774  -0.097   0.530  -0.842   0.044   0.492  -0.870 1
  32.038  84.799  70.789  32.372  85.034  70.956  32.371  84.784  70.809
0.86  0.86  0.86 7
  -0.030   0.633  -0.774   0.044   0.492  -0.870   0.038   0.600  -0.799 1
  32.371  84.784  70.809  32.372  85.034  70.956  32.704  85.010  70.970
0.86  0.86  0.86 7
   0.038   0.600  -0.799   0.044   0.492  -0.870   0.063   0.530  -0.845 1
  32.371  84.784  70.809  32.704  85.010  70.970  32.705  84.799  70.807
0.86  0.86  0.86 7
   0.038   0.600  -0.799   0.063   0.530  -0.845   0.010   0.663  -0.749 1
  32.705  84.799  70.807  32.704  85.010  70.970  32.872  85.076  71.032
0.86  0.86  0.86 7
   0.010   0.663  -0.749   0.063   0.530  -0.845   0.157   0.511  -0.845 1
  32.705  84.799  70.807  32.872  85.076  71.032  33.058  84.964  70.978
0.86  0.86  0.86 7
   0.010   0.663  -0.749   0.157   0.511  -0.845   0.272   0.639  -0.720 1
  32.705  84.799  70.807  33.058  84.964  70.978  33.038  84.793  70.819
0.86  0.86  0.86 7
   0.010   0.663  -0.749   0.272   0.639  -0.720   0.162   0.729  -0.665 1
  33.038  84.793  70.819  33.058  84.964  70.978  33.335  84.876  71.054
0.86  0.86  0.86 7
   0.162   0.729  -0.665   0.272   0.639  -0.720   0.460   0.688  -0.562 1
  33.038  84.793  70.819  33.335  84.876  71.054  33.369  84.731  70.876
0.86  0.86  0.86 7
   0.162   0.729  -0.665   0.460   0.688  -0.562   0.391   0.759  -0.520 1
  33.335  84.876  71.054  33.510  84.705  71.053  33.369  84.731  70.876
0.86  0.86  0.86 7
   0.460   0.688  -0.562   0.592   0.677  -0.437   0.391   0.759  -0.520 1
  29.208  85.061  71.057  29.371  85.194  71.100  29.371  85.015  71.005
0.86  0.86  0.86 7
  -0.226   0.457  -0.860  -0.083   0.537  -0.839  -0.096   0.398  -0.912 1
  29.371  85.015  71.005  29.371  85.194  71.100  29.705  85.195  71.099
0.86  0.86  0.86 7
  -0.096   0.398  -0.912  -0.083   0.537  -0.839   0.079   0.514  -0.854 1
  29.371  85.015  71.005  29.705  85.195  71.099  29.705  85.015  71.004
0.86  0.86  0.86 7
  -0.096   0.398  -0.912   0.079   0.514  -0.854   0.069   0.385  -0.920 1
  29.705  85.195  71.099  29.869  85.062  71.056  29.705  85.015  71.004
0.86  0.86  0.86 7
   0.079   0.514  -0.854   0.237   0.459  -0.856   0.069   0.385  -0.920 1
  31.870  85.077  71.029  32.046  85.228  71.064  32.039  85.020  70.955
0.86  0.86  0.86 7
  -0.176   0.473  -0.863  -0.091   0.383  -0.919  -0.097   0.530  -0.842 1
  32.039  85.020  70.955  32.046  85.228  71.064  32.371  85.233  71.053
0.86  0.86  0.86 7
  -0.097   0.530  -0.842  -0.091   0.383  -0.919   0.032   0.386  -0.922 1
  32.039  85.020  70.955  32.371  85.233  71.053  32.372  85.034  70.956
0.86  0.86  0.86 7
  -0.097   0.530  -0.842   0.032   0.386  -0.922   0.044   0.492  -0.870 1
  32.372  85.034  70.956  32.371  85.233  71.053  32.704  85.222  71.079
0.86  0.86  0.86 7
   0.044   0.492  -0.870   0.032   0.386  -0.922   0.088   0.410  -0.908 1
  32.372  85.034  70.956  32.704  85.222  71.079  32.704  85.010  70.970
0.86  0.86  0.86 7
   0.044   0.492  -0.870   0.088   0.410  -0.908   0.063   0.530  -0.845 1
  32.704  85.222  71.079  32.872  85.076  71.032  32.704  85.010  70.970
0.86  0.86  0.86 7
   0.088   0.410  -0.908   0.157   0.511  -0.845   0.063   0.530  -0.845 1
  30.902  81.782  71.049  31.080  81.672  71.065  30.868  81.735  71.370
0.86  0.86  0.86 7
  -0.556  -0.787  -0.267  -0.413  -0.878  -0.243  -0.561  -0.824  -0.078 1
  30.868  81.735  71.370  31.080  81.672  71.065  31.065  81.620  71.377
0.86  0.86  0.86 7
  -0.561  -0.824  -0.078  -0.413  -0.878  -0.243  -0.432  -0.901  -0.046 1
  31.080  81.672  71.065  31.370  81.568  71.035  31.355  81.509  71.370
0.86  0.86  0.86 7
  -0.413  -0.878  -0.243  -0.243  -0.937  -0.251  -0.263  -0.962  -0.078 1
  31.080  81.672  71.065  31.355  81.509  71.370  31.065  81.620  71.377
0.86  0.86  0.86 7
  -0.413  -0.878  -0.243  -0.263  -0.962  -0.078  -0.432  -0.901  -0.046 1
  31.370  81.568  71.035  31.705  81.512  71.021  31.705  81.450  71.356
0.86  0.86  0.86 7
  -0.243  -0.937  -0.251  -0.072  -0.960  -0.270  -0.071  -0.994  -0.081 1
  31.370  81.568  71.035  31.705  81.450  71.356  31.355  81.509  71.370
0.86  0.86  0.86 7
  -0.243  -0.937  -0.251  -0.071  -0.994  -0.081  -0.263  -0.962  -0.078 1
  31.705  81.512  71.021  32.038  81.518  71.023  32.051  81.460  71.370
0.86  0.86  0.86 7
  -0.072  -0.960  -0.270   0.047  -0.965  -0.256   0.093  -0.994  -0.061 1
  31.705  81.512  71.021  32.051  81.460  71.370  31.705  81.450  71.356
0.86  0.86  0.86 7
  -0.072  -0.960  -0.270   0.093  -0.994  -0.061  -0.071  -0.994  -0.081 1
  32.038  81.518  71.023  32.372  81.533  71.036  32.373  81.499  71.370
0.86  0.86  0.86 7
   0.047  -0.965  -0.256  -0.026  -0.988  -0.153   0.083  -0.996   0.014 1
  32.038  81.518  71.023  32.373  81.499  71.370  32.051  81.460  71.370
0.86  0.86  0.86 7
   0.047  -0.965  -0.256   0.083  -0.996   0.014   0.093  -0.994  -0.061 1
  32.372  81.533  71.036  32.689  81.501  71.036  32.704  81.515  71.384
0.86  0.86  0.86 7
  -0.026  -0.988  -0.153  -0.130  -0.991  -0.036  -0.026  -0.992   0.120 1
  32.372  81.533  71.036  32.704  81.515  71.384  32.373  81.499  71.370
0.86  0.86  0.86 7
  -0.026  -0.988  -0.153  -0.026  -0.992   0.120   0.083  -0.996   0.014 1
  32.689  81.501  71.036  33.038  81.446  71.037  33.038  81.487  71.391
0.86  0.86  0.86 7
  -0.130  -0.991  -0.036  -0.050  -0.999   0.002  -0.028  -0.978   0.204 1
  32.689  81.501  71.036  33.038  81.487  71.391  32.704  81.515  71.384
0.86  0.86  0.86 7
  -0.130  -0.991  -0.036  -0.028  -0.978   0.204  -0.026  -0.992   0.120 1
  33.038  81.446  71.037  33.383  81.466  71.037  33.388  81.506  71.387
0.86  0.86  0.86 7
  -0.050  -0.999   0.002   0.163  -0.987   0.001   0.160  -0.964   0.211 1
  33.038  81.446  71.037  33.388  81.506  71.387  33.038  81.487  71.391
0.86  0.86  0.86 7
  -0.050  -0.999   0.002   0.160  -0.964   0.211  -0.028  -0.978   0.204 1
  33.383  81.466  71.037  33.713  81.557  71.037  33.697  81.588  71.366
0.86  0.86  0.86 7
   0.163  -0.987   0.001   0.377  -0.926   0.015   0.350  -0.914   0.204 1
  33.383  81.466  71.037  33.697  81.588  71.366  33.388  81.506  71.387
0.86  0.86  0.86 7
   0.163  -0.987   0.001   0.350  -0.914   0.204   0.160  -0.964   0.211 1
  33.713  81.557  71.037  33.963  81.686  71.037  34.035  81.743  71.203
0.86  0.86  0.86 7
   0.377  -0.926   0.015   0.505  -0.863  -0.019   0.546  -0.830   0.109 1
  33.713  81.557  71.037  34.035  81.743  71.203  33.896  81.690  71.382
0.86  0.86  0.86 7
   0.377  -0.926   0.015   0.546  -0.830   0.109   0.496  -0.840   0.220 1
  33.713  81.557  71.037  33.896  81.690  71.382  33.697  81.588  71.366
0.86  0.86  0.86 7
   0.377  -0.926   0.015   0.496  -0.840   0.220   0.350  -0.914   0.204 1
  34.137  81.808  71.037  34.035  81.743  71.203  33.963  81.686  71.037
0.86  0.86  0.86 7
   0.662  -0.749   0.032   0.546  -0.830   0.109   0.505  -0.863  -0.019 1
  30.560  82.088  71.044  30.722  81.924  71.042  30.513  82.055  71.370
0.86  0.86  0.86 7
  -0.754  -0.600  -0.266  -0.641  -0.719  -0.268  -0.763  -0.642  -0.079 1
  30.513  82.055  71.370  30.722  81.924  71.042  30.680  81.882  71.370
0.86  0.86  0.86 7
  -0.763  -0.642  -0.079  -0.641  -0.719  -0.268  -0.666  -0.742  -0.079 1
  30.722  81.924  71.042  30.902  81.782  71.049  30.680  81.882  71.370
0.86  0.86  0.86 7
  -0.641  -0.719  -0.268  -0.556  -0.787  -0.267  -0.666  -0.742  -0.079 1
  30.680  81.882  71.370  30.902  81.782  71.049  30.868  81.735  71.370
0.86  0.86  0.86 7
  -0.666  -0.742  -0.079  -0.556  -0.787  -0.267  -0.561  -0.824  -0.078 1
  34.094  81.828  71.392  33.896  81.690  71.382  34.035  81.743  71.203
0.86  0.86  0.86 7
   0.630  -0.742   0.231   0.496  -0.840   0.220   0.546  -0.830   0.109 1
  34.137  81.808  71.037  34.306  81.972  71.037  34.375  82.070  71.204
0.86  0.86  0.86 7
   0.662  -0.749   0.032   0.736  -0.677  -0.022   0.768  -0.631   0.113 1
  34.137  81.808  71.037  34.375  82.070  71.204  34.276  82.002  71.394
0.86  0.86  0.86 7
   0.662  -0.749   0.032   0.768  -0.631   0.113   0.726  -0.649   0.228 1
  34.137  81.808  71.037  34.276  82.002  71.394  34.094  81.828  71.392
0.86  0.86  0.86 7
   0.662  -0.749   0.032   0.726  -0.649   0.228   0.630  -0.742   0.231 1
  34.137  81.808  71.037  34.094  81.828  71.392  34.035  81.743  71.203
0.86  0.86  0.86 7
   0.662  -0.749   0.032   0.630  -0.742   0.231   0.546  -0.830   0.109 1
  34.437  82.140  71.037  34.375  82.070  71.204  34.306  81.972  71.037
0.86  0.86  0.86 7
   0.846  -0.532   0.017   0.768  -0.631   0.113   0.736  -0.677  -0.022 1
  30.323  82.457  71.070  30.425  82.275  71.055  30.250  82.436  71.385
0.86  0.86  0.86 7
  -0.830  -0.465  -0.308  -0.813  -0.514  -0.273  -0.788  -0.593  -0.168 1
  30.250  82.436  71.385  30.425  82.275  71.055  30.377  82.244  71.370
0.86  0.86  0.86 7
  -0.788  -0.593  -0.168  -0.813  -0.514  -0.273  -0.810  -0.578  -0.098 1
  30.425  82.275  71.055  30.560  82.088  71.044  30.377  82.244  71.370
0.86  0.86  0.86 7
  -0.813  -0.514  -0.273  -0.754  -0.600  -0.266  -0.810  -0.578  -0.098 1
  30.377  82.244  71.370  30.560  82.088  71.044  30.513  82.055  71.370
0.86  0.86  0.86 7
  -0.810  -0.578  -0.098  -0.754  -0.600  -0.266  -0.763  -0.642  -0.079 1
  34.429  82.199  71.386  34.276  82.002  71.394  34.375  82.070  71.204
0.86  0.86  0.86 7
   0.826  -0.520   0.217   0.726  -0.649   0.228   0.768  -0.631   0.113 1
  34.437  82.140  71.037  34.576  82.387  71.037  34.544  82.403  71.371
0.86  0.86  0.86 7
   0.846  -0.532   0.017   0.916  -0.400   0.004   0.900  -0.386   0.203 1
  34.437  82.140  71.037  34.544  82.403  71.371  34.429  82.199  71.386
0.86  0.86  0.86 7
   0.846  -0.532   0.017   0.900  -0.386   0.203   0.826  -0.520   0.217 1
  34.437  82.140  71.037  34.429  82.199  71.386  34.375  82.070  71.204
0.86  0.86  0.86 7
   0.846  -0.532   0.017   0.826  -0.520   0.217   0.768  -0.631   0.113 1
  30.095  82.628  71.392  29.924  82.794  71.413  30.073  82.769  71.221
0.86  0.86  0.86 7
  -0.701  -0.644  -0.305  -0.605  -0.663  -0.441  -0.753  -0.527  -0.393 1
  30.187  82.730  71.029  30.323  82.457  71.070  30.073  82.769  71.221
0.86  0.86  0.86 7
  -0.802  -0.428  -0.417  -0.830  -0.465  -0.308  -0.753  -0.527  -0.393 1
  30.073  82.769  71.221  30.323  82.457  71.070  30.095  82.628  71.392
0.86  0.86  0.86 7
  -0.753  -0.527  -0.393  -0.830  -0.465  -0.308  -0.701  -0.644  -0.305 1
  30.095  82.628  71.392  30.323  82.457  71.070  30.250  82.436  71.385
0.86  0.86  0.86 7
  -0.701  -0.644  -0.305  -0.830  -0.465  -0.308  -0.788  -0.593  -0.168 1
  34.576  82.387  71.037  34.682  82.711  71.037  34.640  82.714  71.396
0.86  0.86  0.86 7
   0.916  -0.400   0.004   0.977  -0.211   0.034   0.955  -0.201   0.220 1
  34.576  82.387  71.037  34.640  82.714  71.396  34.544  82.403  71.371
0.86  0.86  0.86 7
   0.916  -0.400   0.004   0.955  -0.201   0.220   0.900  -0.386   0.203 1
  29.734  82.953  71.401  29.546  83.089  71.384  29.731  83.105  71.236
0.86  0.86  0.86 7
  -0.466  -0.704  -0.536  -0.376  -0.658  -0.652  -0.545  -0.569  -0.616 1
  29.908  83.102  71.073  30.061  82.921  71.052  29.731  83.105  71.236
0.86  0.86  0.86 7
  -0.622  -0.526  -0.580  -0.690  -0.524  -0.500  -0.545  -0.569  -0.616 1
  29.731  83.105  71.236  30.061  82.921  71.052  29.734  82.953  71.401
0.86  0.86  0.86 7
  -0.545  -0.569  -0.616  -0.690  -0.524  -0.500  -0.466  -0.704  -0.536 1
  29.734  82.953  71.401  30.061  82.921  71.052  29.924  82.794  71.413
0.86  0.86  0.86 7
  -0.466  -0.704  -0.536  -0.690  -0.524  -0.500  -0.605  -0.663  -0.441 1
  29.924  82.794  71.413  30.061  82.921  71.052  30.073  82.769  71.221
0.86  0.86  0.86 7
  -0.605  -0.663  -0.441  -0.690  -0.524  -0.500  -0.753  -0.527  -0.393 1
  30.073  82.769  71.221  30.061  82.921  71.052  30.187  82.730  71.029
0.86  0.86  0.86 7
  -0.753  -0.527  -0.393  -0.690  -0.524  -0.500  -0.802  -0.428  -0.417 1
  34.682  82.711  71.037  34.711  82.906  71.037  34.708  83.073  71.204
0.86  0.86  0.86 7
   0.977  -0.211   0.034   0.995  -0.096  -0.014   0.992  -0.016   0.122 1
  34.682  82.711  71.037  34.708  83.073  71.204  34.675  83.073  71.397
0.86  0.86  0.86 7
   0.977  -0.211   0.034   0.992  -0.016   0.122   0.974   0.032   0.226 1
  34.682  82.711  71.037  34.675  83.073  71.397  34.640  82.714  71.396
0.86  0.86  0.86 7
   0.977  -0.211   0.034   0.974   0.032   0.226   0.955  -0.201   0.220 1
  34.717  83.073  71.037  34.708  83.073  71.204  34.711  82.906  71.037
0.86  0.86  0.86 7
   1.000   0.018   0.002   0.992  -0.016   0.122   0.995  -0.096  -0.014 1
  29.044  83.259  71.389  28.865  83.396  71.358  29.050  83.429  71.238
0.86  0.86  0.86 7
  -0.348  -0.691  -0.634  -0.427  -0.592  -0.684  -0.311  -0.545  -0.778 1
  29.044  83.259  71.389  29.050  83.429  71.238  29.361  83.208  71.338
0.86  0.86  0.86 7
  -0.348  -0.691  -0.634  -0.311  -0.545  -0.778  -0.273  -0.676  -0.685 1
  29.361  83.208  71.338  29.050  83.429  71.238  29.364  83.389  71.179
0.86  0.86  0.86 7
  -0.273  -0.676  -0.685  -0.311  -0.545  -0.778  -0.298  -0.550  -0.780 1
  29.556  83.429  71.077  29.736  83.271  71.083  29.364  83.389  71.179
0.86  0.86  0.86 7
  -0.331  -0.472  -0.817  -0.465  -0.541  -0.701  -0.298  -0.550  -0.780 1
  29.364  83.389  71.179  29.736  83.271  71.083  29.361  83.208  71.338
0.86  0.86  0.86 7
  -0.298  -0.550  -0.780  -0.465  -0.541  -0.701  -0.273  -0.676  -0.685 1
  29.361  83.208  71.338  29.736  83.271  71.083  29.546  83.089  71.384
0.86  0.86  0.86 7
  -0.273  -0.676  -0.685  -0.465  -0.541  -0.701  -0.376  -0.658  -0.652 1
  29.546  83.089  71.384  29.736  83.271  71.083  29.731  83.105  71.236
0.86  0.86  0.86 7
  -0.376  -0.658  -0.652  -0.465  -0.541  -0.701  -0.545  -0.569  -0.616 1
  29.731  83.105  71.236  29.736  83.271  71.083  29.908  83.102  71.073
0.86  0.86  0.86 7
  -0.545  -0.569  -0.616  -0.465  -0.541  -0.701  -0.622  -0.526  -0.580 1
  34.705  83.240  71.037  34.668  83.439  71.037  34.628  83.429  71.393
0.86  0.86  0.86 7
   0.990   0.143   0.015   0.967   0.256  -0.008   0.947   0.236   0.216 1
  34.705  83.240  71.037  34.628  83.429  71.393  34.675  83.073  71.397
0.86  0.86  0.86 7
   0.990   0.143   0.015   0.947   0.236   0.216   0.974   0.032   0.226 1
  34.705  83.240  71.037  34.675  83.073  71.397  34.708  83.073  71.204
0.86  0.86  0.86 7
   0.990   0.143   0.015   0.974   0.032   0.226   0.992  -0.016   0.122 1
  34.705  83.240  71.037  34.708  83.073  71.204  34.717  83.073  71.037
0.86  0.86  0.86 7
   0.990   0.143   0.015   0.992  -0.016   0.122   1.000   0.018   0.002 1
  28.691  83.560  71.350  28.536  83.739  71.368  28.715  83.747  71.221
0.86  0.86  0.86 7
  -0.563  -0.496  -0.661  -0.649  -0.357  -0.672  -0.499  -0.359  -0.789 1
  29.050  83.429  71.238  28.865  83.396  71.358  28.691  83.560  71.350
0.86  0.86  0.86 7
  -0.311  -0.545  -0.778  -0.427  -0.592  -0.684  -0.563  -0.496  -0.661 1
  29.050  83.429  71.238  28.691  83.560  71.350  28.715  83.747  71.221
0.86  0.86  0.86 7
  -0.311  -0.545  -0.778  -0.563  -0.496  -0.661  -0.499  -0.359  -0.789 1
  29.050  83.429  71.238  28.715  83.747  71.221  28.988  83.690  71.103
0.86  0.86  0.86 7
  -0.311  -0.545  -0.778  -0.499  -0.359  -0.789  -0.357  -0.421  -0.834 1
  29.050  83.429  71.238  28.988  83.690  71.103  29.202  83.731  71.013
0.86  0.86  0.86 7
  -0.311  -0.545  -0.778  -0.357  -0.421  -0.834  -0.239  -0.413  -0.879 1
  29.050  83.429  71.238  29.202  83.731  71.013  29.373  83.579  71.052
0.86  0.86  0.86 7
  -0.311  -0.545  -0.778  -0.239  -0.413  -0.879  -0.259  -0.482  -0.837 1
  29.050  83.429  71.238  29.373  83.579  71.052  29.364  83.389  71.179
0.86  0.86  0.86 7
  -0.311  -0.545  -0.778  -0.259  -0.482  -0.837  -0.298  -0.550  -0.780 1
  29.364  83.389  71.179  29.373  83.579  71.052  29.556  83.429  71.077
0.86  0.86  0.86 7
  -0.298  -0.550  -0.780  -0.259  -0.482  -0.837  -0.331  -0.472  -0.817 1
  34.668  83.439  71.037  34.554  83.748  71.037  34.523  83.732  71.366
0.86  0.86  0.86 7
   0.967   0.256  -0.008   0.905   0.425   0.002   0.885   0.422   0.197 1
  34.668  83.439  71.037  34.523  83.732  71.366  34.628  83.429  71.393
0.86  0.86  0.86 7
   0.967   0.256  -0.008   0.885   0.422   0.197   0.947   0.236   0.216 1
  28.715  83.747  71.221  28.536  83.739  71.368  28.470  84.050  71.302
0.86  0.86  0.86 7
  -0.499  -0.359  -0.789  -0.649  -0.357  -0.672  -0.655  -0.214  -0.725 1
  28.715  83.747  71.221  28.470  84.050  71.302  28.664  84.057  71.147
0.86  0.86  0.86 7
  -0.499  -0.359  -0.789  -0.655  -0.214  -0.725  -0.579  -0.141  -0.803 1
  28.715  83.747  71.221  28.664  84.057  71.147  28.867  84.070  71.027
0.86  0.86  0.86 7
  -0.499  -0.359  -0.789  -0.579  -0.141  -0.803  -0.447  -0.165  -0.879 1
  28.715  83.747  71.221  28.867  84.070  71.027  29.029  83.898  71.002
0.86  0.86  0.86 7
  -0.499  -0.359  -0.789  -0.447  -0.165  -0.879  -0.330  -0.289  -0.899 1
  28.715  83.747  71.221  29.029  83.898  71.002  28.988  83.690  71.103
0.86  0.86  0.86 7
  -0.499  -0.359  -0.789  -0.330  -0.289  -0.899  -0.357  -0.421  -0.834 1
  28.988  83.690  71.103  29.029  83.898  71.002  29.202  83.731  71.013
0.86  0.86  0.86 7
  -0.357  -0.421  -0.834  -0.330  -0.289  -0.899  -0.239  -0.413  -0.879 1
  34.435  83.952  71.037  34.278  84.146  71.037  34.250  84.119  71.385
0.86  0.86  0.86 7
   0.822   0.569   0.003   0.737   0.676  -0.009   0.771   0.616   0.160 1
  34.435  83.952  71.037  34.250  84.119  71.385  34.404  83.930  71.379
0.86  0.86  0.86 7
   0.822   0.569   0.003   0.771   0.616   0.160   0.813   0.548   0.197 1
  34.554  83.748  71.037  34.435  83.952  71.037  34.404  83.930  71.379
0.86  0.86  0.86 7
   0.905   0.425   0.002   0.822   0.569   0.003   0.813   0.548   0.197 1
  34.554  83.748  71.037  34.404  83.930  71.379  34.523  83.732  71.366
0.86  0.86  0.86 7
   0.905   0.425   0.002   0.813   0.548   0.197   0.885   0.422   0.197 1
  28.369  84.239  71.368  28.304  84.406  71.436  28.451  84.406  71.284
0.86  0.86  0.86 7
  -0.746  -0.074  -0.662  -0.789   0.070  -0.610  -0.654   0.052  -0.754 1
  28.664  84.057  71.147  28.470  84.050  71.302  28.369  84.239  71.368
0.86  0.86  0.86 7
  -0.579  -0.141  -0.803  -0.655  -0.214  -0.725  -0.746  -0.074  -0.662 1
  28.664  84.057  71.147  28.369  84.239  71.368  28.451  84.406  71.284
0.86  0.86  0.86 7
  -0.579  -0.141  -0.803  -0.746  -0.074  -0.662  -0.654   0.052  -0.754 1
  28.664  84.057  71.147  28.451  84.406  71.284  28.650  84.406  71.126
0.86  0.86  0.86 7
  -0.579  -0.141  -0.803  -0.654   0.052  -0.754  -0.549   0.017  -0.836 1
  28.857  84.406  71.008  28.867  84.070  71.027  28.650  84.406  71.126
0.86  0.86  0.86 7
  -0.437   0.041  -0.898  -0.447  -0.165  -0.879  -0.549   0.017  -0.836 1
  28.650  84.406  71.126  28.867  84.070  71.027  28.664  84.057  71.147
0.86  0.86  0.86 7
  -0.549   0.017  -0.836  -0.447  -0.165  -0.879  -0.579  -0.141  -0.803 1
  34.092  84.314  71.037  33.910  84.461  71.021  33.927  84.459  71.368
0.86  0.86  0.86 7
   0.663   0.748  -0.044   0.578   0.797  -0.177   0.749   0.660  -0.055 1
  34.092  84.314  71.037  33.927  84.459  71.368  34.093  84.295  71.370
0.86  0.86  0.86 7
   0.663   0.748  -0.044   0.749   0.660  -0.055   0.741   0.669   0.059 1
  34.278  84.146  71.037  34.092  84.314  71.037  34.093  84.295  71.370
0.86  0.86  0.86 7
   0.737   0.676  -0.009   0.663   0.748  -0.044   0.741   0.669   0.059 1
  34.278  84.146  71.037  34.093  84.295  71.370  34.250  84.119  71.385
0.86  0.86  0.86 7
   0.737   0.676  -0.009   0.741   0.669   0.059   0.771   0.616   0.160 1
  28.304  84.406  71.436  28.379  84.572  71.377  28.451  84.406  71.284
0.86  0.86  0.86 7
  -0.789   0.070  -0.610  -0.720   0.150  -0.678  -0.654   0.052  -0.754 1
  28.451  84.406  71.284  28.379  84.572  71.377  28.488  84.756  71.320
0.86  0.86  0.86 7
  -0.654   0.052  -0.754  -0.720   0.150  -0.678  -0.659   0.259  -0.706 1
  28.451  84.406  71.284  28.488  84.756  71.320  28.679  84.750  71.167
0.86  0.86  0.86 7
  -0.654   0.052  -0.754  -0.659   0.259  -0.706  -0.553   0.230  -0.801 1
  28.451  84.406  71.284  28.679  84.750  71.167  28.650  84.406  71.126
0.86  0.86  0.86 7
  -0.654   0.052  -0.754  -0.553   0.230  -0.801  -0.549   0.017  -0.836 1
  28.877  84.736  71.051  28.857  84.406  71.008  28.679  84.750  71.167
0.86  0.86  0.86 7
  -0.421   0.256  -0.870  -0.437   0.041  -0.898  -0.553   0.230  -0.801 1
  28.679  84.750  71.167  28.857  84.406  71.008  28.650  84.406  71.126
0.86  0.86  0.86 7
  -0.553   0.230  -0.801  -0.437   0.041  -0.898  -0.549   0.017  -0.836 1
  30.208  84.749  71.013  30.395  84.804  71.115  30.371  84.610  70.962
0.86  0.86  0.86 7
   0.236   0.428  -0.872   0.177   0.542  -0.822   0.064   0.544  -0.837 1
  30.704  84.617  70.993  30.371  84.610  70.962  30.704  84.786  71.140
0.86  0.86  0.86 7
  -0.084   0.667  -0.740   0.064   0.544  -0.837  -0.013   0.592  -0.806 1
  30.704  84.786  71.140  30.371  84.610  70.962  30.395  84.804  71.115
0.86  0.86  0.86 7
  -0.013   0.592  -0.806   0.064   0.544  -0.837   0.177   0.542  -0.822 1
  31.014  84.645  70.966  30.704  84.617  70.993  31.010  84.809  71.109
0.86  0.86  0.86 7
  -0.189   0.712  -0.676  -0.084   0.667  -0.740  -0.157   0.616  -0.772 1
  31.010  84.809  71.109  30.704  84.617  70.993  30.704  84.786  71.140
0.86  0.86  0.86 7
  -0.157   0.616  -0.772  -0.084   0.667  -0.740  -0.013   0.592  -0.806 1
  31.010  84.809  71.109  31.199  84.758  71.018  31.014  84.645  70.966
0.86  0.86  0.86 7
  -0.157   0.616  -0.772  -0.248   0.644  -0.723  -0.189   0.712  -0.676 1
  33.510  84.705  71.053  33.672  84.689  71.235  33.703  84.570  71.038
0.86  0.86  0.86 7
   0.592   0.677  -0.437   0.556   0.732  -0.393   0.437   0.847  -0.303 1
  33.910  84.461  71.021  33.703  84.570  71.038  33.672  84.689  71.235
0.86  0.86  0.86 7
   0.578   0.797  -0.177   0.437   0.847  -0.303   0.556   0.732  -0.393 1
  33.910  84.461  71.021  33.672  84.689  71.235  33.764  84.672  71.374
0.86  0.86  0.86 7
   0.578   0.797  -0.177   0.556   0.732  -0.393   0.756   0.618  -0.216 1
  33.910  84.461  71.021  33.764  84.672  71.374  33.927  84.459  71.368
0.86  0.86  0.86 7
   0.578   0.797  -0.177   0.756   0.618  -0.216   0.749   0.660  -0.055 1
  28.679  84.750  71.167  28.488  84.756  71.320  28.565  85.051  71.397
0.86  0.86  0.86 7
  -0.553   0.230  -0.801  -0.659   0.259  -0.706  -0.613   0.467  -0.638 1
  28.679  84.750  71.167  28.565  85.051  71.397  28.738  85.039  71.254
0.86  0.86  0.86 7
  -0.553   0.230  -0.801  -0.613   0.467  -0.638  -0.462   0.447  -0.766 1
  29.039  84.905  71.039  28.877  84.736  71.051  29.014  85.105  71.147
0.86  0.86  0.86 7
  -0.327   0.351  -0.877  -0.421   0.256  -0.870  -0.368   0.451  -0.813 1
  28.738  85.039  71.254  29.014  85.105  71.147  28.877  84.736  71.051
0.86  0.86  0.86 7
  -0.462   0.447  -0.766  -0.368   0.451  -0.813  -0.421   0.256  -0.870 1
  28.738  85.039  71.254  28.877  84.736  71.051  28.679  84.750  71.167
0.86  0.86  0.86 7
  -0.462   0.447  -0.766  -0.421   0.256  -0.870  -0.553   0.230  -0.801 1
  29.014  85.105  71.147  29.208  85.061  71.057  29.039  84.905  71.039
0.86  0.86  0.86 7
  -0.368   0.451  -0.813  -0.226   0.457  -0.860  -0.327   0.351  -0.877 1
  29.869  85.062  71.056  30.065  85.095  71.154  30.038  84.906  71.037
0.86  0.86  0.86 7
   0.237   0.459  -0.856   0.324   0.482  -0.814   0.244   0.392  -0.887 1
  30.208  84.749  71.013  30.038  84.906  71.037  30.065  85.095  71.154
0.86  0.86  0.86 7
   0.236   0.428  -0.872   0.244   0.392  -0.887   0.324   0.482  -0.814 1
  30.208  84.749  71.013  30.065  85.095  71.154  30.359  85.051  71.251
0.86  0.86  0.86 7
   0.236   0.428  -0.872   0.324   0.482  -0.814   0.227   0.483  -0.846 1
  30.208  84.749  71.013  30.359  85.051  71.251  30.395  84.804  71.115
0.86  0.86  0.86 7
   0.236   0.428  -0.872   0.227   0.483  -0.846   0.177   0.542  -0.822 1
  30.395  84.804  71.115  30.359  85.051  71.251  30.701  85.019  71.284
0.86  0.86  0.86 7
   0.177   0.542  -0.822   0.227   0.483  -0.846   0.018   0.497  -0.868 1
  30.395  84.804  71.115  30.701  85.019  71.284  30.704  84.786  71.140
0.86  0.86  0.86 7
   0.177   0.542  -0.822   0.018   0.497  -0.868  -0.013   0.592  -0.806 1
  30.704  84.786  71.140  30.701  85.019  71.284  31.046  85.039  71.263
0.86  0.86  0.86 7
  -0.013   0.592  -0.806   0.018   0.497  -0.868  -0.199   0.494  -0.846 1
  30.704  84.786  71.140  31.046  85.039  71.263  31.010  84.809  71.109
0.86  0.86  0.86 7
  -0.013   0.592  -0.806  -0.199   0.494  -0.846  -0.157   0.616  -0.772 1
  31.383  84.888  71.059  31.199  84.758  71.018  31.368  85.077  71.195
0.86  0.86  0.86 7
  -0.304   0.584  -0.752  -0.248   0.644  -0.723  -0.293   0.468  -0.834 1
  31.046  85.039  71.263  31.368  85.077  71.195  31.199  84.758  71.018
0.86  0.86  0.86 7
  -0.199   0.494  -0.846  -0.293   0.468  -0.834  -0.248   0.644  -0.723 1
  31.046  85.039  71.263  31.199  84.758  71.018  31.010  84.809  71.109
0.86  0.86  0.86 7
  -0.199   0.494  -0.846  -0.248   0.644  -0.723  -0.157   0.616  -0.772 1
  31.688  84.948  70.978  31.383  84.888  71.059  31.677  85.129  71.091
0.86  0.86  0.86 7
  -0.252   0.588  -0.768  -0.304   0.584  -0.752  -0.269   0.460  -0.846 1
  31.677  85.129  71.091  31.383  84.888  71.059  31.368  85.077  71.195
0.86  0.86  0.86 7
  -0.269   0.460  -0.846  -0.304   0.584  -0.752  -0.293   0.468  -0.834 1
  31.677  85.129  71.091  31.870  85.077  71.029  31.688  84.948  70.978
0.86  0.86  0.86 7
  -0.269   0.460  -0.846  -0.176   0.473  -0.863  -0.252   0.588  -0.768 1
  32.872  85.076  71.032  33.062  85.132  71.119  33.058  84.964  70.978
0.86  0.86  0.86 7
   0.157   0.511  -0.845   0.435   0.509  -0.743   0.272   0.639  -0.720 1
  33.335  84.876  71.054  33.058  84.964  70.978  33.317  85.036  71.239
0.86  0.86  0.86 7
   0.460   0.688  -0.562   0.272   0.639  -0.720   0.560   0.594  -0.578 1
  33.317  85.036  71.239  33.058  84.964  70.978  33.062  85.132  71.119
0.86  0.86  0.86 7
   0.560   0.594  -0.578   0.272   0.639  -0.720   0.435   0.509  -0.743 1
  33.510  84.705  71.053  33.335  84.876  71.054  33.317  85.036  71.239
0.86  0.86  0.86 7
   0.592   0.677  -0.437   0.460   0.688  -0.562   0.560   0.594  -0.578 1
  33.510  84.705  71.053  33.317  85.036  71.239  33.479  85.025  71.428
0.86  0.86  0.86 7
   0.592   0.677  -0.437   0.560   0.594  -0.578   0.663   0.483  -0.572 1
  33.510  84.705  71.053  33.479  85.025  71.428  33.646  84.845  71.417
0.86  0.86  0.86 7
   0.592   0.677  -0.437   0.663   0.483  -0.572   0.718   0.565  -0.406 1
  33.510  84.705  71.053  33.646  84.845  71.417  33.672  84.689  71.235
0.86  0.86  0.86 7
   0.592   0.677  -0.437   0.718   0.565  -0.406   0.556   0.732  -0.393 1
  33.646  84.845  71.417  33.764  84.672  71.374  33.672  84.689  71.235
0.86  0.86  0.86 7
   0.718   0.565  -0.406   0.756   0.618  -0.216   0.556   0.732  -0.393 1
  28.565  85.051  71.397  28.720  85.220  71.389  28.738  85.039  71.254
0.86  0.86  0.86 7
  -0.613   0.467  -0.638  -0.515   0.543  -0.663  -0.462   0.447  -0.766 1
  28.738  85.039  71.254  28.720  85.220  71.389  28.891  85.374  71.409
0.86  0.86  0.86 7
  -0.462   0.447  -0.766  -0.515   0.543  -0.663  -0.408   0.652  -0.639 1
  28.738  85.039  71.254  28.891  85.374  71.409  29.068  85.330  71.280
0.86  0.86  0.86 7
  -0.462   0.447  -0.766  -0.408   0.652  -0.639  -0.294   0.603  -0.742 1
  28.738  85.039  71.254  29.068  85.330  71.280  29.014  85.105  71.147
0.86  0.86  0.86 7
  -0.462   0.447  -0.766  -0.294   0.603  -0.742  -0.368   0.451  -0.813 1
  29.371  85.194  71.100  29.208  85.061  71.057  29.371  85.378  71.232
0.86  0.86  0.86 7
  -0.083   0.537  -0.839  -0.226   0.457  -0.860  -0.116   0.639  -0.760 1
  29.068  85.330  71.280  29.371  85.378  71.232  29.208  85.061  71.057
0.86  0.86  0.86 7
  -0.294   0.603  -0.742  -0.116   0.639  -0.760  -0.226   0.457  -0.860 1
  29.068  85.330  71.280  29.208  85.061  71.057  29.014  85.105  71.147
0.86  0.86  0.86 7
  -0.294   0.603  -0.742  -0.226   0.457  -0.860  -0.368   0.451  -0.813 1
  29.705  85.195  71.099  29.371  85.194  71.100  29.705  85.378  71.232
0.86  0.86  0.86 7
   0.079   0.514  -0.854  -0.083   0.537  -0.839   0.126   0.630  -0.766 1
  29.705  85.378  71.232  29.371  85.194  71.100  29.371  85.378  71.232
0.86  0.86  0.86 7
   0.126   0.630  -0.766  -0.083   0.537  -0.839  -0.116   0.639  -0.760 1
  29.869  85.062  71.056  29.705  85.195  71.099  29.705  85.378  71.232
0.86  0.86  0.86 7
   0.237   0.459  -0.856   0.079   0.514  -0.854   0.126   0.630  -0.766 1
  29.869  85.062  71.056  29.705  85.378  71.232  30.008  85.332  71.278
0.86  0.86  0.86 7
   0.237   0.459  -0.856   0.126   0.630  -0.766   0.259   0.589  -0.765 1
  29.869  85.062  71.056  30.008  85.332  71.278  30.065  85.095  71.154
0.86  0.86  0.86 7
   0.237   0.459  -0.856   0.259   0.589  -0.765   0.324   0.482  -0.814 1
  30.065  85.095  71.154  30.008  85.332  71.278  30.194  85.392  71.395
0.86  0.86  0.86 7
   0.324   0.482  -0.814   0.259   0.589  -0.765   0.238   0.646  -0.725 1
  30.065  85.095  71.154  30.194  85.392  71.395  30.373  85.244  71.364
0.86  0.86  0.86 7
   0.324   0.482  -0.814   0.238   0.646  -0.725   0.209   0.506  -0.837 1
  30.065  85.095  71.154  30.373  85.244  71.364  30.359  85.051  71.251
0.86  0.86  0.86 7
   0.324   0.482  -0.814   0.209   0.506  -0.837   0.227   0.483  -0.846 1
  30.359  85.051  71.251  30.373  85.244  71.364  30.704  85.227  71.398
0.86  0.86  0.86 7
   0.227   0.483  -0.846   0.209   0.506  -0.837   0.012   0.504  -0.863 1
  30.359  85.051  71.251  30.704  85.227  71.398  30.701  85.019  71.284
0.86  0.86  0.86 7
   0.227   0.483  -0.846   0.012   0.504  -0.863   0.018   0.497  -0.868 1
  30.701  85.019  71.284  30.704  85.227  71.398  31.038  85.239  71.371
0.86  0.86  0.86 7
   0.018   0.497  -0.868   0.012   0.504  -0.863  -0.191   0.473  -0.860 1
  30.701  85.019  71.284  31.038  85.239  71.371  31.046  85.039  71.263
0.86  0.86  0.86 7
   0.018   0.497  -0.868  -0.191   0.473  -0.860  -0.199   0.494  -0.846 1
  31.046  85.039  71.263  31.038  85.239  71.371  31.211  85.395  71.383
0.86  0.86  0.86 7
  -0.199   0.494  -0.846  -0.191   0.473  -0.860  -0.328   0.450  -0.831 1
  31.046  85.039  71.263  31.211  85.395  71.383  31.401  85.361  71.309
0.86  0.86  0.86 7
  -0.199   0.494  -0.846  -0.328   0.450  -0.831  -0.336   0.369  -0.867 1
  31.046  85.039  71.263  31.401  85.361  71.309  31.368  85.077  71.195
0.86  0.86  0.86 7
  -0.199   0.494  -0.846  -0.336   0.369  -0.867  -0.293   0.468  -0.834 1
  31.368  85.077  71.195  31.401  85.361  71.309  31.703  85.407  71.201
0.86  0.86  0.86 7
  -0.293   0.468  -0.834  -0.336   0.369  -0.867  -0.277   0.341  -0.899 1
  31.368  85.077  71.195  31.703  85.407  71.201  31.677  85.129  71.091
0.86  0.86  0.86 7
  -0.293   0.468  -0.834  -0.277   0.341  -0.899  -0.269   0.460  -0.846 1
  32.046  85.228  71.064  31.870  85.077  71.029  32.021  85.423  71.136
0.86  0.86  0.86 7
  -0.091   0.383  -0.919  -0.176   0.473  -0.863  -0.112   0.302  -0.947 1
  31.703  85.407  71.201  32.021  85.423  71.136  31.870  85.077  71.029
0.86  0.86  0.86 7
  -0.277   0.341  -0.899  -0.112   0.302  -0.947  -0.176   0.473  -0.863 1
  31.703  85.407  71.201  31.870  85.077  71.029  31.677  85.129  71.091
0.86  0.86  0.86 7
  -0.277   0.341  -0.899  -0.176   0.473  -0.863  -0.269   0.460  -0.846 1
  32.371  85.233  71.053  32.046  85.228  71.064  32.372  85.428  71.116
0.86  0.86  0.86 7
   0.032   0.386  -0.922  -0.091   0.383  -0.919   0.039   0.297  -0.954 1
  32.372  85.428  71.116  32.046  85.228  71.064  32.021  85.423  71.136
0.86  0.86  0.86 7
   0.039   0.297  -0.954  -0.091   0.383  -0.919  -0.112   0.302  -0.947 1
  32.704  85.222  71.079  32.371  85.233  71.053  32.717  85.421  71.154
0.86  0.86  0.86 7
   0.088   0.410  -0.908   0.032   0.386  -0.922   0.211   0.344  -0.915 1
  32.717  85.421  71.154  32.371  85.233  71.053  32.372  85.428  71.116
0.86  0.86  0.86 7
   0.211   0.344  -0.915   0.032   0.386  -0.922   0.039   0.297  -0.954 1
  32.872  85.076  71.032  32.704  85.222  71.079  32.717  85.421  71.154
0.86  0.86  0.86 7
   0.157   0.511  -0.845   0.088   0.410  -0.908   0.211   0.344  -0.915 1
  32.872  85.076  71.032  32.717  85.421  71.154  33.025  85.387  71.250
0.86  0.86  0.86 7
   0.157   0.511  -0.845   0.211   0.344  -0.915   0.381   0.418  -0.825 1
  32.872  85.076  71.032  33.025  85.387  71.250  33.062  85.132  71.119
0.86  0.86  0.86 7
   0.157   0.511  -0.845   0.381   0.418  -0.825   0.435   0.509  -0.743 1
  33.062  85.132  71.119  33.025  85.387  71.250  33.200  85.404  71.375
0.86  0.86  0.86 7
   0.435   0.509  -0.743   0.381   0.418  -0.825   0.580   0.336  -0.742 1
  33.062  85.132  71.119  33.200  85.404  71.375  33.330  85.219  71.404
0.86  0.86  0.86 7
   0.435   0.509  -0.743   0.580   0.336  -0.742   0.619   0.415  -0.666 1
  33.062  85.132  71.119  33.330  85.219  71.404  33.317  85.036  71.239
0.86  0.86  0.86 7
   0.435   0.509  -0.743   0.619   0.415  -0.666   0.560   0.594  -0.578 1
  33.330  85.219  71.404  33.479  85.025  71.428  33.317  85.036  71.239
0.86  0.86  0.86 7
   0.619   0.415  -0.666   0.663   0.483  -0.572   0.560   0.594  -0.578 1
  28.891  85.374  71.409  29.068  85.498  71.445  29.068  85.330  71.280
0.86  0.86  0.86 7
  -0.408   0.652  -0.639  -0.272   0.745  -0.609  -0.294   0.603  -0.742 1
  29.068  85.330  71.280  29.068  85.498  71.445  29.371  85.545  71.398
0.86  0.86  0.86 7
  -0.294   0.603  -0.742  -0.272   0.745  -0.609  -0.109   0.748  -0.655 1
  29.068  85.330  71.280  29.371  85.545  71.398  29.371  85.378  71.232
0.86  0.86  0.86 7
  -0.294   0.603  -0.742  -0.109   0.748  -0.655  -0.116   0.639  -0.760 1
  29.371  85.378  71.232  29.371  85.545  71.398  29.705  85.546  71.397
0.86  0.86  0.86 7
  -0.116   0.639  -0.760  -0.109   0.748  -0.655   0.125   0.756  -0.643 1
  29.371  85.378  71.232  29.705  85.546  71.397  29.705  85.378  71.232
0.86  0.86  0.86 7
  -0.116   0.639  -0.760   0.125   0.756  -0.643   0.126   0.630  -0.766 1
  29.705  85.378  71.232  29.705  85.546  71.397  30.009  85.499  71.443
0.86  0.86  0.86 7
   0.126   0.630  -0.766   0.125   0.756  -0.643   0.227   0.725  -0.650 1
  29.705  85.378  71.232  30.009  85.499  71.443  30.008  85.332  71.278
0.86  0.86  0.86 7
   0.126   0.630  -0.766   0.227   0.725  -0.650   0.259   0.589  -0.765 1
  30.009  85.499  71.443  30.194  85.392  71.395  30.008  85.332  71.278
0.86  0.86  0.86 7
   0.227   0.725  -0.650   0.238   0.646  -0.725   0.259   0.589  -0.765 1
  31.211  85.395  71.383  31.390  85.554  71.398  31.401  85.361  71.309
0.86  0.86  0.86 7
  -0.328   0.450  -0.831  -0.399   0.407  -0.822  -0.336   0.369  -0.867 1
  31.401  85.361  71.309  31.390  85.554  71.398  31.546  85.734  71.389
0.86  0.86  0.86 7
  -0.336   0.369  -0.867  -0.399   0.407  -0.822  -0.463   0.428  -0.776 1
  31.401  85.361  71.309  31.546  85.734  71.389  31.743  85.714  71.292
0.86  0.86  0.86 7
  -0.336   0.369  -0.867  -0.463   0.428  -0.776  -0.315   0.360  -0.878 1
  31.401  85.361  71.309  31.743  85.714  71.292  31.703  85.407  71.201
0.86  0.86  0.86 7
  -0.336   0.369  -0.867  -0.315   0.360  -0.878  -0.277   0.341  -0.899 1
  31.703  85.407  71.201  31.743  85.714  71.292  32.041  85.734  71.215
0.86  0.86  0.86 7
  -0.277   0.341  -0.899  -0.315   0.360  -0.878  -0.147   0.355  -0.923 1
  31.703  85.407  71.201  32.041  85.734  71.215  32.021  85.423  71.136
0.86  0.86  0.86 7
  -0.277   0.341  -0.899  -0.147   0.355  -0.923  -0.112   0.302  -0.947 1
  32.021  85.423  71.136  32.041  85.734  71.215  32.371  85.741  71.200
0.86  0.86  0.86 7
  -0.112   0.302  -0.947  -0.147   0.355  -0.923   0.054   0.345  -0.937 1
  32.021  85.423  71.136  32.371  85.741  71.200  32.372  85.428  71.116
0.86  0.86  0.86 7
  -0.112   0.302  -0.947   0.054   0.345  -0.937   0.039   0.297  -0.954 1
  32.372  85.428  71.116  32.371  85.741  71.200  32.692  85.720  71.249
0.86  0.86  0.86 7
   0.039   0.297  -0.954   0.054   0.345  -0.937   0.208   0.338  -0.918 1
  32.372  85.428  71.116  32.692  85.720  71.249  32.717  85.421  71.154
0.86  0.86  0.86 7
   0.039   0.297  -0.954   0.208   0.338  -0.918   0.211   0.344  -0.915 1
  32.717  85.421  71.154  32.692  85.720  71.249  32.888  85.761  71.332
0.86  0.86  0.86 7
   0.211   0.344  -0.915   0.208   0.338  -0.918   0.376   0.402  -0.835 1
  32.717  85.421  71.154  32.888  85.761  71.332  33.051  85.583  71.347
0.86  0.86  0.86 7
   0.211   0.344  -0.915   0.376   0.402  -0.835   0.443   0.330  -0.833 1
  32.717  85.421  71.154  33.051  85.583  71.347  33.025  85.387  71.250
0.86  0.86  0.86 7
   0.211   0.344  -0.915   0.443   0.330  -0.833   0.381   0.418  -0.825 1
  33.051  85.583  71.347  33.200  85.404  71.375  33.025  85.387  71.250
0.86  0.86  0.86 7
   0.443   0.330  -0.833   0.580   0.336  -0.742   0.381   0.418  -0.825 1
  31.546  85.734  71.389  31.710  85.898  71.388  31.743  85.714  71.292
0.86  0.86  0.86 7
  -0.463   0.428  -0.776  -0.326   0.473  -0.818  -0.315   0.360  -0.878 1
  31.743  85.714  71.292  31.710  85.898  71.388  32.024  85.933  71.316
0.86  0.86  0.86 7
  -0.315   0.360  -0.878  -0.326   0.473  -0.818  -0.154   0.490  -0.858 1
  31.743  85.714  71.292  32.024  85.933  71.316  32.041  85.734  71.215
0.86  0.86  0.86 7
  -0.315   0.360  -0.878  -0.154   0.490  -0.858  -0.147   0.355  -0.923 1
  32.041  85.734  71.215  32.024  85.933  71.316  32.371  85.942  71.298
0.86  0.86  0.86 7
  -0.147   0.355  -0.923  -0.154   0.490  -0.858   0.050   0.499  -0.865 1
  32.041  85.734  71.215  32.371  85.942  71.298  32.371  85.741  71.200
0.86  0.86  0.86 7
  -0.147   0.355  -0.923   0.050   0.499  -0.865   0.054   0.345  -0.937 1
  32.371  85.741  71.200  32.371  85.942  71.298  32.712  85.918  71.344
0.86  0.86  0.86 7
   0.054   0.345  -0.937   0.050   0.499  -0.865   0.233   0.465  -0.854 1
  32.371  85.741  71.200  32.712  85.918  71.344  32.692  85.720  71.249
0.86  0.86  0.86 7
   0.054   0.345  -0.937   0.233   0.465  -0.854   0.208   0.338  -0.918 1
  32.712  85.918  71.344  32.888  85.761  71.332  32.692  85.720  71.249
0.86  0.86  0.86 7
   0.233   0.465  -0.854   0.376   0.402  -0.835   0.208   0.338  -0.918 1
  30.868  81.735  71.370  31.065  81.620  71.377  30.871  81.740  71.703
0.86  0.86  0.86 7
  -0.561  -0.824  -0.078  -0.432  -0.901  -0.046  -0.557  -0.822   0.120 1
  30.871  81.740  71.703  31.065  81.620  71.377  31.061  81.627  71.703
0.86  0.86  0.86 7
  -0.557  -0.822   0.120  -0.432  -0.901  -0.046  -0.431  -0.889   0.155 1
  31.065  81.620  71.377  31.355  81.509  71.370  31.357  81.516  71.718
0.86  0.86  0.86 7
  -0.432  -0.901  -0.046  -0.263  -0.962  -0.078  -0.262  -0.957   0.122 1
  31.065  81.620  71.377  31.357  81.516  71.718  31.061  81.627  71.703
0.86  0.86  0.86 7
  -0.432  -0.901  -0.046  -0.262  -0.957   0.122  -0.431  -0.889   0.155 1
  31.355  81.509  71.370  31.705  81.450  71.356  31.705  81.458  71.716
0.86  0.86  0.86 7
  -0.263  -0.962  -0.078  -0.071  -0.994  -0.081  -0.070  -0.990   0.122 1
  31.355  81.509  71.370  31.705  81.458  71.716  31.357  81.516  71.718
0.86  0.86  0.86 7
  -0.263  -0.962  -0.078  -0.070  -0.990   0.122  -0.262  -0.957   0.122 1
  31.705  81.450  71.356  32.051  81.460  71.370  32.050  81.464  71.703
0.86  0.86  0.86 7
  -0.071  -0.994  -0.081   0.093  -0.994  -0.061   0.128  -0.984   0.120 1
  31.705  81.450  71.356  32.050  81.464  71.703  31.705  81.458  71.716
0.86  0.86  0.86 7
  -0.071  -0.994  -0.081   0.128  -0.984   0.120  -0.070  -0.990   0.122 1
  32.051  81.460  71.370  32.373  81.499  71.370  32.379  81.543  71.711
0.86  0.86  0.86 7
   0.093  -0.994  -0.061   0.083  -0.996   0.014   0.188  -0.960   0.208 1
  32.051  81.460  71.370  32.379  81.543  71.711  32.050  81.464  71.703
0.86  0.86  0.86 7
   0.093  -0.994  -0.061   0.188  -0.960   0.208   0.128  -0.984   0.120 1
  32.373  81.499  71.370  32.704  81.515  71.384  32.705  81.581  71.701
0.86  0.86  0.86 7
   0.083  -0.996   0.014  -0.026  -0.992   0.120   0.074  -0.953   0.294 1
  32.373  81.499  71.370  32.705  81.581  71.701  32.379  81.543  71.711
0.86  0.86  0.86 7
   0.083  -0.996   0.014   0.074  -0.953   0.294   0.188  -0.960   0.208 1
  32.704  81.515  71.384  33.038  81.487  71.391  33.038  81.589  71.695
0.86  0.86  0.86 7
  -0.026  -0.992   0.120  -0.028  -0.978   0.204   0.020  -0.923   0.383 1
  32.704  81.515  71.384  33.038  81.589  71.695  32.705  81.581  71.701
0.86  0.86  0.86 7
  -0.026  -0.992   0.120   0.020  -0.923   0.383   0.074  -0.953   0.294 1
  33.038  81.487  71.391  33.388  81.506  71.387  33.367  81.602  71.687
0.86  0.86  0.86 7
  -0.028  -0.978   0.204   0.160  -0.964   0.211   0.152  -0.906   0.394 1
  33.038  81.487  71.391  33.367  81.602  71.687  33.038  81.589  71.695
0.86  0.86  0.86 7
  -0.028  -0.978   0.204   0.152  -0.906   0.394   0.020  -0.923   0.383 1
  33.388  81.506  71.387  33.697  81.588  71.366  33.675  81.678  71.659
0.86  0.86  0.86 7
   0.160  -0.964   0.211   0.350  -0.914   0.204   0.319  -0.876   0.361 1
  33.388  81.506  71.387  33.675  81.678  71.659  33.367  81.602  71.687
0.86  0.86  0.86 7
   0.160  -0.964   0.211   0.319  -0.876   0.361   0.152  -0.906   0.394 1
  33.697  81.588  71.366  33.896  81.690  71.382  33.849  81.773  71.681
0.86  0.86  0.86 7
   0.350  -0.914   0.204   0.496  -0.840   0.220   0.464  -0.776   0.428 1
  33.697  81.588  71.366  33.849  81.773  71.681  33.675  81.678  71.659
0.86  0.86  0.86 7
   0.350  -0.914   0.204   0.464  -0.776   0.428   0.319  -0.876   0.361 1
  30.513  82.055  71.370  30.680  81.882  71.370  30.518  82.059  71.709
0.86  0.86  0.86 7
  -0.763  -0.642  -0.079  -0.666  -0.742  -0.079  -0.749  -0.659   0.069 1
  30.518  82.059  71.709  30.680  81.882  71.370  30.685  81.886  71.710
0.86  0.86  0.86 7
  -0.749  -0.659   0.069  -0.666  -0.742  -0.079  -0.652  -0.751   0.108 1
  30.680  81.882  71.370  30.868  81.735  71.370  30.685  81.886  71.710
0.86  0.86  0.86 7
  -0.666  -0.742  -0.079  -0.561  -0.824  -0.078  -0.652  -0.751   0.108 1
  30.685  81.886  71.710  30.868  81.735  71.370  30.871  81.740  71.703
0.86  0.86  0.86 7
  -0.652  -0.751   0.108  -0.561  -0.824  -0.078  -0.557  -0.822   0.120 1
  33.896  81.690  71.382  34.094  81.828  71.392  34.035  81.911  71.700
0.86  0.86  0.86 7
   0.496  -0.840   0.220   0.630  -0.742   0.231   0.571  -0.727   0.382 1
  33.896  81.690  71.382  34.035  81.911  71.700  33.849  81.773  71.681
0.86  0.86  0.86 7
   0.496  -0.840   0.220   0.571  -0.727   0.382   0.464  -0.776   0.428 1
  34.094  81.828  71.392  34.276  82.002  71.394  34.203  82.074  71.702
0.86  0.86  0.86 7
   0.630  -0.742   0.231   0.726  -0.649   0.228   0.684  -0.583   0.438 1
  34.094  81.828  71.392  34.203  82.074  71.702  34.035  81.911  71.700
0.86  0.86  0.86 7
   0.630  -0.742   0.231   0.684  -0.583   0.438   0.571  -0.727   0.382 1
  30.250  82.436  71.385  30.377  82.244  71.370  30.225  82.427  71.703
0.86  0.86  0.86 7
  -0.788  -0.593  -0.168  -0.810  -0.578  -0.098  -0.706  -0.705  -0.063 1
  30.225  82.427  71.703  30.377  82.244  71.370  30.380  82.246  71.703
0.86  0.86  0.86 7
  -0.706  -0.705  -0.063  -0.810  -0.578  -0.098  -0.768  -0.641   0.017 1
  30.377  82.244  71.370  30.513  82.055  71.370  30.380  82.246  71.703
0.86  0.86  0.86 7
  -0.810  -0.578  -0.098  -0.763  -0.642  -0.079  -0.768  -0.641   0.017 1
  30.380  82.246  71.703  30.513  82.055  71.370  30.518  82.059  71.709
0.86  0.86  0.86 7
  -0.768  -0.641   0.017  -0.763  -0.642  -0.079  -0.749  -0.659   0.069 1
  34.276  82.002  71.394  34.429  82.199  71.386  34.348  82.255  71.688
0.86  0.86  0.86 7
   0.726  -0.649   0.228   0.826  -0.520   0.217   0.763  -0.521   0.383 1
  34.276  82.002  71.394  34.348  82.255  71.688  34.203  82.074  71.702
0.86  0.86  0.86 7
   0.726  -0.649   0.228   0.763  -0.521   0.383   0.684  -0.583   0.438 1
  34.429  82.199  71.386  34.544  82.403  71.371  34.459  82.429  71.669
0.86  0.86  0.86 7
   0.826  -0.520   0.217   0.900  -0.386   0.203   0.845  -0.370   0.385 1
  34.429  82.199  71.386  34.459  82.429  71.669  34.348  82.255  71.688
0.86  0.86  0.86 7
   0.826  -0.520   0.217   0.845  -0.370   0.385   0.763  -0.521   0.383 1
  29.924  82.794  71.413  30.095  82.628  71.392  29.841  82.702  71.685
0.86  0.86  0.86 7
  -0.605  -0.663  -0.441  -0.701  -0.644  -0.305  -0.547  -0.784  -0.294 1
  29.841  82.702  71.685  30.095  82.628  71.392  30.043  82.579  71.703
0.86  0.86  0.86 7
  -0.547  -0.784  -0.294  -0.701  -0.644  -0.305  -0.573  -0.804  -0.155 1
  30.095  82.628  71.392  30.250  82.436  71.385  30.043  82.579  71.703
0.86  0.86  0.86 7
  -0.701  -0.644  -0.305  -0.788  -0.593  -0.168  -0.573  -0.804  -0.155 1
  30.043  82.579  71.703  30.250  82.436  71.385  30.225  82.427  71.703
0.86  0.86  0.86 7
  -0.573  -0.804  -0.155  -0.788  -0.593  -0.168  -0.706  -0.705  -0.063 1
  34.544  82.403  71.371  34.640  82.714  71.396  34.538  82.740  71.703
0.86  0.86  0.86 7
   0.900  -0.386   0.203   0.955  -0.201   0.220   0.897  -0.185   0.402 1
  34.544  82.403  71.371  34.538  82.740  71.703  34.459  82.429  71.669
0.86  0.86  0.86 7
   0.900  -0.386   0.203   0.897  -0.185   0.402   0.845  -0.370   0.385 1
  29.063  82.994  71.741  28.879  83.091  71.714  29.048  83.110  71.563
0.86  0.86  0.86 7
  -0.320  -0.860  -0.397  -0.424  -0.764  -0.487  -0.301  -0.784  -0.543 1
  29.063  82.994  71.741  29.048  83.110  71.563  29.377  82.928  71.713
0.86  0.86  0.86 7
  -0.320  -0.860  -0.397  -0.301  -0.784  -0.543  -0.296  -0.864  -0.408 1
  29.377  82.928  71.713  29.048  83.110  71.563  29.363  83.049  71.512
0.86  0.86  0.86 7
  -0.296  -0.864  -0.408  -0.301  -0.784  -0.543  -0.289  -0.743  -0.604 1
  29.546  83.089  71.384  29.734  82.953  71.401  29.363  83.049  71.512
0.86  0.86  0.86 7
  -0.376  -0.658  -0.652  -0.466  -0.704  -0.536  -0.289  -0.743  -0.604 1
  29.363  83.049  71.512  29.734  82.953  71.401  29.377  82.928  71.713
0.86  0.86  0.86 7
  -0.289  -0.743  -0.604  -0.466  -0.704  -0.536  -0.296  -0.864  -0.408 1
  29.377  82.928  71.713  29.734  82.953  71.401  29.662  82.829  71.670
0.86  0.86  0.86 7
  -0.296  -0.864  -0.408  -0.466  -0.704  -0.536  -0.466  -0.798  -0.382 1
  29.734  82.953  71.401  29.924  82.794  71.413  29.662  82.829  71.670
0.86  0.86  0.86 7
  -0.466  -0.704  -0.536  -0.605  -0.663  -0.441  -0.466  -0.798  -0.382 1
  29.662  82.829  71.670  29.924  82.794  71.413  29.841  82.702  71.685
0.86  0.86  0.86 7
  -0.466  -0.798  -0.382  -0.605  -0.663  -0.441  -0.547  -0.784  -0.294 1
  34.640  82.714  71.396  34.675  83.073  71.397  34.564  83.073  71.716
0.86  0.86  0.86 7
   0.955  -0.201   0.220   0.974   0.032   0.226   0.911   0.017   0.412 1
  34.640  82.714  71.396  34.564  83.073  71.716  34.538  82.740  71.703
0.86  0.86  0.86 7
   0.955  -0.201   0.220   0.911   0.017   0.412   0.897  -0.185   0.402 1
  28.694  83.224  71.693  28.518  83.386  71.687  28.684  83.380  71.511
0.86  0.86  0.86 7
  -0.558  -0.697  -0.451  -0.642  -0.580  -0.501  -0.519  -0.622  -0.587 1
  28.865  83.396  71.358  29.044  83.259  71.389  28.684  83.380  71.511
0.86  0.86  0.86 7
  -0.427  -0.592  -0.684  -0.348  -0.691  -0.634  -0.519  -0.622  -0.587 1
  28.684  83.380  71.511  29.044  83.259  71.389  28.694  83.224  71.693
0.86  0.86  0.86 7
  -0.519  -0.622  -0.587  -0.348  -0.691  -0.634  -0.558  -0.697  -0.451 1
  28.694  83.224  71.693  29.044  83.259  71.389  28.879  83.091  71.714
0.86  0.86  0.86 7
  -0.558  -0.697  -0.451  -0.348  -0.691  -0.634  -0.424  -0.764  -0.487 1
  28.879  83.091  71.714  29.044  83.259  71.389  29.048  83.110  71.563
0.86  0.86  0.86 7
  -0.424  -0.764  -0.487  -0.348  -0.691  -0.634  -0.301  -0.784  -0.543 1
  29.044  83.259  71.389  29.361  83.208  71.338  29.363  83.049  71.512
0.86  0.86  0.86 7
  -0.348  -0.691  -0.634  -0.273  -0.676  -0.685  -0.289  -0.743  -0.604 1
  29.044  83.259  71.389  29.363  83.049  71.512  29.048  83.110  71.563
0.86  0.86  0.86 7
  -0.348  -0.691  -0.634  -0.289  -0.743  -0.604  -0.301  -0.784  -0.543 1
  29.363  83.049  71.512  29.361  83.208  71.338  29.546  83.089  71.384
0.86  0.86  0.86 7
  -0.289  -0.743  -0.604  -0.273  -0.676  -0.685  -0.376  -0.658  -0.652 1
  34.675  83.073  71.397  34.628  83.429  71.393  34.528  83.404  71.698
0.86  0.86  0.86 7
   0.974   0.032   0.226   0.947   0.236   0.216   0.887   0.211   0.411 1
  34.675  83.073  71.397  34.528  83.404  71.698  34.564  83.073  71.716
0.86  0.86  0.86 7
   0.974   0.032   0.226   0.887   0.211   0.411   0.911   0.017   0.412 1
  28.365  83.569  71.699  28.240  83.752  71.727  28.376  83.742  71.540
0.86  0.86  0.86 7
  -0.739  -0.494  -0.458  -0.835  -0.346  -0.429  -0.725  -0.379  -0.575 1
  28.536  83.739  71.368  28.691  83.560  71.350  28.376  83.742  71.540
0.86  0.86  0.86 7
  -0.649  -0.357  -0.672  -0.563  -0.496  -0.661  -0.725  -0.379  -0.575 1
  28.376  83.742  71.540  28.691  83.560  71.350  28.365  83.569  71.699
0.86  0.86  0.86 7
  -0.725  -0.379  -0.575  -0.563  -0.496  -0.661  -0.739  -0.494  -0.458 1
  28.365  83.569  71.699  28.691  83.560  71.350  28.518  83.386  71.687
0.86  0.86  0.86 7
  -0.739  -0.494  -0.458  -0.563  -0.496  -0.661  -0.642  -0.580  -0.501 1
  28.518  83.386  71.687  28.691  83.560  71.350  28.684  83.380  71.511
0.86  0.86  0.86 7
  -0.642  -0.580  -0.501  -0.563  -0.496  -0.661  -0.519  -0.622  -0.587 1
  28.684  83.380  71.511  28.691  83.560  71.350  28.865  83.396  71.358
0.86  0.86  0.86 7
  -0.519  -0.622  -0.587  -0.563  -0.496  -0.661  -0.427  -0.592  -0.684 1
  34.628  83.429  71.393  34.523  83.732  71.366  34.441  83.698  71.676
0.86  0.86  0.86 7
   0.947   0.236   0.216   0.885   0.422   0.197   0.844   0.382   0.376 1
  34.628  83.429  71.393  34.441  83.698  71.676  34.528  83.404  71.698
0.86  0.86  0.86 7
   0.947   0.236   0.216   0.844   0.382   0.376   0.887   0.211   0.411 1
  28.376  83.742  71.540  28.240  83.752  71.727  28.167  84.063  71.684
0.86  0.86  0.86 7
  -0.725  -0.379  -0.575  -0.835  -0.346  -0.429  -0.851  -0.152  -0.502 1
  28.376  83.742  71.540  28.167  84.063  71.684  28.301  84.053  71.486
0.86  0.86  0.86 7
  -0.725  -0.379  -0.575  -0.851  -0.152  -0.502  -0.760  -0.214  -0.614 1
  28.470  84.050  71.302  28.536  83.739  71.368  28.301  84.053  71.486
0.86  0.86  0.86 7
  -0.655  -0.214  -0.725  -0.649  -0.357  -0.672  -0.760  -0.214  -0.614 1
  28.301  84.053  71.486  28.536  83.739  71.368  28.376  83.742  71.540
0.86  0.86  0.86 7
  -0.760  -0.214  -0.614  -0.649  -0.357  -0.672  -0.725  -0.379  -0.575 1
  34.404  83.930  71.379  34.250  84.119  71.385  34.189  84.064  71.697
0.86  0.86  0.86 7
   0.813   0.548   0.197   0.771   0.616   0.160   0.795   0.532   0.290 1
  34.404  83.930  71.379  34.189  84.064  71.697  34.328  83.878  71.674
0.86  0.86  0.86 7
   0.813   0.548   0.197   0.795   0.532   0.290   0.781   0.483   0.396 1
  34.523  83.732  71.366  34.404  83.930  71.379  34.328  83.878  71.674
0.86  0.86  0.86 7
   0.885   0.422   0.197   0.813   0.548   0.197   0.781   0.483   0.396 1
  34.523  83.732  71.366  34.328  83.878  71.674  34.441  83.698  71.676
0.86  0.86  0.86 7
   0.885   0.422   0.197   0.781   0.483   0.396   0.844   0.382   0.376 1
  28.304  84.406  71.436  28.369  84.239  71.368  28.145  84.406  71.674
0.86  0.86  0.86 7
  -0.789   0.070  -0.610  -0.746  -0.074  -0.662  -0.877   0.060  -0.476 1
  28.167  84.063  71.684  28.145  84.406  71.674  28.369  84.239  71.368
0.86  0.86  0.86 7
  -0.851  -0.152  -0.502  -0.877   0.060  -0.476  -0.746  -0.074  -0.662 1
  28.167  84.063  71.684  28.369  84.239  71.368  28.301  84.053  71.486
0.86  0.86  0.86 7
  -0.851  -0.152  -0.502  -0.746  -0.074  -0.662  -0.760  -0.214  -0.614 1
  28.301  84.053  71.486  28.369  84.239  71.368  28.470  84.050  71.302
0.86  0.86  0.86 7
  -0.760  -0.214  -0.614  -0.746  -0.074  -0.662  -0.655  -0.214  -0.725 1
  34.093  84.295  71.370  33.927  84.459  71.368  33.963  84.453  71.704
0.86  0.86  0.86 7
   0.741   0.669   0.059   0.749   0.660  -0.055   0.867   0.497   0.018 1
  34.093  84.295  71.370  33.963  84.453  71.704  34.073  84.256  71.712
0.86  0.86  0.86 7
   0.741   0.669   0.059   0.867   0.497   0.018   0.839   0.486   0.245 1
  34.250  84.119  71.385  34.093  84.295  71.370  34.073  84.256  71.712
0.86  0.86  0.86 7
   0.771   0.616   0.160   0.741   0.669   0.059   0.839   0.486   0.245 1
  34.250  84.119  71.385  34.073  84.256  71.712  34.189  84.064  71.697
0.86  0.86  0.86 7
   0.771   0.616   0.160   0.839   0.486   0.245   0.795   0.532   0.290 1
  28.379  84.572  71.377  28.304  84.406  71.436  28.321  84.754  71.501
0.86  0.86  0.86 7
  -0.720   0.150  -0.678  -0.789   0.070  -0.610  -0.769   0.256  -0.585 1
  28.321  84.754  71.501  28.304  84.406  71.436  28.189  84.744  71.695
0.86  0.86  0.86 7
  -0.769   0.256  -0.585  -0.789   0.070  -0.610  -0.855   0.243  -0.458 1
  28.189  84.744  71.695  28.304  84.406  71.436  28.145  84.406  71.674
0.86  0.86  0.86 7
  -0.855   0.243  -0.458  -0.789   0.070  -0.610  -0.877   0.060  -0.476 1
  28.321  84.754  71.501  28.488  84.756  71.320  28.379  84.572  71.377
0.86  0.86  0.86 7
  -0.769   0.256  -0.585  -0.659   0.259  -0.706  -0.720   0.150  -0.678 1
  33.927  84.459  71.368  33.764  84.672  71.374  33.811  84.702  71.724
0.86  0.86  0.86 7
   0.749   0.660  -0.055   0.756   0.618  -0.216   0.866   0.448  -0.223 1
  33.927  84.459  71.368  33.811  84.702  71.724  33.963  84.453  71.704
0.86  0.86  0.86 7
   0.749   0.660  -0.055   0.866   0.448  -0.223   0.867   0.497   0.018 1
  28.321  84.754  71.501  28.189  84.744  71.695  28.272  85.028  71.748
0.86  0.86  0.86 7
  -0.769   0.256  -0.585  -0.855   0.243  -0.458  -0.797   0.420  -0.434 1
  28.321  84.754  71.501  28.272  85.028  71.748  28.409  85.048  71.562
0.86  0.86  0.86 7
  -0.769   0.256  -0.585  -0.797   0.420  -0.434  -0.704   0.415  -0.576 1
  28.565  85.051  71.397  28.488  84.756  71.320  28.409  85.048  71.562
0.86  0.86  0.86 7
  -0.613   0.467  -0.638  -0.659   0.259  -0.706  -0.704   0.415  -0.576 1
  28.409  85.048  71.562  28.488  84.756  71.320  28.321  84.754  71.501
0.86  0.86  0.86 7
  -0.704   0.415  -0.576  -0.659   0.259  -0.706  -0.769   0.256  -0.585 1
  33.646  84.845  71.417  33.479  85.025  71.428  33.632  85.096  71.678
0.86  0.86  0.86 7
   0.718   0.565  -0.406   0.663   0.483  -0.572   0.840   0.330  -0.430 1
  33.646  84.845  71.417  33.632  85.096  71.678  33.701  84.905  71.704
0.86  0.86  0.86 7
   0.718   0.565  -0.406   0.840   0.330  -0.430   0.867   0.411  -0.283 1
  33.764  84.672  71.374  33.646  84.845  71.417  33.701  84.905  71.704
0.86  0.86  0.86 7
   0.756   0.618  -0.216   0.718   0.565  -0.406   0.867   0.411  -0.283 1
  33.764  84.672  71.374  33.701  84.905  71.704  33.811  84.702  71.724
0.86  0.86  0.86 7
   0.756   0.618  -0.216   0.867   0.411  -0.283   0.866   0.448  -0.223 1
  28.272  85.028  71.748  28.408  85.215  71.728  28.409  85.048  71.562
0.86  0.86  0.86 7
  -0.797   0.420  -0.434  -0.690   0.563  -0.454  -0.704   0.415  -0.576 1
  28.720  85.220  71.389  28.565  85.051  71.397  28.720  85.388  71.555
0.86  0.86  0.86 7
  -0.515   0.543  -0.663  -0.613   0.467  -0.638  -0.540   0.630  -0.558 1
  28.720  85.388  71.555  28.565  85.051  71.397  28.563  85.382  71.723
0.86  0.86  0.86 7
  -0.540   0.630  -0.558  -0.613   0.467  -0.638  -0.611   0.648  -0.455 1
  28.563  85.382  71.723  28.565  85.051  71.397  28.408  85.215  71.728
0.86  0.86  0.86 7
  -0.611   0.648  -0.455  -0.613   0.467  -0.638  -0.690   0.563  -0.454 1
  28.408  85.215  71.728  28.565  85.051  71.397  28.409  85.048  71.562
0.86  0.86  0.86 7
  -0.690   0.563  -0.454  -0.613   0.467  -0.638  -0.704   0.415  -0.576 1
  28.720  85.388  71.555  28.891  85.374  71.409  28.720  85.220  71.389
0.86  0.86  0.86 7
  -0.540   0.630  -0.558  -0.408   0.652  -0.639  -0.515   0.543  -0.663 1
  30.194  85.392  71.395  30.386  85.442  71.487  30.373  85.244  71.364
0.86  0.86  0.86 7
   0.238   0.646  -0.725   0.113   0.621  -0.776   0.209   0.506  -0.837 1
  30.704  85.227  71.398  30.373  85.244  71.364  30.705  85.419  71.518
0.86  0.86  0.86 7
   0.012   0.504  -0.863   0.209   0.506  -0.837  -0.015   0.551  -0.835 1
  30.705  85.419  71.518  30.373  85.244  71.364  30.386  85.442  71.487
0.86  0.86  0.86 7
  -0.015   0.551  -0.835   0.209   0.506  -0.837   0.113   0.621  -0.776 1
  31.038  85.239  71.371  30.704  85.227  71.398  31.025  85.440  71.490
0.86  0.86  0.86 7
  -0.191   0.473  -0.860   0.012   0.504  -0.863  -0.201   0.500  -0.842 1
  31.025  85.440  71.490  30.704  85.227  71.398  30.705  85.419  71.518
0.86  0.86  0.86 7
  -0.201   0.500  -0.842   0.012   0.504  -0.863  -0.015   0.551  -0.835 1
  31.025  85.440  71.490  31.211  85.395  71.383  31.038  85.239  71.371
0.86  0.86  0.86 7
  -0.201   0.500  -0.842  -0.328   0.450  -0.831  -0.191   0.473  -0.860 1
  33.200  85.404  71.375  33.372  85.406  71.536  33.330  85.219  71.404
0.86  0.86  0.86 7
   0.580   0.336  -0.742   0.668   0.306  -0.679   0.619   0.415  -0.666 1
  33.479  85.025  71.428  33.330  85.219  71.404  33.372  85.406  71.536
0.86  0.86  0.86 7
   0.663   0.483  -0.572   0.619   0.415  -0.666   0.668   0.306  -0.679 1
  33.479  85.025  71.428  33.372  85.406  71.536  33.531  85.404  71.708
0.86  0.86  0.86 7
   0.663   0.483  -0.572   0.668   0.306  -0.679   0.767   0.295  -0.570 1
  33.479  85.025  71.428  33.531  85.404  71.708  33.632  85.096  71.678
0.86  0.86  0.86 7
   0.663   0.483  -0.572   0.767   0.295  -0.570   0.840   0.330  -0.430 1
  28.563  85.382  71.723  28.735  85.528  71.734  28.720  85.388  71.555
0.86  0.86  0.86 7
  -0.611   0.648  -0.455  -0.471   0.763  -0.443  -0.540   0.630  -0.558 1
  29.068  85.498  71.445  28.891  85.374  71.409  29.011  85.636  71.667
0.86  0.86  0.86 7
  -0.272   0.745  -0.609  -0.408   0.652  -0.639  -0.357   0.786  -0.504 1
  28.735  85.528  71.734  29.011  85.636  71.667  28.891  85.374  71.409
0.86  0.86  0.86 7
  -0.471   0.763  -0.443  -0.357   0.786  -0.504  -0.408   0.652  -0.639 1
  28.735  85.528  71.734  28.891  85.374  71.409  28.720  85.388  71.555
0.86  0.86  0.86 7
  -0.471   0.763  -0.443  -0.408   0.652  -0.639  -0.540   0.630  -0.558 1
  29.371  85.545  71.398  29.068  85.498  71.445  29.380  85.686  71.582
0.86  0.86  0.86 7
  -0.109   0.748  -0.655  -0.272   0.745  -0.609  -0.100   0.834  -0.542 1
  29.380  85.686  71.582  29.068  85.498  71.445  29.206  85.728  71.710
0.86  0.86  0.86 7
  -0.100   0.834  -0.542  -0.272   0.745  -0.609  -0.222   0.869  -0.441 1
  29.206  85.728  71.710  29.068  85.498  71.445  29.011  85.636  71.667
0.86  0.86  0.86 7
  -0.222   0.869  -0.441  -0.272   0.745  -0.609  -0.357   0.786  -0.504 1
  29.705  85.546  71.397  29.371  85.545  71.398  29.705  85.682  71.578
0.86  0.86  0.86 7
   0.125   0.756  -0.643  -0.109   0.748  -0.655   0.081   0.825  -0.560 1
  29.705  85.682  71.578  29.371  85.545  71.398  29.380  85.686  71.582
0.86  0.86  0.86 7
   0.081   0.825  -0.560  -0.109   0.748  -0.655  -0.100   0.834  -0.542 1
  30.009  85.499  71.443  29.705  85.546  71.397  30.057  85.641  71.655
0.86  0.86  0.86 7
   0.227   0.725  -0.650   0.125   0.756  -0.643   0.194   0.826  -0.530 1
  30.057  85.641  71.655  29.705  85.546  71.397  29.870  85.729  71.709
0.86  0.86  0.86 7
   0.194   0.826  -0.530   0.125   0.756  -0.643   0.215   0.858  -0.466 1
  29.870  85.729  71.709  29.705  85.546  71.397  29.705  85.682  71.578
0.86  0.86  0.86 7
   0.215   0.858  -0.466   0.125   0.756  -0.643   0.081   0.825  -0.560 1
  30.194  85.392  71.395  30.009  85.499  71.443  30.057  85.641  71.655
0.86  0.86  0.86 7
   0.238   0.646  -0.725   0.227   0.725  -0.650   0.194   0.826  -0.530 1
  30.194  85.392  71.395  30.057  85.641  71.655  30.371  85.611  71.676
0.86  0.86  0.86 7
   0.238   0.646  -0.725   0.194   0.826  -0.530   0.018   0.831  -0.555 1
  30.194  85.392  71.395  30.371  85.611  71.676  30.386  85.442  71.487
0.86  0.86  0.86 7
   0.238   0.646  -0.725   0.018   0.831  -0.555   0.113   0.621  -0.776 1
  30.386  85.442  71.487  30.371  85.611  71.676  30.699  85.628  71.657
0.86  0.86  0.86 7
   0.113   0.621  -0.776   0.018   0.831  -0.555  -0.064   0.742  -0.667 1
  30.386  85.442  71.487  30.699  85.628  71.657  30.705  85.419  71.518
0.86  0.86  0.86 7
   0.113   0.621  -0.776  -0.064   0.742  -0.667  -0.015   0.551  -0.835 1
  30.705  85.419  71.518  30.699  85.628  71.657  30.877  85.721  71.722
0.86  0.86  0.86 7
  -0.015   0.551  -0.835  -0.064   0.742  -0.667  -0.276   0.758  -0.591 1
  30.705  85.419  71.518  30.877  85.721  71.722  31.068  85.682  71.623
0.86  0.86  0.86 7
  -0.015   0.551  -0.835  -0.276   0.758  -0.591  -0.310   0.553  -0.773 1
  30.705  85.419  71.518  31.068  85.682  71.623  31.025  85.440  71.490
0.86  0.86  0.86 7
  -0.015   0.551  -0.835  -0.310   0.553  -0.773  -0.201   0.500  -0.842 1
  31.390  85.554  71.398  31.211  85.395  71.383  31.362  85.747  71.520
0.86  0.86  0.86 7
  -0.399   0.407  -0.822  -0.328   0.450  -0.831  -0.421   0.474  -0.773 1
  31.068  85.682  71.623  31.362  85.747  71.520  31.211  85.395  71.383
0.86  0.86  0.86 7
  -0.310   0.553  -0.773  -0.421   0.474  -0.773  -0.328   0.450  -0.831 1
  31.068  85.682  71.623  31.211  85.395  71.383  31.025  85.440  71.490
0.86  0.86  0.86 7
  -0.310   0.553  -0.773  -0.328   0.450  -0.831  -0.201   0.500  -0.842 1
  31.362  85.747  71.520  31.546  85.734  71.389  31.390  85.554  71.398
0.86  0.86  0.86 7
  -0.421   0.474  -0.773  -0.463   0.428  -0.776  -0.399   0.407  -0.822 1
  32.888  85.761  71.332  33.095  85.785  71.458  33.051  85.583  71.347
0.86  0.86  0.86 7
   0.376   0.402  -0.835   0.522   0.405  -0.751   0.443   0.330  -0.833 1
  33.200  85.404  71.375  33.051  85.583  71.347  33.095  85.785  71.458
0.86  0.86  0.86 7
   0.580   0.336  -0.742   0.443   0.330  -0.833   0.522   0.405  -0.751 1
  33.200  85.404  71.375  33.095  85.785  71.458  33.315  85.717  71.593
0.86  0.86  0.86 7
   0.580   0.336  -0.742   0.522   0.405  -0.751   0.637   0.329  -0.697 1
  33.200  85.404  71.375  33.315  85.717  71.593  33.372  85.406  71.536
0.86  0.86  0.86 7
   0.580   0.336  -0.742   0.637   0.329  -0.697   0.668   0.306  -0.679 1
  33.372  85.406  71.536  33.315  85.717  71.593  33.466  85.715  71.752
0.86  0.86  0.86 7
   0.668   0.306  -0.679   0.637   0.329  -0.697   0.737   0.341  -0.583 1
  33.372  85.406  71.536  33.466  85.715  71.752  33.531  85.404  71.708
0.86  0.86  0.86 7
   0.668   0.306  -0.679   0.737   0.341  -0.583   0.767   0.295  -0.570 1
  29.206  85.728  71.710  29.371  85.783  71.756  29.380  85.686  71.582
0.86  0.86  0.86 7
  -0.222   0.869  -0.441  -0.075   0.911  -0.405  -0.100   0.834  -0.542 1
  29.380  85.686  71.582  29.371  85.783  71.756  29.705  85.784  71.756
0.86  0.86  0.86 7
  -0.100   0.834  -0.542  -0.075   0.911  -0.405   0.072   0.898  -0.435 1
  29.380  85.686  71.582  29.705  85.784  71.756  29.705  85.682  71.578
0.86  0.86  0.86 7
  -0.100   0.834  -0.542   0.072   0.898  -0.435   0.081   0.825  -0.560 1
  29.705  85.784  71.756  29.870  85.729  71.709  29.705  85.682  71.578
0.86  0.86  0.86 7
   0.072   0.898  -0.435   0.215   0.858  -0.466   0.081   0.825  -0.560 1
  30.877  85.721  71.722  31.069  85.853  71.768  31.068  85.682  71.623
0.86  0.86  0.86 7
  -0.276   0.758  -0.591  -0.459   0.712  -0.532  -0.310   0.553  -0.773 1
  31.068  85.682  71.623  31.069  85.853  71.768  31.339  85.938  71.665
0.86  0.86  0.86 7
  -0.310   0.553  -0.773  -0.459   0.712  -0.532  -0.478   0.568  -0.670 1
  31.068  85.682  71.623  31.339  85.938  71.665  31.362  85.747  71.520
0.86  0.86  0.86 7
  -0.310   0.553  -0.773  -0.478   0.568  -0.670  -0.421   0.474  -0.773 1
  31.710  85.898  71.388  31.546  85.734  71.389  31.697  86.083  71.519
0.86  0.86  0.86 7
  -0.326   0.473  -0.818  -0.463   0.428  -0.776  -0.350   0.640  -0.684 1
  31.697  86.083  71.519  31.546  85.734  71.389  31.506  86.105  71.665
0.86  0.86  0.86 7
  -0.350   0.640  -0.684  -0.463   0.428  -0.776  -0.482   0.677  -0.556 1
  31.506  86.105  71.665  31.546  85.734  71.389  31.339  85.938  71.665
0.86  0.86  0.86 7
  -0.482   0.677  -0.556  -0.463   0.428  -0.776  -0.478   0.568  -0.670 1
  31.339  85.938  71.665  31.546  85.734  71.389  31.362  85.747  71.520
0.86  0.86  0.86 7
  -0.478   0.568  -0.670  -0.463   0.428  -0.776  -0.421   0.474  -0.773 1
  32.024  85.933  71.316  31.710  85.898  71.388  32.014  86.134  71.452
0.86  0.86  0.86 7
  -0.154   0.490  -0.858  -0.326   0.473  -0.818  -0.165   0.673  -0.721 1
  32.014  86.134  71.452  31.710  85.898  71.388  31.697  86.083  71.519
0.86  0.86  0.86 7
  -0.165   0.673  -0.721  -0.326   0.473  -0.818  -0.350   0.640  -0.684 1
  32.371  85.942  71.298  32.024  85.933  71.316  32.372  86.147  71.434
0.86  0.86  0.86 7
   0.050   0.499  -0.865  -0.154   0.490  -0.858   0.035   0.652  -0.758 1
  32.372  86.147  71.434  32.024  85.933  71.316  32.014  86.134  71.452
0.86  0.86  0.86 7
   0.035   0.652  -0.758  -0.154   0.490  -0.858  -0.165   0.673  -0.721 1
  32.712  85.918  71.344  32.371  85.942  71.298  32.721  86.113  71.480
0.86  0.86  0.86 7
   0.233   0.465  -0.854   0.050   0.499  -0.865   0.281   0.585  -0.761 1
  32.721  86.113  71.480  32.371  85.942  71.298  32.372  86.147  71.434
0.86  0.86  0.86 7
   0.281   0.585  -0.761   0.050   0.499  -0.865   0.035   0.652  -0.758 1
  32.888  85.761  71.332  32.712  85.918  71.344  32.721  86.113  71.480
0.86  0.86  0.86 7
   0.376   0.402  -0.835   0.233   0.465  -0.854   0.281   0.585  -0.761 1
  32.888  85.761  71.332  32.721  86.113  71.480  33.014  86.049  71.573
0.86  0.86  0.86 7
   0.376   0.402  -0.835   0.281   0.585  -0.761   0.436   0.539  -0.721 1
  32.888  85.761  71.332  33.014  86.049  71.573  33.095  85.785  71.458
0.86  0.86  0.86 7
   0.376   0.402  -0.835   0.436   0.539  -0.721   0.522   0.405  -0.751 1
  33.095  85.785  71.458  33.014  86.049  71.573  33.190  86.061  71.718
0.86  0.86  0.86 7
   0.522   0.405  -0.751   0.436   0.539  -0.721   0.544   0.510  -0.666 1
  33.095  85.785  71.458  33.190  86.061  71.718  33.343  85.892  71.727
0.86  0.86  0.86 7
   0.522   0.405  -0.751   0.544   0.510  -0.666   0.633   0.453  -0.628 1
  33.095  85.785  71.458  33.343  85.892  71.727  33.315  85.717  71.593
0.86  0.86  0.86 7
   0.522   0.405  -0.751   0.633   0.453  -0.628   0.637   0.329  -0.697 1
  33.343  85.892  71.727  33.466  85.715  71.752  33.315  85.717  71.593
0.86  0.86  0.86 7
   0.633   0.453  -0.628   0.737   0.341  -0.583   0.637   0.329  -0.697 1
  31.506  86.105  71.665  31.705  86.237  71.704  31.697  86.083  71.519
0.86  0.86  0.86 7
  -0.482   0.677  -0.556  -0.324   0.835  -0.444  -0.350   0.640  -0.684 1
  31.697  86.083  71.519  31.705  86.237  71.704  32.039  86.305  71.672
0.86  0.86  0.86 7
  -0.350   0.640  -0.684  -0.324   0.835  -0.444  -0.168   0.820  -0.546 1
  31.697  86.083  71.519  32.039  86.305  71.672  32.014  86.134  71.452
0.86  0.86  0.86 7
  -0.350   0.640  -0.684  -0.168   0.820  -0.546  -0.165   0.673  -0.721 1
  32.014  86.134  71.452  32.039  86.305  71.672  32.348  86.334  71.658
0.86  0.86  0.86 7
  -0.165   0.673  -0.721  -0.168   0.820  -0.546  -0.031   0.802  -0.596 1
  32.014  86.134  71.452  32.348  86.334  71.658  32.372  86.147  71.434
0.86  0.86  0.86 7
  -0.165   0.673  -0.721  -0.031   0.802  -0.596   0.035   0.652  -0.758 1
  32.372  86.147  71.434  32.348  86.334  71.658  32.723  86.295  71.648
0.86  0.86  0.86 7
   0.035   0.652  -0.758  -0.031   0.802  -0.596   0.214   0.697  -0.685 1
  32.372  86.147  71.434  32.723  86.295  71.648  32.721  86.113  71.480
0.86  0.86  0.86 7
   0.035   0.652  -0.758   0.214   0.697  -0.685   0.281   0.585  -0.761 1
  32.721  86.113  71.480  32.723  86.295  71.648  33.017  86.214  71.729
0.86  0.86  0.86 7
   0.281   0.585  -0.761   0.214   0.697  -0.685   0.405   0.608  -0.683 1
  32.721  86.113  71.480  33.017  86.214  71.729  33.014  86.049  71.573
0.86  0.86  0.86 7
   0.281   0.585  -0.761   0.405   0.608  -0.683   0.436   0.539  -0.721 1
  33.017  86.214  71.729  33.190  86.061  71.718  33.014  86.049  71.573
0.86  0.86  0.86 7
   0.405   0.608  -0.683   0.544   0.510  -0.666   0.436   0.539  -0.721 1
  30.871  81.740  71.703  31.061  81.627  71.703  30.912  81.800  72.016
0.86  0.86  0.86 7
  -0.557  -0.822   0.120  -0.431  -0.889   0.155  -0.515  -0.808   0.288 1
  30.912  81.800  72.016  31.061  81.627  71.703  31.088  81.690  72.003
0.86  0.86  0.86 7
  -0.515  -0.808   0.288  -0.431  -0.889   0.155  -0.410  -0.859   0.307 1
  31.061  81.627  71.703  31.357  81.516  71.718  31.375  81.587  72.033
0.86  0.86  0.86 7
  -0.431  -0.889   0.155  -0.262  -0.957   0.122  -0.246  -0.913   0.325 1
  31.061  81.627  71.703  31.375  81.587  72.033  31.088  81.690  72.003
0.86  0.86  0.86 7
  -0.431  -0.889   0.155  -0.246  -0.913   0.325  -0.410  -0.859   0.307 1
  31.357  81.516  71.718  31.705  81.458  71.716  31.705  81.533  72.047
0.86  0.86  0.86 7
  -0.262  -0.957   0.122  -0.070  -0.990   0.122  -0.072  -0.947   0.313 1
  31.357  81.516  71.718  31.705  81.533  72.047  31.375  81.587  72.033
0.86  0.86  0.86 7
  -0.262  -0.957   0.122  -0.072  -0.947   0.313  -0.246  -0.913   0.325 1
  31.705  81.458  71.716  32.050  81.464  71.703  32.046  81.541  72.045
0.86  0.86  0.86 7
  -0.070  -0.990   0.122   0.128  -0.984   0.120   0.148  -0.935   0.322 1
  31.705  81.458  71.716  32.046  81.541  72.045  31.705  81.533  72.047
0.86  0.86  0.86 7
  -0.070  -0.990   0.122   0.148  -0.935   0.322  -0.072  -0.947   0.313 1
  32.050  81.464  71.703  32.379  81.543  71.711  32.360  81.613  72.020
0.86  0.86  0.86 7
   0.128  -0.984   0.120   0.188  -0.960   0.208   0.275  -0.918   0.287 1
  32.050  81.464  71.703  32.360  81.613  72.020  32.046  81.541  72.045
0.86  0.86  0.86 7
   0.128  -0.984   0.120   0.275  -0.918   0.287   0.148  -0.935   0.322 1
  32.379  81.543  71.711  32.705  81.581  71.701  32.724  81.671  71.919
0.86  0.86  0.86 7
   0.188  -0.960   0.208   0.074  -0.953   0.294   0.142  -0.887   0.440 1
  32.379  81.543  71.711  32.724  81.671  71.919  32.555  81.700  72.059
0.86  0.86  0.86 7
   0.188  -0.960   0.208   0.142  -0.887   0.440   0.303  -0.858   0.415 1
  32.379  81.543  71.711  32.555  81.700  72.059  32.360  81.613  72.020
0.86  0.86  0.86 7
   0.188  -0.960   0.208   0.303  -0.858   0.415   0.275  -0.918   0.287 1
  32.705  81.581  71.701  33.038  81.589  71.695  33.038  81.700  71.899
0.86  0.86  0.86 7
   0.074  -0.953   0.294   0.020  -0.923   0.383   0.081  -0.864   0.497 1
  32.705  81.581  71.701  33.038  81.700  71.899  32.724  81.671  71.919
0.86  0.86  0.86 7
   0.074  -0.953   0.294   0.081  -0.864   0.497   0.142  -0.887   0.440 1
  33.038  81.589  71.695  33.367  81.602  71.687  33.378  81.715  71.888
0.86  0.86  0.86 7
   0.020  -0.923   0.383   0.152  -0.906   0.394   0.152  -0.831   0.536 1
  33.038  81.589  71.695  33.378  81.715  71.888  33.038  81.700  71.899
0.86  0.86  0.86 7
   0.020  -0.923   0.383   0.152  -0.831   0.536   0.081  -0.864   0.497 1
  33.367  81.602  71.687  33.675  81.678  71.659  33.686  81.778  71.838
0.86  0.86  0.86 7
   0.152  -0.906   0.394   0.319  -0.876   0.361   0.325  -0.807   0.492 1
  33.367  81.602  71.687  33.686  81.778  71.838  33.378  81.715  71.888
0.86  0.86  0.86 7
   0.152  -0.906   0.394   0.325  -0.807   0.492   0.152  -0.831   0.536 1
  33.849  81.773  71.681  33.686  81.778  71.838  33.675  81.678  71.659
0.86  0.86  0.86 7
   0.464  -0.776   0.428   0.325  -0.807   0.492   0.319  -0.876   0.361 1
  30.518  82.059  71.709  30.685  81.886  71.710  30.552  82.093  72.031
0.86  0.86  0.86 7
  -0.749  -0.659   0.069  -0.652  -0.751   0.108  -0.661  -0.743   0.106 1
  30.552  82.093  72.031  30.685  81.886  71.710  30.736  81.937  72.026
0.86  0.86  0.86 7
  -0.661  -0.743   0.106  -0.652  -0.751   0.108  -0.588  -0.782   0.205 1
  30.685  81.886  71.710  30.871  81.740  71.703  30.736  81.937  72.026
0.86  0.86  0.86 7
  -0.652  -0.751   0.108  -0.557  -0.822   0.120  -0.588  -0.782   0.205 1
  30.736  81.937  72.026  30.871  81.740  71.703  30.912  81.800  72.016
0.86  0.86  0.86 7
  -0.588  -0.782   0.205  -0.557  -0.822   0.120  -0.515  -0.808   0.288 1
  32.735  81.782  72.099  32.555  81.700  72.059  32.724  81.671  71.919
0.86  0.86  0.86 7
   0.228  -0.791   0.568   0.303  -0.858   0.415   0.142  -0.887   0.440 1
  32.735  81.782  72.099  32.724  81.671  71.919  33.040  81.821  72.097
0.86  0.86  0.86 7
   0.228  -0.791   0.568   0.142  -0.887   0.440   0.115  -0.774   0.623 1
  33.040  81.821  72.097  32.724  81.671  71.919  33.038  81.700  71.899
0.86  0.86  0.86 7
   0.115  -0.774   0.623   0.142  -0.887   0.440   0.081  -0.864   0.497 1
  33.040  81.821  72.097  33.038  81.700  71.899  33.386  81.862  72.081
0.86  0.86  0.86 7
   0.115  -0.774   0.623   0.081  -0.864   0.497   0.172  -0.746   0.643 1
  33.386  81.862  72.081  33.038  81.700  71.899  33.378  81.715  71.888
0.86  0.86  0.86 7
   0.172  -0.746   0.643   0.081  -0.864   0.497   0.152  -0.831   0.536 1
  33.386  81.862  72.081  33.378  81.715  71.888  33.698  81.918  72.022
0.86  0.86  0.86 7
   0.172  -0.746   0.643   0.152  -0.831   0.536   0.355  -0.723   0.593 1
  33.698  81.918  72.022  33.378  81.715  71.888  33.686  81.778  71.838
0.86  0.86  0.86 7
   0.355  -0.723   0.593   0.152  -0.831   0.536   0.325  -0.807   0.492 1
  33.849  81.773  71.681  34.035  81.911  71.700  34.051  82.057  71.886
0.86  0.86  0.86 7
   0.464  -0.776   0.428   0.571  -0.727   0.382   0.566  -0.636   0.525 1
  33.849  81.773  71.681  34.051  82.057  71.886  33.879  82.061  72.051
0.86  0.86  0.86 7
   0.464  -0.776   0.428   0.566  -0.636   0.525   0.482  -0.584   0.653 1
  33.849  81.773  71.681  33.879  82.061  72.051  33.698  81.918  72.022
0.86  0.86  0.86 7
   0.464  -0.776   0.428   0.482  -0.584   0.653   0.355  -0.723   0.593 1
  33.849  81.773  71.681  33.698  81.918  72.022  33.686  81.778  71.838
0.86  0.86  0.86 7
   0.464  -0.776   0.428   0.355  -0.723   0.593   0.325  -0.807   0.492 1
  34.203  82.074  71.702  34.051  82.057  71.886  34.035  81.911  71.700
0.86  0.86  0.86 7
   0.684  -0.583   0.438   0.566  -0.636   0.525   0.571  -0.727   0.382 1
  30.225  82.427  71.703  30.380  82.246  71.703  30.210  82.415  72.037
0.86  0.86  0.86 7
  -0.706  -0.705  -0.063  -0.768  -0.641   0.017  -0.622  -0.779  -0.075 1
  30.210  82.415  72.037  30.380  82.246  71.703  30.393  82.262  72.037
0.86  0.86  0.86 7
  -0.622  -0.779  -0.075  -0.768  -0.641   0.017  -0.696  -0.718  -0.007 1
  30.380  82.246  71.703  30.518  82.059  71.709  30.393  82.262  72.037
0.86  0.86  0.86 7
  -0.768  -0.641   0.017  -0.749  -0.659   0.069  -0.696  -0.718  -0.007 1
  30.393  82.262  72.037  30.518  82.059  71.709  30.552  82.093  72.031
0.86  0.86  0.86 7
  -0.696  -0.718  -0.007  -0.749  -0.659   0.069  -0.661  -0.743   0.106 1
  34.050  82.228  72.054  33.879  82.061  72.051  34.051  82.057  71.886
0.86  0.86  0.86 7
   0.608  -0.508   0.611   0.482  -0.584   0.653   0.566  -0.636   0.525 1
  34.203  82.074  71.702  34.348  82.255  71.688  34.347  82.418  71.850
0.86  0.86  0.86 7
   0.684  -0.583   0.438   0.763  -0.521   0.383   0.751  -0.390   0.532 1
  34.203  82.074  71.702  34.347  82.418  71.850  34.200  82.410  72.032
0.86  0.86  0.86 7
   0.684  -0.583   0.438   0.751  -0.390   0.532   0.680  -0.387   0.623 1
  34.203  82.074  71.702  34.200  82.410  72.032  34.050  82.228  72.054
0.86  0.86  0.86 7
   0.684  -0.583   0.438   0.680  -0.387   0.623   0.608  -0.508   0.611 1
  34.203  82.074  71.702  34.050  82.228  72.054  34.051  82.057  71.886
0.86  0.86  0.86 7
   0.684  -0.583   0.438   0.608  -0.508   0.611   0.566  -0.636   0.525 1
  34.459  82.429  71.669  34.347  82.418  71.850  34.348  82.255  71.688
0.86  0.86  0.86 7
   0.845  -0.370   0.385   0.751  -0.390   0.532   0.763  -0.521   0.383 1
  29.749  82.683  72.069  29.542  82.756  72.041  29.705  82.741  71.870
0.86  0.86  0.86 7
  -0.403  -0.904  -0.143  -0.285  -0.935  -0.210  -0.428  -0.874  -0.229 1
  29.841  82.702  71.685  30.043  82.579  71.703  29.705  82.741  71.870
0.86  0.86  0.86 7
  -0.547  -0.784  -0.294  -0.573  -0.804  -0.155  -0.428  -0.874  -0.229 1
  29.705  82.741  71.870  30.043  82.579  71.703  29.749  82.683  72.069
0.86  0.86  0.86 7
  -0.428  -0.874  -0.229  -0.573  -0.804  -0.155  -0.403  -0.904  -0.143 1
  29.749  82.683  72.069  30.043  82.579  71.703  30.020  82.547  72.029
0.86  0.86  0.86 7
  -0.403  -0.904  -0.143  -0.573  -0.804  -0.155  -0.539  -0.834  -0.117 1
  30.043  82.579  71.703  30.225  82.427  71.703  30.020  82.547  72.029
0.86  0.86  0.86 7
  -0.573  -0.804  -0.155  -0.706  -0.705  -0.063  -0.539  -0.834  -0.117 1
  30.020  82.547  72.029  30.225  82.427  71.703  30.210  82.415  72.037
0.86  0.86  0.86 7
  -0.539  -0.834  -0.117  -0.706  -0.705  -0.063  -0.622  -0.779  -0.075 1
  34.200  82.410  72.032  34.347  82.418  71.850  34.266  82.719  72.098
0.86  0.86  0.86 7
   0.680  -0.387   0.623   0.751  -0.390   0.532   0.720  -0.192   0.667 1
  34.266  82.719  72.098  34.347  82.418  71.850  34.421  82.726  71.905
0.86  0.86  0.86 7
   0.720  -0.192   0.667   0.751  -0.390   0.532   0.813  -0.187   0.551 1
  34.459  82.429  71.669  34.538  82.740  71.703  34.421  82.726  71.905
0.86  0.86  0.86 7
   0.845  -0.370   0.385   0.897  -0.185   0.402   0.813  -0.187   0.551 1
  34.459  82.429  71.669  34.421  82.726  71.905  34.347  82.418  71.850
0.86  0.86  0.86 7
   0.845  -0.370   0.385   0.813  -0.187   0.551   0.751  -0.390   0.532 1
  28.767  83.000  72.068  28.577  83.132  72.056  28.720  83.099  71.881
0.86  0.86  0.86 7
  -0.471  -0.852  -0.229  -0.619  -0.745  -0.249  -0.492  -0.794  -0.358 1
  28.879  83.091  71.714  29.063  82.994  71.741  28.720  83.099  71.881
0.86  0.86  0.86 7
  -0.424  -0.764  -0.487  -0.320  -0.860  -0.397  -0.492  -0.794  -0.358 1
  28.720  83.099  71.881  29.063  82.994  71.741  28.767  83.000  72.068
0.86  0.86  0.86 7
  -0.492  -0.794  -0.358  -0.320  -0.860  -0.397  -0.471  -0.852  -0.229 1
  28.767  83.000  72.068  29.063  82.994  71.741  29.033  82.887  72.032
0.86  0.86  0.86 7
  -0.471  -0.852  -0.229  -0.320  -0.860  -0.397  -0.301  -0.923  -0.241 1
  29.063  82.994  71.741  29.377  82.928  71.713  29.349  82.816  72.014
0.86  0.86  0.86 7
  -0.320  -0.860  -0.397  -0.296  -0.864  -0.408  -0.239  -0.930  -0.281 1
  29.063  82.994  71.741  29.349  82.816  72.014  29.033  82.887  72.032
0.86  0.86  0.86 7
  -0.320  -0.860  -0.397  -0.239  -0.930  -0.281  -0.301  -0.923  -0.241 1
  29.377  82.928  71.713  29.662  82.829  71.670  29.705  82.741  71.870
0.86  0.86  0.86 7
  -0.296  -0.864  -0.408  -0.466  -0.798  -0.382  -0.428  -0.874  -0.229 1
  29.377  82.928  71.713  29.705  82.741  71.870  29.542  82.756  72.041
0.86  0.86  0.86 7
  -0.296  -0.864  -0.408  -0.428  -0.874  -0.229  -0.285  -0.935  -0.210 1
  29.377  82.928  71.713  29.542  82.756  72.041  29.349  82.816  72.014
0.86  0.86  0.86 7
  -0.296  -0.864  -0.408  -0.285  -0.935  -0.210  -0.239  -0.930  -0.281 1
  29.705  82.741  71.870  29.662  82.829  71.670  29.841  82.702  71.685
0.86  0.86  0.86 7
  -0.428  -0.874  -0.229  -0.466  -0.798  -0.382  -0.547  -0.784  -0.294 1
  34.266  82.719  72.098  34.421  82.726  71.905  34.290  83.073  72.122
0.86  0.86  0.86 7
   0.720  -0.192   0.667   0.813  -0.187   0.551   0.733   0.018   0.680 1
  34.290  83.073  72.122  34.421  82.726  71.905  34.446  83.073  71.924
0.86  0.86  0.86 7
   0.733   0.018   0.680   0.813  -0.187   0.551   0.829   0.019   0.559 1
  34.538  82.740  71.703  34.564  83.073  71.716  34.446  83.073  71.924
0.86  0.86  0.86 7
   0.897  -0.185   0.402   0.911   0.017   0.412   0.829   0.019   0.559 1
  34.538  82.740  71.703  34.446  83.073  71.924  34.421  82.726  71.905
0.86  0.86  0.86 7
   0.897  -0.185   0.402   0.829   0.019   0.559   0.813  -0.187   0.551 1
  28.416  83.284  72.054  28.275  83.453  72.060  28.380  83.413  71.874
0.86  0.86  0.86 7
  -0.706  -0.662  -0.250  -0.811  -0.531  -0.246  -0.706  -0.606  -0.366 1
  28.518  83.386  71.687  28.694  83.224  71.693  28.380  83.413  71.874
0.86  0.86  0.86 7
  -0.642  -0.580  -0.501  -0.558  -0.697  -0.451  -0.706  -0.606  -0.366 1
  28.380  83.413  71.874  28.694  83.224  71.693  28.416  83.284  72.054
0.86  0.86  0.86 7
  -0.706  -0.606  -0.366  -0.558  -0.697  -0.451  -0.706  -0.662  -0.250 1
  28.416  83.284  72.054  28.694  83.224  71.693  28.577  83.132  72.056
0.86  0.86  0.86 7
  -0.706  -0.662  -0.250  -0.558  -0.697  -0.451  -0.619  -0.745  -0.249 1
  28.577  83.132  72.056  28.694  83.224  71.693  28.720  83.099  71.881
0.86  0.86  0.86 7
  -0.619  -0.745  -0.249  -0.558  -0.697  -0.451  -0.492  -0.794  -0.358 1
  28.720  83.099  71.881  28.694  83.224  71.693  28.879  83.091  71.714
0.86  0.86  0.86 7
  -0.492  -0.794  -0.358  -0.558  -0.697  -0.451  -0.424  -0.764  -0.487 1
  34.290  83.073  72.122  34.446  83.073  71.924  34.258  83.424  72.090
0.86  0.86  0.86 7
   0.733   0.018   0.680   0.829   0.019   0.559   0.737   0.199   0.646 1
  34.258  83.424  72.090  34.446  83.073  71.924  34.411  83.418  71.898
0.86  0.86  0.86 7
   0.737   0.199   0.646   0.829   0.019   0.559   0.812   0.221   0.540 1
  34.564  83.073  71.716  34.528  83.404  71.698  34.411  83.418  71.898
0.86  0.86  0.86 7
   0.911   0.017   0.412   0.887   0.211   0.411   0.812   0.221   0.540 1
  34.564  83.073  71.716  34.411  83.418  71.898  34.446  83.073  71.924
0.86  0.86  0.86 7
   0.911   0.017   0.412   0.812   0.221   0.540   0.829   0.019   0.559 1
  28.240  83.752  71.727  28.365  83.569  71.699  28.140  83.707  72.021
0.86  0.86  0.86 7
  -0.835  -0.346  -0.429  -0.739  -0.494  -0.458  -0.872  -0.416  -0.258 1
  28.275  83.453  72.060  28.140  83.707  72.021  28.365  83.569  71.699
0.86  0.86  0.86 7
  -0.811  -0.531  -0.246  -0.872  -0.416  -0.258  -0.739  -0.494  -0.458 1
  28.275  83.453  72.060  28.365  83.569  71.699  28.380  83.413  71.874
0.86  0.86  0.86 7
  -0.811  -0.531  -0.246  -0.739  -0.494  -0.458  -0.706  -0.606  -0.366 1
  28.380  83.413  71.874  28.365  83.569  71.699  28.518  83.386  71.687
0.86  0.86  0.86 7
  -0.706  -0.606  -0.366  -0.739  -0.494  -0.458  -0.642  -0.580  -0.501 1
  34.258  83.424  72.090  34.411  83.418  71.898  34.186  83.727  72.024
0.86  0.86  0.86 7
   0.737   0.199   0.646   0.812   0.221   0.540   0.745   0.374   0.552 1
  34.186  83.727  72.024  34.411  83.418  71.898  34.329  83.711  71.842
0.86  0.86  0.86 7
   0.745   0.374   0.552   0.812   0.221   0.540   0.772   0.382   0.507 1
  34.528  83.404  71.698  34.441  83.698  71.676  34.329  83.711  71.842
0.86  0.86  0.86 7
   0.887   0.211   0.411   0.844   0.382   0.376   0.772   0.382   0.507 1
  34.528  83.404  71.698  34.329  83.711  71.842  34.411  83.418  71.898
0.86  0.86  0.86 7
   0.887   0.211   0.411   0.772   0.382   0.507   0.812   0.221   0.540 1
  28.058  83.911  72.042  28.004  84.107  72.070  28.068  84.081  71.883
0.86  0.86  0.86 7
  -0.929  -0.276  -0.246  -0.970  -0.122  -0.212  -0.921  -0.156  -0.356 1
  28.167  84.063  71.684  28.240  83.752  71.727  28.068  84.081  71.883
0.86  0.86  0.86 7
  -0.851  -0.152  -0.502  -0.835  -0.346  -0.429  -0.921  -0.156  -0.356 1
  28.068  84.081  71.883  28.240  83.752  71.727  28.058  83.911  72.042
0.86  0.86  0.86 7
  -0.921  -0.156  -0.356  -0.835  -0.346  -0.429  -0.929  -0.276  -0.246 1
  28.058  83.911  72.042  28.240  83.752  71.727  28.140  83.707  72.021
0.86  0.86  0.86 7
  -0.929  -0.276  -0.246  -0.835  -0.346  -0.429  -0.872  -0.416  -0.258 1
  33.982  84.101  72.092  34.065  83.918  72.052  34.088  84.100  71.890
0.86  0.86  0.86 7
   0.893   0.291   0.344   0.805   0.317   0.501   0.804   0.439   0.401 1
  34.328  83.878  71.674  34.189  84.064  71.697  34.088  84.100  71.890
0.86  0.86  0.86 7
   0.781   0.483   0.396   0.795   0.532   0.290   0.804   0.439   0.401 1
  34.328  83.878  71.674  34.088  84.100  71.890  34.065  83.918  72.052
0.86  0.86  0.86 7
   0.781   0.483   0.396   0.804   0.439   0.401   0.805   0.317   0.501 1
  34.328  83.878  71.674  34.065  83.918  72.052  34.186  83.727  72.024
0.86  0.86  0.86 7
   0.781   0.483   0.396   0.805   0.317   0.501   0.745   0.374   0.552 1
  34.328  83.878  71.674  34.186  83.727  72.024  34.329  83.711  71.842
0.86  0.86  0.86 7
   0.781   0.483   0.396   0.745   0.374   0.552   0.772   0.382   0.507 1
  34.328  83.878  71.674  34.329  83.711  71.842  34.441  83.698  71.676
0.86  0.86  0.86 7
   0.781   0.483   0.396   0.772   0.382   0.507   0.844   0.382   0.376 1
  28.068  84.081  71.883  28.004  84.107  72.070  27.990  84.407  72.066
0.86  0.86  0.86 7
  -0.921  -0.156  -0.356  -0.970  -0.122  -0.212  -0.976   0.040  -0.213 1
  28.068  84.081  71.883  27.990  84.407  72.066  28.051  84.406  71.875
0.86  0.86  0.86 7
  -0.921  -0.156  -0.356  -0.976   0.040  -0.213  -0.925   0.016  -0.379 1
  28.145  84.406  71.674  28.167  84.063  71.684  28.051  84.406  71.875
0.86  0.86  0.86 7
  -0.877   0.060  -0.476  -0.851  -0.152  -0.502  -0.925   0.016  -0.379 1
  28.051  84.406  71.875  28.167  84.063  71.684  28.068  84.081  71.883
0.86  0.86  0.86 7
  -0.925   0.016  -0.379  -0.851  -0.152  -0.502  -0.921  -0.156  -0.356 1
  34.073  84.256  71.712  33.963  84.453  71.704  33.916  84.417  72.047
0.86  0.86  0.86 7
   0.839   0.486   0.245   0.867   0.497   0.018   0.956   0.225   0.188 1
  34.073  84.256  71.712  33.916  84.417  72.047  33.982  84.101  72.092
0.86  0.86  0.86 7
   0.839   0.486   0.245   0.956   0.225   0.188   0.893   0.291   0.344 1
  34.073  84.256  71.712  33.982  84.101  72.092  34.088  84.100  71.890
0.86  0.86  0.86 7
   0.839   0.486   0.245   0.893   0.291   0.344   0.804   0.439   0.401 1
  34.073  84.256  71.712  34.088  84.100  71.890  34.189  84.064  71.697
0.86  0.86  0.86 7
   0.839   0.486   0.245   0.804   0.439   0.401   0.795   0.532   0.290 1
  27.990  84.407  72.066  28.014  84.576  72.031  28.051  84.406  71.875
0.86  0.86  0.86 7
  -0.976   0.040  -0.213  -0.941   0.154  -0.300  -0.925   0.016  -0.379 1
  28.189  84.744  71.695  28.145  84.406  71.674  28.066  84.774  72.002
0.86  0.86  0.86 7
  -0.855   0.243  -0.458  -0.877   0.060  -0.476  -0.913   0.295  -0.282 1
  28.066  84.774  72.002  28.145  84.406  71.674  28.014  84.576  72.031
0.86  0.86  0.86 7
  -0.913   0.295  -0.282  -0.877   0.060  -0.476  -0.941   0.154  -0.300 1
  28.014  84.576  72.031  28.145  84.406  71.674  28.051  84.406  71.875
0.86  0.86  0.86 7
  -0.941   0.154  -0.300  -0.877   0.060  -0.476  -0.925   0.016  -0.379 1
  33.963  84.453  71.704  33.811  84.702  71.724  33.857  84.736  72.037
0.86  0.86  0.86 7
   0.867   0.497   0.018   0.866   0.448  -0.223   0.977   0.208  -0.050 1
  33.963  84.453  71.704  33.857  84.736  72.037  33.916  84.417  72.047
0.86  0.86  0.86 7
   0.867   0.497   0.018   0.977   0.208  -0.050   0.956   0.225   0.188 1
  28.272  85.028  71.748  28.189  84.744  71.695  28.184  85.083  72.031
0.86  0.86  0.86 7
  -0.797   0.420  -0.434  -0.855   0.243  -0.458  -0.853   0.461  -0.244 1
  28.184  85.083  72.031  28.189  84.744  71.695  28.066  84.774  72.002
0.86  0.86  0.86 7
  -0.853   0.461  -0.244  -0.855   0.243  -0.458  -0.913   0.295  -0.282 1
  33.632  85.096  71.678  33.705  85.073  71.870  33.701  84.905  71.704
0.86  0.86  0.86 7
   0.840   0.330  -0.430   0.887   0.251  -0.387   0.867   0.411  -0.283 1
  33.811  84.702  71.724  33.701  84.905  71.704  33.705  85.073  71.870
0.86  0.86  0.86 7
   0.866   0.448  -0.223   0.867   0.411  -0.283   0.887   0.251  -0.387 1
  33.811  84.702  71.724  33.705  85.073  71.870  33.801  85.053  72.067
0.86  0.86  0.86 7
   0.866   0.448  -0.223   0.887   0.251  -0.387   0.945   0.180  -0.273 1
  33.811  84.702  71.724  33.801  85.053  72.067  33.857  84.736  72.037
0.86  0.86  0.86 7
   0.866   0.448  -0.223   0.945   0.180  -0.273   0.977   0.208  -0.050 1
  28.408  85.215  71.728  28.272  85.028  71.748  28.315  85.280  72.020
0.86  0.86  0.86 7
  -0.690   0.563  -0.454  -0.797   0.420  -0.434  -0.767   0.572  -0.290 1
  28.315  85.280  72.020  28.272  85.028  71.748  28.184  85.083  72.031
0.86  0.86  0.86 7
  -0.767   0.572  -0.290  -0.797   0.420  -0.434  -0.853   0.461  -0.244 1
  28.563  85.382  71.723  28.408  85.215  71.728  28.480  85.464  72.017
0.86  0.86  0.86 7
  -0.611   0.648  -0.455  -0.690   0.563  -0.454  -0.659   0.705  -0.262 1
  28.480  85.464  72.017  28.408  85.215  71.728  28.315  85.280  72.020
0.86  0.86  0.86 7
  -0.659   0.705  -0.262  -0.690   0.563  -0.454  -0.767   0.572  -0.290 1
  33.632  85.096  71.678  33.531  85.404  71.708  33.666  85.395  71.898
0.86  0.86  0.86 7
   0.840   0.330  -0.430   0.767   0.295  -0.570   0.861   0.214  -0.461 1
  33.632  85.096  71.678  33.666  85.395  71.898  33.705  85.073  71.870
0.86  0.86  0.86 7
   0.840   0.330  -0.430   0.861   0.214  -0.461   0.887   0.251  -0.387 1
  33.705  85.073  71.870  33.666  85.395  71.898  33.761  85.375  72.084
0.86  0.86  0.86 7
   0.887   0.251  -0.387   0.861   0.214  -0.461   0.915   0.177  -0.362 1
  33.705  85.073  71.870  33.761  85.375  72.084  33.801  85.053  72.067
0.86  0.86  0.86 7
   0.887   0.251  -0.387   0.915   0.177  -0.362   0.945   0.180  -0.273 1
  28.735  85.528  71.734  28.563  85.382  71.723  28.671  85.620  72.023
0.86  0.86  0.86 7
  -0.471   0.763  -0.443  -0.611   0.648  -0.455  -0.546   0.795  -0.264 1
  28.671  85.620  72.023  28.563  85.382  71.723  28.480  85.464  72.017
0.86  0.86  0.86 7
  -0.546   0.795  -0.264  -0.611   0.648  -0.455  -0.659   0.705  -0.262 1
  29.011  85.636  71.667  28.735  85.528  71.734  29.035  85.749  71.866
0.86  0.86  0.86 7
  -0.357   0.786  -0.504  -0.471   0.763  -0.443  -0.342   0.862  -0.374 1
  29.035  85.749  71.866  28.735  85.528  71.734  28.871  85.740  72.037
0.86  0.86  0.86 7
  -0.342   0.862  -0.374  -0.471   0.763  -0.443  -0.422   0.871  -0.253 1
  28.871  85.740  72.037  28.735  85.528  71.734  28.671  85.620  72.023
0.86  0.86  0.86 7
  -0.422   0.871  -0.253  -0.471   0.763  -0.443  -0.546   0.795  -0.264 1
  29.035  85.749  71.866  29.206  85.728  71.710  29.011  85.636  71.667
0.86  0.86  0.86 7
  -0.342   0.862  -0.374  -0.222   0.869  -0.441  -0.357   0.786  -0.504 1
  29.870  85.729  71.709  30.041  85.751  71.865  30.057  85.641  71.655
0.86  0.86  0.86 7
   0.215   0.858  -0.466   0.198   0.871  -0.450   0.194   0.826  -0.530 1
  30.371  85.611  71.676  30.057  85.641  71.655  30.371  85.708  71.883
0.86  0.86  0.86 7
   0.018   0.831  -0.555   0.194   0.826  -0.530   0.015   0.891  -0.453 1
  30.371  85.708  71.883  30.057  85.641  71.655  30.041  85.751  71.865
0.86  0.86  0.86 7
   0.015   0.891  -0.453   0.194   0.826  -0.530   0.198   0.871  -0.450 1
  30.699  85.628  71.657  30.371  85.611  71.676  30.705  85.739  71.870
0.86  0.86  0.86 7
  -0.064   0.742  -0.667   0.018   0.831  -0.555  -0.172   0.876  -0.450 1
  30.705  85.739  71.870  30.371  85.611  71.676  30.371  85.708  71.883
0.86  0.86  0.86 7
  -0.172   0.876  -0.450   0.018   0.831  -0.555   0.015   0.891  -0.453 1
  30.705  85.739  71.870  30.877  85.721  71.722  30.699  85.628  71.657
0.86  0.86  0.86 7
  -0.172   0.876  -0.450  -0.276   0.758  -0.591  -0.064   0.742  -0.667 1
  33.531  85.404  71.708  33.466  85.715  71.752  33.601  85.773  72.008
0.86  0.86  0.86 7
   0.767   0.295  -0.570   0.737   0.341  -0.583   0.821   0.319  -0.474 1
  33.531  85.404  71.708  33.601  85.773  72.008  33.700  85.571  72.040
0.86  0.86  0.86 7
   0.767   0.295  -0.570   0.821   0.319  -0.474   0.854   0.272  -0.444 1
  33.531  85.404  71.708  33.700  85.571  72.040  33.666  85.395  71.898
0.86  0.86  0.86 7
   0.767   0.295  -0.570   0.854   0.272  -0.444   0.861   0.214  -0.461 1
  33.700  85.571  72.040  33.761  85.375  72.084  33.666  85.395  71.898
0.86  0.86  0.86 7
   0.854   0.272  -0.444   0.915   0.177  -0.362   0.861   0.214  -0.461 1
  28.871  85.740  72.037  29.059  85.823  72.057  29.035  85.749  71.866
0.86  0.86  0.86 7
  -0.422   0.871  -0.253  -0.265   0.933  -0.242  -0.342   0.862  -0.374 1
  29.371  85.783  71.756  29.206  85.728  71.710  29.371  85.889  72.041
0.86  0.86  0.86 7
  -0.075   0.911  -0.405  -0.222   0.869  -0.441  -0.132   0.951  -0.279 1
  29.059  85.823  72.057  29.371  85.889  72.041  29.206  85.728  71.710
0.86  0.86  0.86 7
  -0.265   0.933  -0.242  -0.132   0.951  -0.279  -0.222   0.869  -0.441 1
  29.059  85.823  72.057  29.206  85.728  71.710  29.035  85.749  71.866
0.86  0.86  0.86 7
  -0.265   0.933  -0.242  -0.222   0.869  -0.441  -0.342   0.862  -0.374 1
  29.705  85.784  71.756  29.371  85.783  71.756  29.705  85.889  72.041
0.86  0.86  0.86 7
   0.072   0.898  -0.435  -0.075   0.911  -0.405   0.071   0.937  -0.341 1
  29.705  85.889  72.041  29.371  85.783  71.756  29.371  85.889  72.041
0.86  0.86  0.86 7
   0.071   0.937  -0.341  -0.075   0.911  -0.405  -0.132   0.951  -0.279 1
  29.870  85.729  71.709  29.705  85.784  71.756  29.705  85.889  72.041
0.86  0.86  0.86 7
   0.215   0.858  -0.466   0.072   0.898  -0.435   0.071   0.937  -0.341 1
  29.870  85.729  71.709  29.705  85.889  72.041  30.026  85.856  72.058
0.86  0.86  0.86 7
   0.215   0.858  -0.466   0.071   0.937  -0.341   0.129   0.896  -0.424 1
  29.870  85.729  71.709  30.026  85.856  72.058  30.041  85.751  71.865
0.86  0.86  0.86 7
   0.215   0.858  -0.466   0.129   0.896  -0.424   0.198   0.871  -0.450 1
  30.041  85.751  71.865  30.026  85.856  72.058  30.369  85.820  72.093
0.86  0.86  0.86 7
   0.198   0.871  -0.450   0.129   0.896  -0.424   0.013   0.861  -0.508 1
  30.041  85.751  71.865  30.369  85.820  72.093  30.371  85.708  71.883
0.86  0.86  0.86 7
   0.198   0.871  -0.450   0.013   0.861  -0.508   0.015   0.891  -0.453 1
  30.371  85.708  71.883  30.369  85.820  72.093  30.720  85.851  72.073
0.86  0.86  0.86 7
   0.015   0.891  -0.453   0.013   0.861  -0.508  -0.246   0.823  -0.512 1
  30.371  85.708  71.883  30.720  85.851  72.073  30.705  85.739  71.870
0.86  0.86  0.86 7
   0.015   0.891  -0.453  -0.246   0.823  -0.512  -0.172   0.876  -0.450 1
  31.069  85.853  71.768  30.877  85.721  71.722  31.018  85.940  72.015
0.86  0.86  0.86 7
  -0.459   0.712  -0.532  -0.276   0.758  -0.591  -0.438   0.766  -0.471 1
  30.720  85.851  72.073  31.018  85.940  72.015  30.877  85.721  71.722
0.86  0.86  0.86 7
  -0.246   0.823  -0.512  -0.438   0.766  -0.471  -0.276   0.758  -0.591 1
  30.720  85.851  72.073  30.877  85.721  71.722  30.705  85.739  71.870
0.86  0.86  0.86 7
  -0.246   0.823  -0.512  -0.276   0.758  -0.591  -0.172   0.876  -0.450 1
  31.339  85.938  71.665  31.069  85.853  71.768  31.342  86.100  71.854
0.86  0.86  0.86 7
  -0.478   0.568  -0.670  -0.459   0.712  -0.532  -0.571   0.662  -0.486 1
  31.342  86.100  71.854  31.069  85.853  71.768  31.198  86.081  72.031
0.86  0.86  0.86 7
  -0.571   0.662  -0.486  -0.459   0.712  -0.532  -0.553   0.709  -0.438 1
  31.198  86.081  72.031  31.069  85.853  71.768  31.018  85.940  72.015
0.86  0.86  0.86 7
  -0.553   0.709  -0.438  -0.459   0.712  -0.532  -0.438   0.766  -0.471 1
  31.342  86.100  71.854  31.506  86.105  71.665  31.339  85.938  71.665
0.86  0.86  0.86 7
  -0.571   0.662  -0.486  -0.482   0.677  -0.556  -0.478   0.568  -0.670 1
  33.190  86.061  71.718  33.353  86.059  71.888  33.343  85.892  71.727
0.86  0.86  0.86 7
   0.544   0.510  -0.666   0.677   0.449  -0.583   0.633   0.453  -0.628 1
  33.466  85.715  71.752  33.343  85.892  71.727  33.353  86.059  71.888
0.86  0.86  0.86 7
   0.737   0.341  -0.583   0.633   0.453  -0.628   0.677   0.449  -0.583 1
  33.466  85.715  71.752  33.353  86.059  71.888  33.503  86.061  72.060
0.86  0.86  0.86 7
   0.737   0.341  -0.583   0.677   0.449  -0.583   0.741   0.321  -0.590 1
  33.466  85.715  71.752  33.503  86.061  72.060  33.601  85.773  72.008
0.86  0.86  0.86 7
   0.737   0.341  -0.583   0.741   0.321  -0.590   0.821   0.319  -0.474 1
  31.198  86.081  72.031  31.359  86.249  72.028  31.342  86.100  71.854
0.86  0.86  0.86 7
  -0.553   0.709  -0.438  -0.458   0.783  -0.421  -0.571   0.662  -0.486 1
  31.705  86.237  71.704  31.506  86.105  71.665  31.683  86.332  71.993
0.86  0.86  0.86 7
  -0.324   0.835  -0.444  -0.482   0.677  -0.556  -0.320   0.856  -0.406 1
  31.359  86.249  72.028  31.683  86.332  71.993  31.506  86.105  71.665
0.86  0.86  0.86 7
  -0.458   0.783  -0.421  -0.320   0.856  -0.406  -0.482   0.677  -0.556 1
  31.359  86.249  72.028  31.506  86.105  71.665  31.342  86.100  71.854
0.86  0.86  0.86 7
  -0.458   0.783  -0.421  -0.482   0.677  -0.556  -0.571   0.662  -0.486 1
  32.039  86.305  71.672  31.705  86.237  71.704  32.034  86.413  71.867
0.86  0.86  0.86 7
  -0.168   0.820  -0.546  -0.324   0.835  -0.444  -0.243   0.846  -0.474 1
  32.034  86.413  71.867  31.705  86.237  71.704  31.869  86.412  72.033
0.86  0.86  0.86 7
  -0.243   0.846  -0.474  -0.324   0.835  -0.444  -0.359   0.806  -0.471 1
  31.869  86.412  72.033  31.705  86.237  71.704  31.683  86.332  71.993
0.86  0.86  0.86 7
  -0.359   0.806  -0.471  -0.324   0.835  -0.444  -0.320   0.856  -0.406 1
  32.348  86.334  71.658  32.039  86.305  71.672  32.361  86.445  71.844
0.86  0.86  0.86 7
  -0.031   0.802  -0.596  -0.168   0.820  -0.546  -0.099   0.800  -0.591 1
  32.361  86.445  71.844  32.039  86.305  71.672  32.034  86.413  71.867
0.86  0.86  0.86 7
  -0.099   0.800  -0.591  -0.168   0.820  -0.546  -0.243   0.846  -0.474 1
  32.723  86.295  71.648  32.348  86.334  71.658  32.720  86.452  71.825
0.86  0.86  0.86 7
   0.214   0.697  -0.685  -0.031   0.802  -0.596   0.107   0.699  -0.707 1
  32.720  86.452  71.825  32.348  86.334  71.658  32.361  86.445  71.844
0.86  0.86  0.86 7
   0.107   0.699  -0.707  -0.031   0.802  -0.596  -0.099   0.800  -0.591 1
  33.017  86.214  71.729  32.723  86.295  71.648  33.027  86.396  71.886
0.86  0.86  0.86 7
   0.405   0.608  -0.683   0.214   0.697  -0.685   0.362   0.566  -0.740 1
  33.027  86.396  71.886  32.723  86.295  71.648  32.720  86.452  71.825
0.86  0.86  0.86 7
   0.362   0.566  -0.740   0.214   0.697  -0.685   0.107   0.699  -0.707 1
  33.190  86.061  71.718  33.017  86.214  71.729  33.027  86.396  71.886
0.86  0.86  0.86 7
   0.544   0.510  -0.666   0.405   0.608  -0.683   0.362   0.566  -0.740 1
  33.190  86.061  71.718  33.027  86.396  71.886  33.218  86.424  72.006
0.86  0.86  0.86 7
   0.544   0.510  -0.666   0.362   0.566  -0.740   0.489   0.421  -0.764 1
  33.190  86.061  71.718  33.218  86.424  72.006  33.375  86.242  72.033
0.86  0.86  0.86 7
   0.544   0.510  -0.666   0.489   0.421  -0.764   0.637   0.399  -0.660 1
  33.190  86.061  71.718  33.375  86.242  72.033  33.353  86.059  71.888
0.86  0.86  0.86 7
   0.544   0.510  -0.666   0.637   0.399  -0.660   0.677   0.449  -0.583 1
  33.375  86.242  72.033  33.503  86.061  72.060  33.353  86.059  71.888
0.86  0.86  0.86 7
   0.637   0.399  -0.660   0.741   0.321  -0.590   0.677   0.449  -0.583 1
  31.869  86.412  72.033  32.064  86.532  72.063  32.034  86.413  71.867
0.86  0.86  0.86 7
  -0.359   0.806  -0.471  -0.324   0.757  -0.568  -0.243   0.846  -0.474 1
  32.034  86.413  71.867  32.064  86.532  72.063  32.366  86.591  72.019
0.86  0.86  0.86 7
  -0.243   0.846  -0.474  -0.324   0.757  -0.568  -0.191   0.705  -0.683 1
  32.034  86.413  71.867  32.366  86.591  72.019  32.361  86.445  71.844
0.86  0.86  0.86 7
  -0.243   0.846  -0.474  -0.191   0.705  -0.683  -0.099   0.800  -0.591 1
  32.361  86.445  71.844  32.366  86.591  72.019  32.724  86.621  71.970
0.86  0.86  0.86 7
  -0.099   0.800  -0.591  -0.191   0.705  -0.683   0.007   0.606  -0.795 1
  32.361  86.445  71.844  32.724  86.621  71.970  32.720  86.452  71.825
0.86  0.86  0.86 7
  -0.099   0.800  -0.591   0.007   0.606  -0.795   0.107   0.699  -0.707 1
  32.720  86.452  71.825  32.724  86.621  71.970  33.055  86.586  72.006
0.86  0.86  0.86 7
   0.107   0.699  -0.707   0.007   0.606  -0.795   0.291   0.503  -0.814 1
  32.720  86.452  71.825  33.055  86.586  72.006  33.027  86.396  71.886
0.86  0.86  0.86 7
   0.107   0.699  -0.707   0.291   0.503  -0.814   0.362   0.566  -0.740 1
  33.055  86.586  72.006  33.218  86.424  72.006  33.027  86.396  71.886
0.86  0.86  0.86 7
   0.291   0.503  -0.814   0.489   0.421  -0.764   0.362   0.566  -0.740 1
  31.062  81.782  72.185  30.912  81.800  72.016  31.088  81.690  72.003
0.86  0.86  0.86 7
  -0.409  -0.806   0.428  -0.515  -0.808   0.288  -0.410  -0.859   0.307 1
  31.088  81.690  72.003  31.375  81.587  72.033  31.356  81.679  72.233
0.86  0.86  0.86 7
  -0.410  -0.859   0.307  -0.246  -0.913   0.325  -0.302  -0.842   0.447 1
  31.088  81.690  72.003  31.356  81.679  72.233  31.062  81.782  72.185
0.86  0.86  0.86 7
  -0.410  -0.859   0.307  -0.302  -0.842   0.447  -0.409  -0.806   0.428 1
  31.375  81.587  72.033  31.705  81.533  72.047  31.705  81.652  72.318
0.86  0.86  0.86 7
  -0.246  -0.913   0.325  -0.072  -0.947   0.313  -0.067  -0.875   0.479 1
  31.375  81.587  72.033  31.705  81.652  72.318  31.535  81.717  72.383
0.86  0.86  0.86 7
  -0.246  -0.913   0.325  -0.067  -0.875   0.479  -0.197  -0.822   0.534 1
  31.375  81.587  72.033  31.535  81.717  72.383  31.356  81.679  72.233
0.86  0.86  0.86 7
  -0.246  -0.913   0.325  -0.197  -0.822   0.534  -0.302  -0.842   0.447 1
  31.705  81.533  72.047  32.046  81.541  72.045  32.037  81.657  72.314
0.86  0.86  0.86 7
  -0.072  -0.947   0.313   0.148  -0.935   0.322   0.098  -0.882   0.460 1
  31.705  81.533  72.047  32.037  81.657  72.314  31.705  81.652  72.318
0.86  0.86  0.86 7
  -0.072  -0.947   0.313   0.098  -0.882   0.460  -0.067  -0.875   0.479 1
  32.046  81.541  72.045  32.360  81.613  72.020  32.382  81.705  72.218
0.86  0.86  0.86 7
   0.148  -0.935   0.322   0.275  -0.918   0.287   0.299  -0.854   0.425 1
  32.046  81.541  72.045  32.382  81.705  72.218  32.206  81.732  72.374
0.86  0.86  0.86 7
   0.148  -0.935   0.322   0.299  -0.854   0.425   0.240  -0.821   0.519 1
  32.046  81.541  72.045  32.206  81.732  72.374  32.037  81.657  72.314
0.86  0.86  0.86 7
   0.148  -0.935   0.322   0.240  -0.821   0.519   0.098  -0.882   0.460 1
  32.555  81.700  72.059  32.382  81.705  72.218  32.360  81.613  72.020
0.86  0.86  0.86 7
   0.303  -0.858   0.415   0.299  -0.854   0.425   0.275  -0.918   0.287 1
  30.552  82.093  72.031  30.736  81.937  72.026  30.572  82.122  72.371
0.86  0.86  0.86 7
  -0.661  -0.743   0.106  -0.588  -0.782   0.205  -0.483  -0.868   0.115 1
  30.572  82.122  72.371  30.736  81.937  72.026  30.751  82.015  72.339
0.86  0.86  0.86 7
  -0.483  -0.868   0.115  -0.588  -0.782   0.205  -0.409  -0.871   0.272 1
  30.736  81.937  72.026  30.912  81.800  72.016  30.751  82.015  72.339
0.86  0.86  0.86 7
  -0.588  -0.782   0.205  -0.515  -0.808   0.288  -0.409  -0.871   0.272 1
  31.036  81.901  72.373  30.751  82.015  72.339  30.912  81.800  72.016
0.86  0.86  0.86 7
  -0.342  -0.833   0.435  -0.409  -0.871   0.272  -0.515  -0.808   0.288 1
  31.036  81.901  72.373  30.912  81.800  72.016  31.062  81.782  72.185
0.86  0.86  0.86 7
  -0.342  -0.833   0.435  -0.515  -0.808   0.288  -0.409  -0.806   0.428 1
  31.036  81.901  72.373  31.062  81.782  72.185  31.349  81.827  72.443
0.86  0.86  0.86 7
  -0.342  -0.833   0.435  -0.409  -0.806   0.428  -0.304  -0.781   0.546 1
  31.349  81.827  72.443  31.062  81.782  72.185  31.356  81.679  72.233
0.86  0.86  0.86 7
  -0.304  -0.781   0.546  -0.409  -0.806   0.428  -0.302  -0.842   0.447 1
  31.535  81.717  72.383  31.349  81.827  72.443  31.356  81.679  72.233
0.86  0.86  0.86 7
  -0.197  -0.822   0.534  -0.304  -0.781   0.546  -0.302  -0.842   0.447 1
  32.404  81.831  72.413  32.206  81.732  72.374  32.382  81.705  72.218
0.86  0.86  0.86 7
   0.360  -0.763   0.537   0.240  -0.821   0.519   0.299  -0.854   0.425 1
  32.555  81.700  72.059  32.735  81.782  72.099  32.696  81.930  72.354
0.86  0.86  0.86 7
   0.303  -0.858   0.415   0.228  -0.791   0.568   0.357  -0.754   0.551 1
  32.555  81.700  72.059  32.696  81.930  72.354  32.404  81.831  72.413
0.86  0.86  0.86 7
   0.303  -0.858   0.415   0.357  -0.754   0.551   0.360  -0.763   0.537 1
  32.555  81.700  72.059  32.404  81.831  72.413  32.382  81.705  72.218
0.86  0.86  0.86 7
   0.303  -0.858   0.415   0.360  -0.763   0.537   0.299  -0.854   0.425 1
  32.735  81.782  72.099  33.040  81.821  72.097  33.061  82.016  72.281
0.86  0.86  0.86 7
   0.228  -0.791   0.568   0.115  -0.774   0.623   0.159  -0.679   0.717 1
  32.735  81.782  72.099  33.061  82.016  72.281  32.880  82.058  72.388
0.86  0.86  0.86 7
   0.228  -0.791   0.568   0.159  -0.679   0.717   0.332  -0.718   0.611 1
  32.735  81.782  72.099  32.880  82.058  72.388  32.696  81.930  72.354
0.86  0.86  0.86 7
   0.228  -0.791   0.568   0.332  -0.718   0.611   0.357  -0.754   0.551 1
  33.040  81.821  72.097  33.386  81.862  72.081  33.372  82.039  72.250
0.86  0.86  0.86 7
   0.115  -0.774   0.623   0.172  -0.746   0.643   0.187  -0.646   0.740 1
  33.040  81.821  72.097  33.372  82.039  72.250  33.061  82.016  72.281
0.86  0.86  0.86 7
   0.115  -0.774   0.623   0.187  -0.646   0.740   0.159  -0.679   0.717 1
  33.386  81.862  72.081  33.698  81.918  72.022  33.700  82.085  72.187
0.86  0.86  0.86 7
   0.172  -0.746   0.643   0.355  -0.723   0.593   0.324  -0.614   0.719 1
  33.386  81.862  72.081  33.700  82.085  72.187  33.372  82.039  72.250
0.86  0.86  0.86 7
   0.172  -0.746   0.643   0.324  -0.614   0.719   0.187  -0.646   0.740 1
  33.879  82.061  72.051  33.700  82.085  72.187  33.698  81.918  72.022
0.86  0.86  0.86 7
   0.482  -0.584   0.653   0.324  -0.614   0.719   0.355  -0.723   0.593 1
  30.210  82.415  72.037  30.393  82.262  72.037  30.187  82.381  72.363
0.86  0.86  0.86 7
  -0.622  -0.779  -0.075  -0.696  -0.718  -0.007  -0.575  -0.792  -0.203 1
  30.187  82.381  72.363  30.393  82.262  72.037  30.371  82.239  72.370
0.86  0.86  0.86 7
  -0.575  -0.792  -0.203  -0.696  -0.718  -0.007  -0.548  -0.826  -0.132 1
  30.393  82.262  72.037  30.552  82.093  72.031  30.371  82.239  72.370
0.86  0.86  0.86 7
  -0.696  -0.718  -0.007  -0.661  -0.743   0.106  -0.548  -0.826  -0.132 1
  30.371  82.239  72.370  30.552  82.093  72.031  30.572  82.122  72.371
0.86  0.86  0.86 7
  -0.548  -0.826  -0.132  -0.661  -0.743   0.106  -0.483  -0.868   0.115 1
  33.058  82.181  72.427  32.880  82.058  72.388  33.061  82.016  72.281
0.86  0.86  0.86 7
   0.256  -0.682   0.685   0.332  -0.718   0.611   0.159  -0.679   0.717 1
  33.058  82.181  72.427  33.061  82.016  72.281  33.379  82.219  72.401
0.86  0.86  0.86 7
   0.256  -0.682   0.685   0.159  -0.679   0.717   0.227  -0.589   0.775 1
  33.379  82.219  72.401  33.061  82.016  72.281  33.372  82.039  72.250
0.86  0.86  0.86 7
   0.227  -0.589   0.775   0.159  -0.679   0.717   0.187  -0.646   0.740 1
  33.379  82.219  72.401  33.372  82.039  72.250  33.683  82.276  72.327
0.86  0.86  0.86 7
   0.227  -0.589   0.775   0.187  -0.646   0.740   0.368  -0.514   0.775 1
  33.683  82.276  72.327  33.372  82.039  72.250  33.700  82.085  72.187
0.86  0.86  0.86 7
   0.368  -0.514   0.775   0.187  -0.646   0.740   0.324  -0.614   0.719 1
  33.879  82.061  72.051  34.050  82.228  72.054  34.031  82.413  72.193
0.86  0.86  0.86 7
   0.482  -0.584   0.653   0.608  -0.508   0.611   0.556  -0.382   0.738 1
  33.879  82.061  72.051  34.031  82.413  72.193  33.844  82.434  72.329
0.86  0.86  0.86 7
   0.482  -0.584   0.653   0.556  -0.382   0.738   0.488  -0.394   0.779 1
  33.879  82.061  72.051  33.844  82.434  72.329  33.683  82.276  72.327
0.86  0.86  0.86 7
   0.482  -0.584   0.653   0.488  -0.394   0.779   0.368  -0.514   0.775 1
  33.879  82.061  72.051  33.683  82.276  72.327  33.700  82.085  72.187
0.86  0.86  0.86 7
   0.482  -0.584   0.653   0.368  -0.514   0.775   0.324  -0.614   0.719 1
  34.200  82.410  72.032  34.031  82.413  72.193  34.050  82.228  72.054
0.86  0.86  0.86 7
   0.680  -0.387   0.623   0.556  -0.382   0.738   0.608  -0.508   0.611 1
  29.542  82.756  72.041  29.749  82.683  72.069  29.532  82.717  72.364
0.86  0.86  0.86 7
  -0.285  -0.935  -0.210  -0.403  -0.904  -0.143  -0.272  -0.948  -0.165 1
  29.532  82.717  72.364  29.749  82.683  72.069  29.734  82.643  72.390
0.86  0.86  0.86 7
  -0.272  -0.948  -0.165  -0.403  -0.904  -0.143  -0.399  -0.873  -0.279 1
  29.749  82.683  72.069  30.020  82.547  72.029  29.993  82.509  72.352
0.86  0.86  0.86 7
  -0.403  -0.904  -0.143  -0.539  -0.834  -0.117  -0.505  -0.841  -0.196 1
  29.749  82.683  72.069  29.993  82.509  72.352  29.734  82.643  72.390
0.86  0.86  0.86 7
  -0.403  -0.904  -0.143  -0.505  -0.841  -0.196  -0.399  -0.873  -0.279 1
  30.020  82.547  72.029  30.210  82.415  72.037  29.993  82.509  72.352
0.86  0.86  0.86 7
  -0.539  -0.834  -0.117  -0.622  -0.779  -0.075  -0.505  -0.841  -0.196 1
  29.993  82.509  72.352  30.210  82.415  72.037  30.187  82.381  72.363
0.86  0.86  0.86 7
  -0.505  -0.841  -0.196  -0.622  -0.779  -0.075  -0.575  -0.792  -0.203 1
  33.844  82.434  72.329  34.031  82.413  72.193  33.894  82.731  72.401
0.86  0.86  0.86 7
   0.488  -0.394   0.779   0.556  -0.382   0.738   0.575  -0.195   0.794 1
  33.894  82.731  72.401  34.031  82.413  72.193  34.084  82.721  72.267
0.86  0.86  0.86 7
   0.575  -0.195   0.794   0.556  -0.382   0.738   0.614  -0.190   0.766 1
  34.200  82.410  72.032  34.266  82.719  72.098  34.084  82.721  72.267
0.86  0.86  0.86 7
   0.680  -0.387   0.623   0.720  -0.192   0.667   0.614  -0.190   0.766 1
  34.200  82.410  72.032  34.084  82.721  72.267  34.031  82.413  72.193
0.86  0.86  0.86 7
   0.680  -0.387   0.623   0.614  -0.190   0.766   0.556  -0.382   0.738 1
  28.577  83.132  72.056  28.767  83.000  72.068  28.551  83.092  72.370
0.86  0.86  0.86 7
  -0.619  -0.745  -0.249  -0.471  -0.852  -0.229  -0.621  -0.782  -0.053 1
  28.551  83.092  72.370  28.767  83.000  72.068  28.742  82.962  72.370
0.86  0.86  0.86 7
  -0.621  -0.782  -0.053  -0.471  -0.852  -0.229  -0.498  -0.867  -0.030 1
  28.767  83.000  72.068  29.033  82.887  72.032  29.020  82.834  72.370
0.86  0.86  0.86 7
  -0.471  -0.852  -0.229  -0.301  -0.923  -0.241  -0.351  -0.929  -0.114 1
  28.767  83.000  72.068  29.020  82.834  72.370  28.742  82.962  72.370
0.86  0.86  0.86 7
  -0.471  -0.852  -0.229  -0.351  -0.929  -0.114  -0.498  -0.867  -0.030 1
  29.033  82.887  72.032  29.349  82.816  72.014  29.339  82.760  72.354
0.86  0.86  0.86 7
  -0.301  -0.923  -0.241  -0.239  -0.930  -0.281  -0.230  -0.960  -0.160 1
  29.033  82.887  72.032  29.339  82.760  72.354  29.020  82.834  72.370
0.86  0.86  0.86 7
  -0.301  -0.923  -0.241  -0.230  -0.960  -0.160  -0.351  -0.929  -0.114 1
  29.349  82.816  72.014  29.542  82.756  72.041  29.339  82.760  72.354
0.86  0.86  0.86 7
  -0.239  -0.930  -0.281  -0.285  -0.935  -0.210  -0.230  -0.960  -0.160 1
  29.339  82.760  72.354  29.542  82.756  72.041  29.532  82.717  72.364
0.86  0.86  0.86 7
  -0.230  -0.960  -0.160  -0.285  -0.935  -0.210  -0.272  -0.948  -0.165 1
  33.894  82.731  72.401  34.084  82.721  72.267  33.911  83.073  72.426
0.86  0.86  0.86 7
   0.575  -0.195   0.794   0.614  -0.190   0.766   0.629  -0.033   0.777 1
  33.911  83.073  72.426  34.084  82.721  72.267  34.103  83.073  72.294
0.86  0.86  0.86 7
   0.629  -0.033   0.777   0.614  -0.190   0.766   0.637   0.007   0.771 1
  34.266  82.719  72.098  34.290  83.073  72.122  34.103  83.073  72.294
0.86  0.86  0.86 7
   0.720  -0.192   0.667   0.733   0.018   0.680   0.637   0.007   0.771 1
  34.266  82.719  72.098  34.103  83.073  72.294  34.084  82.721  72.267
0.86  0.86  0.86 7
   0.720  -0.192   0.667   0.637   0.007   0.771   0.614  -0.190   0.766 1
  28.275  83.453  72.060  28.416  83.284  72.054  28.235  83.428  72.370
0.86  0.86  0.86 7
  -0.811  -0.531  -0.246  -0.706  -0.662  -0.250  -0.824  -0.564  -0.053 1
  28.235  83.428  72.370  28.416  83.284  72.054  28.381  83.249  72.370
0.86  0.86  0.86 7
  -0.824  -0.564  -0.053  -0.706  -0.662  -0.250  -0.727  -0.685  -0.055 1
  28.416  83.284  72.054  28.577  83.132  72.056  28.381  83.249  72.370
0.86  0.86  0.86 7
  -0.706  -0.662  -0.250  -0.619  -0.745  -0.249  -0.727  -0.685  -0.055 1
  28.381  83.249  72.370  28.577  83.132  72.056  28.551  83.092  72.370
0.86  0.86  0.86 7
  -0.727  -0.685  -0.055  -0.619  -0.745  -0.249  -0.621  -0.782  -0.053 1
  33.911  83.073  72.426  34.103  83.073  72.294  33.905  83.418  72.404
0.86  0.86  0.86 7
   0.629  -0.033   0.777   0.637   0.007   0.771   0.692   0.098   0.715 1
  33.905  83.418  72.404  34.103  83.073  72.294  34.077  83.422  72.257
0.86  0.86  0.86 7
   0.692   0.098   0.715   0.637   0.007   0.771   0.670   0.148   0.728 1
  34.290  83.073  72.122  34.258  83.424  72.090  34.077  83.422  72.257
0.86  0.86  0.86 7
   0.733   0.018   0.680   0.737   0.199   0.646   0.670   0.148   0.728 1
  34.290  83.073  72.122  34.077  83.422  72.257  34.103  83.073  72.294
0.86  0.86  0.86 7
   0.733   0.018   0.680   0.670   0.148   0.728   0.637   0.007   0.771 1
  28.140  83.707  72.021  28.275  83.453  72.060  28.088  83.682  72.370
0.86  0.86  0.86 7
  -0.872  -0.416  -0.258  -0.811  -0.531  -0.246  -0.903  -0.427  -0.052 1
  28.088  83.682  72.370  28.275  83.453  72.060  28.235  83.428  72.370
0.86  0.86  0.86 7
  -0.903  -0.427  -0.052  -0.811  -0.531  -0.246  -0.824  -0.564  -0.053 1
  33.905  83.418  72.404  34.077  83.422  72.257  33.879  83.740  72.378
0.86  0.86  0.86 7
   0.692   0.098   0.715   0.670   0.148   0.728   0.767   0.106   0.633 1
  33.879  83.740  72.378  34.077  83.422  72.257  34.040  83.740  72.205
0.86  0.86  0.86 7
   0.767   0.106   0.633   0.670   0.148   0.728   0.710   0.304   0.635 1
  34.258  83.424  72.090  34.186  83.727  72.024  34.040  83.740  72.205
0.86  0.86  0.86 7
   0.737   0.199   0.646   0.745   0.374   0.552   0.710   0.304   0.635 1
  34.258  83.424  72.090  34.040  83.740  72.205  34.077  83.422  72.257
0.86  0.86  0.86 7
   0.737   0.199   0.646   0.710   0.304   0.635   0.670   0.148   0.728 1
  28.004  84.107  72.070  28.058  83.911  72.042  27.960  84.095  72.370
0.86  0.86  0.86 7
  -0.970  -0.122  -0.212  -0.929  -0.276  -0.246  -0.988  -0.144  -0.059 1
  27.960  84.095  72.370  28.058  83.911  72.042  28.008  83.896  72.370
0.86  0.86  0.86 7
  -0.988  -0.144  -0.059  -0.929  -0.276  -0.246  -0.953  -0.296  -0.058 1
  28.058  83.911  72.042  28.140  83.707  72.021  28.008  83.896  72.370
0.86  0.86  0.86 7
  -0.929  -0.276  -0.246  -0.872  -0.416  -0.258  -0.953  -0.296  -0.058 1
  28.008  83.896  72.370  28.140  83.707  72.021  28.088  83.682  72.370
0.86  0.86  0.86 7
  -0.953  -0.296  -0.058  -0.872  -0.416  -0.258  -0.903  -0.427  -0.052 1
  34.065  83.918  72.052  33.982  84.101  72.092  33.885  84.076  72.373
0.86  0.86  0.86 7
   0.805   0.317   0.501   0.893   0.291   0.344   0.911   0.017   0.411 1
  34.065  83.918  72.052  33.885  84.076  72.373  33.879  83.740  72.378
0.86  0.86  0.86 7
   0.805   0.317   0.501   0.911   0.017   0.411   0.767   0.106   0.633 1
  34.065  83.918  72.052  33.879  83.740  72.378  34.040  83.740  72.205
0.86  0.86  0.86 7
   0.805   0.317   0.501   0.767   0.106   0.633   0.710   0.304   0.635 1
  34.065  83.918  72.052  34.040  83.740  72.205  34.186  83.727  72.024
0.86  0.86  0.86 7
   0.805   0.317   0.501   0.710   0.304   0.635   0.745   0.374   0.552 1
  27.990  84.407  72.066  28.004  84.107  72.070  27.944  84.406  72.370
0.86  0.86  0.86 7
  -0.976   0.040  -0.213  -0.970  -0.122  -0.212  -0.997   0.041  -0.058 1
  27.944  84.406  72.370  28.004  84.107  72.070  27.960  84.095  72.370
0.86  0.86  0.86 7
  -0.997   0.041  -0.058  -0.970  -0.122  -0.212  -0.988  -0.144  -0.059 1
  33.982  84.101  72.092  33.916  84.417  72.047  33.846  84.406  72.364
0.86  0.86  0.86 7
   0.893   0.291   0.344   0.956   0.225   0.188   0.982   0.053   0.184 1
  33.982  84.101  72.092  33.846  84.406  72.364  33.885  84.076  72.373
0.86  0.86  0.86 7
   0.893   0.291   0.344   0.982   0.053   0.184   0.911   0.017   0.411 1
  28.014  84.576  72.031  27.990  84.407  72.066  28.011  84.746  72.200
0.86  0.86  0.86 7
  -0.941   0.154  -0.300  -0.976   0.040  -0.213  -0.962   0.223  -0.157 1
  28.011  84.746  72.200  27.990  84.407  72.066  27.985  84.711  72.370
0.86  0.86  0.86 7
  -0.962   0.223  -0.157  -0.976   0.040  -0.213  -0.977   0.210  -0.045 1
  27.985  84.711  72.370  27.990  84.407  72.066  27.944  84.406  72.370
0.86  0.86  0.86 7
  -0.977   0.210  -0.045  -0.976   0.040  -0.213  -0.997   0.041  -0.058 1
  28.011  84.746  72.200  28.066  84.774  72.002  28.014  84.576  72.031
0.86  0.86  0.86 7
  -0.962   0.223  -0.157  -0.913   0.295  -0.282  -0.941   0.154  -0.300 1
  33.916  84.417  72.047  33.857  84.736  72.037  33.842  84.740  72.370
0.86  0.86  0.86 7
   0.956   0.225   0.188   0.977   0.208  -0.050   1.000  -0.003   0.031 1
  33.916  84.417  72.047  33.842  84.740  72.370  33.846  84.406  72.364
0.86  0.86  0.86 7
   0.956   0.225   0.188   1.000  -0.003   0.031   0.982   0.053   0.184 1
  27.985  84.711  72.370  28.042  84.904  72.370  28.011  84.746  72.200
0.86  0.86  0.86 7
  -0.977   0.210  -0.045  -0.927   0.370  -0.059  -0.962   0.223  -0.157 1
  28.184  85.083  72.031  28.066  84.774  72.002  28.135  85.108  72.370
0.86  0.86  0.86 7
  -0.853   0.461  -0.244  -0.913   0.295  -0.282  -0.881   0.468  -0.065 1
  28.135  85.108  72.370  28.066  84.774  72.002  28.042  84.904  72.370
0.86  0.86  0.86 7
  -0.881   0.468  -0.065  -0.913   0.295  -0.282  -0.927   0.370  -0.059 1
  28.042  84.904  72.370  28.066  84.774  72.002  28.011  84.746  72.200
0.86  0.86  0.86 7
  -0.927   0.370  -0.059  -0.913   0.295  -0.282  -0.962   0.223  -0.157 1
  33.857  84.736  72.037  33.801  85.053  72.067  33.858  85.073  72.373
0.86  0.86  0.86 7
   0.977   0.208  -0.050   0.945   0.180  -0.273   0.994   0.034  -0.106 1
  33.857  84.736  72.037  33.858  85.073  72.373  33.842  84.740  72.370
0.86  0.86  0.86 7
   0.977   0.208  -0.050   0.994   0.034  -0.106   1.000  -0.003   0.031 1
  28.315  85.280  72.020  28.184  85.083  72.031  28.369  85.408  72.203
0.86  0.86  0.86 7
  -0.767   0.572  -0.290  -0.853   0.461  -0.244  -0.752   0.639  -0.163 1
  28.369  85.408  72.203  28.184  85.083  72.031  28.291  85.348  72.370
0.86  0.86  0.86 7
  -0.752   0.639  -0.163  -0.853   0.461  -0.244  -0.785   0.617  -0.062 1
  28.291  85.348  72.370  28.184  85.083  72.031  28.135  85.108  72.370
0.86  0.86  0.86 7
  -0.785   0.617  -0.062  -0.853   0.461  -0.244  -0.881   0.468  -0.065 1
  28.369  85.408  72.203  28.480  85.464  72.017  28.315  85.280  72.020
0.86  0.86  0.86 7
  -0.752   0.639  -0.163  -0.659   0.705  -0.262  -0.767   0.572  -0.290 1
  33.801  85.053  72.067  33.761  85.375  72.084  33.845  85.400  72.377
0.86  0.86  0.86 7
   0.945   0.180  -0.273   0.915   0.177  -0.362   0.974   0.086  -0.211 1
  33.801  85.053  72.067  33.845  85.400  72.377  33.858  85.073  72.373
0.86  0.86  0.86 7
   0.945   0.180  -0.273   0.974   0.086  -0.211   0.994   0.034  -0.106 1
  28.291  85.348  72.370  28.439  85.506  72.370  28.369  85.408  72.203
0.86  0.86  0.86 7
  -0.785   0.617  -0.062  -0.643   0.765  -0.025  -0.752   0.639  -0.163 1
  28.671  85.620  72.023  28.480  85.464  72.017  28.638  85.667  72.370
0.86  0.86  0.86 7
  -0.546   0.795  -0.264  -0.659   0.705  -0.262  -0.592   0.806   0.000 1
  28.439  85.506  72.370  28.638  85.667  72.370  28.480  85.464  72.017
0.86  0.86  0.86 7
  -0.643   0.765  -0.025  -0.592   0.806   0.000  -0.659   0.705  -0.262 1
  28.439  85.506  72.370  28.480  85.464  72.017  28.369  85.408  72.203
0.86  0.86  0.86 7
  -0.643   0.765  -0.025  -0.659   0.705  -0.262  -0.752   0.639  -0.163 1
  28.871  85.740  72.037  28.671  85.620  72.023  28.847  85.788  72.370
0.86  0.86  0.86 7
  -0.422   0.871  -0.253  -0.546   0.795  -0.264  -0.458   0.888  -0.051 1
  28.847  85.788  72.370  28.671  85.620  72.023  28.638  85.667  72.370
0.86  0.86  0.86 7
  -0.458   0.888  -0.051  -0.546   0.795  -0.264  -0.592   0.806   0.000 1
  33.601  85.773  72.008  33.706  85.740  72.203  33.700  85.571  72.040
0.86  0.86  0.86 7
   0.821   0.319  -0.474   0.867   0.262  -0.423   0.854   0.272  -0.444 1
  33.761  85.375  72.084  33.700  85.571  72.040  33.706  85.740  72.203
0.86  0.86  0.86 7
   0.915   0.177  -0.362   0.854   0.272  -0.444   0.867   0.262  -0.423 1
  33.761  85.375  72.084  33.706  85.740  72.203  33.799  85.719  72.401
0.86  0.86  0.86 7
   0.915   0.177  -0.362   0.867   0.262  -0.423   0.925   0.127  -0.359 1
  33.761  85.375  72.084  33.799  85.719  72.401  33.845  85.400  72.377
0.86  0.86  0.86 7
   0.915   0.177  -0.362   0.925   0.127  -0.359   0.974   0.086  -0.211 1
  29.059  85.823  72.057  28.871  85.740  72.037  29.047  85.870  72.370
0.86  0.86  0.86 7
  -0.265   0.933  -0.242  -0.422   0.871  -0.253  -0.323   0.942  -0.094 1
  29.047  85.870  72.370  28.871  85.740  72.037  28.847  85.788  72.370
0.86  0.86  0.86 7
  -0.323   0.942  -0.094  -0.422   0.871  -0.253  -0.458   0.888  -0.051 1
  29.371  85.889  72.041  29.059  85.823  72.057  29.362  85.943  72.370
0.86  0.86  0.86 7
  -0.132   0.951  -0.279  -0.265   0.933  -0.242  -0.216   0.961  -0.172 1
  29.362  85.943  72.370  29.059  85.823  72.057  29.047  85.870  72.370
0.86  0.86  0.86 7
  -0.216   0.961  -0.172  -0.265   0.933  -0.242  -0.323   0.942  -0.094 1
  29.705  85.889  72.041  29.371  85.889  72.041  29.685  85.988  72.350
0.86  0.86  0.86 7
   0.071   0.937  -0.341  -0.132   0.951  -0.279  -0.044   0.945  -0.325 1
  29.685  85.988  72.350  29.371  85.889  72.041  29.362  85.943  72.370
0.86  0.86  0.86 7
  -0.044   0.945  -0.325  -0.132   0.951  -0.279  -0.216   0.961  -0.172 1
  30.026  85.856  72.058  29.705  85.889  72.041  30.038  85.963  72.341
0.86  0.86  0.86 7
   0.129   0.896  -0.424   0.071   0.937  -0.341   0.010   0.896  -0.443 1
  30.038  85.963  72.341  29.705  85.889  72.041  29.685  85.988  72.350
0.86  0.86  0.86 7
   0.010   0.896  -0.443   0.071   0.937  -0.341  -0.044   0.945  -0.325 1
  30.369  85.820  72.093  30.026  85.856  72.058  30.370  85.968  72.326
0.86  0.86  0.86 7
   0.013   0.861  -0.508   0.129   0.896  -0.424  -0.052   0.847  -0.529 1
  30.370  85.968  72.326  30.026  85.856  72.058  30.038  85.963  72.341
0.86  0.86  0.86 7
  -0.052   0.847  -0.529   0.129   0.896  -0.424   0.010   0.896  -0.443 1
  30.720  85.851  72.073  30.369  85.820  72.093  30.675  86.002  72.302
0.86  0.86  0.86 7
  -0.246   0.823  -0.512   0.013   0.861  -0.508  -0.192   0.811  -0.552 1
  30.675  86.002  72.302  30.369  85.820  72.093  30.370  85.968  72.326
0.86  0.86  0.86 7
  -0.192   0.811  -0.552   0.013   0.861  -0.508  -0.052   0.847  -0.529 1
  31.018  85.940  72.015  30.720  85.851  72.073  31.029  86.086  72.191
0.86  0.86  0.86 7
  -0.438   0.766  -0.471  -0.246   0.823  -0.512  -0.415   0.739  -0.531 1
  31.029  86.086  72.191  30.720  85.851  72.073  30.858  86.105  72.352
0.86  0.86  0.86 7
  -0.415   0.739  -0.531  -0.246   0.823  -0.512  -0.355   0.744  -0.566 1
  30.858  86.105  72.352  30.720  85.851  72.073  30.675  86.002  72.302
0.86  0.86  0.86 7
  -0.355   0.744  -0.566  -0.246   0.823  -0.512  -0.192   0.811  -0.552 1
  31.029  86.086  72.191  31.198  86.081  72.031  31.018  85.940  72.015
0.86  0.86  0.86 7
  -0.415   0.739  -0.531  -0.553   0.709  -0.438  -0.438   0.766  -0.471 1
  33.601  85.773  72.008  33.503  86.061  72.060  33.627  86.049  72.257
0.86  0.86  0.86 7
   0.821   0.319  -0.474   0.741   0.321  -0.590   0.801   0.255  -0.542 1
  33.601  85.773  72.008  33.627  86.049  72.257  33.706  85.740  72.203
0.86  0.86  0.86 7
   0.821   0.319  -0.474   0.801   0.255  -0.542   0.867   0.262  -0.423 1
  33.706  85.740  72.203  33.627  86.049  72.257  33.758  86.073  72.419
0.86  0.86  0.86 7
   0.867   0.262  -0.423   0.801   0.255  -0.542   0.793   0.131  -0.595 1
  33.706  85.740  72.203  33.758  86.073  72.419  33.799  85.719  72.401
0.86  0.86  0.86 7
   0.867   0.262  -0.423   0.793   0.131  -0.595   0.925   0.127  -0.359 1
  30.858  86.105  72.352  31.048  86.225  72.380  31.029  86.086  72.191
0.86  0.86  0.86 7
  -0.355   0.744  -0.566  -0.416   0.740  -0.528  -0.415   0.739  -0.531 1
  31.359  86.249  72.028  31.198  86.081  72.031  31.341  86.358  72.310
0.86  0.86  0.86 7
  -0.458   0.783  -0.421  -0.553   0.709  -0.438  -0.447   0.785  -0.429 1
  31.048  86.225  72.380  31.341  86.358  72.310  31.198  86.081  72.031
0.86  0.86  0.86 7
  -0.416   0.740  -0.528  -0.447   0.785  -0.429  -0.553   0.709  -0.438 1
  31.048  86.225  72.380  31.198  86.081  72.031  31.029  86.086  72.191
0.86  0.86  0.86 7
  -0.416   0.740  -0.528  -0.553   0.709  -0.438  -0.415   0.739  -0.531 1
  31.683  86.332  71.993  31.359  86.249  72.028  31.684  86.442  72.188
0.86  0.86  0.86 7
  -0.320   0.856  -0.406  -0.458   0.783  -0.421  -0.319   0.836  -0.445 1
  31.684  86.442  72.188  31.359  86.249  72.028  31.523  86.442  72.349
0.86  0.86  0.86 7
  -0.319   0.836  -0.445  -0.458   0.783  -0.421  -0.361   0.781  -0.510 1
  31.523  86.442  72.349  31.359  86.249  72.028  31.341  86.358  72.310
0.86  0.86  0.86 7
  -0.361   0.781  -0.510  -0.458   0.783  -0.421  -0.447   0.785  -0.429 1
  31.684  86.442  72.188  31.869  86.412  72.033  31.683  86.332  71.993
0.86  0.86  0.86 7
  -0.319   0.836  -0.445  -0.359   0.806  -0.471  -0.320   0.856  -0.406 1
  33.218  86.424  72.006  33.416  86.421  72.158  33.375  86.242  72.033
0.86  0.86  0.86 7
   0.489   0.421  -0.764   0.592   0.274  -0.758   0.637   0.399  -0.660 1
  33.503  86.061  72.060  33.375  86.242  72.033  33.416  86.421  72.158
0.86  0.86  0.86 7
   0.741   0.321  -0.590   0.637   0.399  -0.660   0.592   0.274  -0.758 1
  33.503  86.061  72.060  33.416  86.421  72.158  33.586  86.425  72.302
0.86  0.86  0.86 7
   0.741   0.321  -0.590   0.592   0.274  -0.758   0.678   0.126  -0.724 1
  33.503  86.061  72.060  33.586  86.425  72.302  33.684  86.237  72.387
0.86  0.86  0.86 7
   0.741   0.321  -0.590   0.678   0.126  -0.724   0.758   0.140  -0.638 1
  33.503  86.061  72.060  33.684  86.237  72.387  33.627  86.049  72.257
0.86  0.86  0.86 7
   0.741   0.321  -0.590   0.758   0.140  -0.638   0.801   0.255  -0.542 1
  33.684  86.237  72.387  33.758  86.073  72.419  33.627  86.049  72.257
0.86  0.86  0.86 7
   0.758   0.140  -0.638   0.793   0.131  -0.595   0.801   0.255  -0.542 1
  31.523  86.442  72.349  31.712  86.563  72.377  31.684  86.442  72.188
0.86  0.86  0.86 7
  -0.361   0.781  -0.510  -0.429   0.736  -0.525  -0.319   0.836  -0.445 1
  32.064  86.532  72.063  31.869  86.412  72.033  32.077  86.690  72.251
0.86  0.86  0.86 7
  -0.324   0.757  -0.568  -0.359   0.806  -0.471  -0.408   0.612  -0.678 1
  32.077  86.690  72.251  31.869  86.412  72.033  31.885  86.716  72.398
0.86  0.86  0.86 7
  -0.408   0.612  -0.678  -0.359   0.806  -0.471  -0.502   0.582  -0.640 1
  31.885  86.716  72.398  31.869  86.412  72.033  31.712  86.563  72.377
0.86  0.86  0.86 7
  -0.502   0.582  -0.640  -0.359   0.806  -0.471  -0.429   0.736  -0.525 1
  31.712  86.563  72.377  31.869  86.412  72.033  31.684  86.442  72.188
0.86  0.86  0.86 7
  -0.429   0.736  -0.525  -0.359   0.806  -0.471  -0.319   0.836  -0.445 1
  32.366  86.591  72.019  32.064  86.532  72.063  32.362  86.764  72.170
0.86  0.86  0.86 7
  -0.191   0.705  -0.683  -0.324   0.757  -0.568  -0.301   0.563  -0.770 1
  32.362  86.764  72.170  32.064  86.532  72.063  32.077  86.690  72.251
0.86  0.86  0.86 7
  -0.301   0.563  -0.770  -0.324   0.757  -0.568  -0.408   0.612  -0.678 1
  32.724  86.621  71.970  32.366  86.591  72.019  32.735  86.801  72.082
0.86  0.86  0.86 7
   0.007   0.606  -0.795  -0.191   0.705  -0.683  -0.064   0.478  -0.876 1
  32.735  86.801  72.082  32.366  86.591  72.019  32.362  86.764  72.170
0.86  0.86  0.86 7
  -0.064   0.478  -0.876  -0.191   0.705  -0.683  -0.301   0.563  -0.770 1
  33.055  86.586  72.006  32.724  86.621  71.970  33.038  86.786  72.112
0.86  0.86  0.86 7
   0.291   0.503  -0.814   0.007   0.606  -0.795   0.230   0.390  -0.892 1
  33.038  86.786  72.112  32.724  86.621  71.970  32.735  86.801  72.082
0.86  0.86  0.86 7
   0.230   0.390  -0.892   0.007   0.606  -0.795  -0.064   0.478  -0.876 1
  33.218  86.424  72.006  33.055  86.586  72.006  33.038  86.786  72.112
0.86  0.86  0.86 7
   0.489   0.421  -0.764   0.291   0.503  -0.814   0.230   0.390  -0.892 1
  33.218  86.424  72.006  33.038  86.786  72.112  33.366  86.737  72.214
0.86  0.86  0.86 7
   0.489   0.421  -0.764   0.230   0.390  -0.892   0.439   0.199  -0.876 1
  33.218  86.424  72.006  33.366  86.737  72.214  33.416  86.421  72.158
0.86  0.86  0.86 7
   0.489   0.421  -0.764   0.439   0.199  -0.876   0.592   0.274  -0.758 1
  33.416  86.421  72.158  33.366  86.737  72.214  33.566  86.740  72.331
0.86  0.86  0.86 7
   0.592   0.274  -0.758   0.439   0.199  -0.876   0.511   0.077  -0.856 1
  33.416  86.421  72.158  33.566  86.740  72.331  33.586  86.425  72.302
0.86  0.86  0.86 7
   0.592   0.274  -0.758   0.511   0.077  -0.856   0.678   0.126  -0.724 1
  31.885  86.716  72.398  32.068  86.876  72.414  32.077  86.690  72.251
0.86  0.86  0.86 7
  -0.502   0.582  -0.640  -0.484   0.495  -0.722  -0.408   0.612  -0.678 1
  32.077  86.690  72.251  32.068  86.876  72.414  32.230  87.058  72.400
0.86  0.86  0.86 7
  -0.408   0.612  -0.678  -0.484   0.495  -0.722  -0.485   0.351  -0.801 1
  32.077  86.690  72.251  32.230  87.058  72.400  32.402  87.026  72.310
0.86  0.86  0.86 7
  -0.408   0.612  -0.678  -0.485   0.351  -0.801  -0.355   0.369  -0.859 1
  32.077  86.690  72.251  32.402  87.026  72.310  32.362  86.764  72.170
0.86  0.86  0.86 7
  -0.408   0.612  -0.678  -0.355   0.369  -0.859  -0.301   0.563  -0.770 1
  32.362  86.764  72.170  32.402  87.026  72.310  32.704  87.073  72.202
0.86  0.86  0.86 7
  -0.301   0.563  -0.770  -0.355   0.369  -0.859  -0.166   0.363  -0.917 1
  32.362  86.764  72.170  32.704  87.073  72.202  32.735  86.801  72.082
0.86  0.86  0.86 7
  -0.301   0.563  -0.770  -0.166   0.363  -0.917  -0.064   0.478  -0.876 1
  32.735  86.801  72.082  32.704  87.073  72.202  33.038  87.069  72.218
0.86  0.86  0.86 7
  -0.064   0.478  -0.876  -0.166   0.363  -0.917   0.091   0.276  -0.957 1
  32.735  86.801  72.082  33.038  87.069  72.218  33.038  86.786  72.112
0.86  0.86  0.86 7
  -0.064   0.478  -0.876   0.091   0.276  -0.957   0.230   0.390  -0.892 1
  33.038  86.786  72.112  33.038  87.069  72.218  33.358  87.059  72.258
0.86  0.86  0.86 7
   0.230   0.390  -0.892   0.091   0.276  -0.957   0.263   0.169  -0.950 1
  33.038  86.786  72.112  33.358  87.059  72.258  33.366  86.737  72.214
0.86  0.86  0.86 7
   0.230   0.390  -0.892   0.263   0.169  -0.950   0.439   0.199  -0.876 1
  33.366  86.737  72.214  33.358  87.059  72.258  33.549  87.073  72.337
0.86  0.86  0.86 7
   0.439   0.199  -0.876   0.263   0.169  -0.950   0.401   0.077  -0.913 1
  33.366  86.737  72.214  33.549  87.073  72.337  33.566  86.740  72.331
0.86  0.86  0.86 7
   0.439   0.199  -0.876   0.401   0.077  -0.913   0.511   0.077  -0.856 1
  32.230  87.058  72.400  32.376  87.235  72.388  32.402  87.026  72.310
0.86  0.86  0.86 7
  -0.485   0.351  -0.801  -0.384   0.262  -0.885  -0.355   0.369  -0.859 1
  32.402  87.026  72.310  32.376  87.235  72.388  32.538  87.406  72.370
0.86  0.86  0.86 7
  -0.355   0.369  -0.859  -0.384   0.262  -0.885  -0.327   0.283  -0.902 1
  32.402  87.026  72.310  32.538  87.406  72.370  32.732  87.379  72.312
0.86  0.86  0.86 7
  -0.355   0.369  -0.859  -0.327   0.283  -0.902  -0.197   0.278  -0.940 1
  32.402  87.026  72.310  32.732  87.379  72.312  32.704  87.073  72.202
0.86  0.86  0.86 7
  -0.355   0.369  -0.859  -0.197   0.278  -0.940  -0.166   0.363  -0.917 1
  32.704  87.073  72.202  32.732  87.379  72.312  33.038  87.387  72.281
0.86  0.86  0.86 7
  -0.166   0.363  -0.917  -0.197   0.278  -0.940   0.018   0.249  -0.968 1
  32.704  87.073  72.202  33.038  87.387  72.281  33.038  87.069  72.218
0.86  0.86  0.86 7
  -0.166   0.363  -0.917   0.018   0.249  -0.968   0.091   0.276  -0.957 1
  33.038  87.069  72.218  33.038  87.387  72.281  33.345  87.380  72.306
0.86  0.86  0.86 7
   0.091   0.276  -0.957   0.018   0.249  -0.968   0.157   0.199  -0.967 1
  33.038  87.069  72.218  33.345  87.380  72.306  33.358  87.059  72.258
0.86  0.86  0.86 7
   0.091   0.276  -0.957   0.157   0.199  -0.967   0.263   0.169  -0.950 1
  33.358  87.059  72.258  33.345  87.380  72.306  33.540  87.408  72.362
0.86  0.86  0.86 7
   0.263   0.169  -0.950   0.157   0.199  -0.967   0.327   0.218  -0.919 1
  33.358  87.059  72.258  33.540  87.408  72.362  33.549  87.073  72.337
0.86  0.86  0.86 7
   0.263   0.169  -0.950   0.327   0.218  -0.919   0.401   0.077  -0.913 1
  32.538  87.406  72.370  32.704  87.574  72.367  32.732  87.379  72.312
0.86  0.86  0.86 7
  -0.327   0.283  -0.902  -0.191   0.318  -0.929  -0.197   0.278  -0.940 1
  32.732  87.379  72.312  32.704  87.574  72.367  33.038  87.586  72.332
0.86  0.86  0.86 7
  -0.197   0.278  -0.940  -0.191   0.318  -0.929  -0.006   0.315  -0.949 1
  32.732  87.379  72.312  33.038  87.586  72.332  33.038  87.387  72.281
0.86  0.86  0.86 7
  -0.197   0.278  -0.940  -0.006   0.315  -0.949   0.018   0.249  -0.968 1
  33.038  87.387  72.281  33.038  87.586  72.332  33.374  87.575  72.361
0.86  0.86  0.86 7
   0.018   0.249  -0.968  -0.006   0.315  -0.949   0.172   0.296  -0.940 1
  33.038  87.387  72.281  33.374  87.575  72.361  33.345  87.380  72.306
0.86  0.86  0.86 7
   0.018   0.249  -0.968   0.172   0.296  -0.940   0.157   0.199  -0.967 1
  33.374  87.575  72.361  33.540  87.408  72.362  33.345  87.380  72.306
0.86  0.86  0.86 7
   0.172   0.296  -0.940   0.327   0.218  -0.919   0.157   0.199  -0.967 1
  31.705  81.778  72.509  31.535  81.717  72.383  31.705  81.652  72.318
0.86  0.86  0.86 7
  -0.046  -0.806   0.590  -0.197  -0.822   0.534  -0.067  -0.875   0.479 1
  31.705  81.652  72.318  32.037  81.657  72.314  32.025  81.783  72.506
0.86  0.86  0.86 7
  -0.067  -0.875   0.479   0.098  -0.882   0.460   0.090  -0.813   0.576 1
  31.705  81.652  72.318  32.025  81.783  72.506  31.705  81.778  72.509
0.86  0.86  0.86 7
  -0.067  -0.875   0.479   0.090  -0.813   0.576  -0.046  -0.806   0.590 1
  32.206  81.732  72.374  32.025  81.783  72.506  32.037  81.657  72.314
0.86  0.86  0.86 7
   0.240  -0.821   0.519   0.090  -0.813   0.576   0.098  -0.882   0.460 1
  30.706  82.079  72.535  30.572  82.122  72.371  30.751  82.015  72.339
0.86  0.86  0.86 7
  -0.342  -0.919   0.198  -0.483  -0.868   0.115  -0.409  -0.871   0.272 1
  30.751  82.015  72.339  31.036  81.901  72.373  31.036  82.012  72.639
0.86  0.86  0.86 7
  -0.409  -0.871   0.272  -0.342  -0.833   0.435  -0.206  -0.895   0.395 1
  30.751  82.015  72.339  31.036  82.012  72.639  30.874  82.084  72.701
0.86  0.86  0.86 7
  -0.409  -0.871   0.272  -0.206  -0.895   0.395  -0.160  -0.951   0.264 1
  30.751  82.015  72.339  30.874  82.084  72.701  30.706  82.079  72.535
0.86  0.86  0.86 7
  -0.409  -0.871   0.272  -0.160  -0.951   0.264  -0.342  -0.919   0.198 1
  31.036  81.901  72.373  31.349  81.827  72.443  31.392  81.978  72.660
0.86  0.86  0.86 7
  -0.342  -0.833   0.435  -0.304  -0.781   0.546  -0.196  -0.835   0.514 1
  31.036  81.901  72.373  31.392  81.978  72.660  31.036  82.012  72.639
0.86  0.86  0.86 7
  -0.342  -0.833   0.435  -0.196  -0.835   0.514  -0.206  -0.895   0.395 1
  31.349  81.827  72.443  31.535  81.717  72.383  31.392  81.978  72.660
0.86  0.86  0.86 7
  -0.304  -0.781   0.546  -0.197  -0.822   0.534  -0.196  -0.835   0.514 1
  31.705  81.922  72.692  31.392  81.978  72.660  31.535  81.717  72.383
0.86  0.86  0.86 7
  -0.087  -0.820   0.566  -0.196  -0.835   0.514  -0.197  -0.822   0.534 1
  31.705  81.922  72.692  31.535  81.717  72.383  31.705  81.778  72.509
0.86  0.86  0.86 7
  -0.087  -0.820   0.566  -0.197  -0.822   0.534  -0.046  -0.806   0.590 1
  31.705  81.922  72.692  31.705  81.778  72.509  32.032  81.927  72.689
0.86  0.86  0.86 7
  -0.087  -0.820   0.566  -0.046  -0.806   0.590   0.134  -0.814   0.565 1
  32.032  81.927  72.689  31.705  81.778  72.509  32.025  81.783  72.506
0.86  0.86  0.86 7
   0.134  -0.814   0.565  -0.046  -0.806   0.590   0.090  -0.813   0.576 1
  32.206  81.732  72.374  32.404  81.831  72.413  32.344  81.987  72.649
0.86  0.86  0.86 7
   0.240  -0.821   0.519   0.360  -0.763   0.537   0.309  -0.788   0.533 1
  32.206  81.732  72.374  32.344  81.987  72.649  32.032  81.927  72.689
0.86  0.86  0.86 7
   0.240  -0.821   0.519   0.309  -0.788   0.533   0.134  -0.814   0.565 1
  32.206  81.732  72.374  32.032  81.927  72.689  32.025  81.783  72.506
0.86  0.86  0.86 7
   0.240  -0.821   0.519   0.134  -0.814   0.565   0.090  -0.813   0.576 1
  32.404  81.831  72.413  32.696  81.930  72.354  32.697  82.088  72.524
0.86  0.86  0.86 7
   0.360  -0.763   0.537   0.357  -0.754   0.551   0.376  -0.716   0.588 1
  32.404  81.831  72.413  32.697  82.088  72.524  32.518  82.103  72.684
0.86  0.86  0.86 7
   0.360  -0.763   0.537   0.376  -0.716   0.588   0.433  -0.776   0.459 1
  32.404  81.831  72.413  32.518  82.103  72.684  32.344  81.987  72.649
0.86  0.86  0.86 7
   0.360  -0.763   0.537   0.433  -0.776   0.459   0.309  -0.788   0.533 1
  32.880  82.058  72.388  32.697  82.088  72.524  32.696  81.930  72.354
0.86  0.86  0.86 7
   0.332  -0.718   0.611   0.376  -0.716   0.588   0.357  -0.754   0.551 1
  30.068  82.309  72.723  29.880  82.419  72.712  30.039  82.409  72.538
0.86  0.86  0.86 7
  -0.375  -0.883  -0.281  -0.454  -0.804  -0.384  -0.501  -0.795  -0.342 1
  30.187  82.381  72.363  30.371  82.239  72.370  30.039  82.409  72.538
0.86  0.86  0.86 7
  -0.575  -0.792  -0.203  -0.548  -0.826  -0.132  -0.501  -0.795  -0.342 1
  30.039  82.409  72.538  30.371  82.239  72.370  30.068  82.309  72.723
0.86  0.86  0.86 7
  -0.501  -0.795  -0.342  -0.548  -0.826  -0.132  -0.375  -0.883  -0.281 1
  30.068  82.309  72.723  30.371  82.239  72.370  30.366  82.217  72.703
0.86  0.86  0.86 7
  -0.375  -0.883  -0.281  -0.548  -0.826  -0.132  -0.291  -0.957  -0.026 1
  30.371  82.239  72.370  30.572  82.122  72.371  30.366  82.217  72.703
0.86  0.86  0.86 7
  -0.548  -0.826  -0.132  -0.483  -0.868   0.115  -0.291  -0.957  -0.026 1
  30.692  82.122  72.729  30.366  82.217  72.703  30.572  82.122  72.371
0.86  0.86  0.86 7
  -0.281  -0.949   0.141  -0.291  -0.957  -0.026  -0.483  -0.868   0.115 1
  30.692  82.122  72.729  30.572  82.122  72.371  30.706  82.079  72.535
0.86  0.86  0.86 7
  -0.281  -0.949   0.141  -0.483  -0.868   0.115  -0.342  -0.919   0.198 1
  30.874  82.084  72.701  30.692  82.122  72.729  30.706  82.079  72.535
0.86  0.86  0.86 7
  -0.160  -0.951   0.264  -0.281  -0.949   0.141  -0.342  -0.919   0.198 1
  32.709  82.232  72.708  32.518  82.103  72.684  32.697  82.088  72.524
0.86  0.86  0.86 7
   0.414  -0.777   0.475   0.433  -0.776   0.459   0.376  -0.716   0.588 1
  32.880  82.058  72.388  33.058  82.181  72.427  33.005  82.335  72.641
0.86  0.86  0.86 7
   0.332  -0.718   0.611   0.256  -0.682   0.685   0.360  -0.748   0.557 1
  32.880  82.058  72.388  33.005  82.335  72.641  32.709  82.232  72.708
0.86  0.86  0.86 7
   0.332  -0.718   0.611   0.360  -0.748   0.557   0.414  -0.777   0.475 1
  32.880  82.058  72.388  32.709  82.232  72.708  32.697  82.088  72.524
0.86  0.86  0.86 7
   0.332  -0.718   0.611   0.414  -0.777   0.475   0.376  -0.716   0.588 1
  33.058  82.181  72.427  33.379  82.219  72.401  33.373  82.405  72.539
0.86  0.86  0.86 7
   0.256  -0.682   0.685   0.227  -0.589   0.775   0.391  -0.556   0.733 1
  33.058  82.181  72.427  33.373  82.405  72.539  33.188  82.440  72.675
0.86  0.86  0.86 7
   0.256  -0.682   0.685   0.391  -0.556   0.733   0.428  -0.693   0.580 1
  33.058  82.181  72.427  33.188  82.440  72.675  33.005  82.335  72.641
0.86  0.86  0.86 7
   0.256  -0.682   0.685   0.428  -0.693   0.580   0.360  -0.748   0.557 1
  33.379  82.219  72.401  33.683  82.276  72.327  33.672  82.472  72.438
0.86  0.86  0.86 7
   0.227  -0.589   0.775   0.368  -0.514   0.775   0.379  -0.435   0.817 1
  33.379  82.219  72.401  33.672  82.472  72.438  33.373  82.405  72.539
0.86  0.86  0.86 7
   0.227  -0.589   0.775   0.379  -0.435   0.817   0.391  -0.556   0.733 1
  33.844  82.434  72.329  33.672  82.472  72.438  33.683  82.276  72.327
0.86  0.86  0.86 7
   0.488  -0.394   0.779   0.379  -0.435   0.817   0.368  -0.514   0.775 1
  29.392  82.647  72.735  29.201  82.731  72.701  29.367  82.722  72.532
0.86  0.86  0.86 7
  -0.414  -0.853  -0.318  -0.443  -0.889  -0.117  -0.271  -0.935  -0.230 1
  29.532  82.717  72.364  29.734  82.643  72.390  29.367  82.722  72.532
0.86  0.86  0.86 7
  -0.272  -0.948  -0.165  -0.399  -0.873  -0.279  -0.271  -0.935  -0.230 1
  29.367  82.722  72.532  29.734  82.643  72.390  29.392  82.647  72.735
0.86  0.86  0.86 7
  -0.271  -0.935  -0.230  -0.399  -0.873  -0.279  -0.414  -0.853  -0.318 1
  29.392  82.647  72.735  29.734  82.643  72.390  29.687  82.542  72.690
0.86  0.86  0.86 7
  -0.414  -0.853  -0.318  -0.399  -0.873  -0.279  -0.413  -0.820  -0.396 1
  29.734  82.643  72.390  29.993  82.509  72.352  30.039  82.409  72.538
0.86  0.86  0.86 7
  -0.399  -0.873  -0.279  -0.505  -0.841  -0.196  -0.501  -0.795  -0.342 1
  29.734  82.643  72.390  30.039  82.409  72.538  29.880  82.419  72.712
0.86  0.86  0.86 7
  -0.399  -0.873  -0.279  -0.501  -0.795  -0.342  -0.454  -0.804  -0.384 1
  29.734  82.643  72.390  29.880  82.419  72.712  29.687  82.542  72.690
0.86  0.86  0.86 7
  -0.399  -0.873  -0.279  -0.454  -0.804  -0.384  -0.413  -0.820  -0.396 1
  30.039  82.409  72.538  29.993  82.509  72.352  30.187  82.381  72.363
0.86  0.86  0.86 7
  -0.501  -0.795  -0.342  -0.505  -0.841  -0.196  -0.575  -0.792  -0.203 1
  33.363  82.584  72.692  33.188  82.440  72.675  33.373  82.405  72.539
0.86  0.86  0.86 7
   0.505  -0.554   0.662   0.428  -0.693   0.580   0.391  -0.556   0.733 1
  33.363  82.584  72.692  33.373  82.405  72.539  33.520  82.751  72.681
0.86  0.86  0.86 7
   0.505  -0.554   0.662   0.391  -0.556   0.733   0.634  -0.426   0.645 1
  33.520  82.751  72.681  33.373  82.405  72.539  33.706  82.739  72.538
0.86  0.86  0.86 7
   0.634  -0.426   0.645   0.391  -0.556   0.733   0.549  -0.300   0.780 1
  33.706  82.739  72.538  33.373  82.405  72.539  33.672  82.472  72.438
0.86  0.86  0.86 7
   0.549  -0.300   0.780   0.391  -0.556   0.733   0.379  -0.435   0.817 1
  33.844  82.434  72.329  33.894  82.731  72.401  33.706  82.739  72.538
0.86  0.86  0.86 7
   0.488  -0.394   0.779   0.575  -0.195   0.794   0.549  -0.300   0.780 1
  33.844  82.434  72.329  33.706  82.739  72.538  33.672  82.472  72.438
0.86  0.86  0.86 7
   0.488  -0.394   0.779   0.549  -0.300   0.780   0.379  -0.435   0.817 1
  28.551  83.092  72.370  28.742  82.962  72.370  28.560  83.104  72.694
0.86  0.86  0.86 7
  -0.621  -0.782  -0.053  -0.498  -0.867  -0.030  -0.614  -0.766   0.192 1
  28.560  83.104  72.694  28.742  82.962  72.370  28.747  82.970  72.682
0.86  0.86  0.86 7
  -0.614  -0.766   0.192  -0.498  -0.867  -0.030  -0.552  -0.823   0.135 1
  28.742  82.962  72.370  29.020  82.834  72.370  29.007  82.845  72.703
0.86  0.86  0.86 7
  -0.498  -0.867  -0.030  -0.351  -0.929  -0.114  -0.460  -0.888   0.009 1
  28.742  82.962  72.370  29.007  82.845  72.703  28.747  82.970  72.682
0.86  0.86  0.86 7
  -0.498  -0.867  -0.030  -0.460  -0.888   0.009  -0.552  -0.823   0.135 1
  29.020  82.834  72.370  29.339  82.760  72.354  29.367  82.722  72.532
0.86  0.86  0.86 7
  -0.351  -0.929  -0.114  -0.230  -0.960  -0.160  -0.271  -0.935  -0.230 1
  29.020  82.834  72.370  29.367  82.722  72.532  29.201  82.731  72.701
0.86  0.86  0.86 7
  -0.351  -0.929  -0.114  -0.271  -0.935  -0.230  -0.443  -0.889  -0.117 1
  29.020  82.834  72.370  29.201  82.731  72.701  29.007  82.845  72.703
0.86  0.86  0.86 7
  -0.351  -0.929  -0.114  -0.443  -0.889  -0.117  -0.460  -0.888   0.009 1
  29.367  82.722  72.532  29.339  82.760  72.354  29.532  82.717  72.364
0.86  0.86  0.86 7
  -0.271  -0.935  -0.230  -0.230  -0.960  -0.160  -0.272  -0.948  -0.165 1
  33.520  82.751  72.681  33.706  82.739  72.538  33.592  83.073  72.742
0.86  0.86  0.86 7
   0.634  -0.426   0.645   0.549  -0.300   0.780   0.778  -0.177   0.603 1
  33.592  83.073  72.742  33.706  82.739  72.538  33.739  83.073  72.571
0.86  0.86  0.86 7
   0.778  -0.177   0.603   0.549  -0.300   0.780   0.701  -0.097   0.707 1
  33.894  82.731  72.401  33.911  83.073  72.426  33.739  83.073  72.571
0.86  0.86  0.86 7
   0.575  -0.195   0.794   0.629  -0.033   0.777   0.701  -0.097   0.707 1
  33.894  82.731  72.401  33.739  83.073  72.571  33.706  82.739  72.538
0.86  0.86  0.86 7
   0.575  -0.195   0.794   0.701  -0.097   0.707   0.549  -0.300   0.780 1
  28.235  83.428  72.370  28.381  83.249  72.370  28.249  83.431  72.697
0.86  0.86  0.86 7
  -0.824  -0.564  -0.053  -0.727  -0.685  -0.055  -0.831  -0.522   0.193 1
  28.249  83.431  72.697  28.381  83.249  72.370  28.391  83.259  72.697
0.86  0.86  0.86 7
  -0.831  -0.522   0.193  -0.727  -0.685  -0.055  -0.710  -0.693   0.121 1
  28.381  83.249  72.370  28.551  83.092  72.370  28.391  83.259  72.697
0.86  0.86  0.86 7
  -0.727  -0.685  -0.055  -0.621  -0.782  -0.053  -0.710  -0.693   0.121 1
  28.391  83.259  72.697  28.551  83.092  72.370  28.560  83.104  72.694
0.86  0.86  0.86 7
  -0.710  -0.693   0.121  -0.621  -0.782  -0.053  -0.614  -0.766   0.192 1
  33.592  83.073  72.742  33.739  83.073  72.571  33.620  83.383  72.763
0.86  0.86  0.86 7
   0.778  -0.177   0.603   0.701  -0.097   0.707   0.847  -0.050   0.529 1
  33.620  83.383  72.763  33.739  83.073  72.571  33.759  83.422  72.575
0.86  0.86  0.86 7
   0.847  -0.050   0.529   0.701  -0.097   0.707   0.775   0.038   0.631 1
  33.911  83.073  72.426  33.905  83.418  72.404  33.759  83.422  72.575
0.86  0.86  0.86 7
   0.629  -0.033   0.777   0.692   0.098   0.715   0.775   0.038   0.631 1
  33.911  83.073  72.426  33.759  83.422  72.575  33.739  83.073  72.571
0.86  0.86  0.86 7
   0.629  -0.033   0.777   0.775   0.038   0.631   0.701  -0.097   0.707 1
  28.088  83.682  72.370  28.235  83.428  72.370  28.108  83.691  72.728
0.86  0.86  0.86 7
  -0.903  -0.427  -0.052  -0.824  -0.564  -0.053  -0.877  -0.422   0.230 1
  28.108  83.691  72.728  28.235  83.428  72.370  28.249  83.431  72.697
0.86  0.86  0.86 7
  -0.877  -0.422   0.230  -0.824  -0.564  -0.053  -0.831  -0.522   0.193 1
  33.620  83.383  72.763  33.759  83.422  72.575  33.616  83.740  72.742
0.86  0.86  0.86 7
   0.847  -0.050   0.529   0.775   0.038   0.631   0.895  -0.026   0.446 1
  33.616  83.740  72.742  33.759  83.422  72.575  33.729  83.740  72.554
0.86  0.86  0.86 7
   0.895  -0.026   0.446   0.775   0.038   0.631   0.812   0.000   0.584 1
  33.905  83.418  72.404  33.879  83.740  72.378  33.729  83.740  72.554
0.86  0.86  0.86 7
   0.692   0.098   0.715   0.767   0.106   0.633   0.812   0.000   0.584 1
  33.905  83.418  72.404  33.729  83.740  72.554  33.759  83.422  72.575
0.86  0.86  0.86 7
   0.692   0.098   0.715   0.812   0.000   0.584   0.775   0.038   0.631 1
  27.960  84.095  72.370  28.008  83.896  72.370  27.970  84.098  72.678
0.86  0.86  0.86 7
  -0.988  -0.144  -0.059  -0.953  -0.296  -0.058  -0.976  -0.169   0.137 1
  27.970  84.098  72.678  28.008  83.896  72.370  28.024  83.901  72.705
0.86  0.86  0.86 7
  -0.976  -0.169   0.137  -0.953  -0.296  -0.058  -0.942  -0.306   0.138 1
  28.008  83.896  72.370  28.088  83.682  72.370  28.024  83.901  72.705
0.86  0.86  0.86 7
  -0.953  -0.296  -0.058  -0.903  -0.427  -0.052  -0.942  -0.306   0.138 1
  28.024  83.901  72.705  28.088  83.682  72.370  28.108  83.691  72.728
0.86  0.86  0.86 7
  -0.942  -0.306   0.138  -0.903  -0.427  -0.052  -0.877  -0.422   0.230 1
  33.616  83.740  72.742  33.729  83.740  72.554  33.647  84.046  72.758
0.86  0.86  0.86 7
   0.895  -0.026   0.446   0.812   0.000   0.584   0.884  -0.219   0.413 1
  33.647  84.046  72.758  33.729  83.740  72.554  33.759  84.057  72.576
0.86  0.86  0.86 7
   0.884  -0.219   0.413   0.812   0.000   0.584   0.829  -0.155   0.537 1
  33.879  83.740  72.378  33.885  84.076  72.373  33.759  84.057  72.576
0.86  0.86  0.86 7
   0.767   0.106   0.633   0.911   0.017   0.411   0.829  -0.155   0.537 1
  33.879  83.740  72.378  33.759  84.057  72.576  33.729  83.740  72.554
0.86  0.86  0.86 7
   0.767   0.106   0.633   0.829  -0.155   0.537   0.812   0.000   0.584 1
  27.944  84.406  72.370  27.960  84.095  72.370  27.955  84.406  72.682
0.86  0.86  0.86 7
  -0.997   0.041  -0.058  -0.988  -0.144  -0.059  -0.995   0.057   0.085 1
  27.955  84.406  72.682  27.960  84.095  72.370  27.970  84.098  72.678
0.86  0.86  0.86 7
  -0.995   0.057   0.085  -0.988  -0.144  -0.059  -0.976  -0.169   0.137 1
  33.730  84.229  72.718  33.647  84.046  72.758  33.759  84.057  72.576
0.86  0.86  0.86 7
   0.866  -0.247   0.434   0.884  -0.219   0.413   0.829  -0.155   0.537 1
  33.885  84.076  72.373  33.846  84.406  72.364  33.794  84.428  72.670
0.86  0.86  0.86 7
   0.911   0.017   0.411   0.982   0.053   0.184   0.947  -0.190   0.260 1
  33.885  84.076  72.373  33.794  84.428  72.670  33.730  84.229  72.718
0.86  0.86  0.86 7
   0.911   0.017   0.411   0.947  -0.190   0.260   0.866  -0.247   0.434 1
  33.885  84.076  72.373  33.730  84.229  72.718  33.759  84.057  72.576
0.86  0.86  0.86 7
   0.911   0.017   0.411   0.866  -0.247   0.434   0.829  -0.155   0.537 1
  27.985  84.711  72.370  27.944  84.406  72.370  27.994  84.709  72.672
0.86  0.86  0.86 7
  -0.977   0.210  -0.045  -0.997   0.041  -0.058  -0.976   0.197   0.090 1
  27.994  84.709  72.672  27.944  84.406  72.370  27.955  84.406  72.682
0.86  0.86  0.86 7
  -0.976   0.197   0.090  -0.997   0.041  -0.058  -0.995   0.057   0.085 1
  33.846  84.406  72.364  33.842  84.740  72.370  33.846  84.746  72.703
0.86  0.86  0.86 7
   0.982   0.053   0.184   1.000  -0.003   0.031   0.988  -0.135   0.081 1
  33.846  84.406  72.364  33.846  84.746  72.703  33.794  84.428  72.670
0.86  0.86  0.86 7
   0.982   0.053   0.184   0.988  -0.135   0.081   0.947  -0.190   0.260 1
  28.042  84.904  72.370  27.985  84.711  72.370  28.055  84.899  72.699
0.86  0.86  0.86 7
  -0.927   0.370  -0.059  -0.977   0.210  -0.045  -0.940   0.331   0.087 1
  28.055  84.899  72.699  27.985  84.711  72.370  27.994  84.709  72.672
0.86  0.86  0.86 7
  -0.940   0.331   0.087  -0.977   0.210  -0.045  -0.976   0.197   0.090 1
  28.135  85.108  72.370  28.042  84.904  72.370  28.152  85.099  72.717
0.86  0.86  0.86 7
  -0.881   0.468  -0.065  -0.927   0.370  -0.059  -0.860   0.502   0.097 1
  28.152  85.099  72.717  28.042  84.904  72.370  28.055  84.899  72.699
0.86  0.86  0.86 7
  -0.860   0.502   0.097  -0.927   0.370  -0.059  -0.940   0.331   0.087 1
  33.842  84.740  72.370  33.858  85.073  72.373  33.890  85.073  72.703
0.86  0.86  0.86 7
   1.000  -0.003   0.031   0.994   0.034  -0.106   0.998  -0.062  -0.027 1
  33.842  84.740  72.370  33.890  85.073  72.703  33.846  84.746  72.703
0.86  0.86  0.86 7
   1.000  -0.003   0.031   0.998  -0.062  -0.027   0.988  -0.135   0.081 1
  28.291  85.348  72.370  28.135  85.108  72.370  28.297  85.344  72.673
0.86  0.86  0.86 7
  -0.785   0.617  -0.062  -0.881   0.468  -0.065  -0.801   0.588   0.113 1
  28.297  85.344  72.673  28.135  85.108  72.370  28.152  85.099  72.717
0.86  0.86  0.86 7
  -0.801   0.588   0.113  -0.881   0.468  -0.065  -0.860   0.502   0.097 1
  33.858  85.073  72.373  33.845  85.400  72.377  33.881  85.406  72.703
0.86  0.86  0.86 7
   0.994   0.034  -0.106   0.974   0.086  -0.211   0.993  -0.014  -0.113 1
  33.858  85.073  72.373  33.881  85.406  72.703  33.890  85.073  72.703
0.86  0.86  0.86 7
   0.994   0.034  -0.106   0.993  -0.014  -0.113   0.998  -0.062  -0.027 1
  28.439  85.506  72.370  28.291  85.348  72.370  28.414  85.473  72.671
0.86  0.86  0.86 7
  -0.643   0.765  -0.025  -0.785   0.617  -0.062  -0.625   0.771   0.120 1
  28.414  85.473  72.671  28.291  85.348  72.370  28.297  85.344  72.673
0.86  0.86  0.86 7
  -0.625   0.771   0.120  -0.785   0.617  -0.062  -0.801   0.588   0.113 1
  28.638  85.667  72.370  28.439  85.506  72.370  28.679  85.608  72.715
0.86  0.86  0.86 7
  -0.592   0.806   0.000  -0.643   0.765  -0.025  -0.582   0.799   0.148 1
  28.679  85.608  72.715  28.439  85.506  72.370  28.414  85.473  72.671
0.86  0.86  0.86 7
  -0.582   0.799   0.148  -0.643   0.765  -0.025  -0.625   0.771   0.120 1
  28.847  85.788  72.370  28.638  85.667  72.370  28.853  85.758  72.710
0.86  0.86  0.86 7
  -0.458   0.888  -0.051  -0.592   0.806   0.000  -0.544   0.829   0.126 1
  28.853  85.758  72.710  28.638  85.667  72.370  28.679  85.608  72.715
0.86  0.86  0.86 7
  -0.544   0.829   0.126  -0.592   0.806   0.000  -0.582   0.799   0.148 1
  33.845  85.400  72.377  33.799  85.719  72.401  33.887  85.739  72.699
0.86  0.86  0.86 7
   0.974   0.086  -0.211   0.925   0.127  -0.359   0.963  -0.071  -0.259 1
  33.845  85.400  72.377  33.887  85.739  72.699  33.881  85.406  72.703
0.86  0.86  0.86 7
   0.974   0.086  -0.211   0.963  -0.071  -0.259   0.993  -0.014  -0.113 1
  29.047  85.870  72.370  28.847  85.788  72.370  29.058  85.871  72.698
0.86  0.86  0.86 7
  -0.323   0.942  -0.094  -0.458   0.888  -0.051  -0.429   0.903   0.037 1
  29.058  85.871  72.698  28.847  85.788  72.370  28.853  85.758  72.710
0.86  0.86  0.86 7
  -0.429   0.903   0.037  -0.458   0.888  -0.051  -0.544   0.829   0.126 1
  29.362  85.943  72.370  29.047  85.870  72.370  29.354  85.978  72.686
0.86  0.86  0.86 7
  -0.216   0.961  -0.172  -0.323   0.942  -0.094  -0.350   0.930  -0.113 1
  29.354  85.978  72.686  29.047  85.870  72.370  29.058  85.871  72.698
0.86  0.86  0.86 7
  -0.350   0.930  -0.113  -0.323   0.942  -0.094  -0.429   0.903   0.037 1
  29.685  85.988  72.350  29.362  85.943  72.370  29.709  86.057  72.543
0.86  0.86  0.86 7
  -0.044   0.945  -0.325  -0.216   0.961  -0.172  -0.194   0.905  -0.379 1
  29.709  86.057  72.543  29.362  85.943  72.370  29.548  86.049  72.710
0.86  0.86  0.86 7
  -0.194   0.905  -0.379  -0.216   0.961  -0.172  -0.382   0.887  -0.260 1
  29.548  86.049  72.710  29.362  85.943  72.370  29.354  85.978  72.686
0.86  0.86  0.86 7
  -0.382   0.887  -0.260  -0.216   0.961  -0.172  -0.350   0.930  -0.113 1
  30.038  85.963  72.341  29.685  85.988  72.350  30.038  86.079  72.532
0.86  0.86  0.86 7
   0.010   0.896  -0.443  -0.044   0.945  -0.325  -0.070   0.838  -0.541 1
  30.038  86.079  72.532  29.685  85.988  72.350  29.709  86.057  72.543
0.86  0.86  0.86 7
  -0.070   0.838  -0.541  -0.044   0.945  -0.325  -0.194   0.905  -0.379 1
  30.370  85.968  72.326  30.038  85.963  72.341  30.371  86.105  72.514
0.86  0.86  0.86 7
  -0.052   0.847  -0.529   0.010   0.896  -0.443  -0.095   0.790  -0.606 1
  30.371  86.105  72.514  30.038  85.963  72.341  30.038  86.079  72.532
0.86  0.86  0.86 7
  -0.095   0.790  -0.606   0.010   0.896  -0.443  -0.070   0.838  -0.541 1
  30.675  86.002  72.302  30.370  85.968  72.326  30.687  86.134  72.493
0.86  0.86  0.86 7
  -0.192   0.811  -0.552  -0.052   0.847  -0.529  -0.209   0.781  -0.589 1
  30.687  86.134  72.493  30.370  85.968  72.326  30.371  86.105  72.514
0.86  0.86  0.86 7
  -0.209   0.781  -0.589  -0.052   0.847  -0.529  -0.095   0.790  -0.606 1
  30.687  86.134  72.493  30.858  86.105  72.352  30.675  86.002  72.302
0.86  0.86  0.86 7
  -0.209   0.781  -0.589  -0.355   0.744  -0.566  -0.192   0.811  -0.552 1
  33.799  85.719  72.401  33.758  86.073  72.419  33.905  86.073  72.679
0.86  0.86  0.86 7
   0.925   0.127  -0.359   0.793   0.131  -0.595   0.883  -0.091  -0.461 1
  33.799  85.719  72.401  33.905  86.073  72.679  33.887  85.739  72.699
0.86  0.86  0.86 7
   0.925   0.127  -0.359   0.883  -0.091  -0.461   0.963  -0.071  -0.259 1
  29.548  86.049  72.710  29.755  86.161  72.728  29.709  86.057  72.543
0.86  0.86  0.86 7
  -0.382   0.887  -0.260  -0.346   0.821  -0.454  -0.194   0.905  -0.379 1
  29.709  86.057  72.543  29.755  86.161  72.728  30.043  86.220  72.716
0.86  0.86  0.86 7
  -0.194   0.905  -0.379  -0.346   0.821  -0.454  -0.163   0.776  -0.609 1
  29.709  86.057  72.543  30.043  86.220  72.716  30.038  86.079  72.532
0.86  0.86  0.86 7
  -0.194   0.905  -0.379  -0.163   0.776  -0.609  -0.070   0.838  -0.541 1
  30.038  86.079  72.532  30.043  86.220  72.716  30.371  86.254  72.689
0.86  0.86  0.86 7
  -0.070   0.838  -0.541  -0.163   0.776  -0.609  -0.117   0.708  -0.697 1
  30.038  86.079  72.532  30.371  86.254  72.689  30.371  86.105  72.514
0.86  0.86  0.86 7
  -0.070   0.838  -0.541  -0.117   0.708  -0.697  -0.095   0.790  -0.606 1
  30.371  86.105  72.514  30.371  86.254  72.689  30.691  86.280  72.663
0.86  0.86  0.86 7
  -0.095   0.790  -0.606  -0.117   0.708  -0.697  -0.228   0.706  -0.670 1
  30.371  86.105  72.514  30.691  86.280  72.663  30.687  86.134  72.493
0.86  0.86  0.86 7
  -0.095   0.790  -0.606  -0.228   0.706  -0.670  -0.209   0.781  -0.589 1
  31.048  86.225  72.380  30.858  86.105  72.352  31.058  86.382  72.562
0.86  0.86  0.86 7
  -0.416   0.740  -0.528  -0.355   0.744  -0.566  -0.359   0.677  -0.642 1
  31.058  86.382  72.562  30.858  86.105  72.352  30.871  86.407  72.703
0.86  0.86  0.86 7
  -0.359   0.677  -0.642  -0.355   0.744  -0.566  -0.360   0.591  -0.722 1
  30.871  86.407  72.703  30.858  86.105  72.352  30.691  86.280  72.663
0.86  0.86  0.86 7
  -0.360   0.591  -0.722  -0.355   0.744  -0.566  -0.228   0.706  -0.670 1
  30.691  86.280  72.663  30.858  86.105  72.352  30.687  86.134  72.493
0.86  0.86  0.86 7
  -0.228   0.706  -0.670  -0.355   0.744  -0.566  -0.209   0.781  -0.589 1
  31.341  86.358  72.310  31.048  86.225  72.380  31.352  86.471  72.490
0.86  0.86  0.86 7
  -0.447   0.785  -0.429  -0.416   0.740  -0.528  -0.367   0.748  -0.553 1
  31.352  86.471  72.490  31.048  86.225  72.380  31.058  86.382  72.562
0.86  0.86  0.86 7
  -0.367   0.748  -0.553  -0.416   0.740  -0.528  -0.359   0.677  -0.642 1
  31.352  86.471  72.490  31.523  86.442  72.349  31.341  86.358  72.310
0.86  0.86  0.86 7
  -0.367   0.748  -0.553  -0.361   0.781  -0.510  -0.447   0.785  -0.429 1
  33.586  86.425  72.302  33.760  86.405  72.481  33.684  86.237  72.387
0.86  0.86  0.86 7
   0.678   0.126  -0.724   0.679  -0.034  -0.733   0.758   0.140  -0.638 1
  33.758  86.073  72.419  33.684  86.237  72.387  33.760  86.405  72.481
0.86  0.86  0.86 7
   0.793   0.131  -0.595   0.758   0.140  -0.638   0.679  -0.034  -0.733 1
  33.758  86.073  72.419  33.760  86.405  72.481  33.934  86.388  72.658
0.86  0.86  0.86 7
   0.793   0.131  -0.595   0.679  -0.034  -0.733   0.762  -0.123  -0.636 1
  33.758  86.073  72.419  33.934  86.388  72.658  33.905  86.073  72.679
0.86  0.86  0.86 7
   0.793   0.131  -0.595   0.762  -0.123  -0.636   0.883  -0.091  -0.461 1
  30.871  86.407  72.703  31.047  86.563  72.718  31.058  86.382  72.562
0.86  0.86  0.86 7
  -0.360   0.591  -0.722  -0.307   0.582  -0.753  -0.359   0.677  -0.642 1
  31.058  86.382  72.562  31.047  86.563  72.718  31.356  86.617  72.659
0.86  0.86  0.86 7
  -0.359   0.677  -0.642  -0.307   0.582  -0.753  -0.315   0.668  -0.674 1
  31.058  86.382  72.562  31.356  86.617  72.659  31.352  86.471  72.490
0.86  0.86  0.86 7
  -0.359   0.677  -0.642  -0.315   0.668  -0.674  -0.367   0.748  -0.553 1
  31.712  86.563  72.377  31.523  86.442  72.349  31.721  86.719  72.557
0.86  0.86  0.86 7
  -0.429   0.736  -0.525  -0.361   0.781  -0.510  -0.464   0.635  -0.618 1
  31.721  86.719  72.557  31.523  86.442  72.349  31.536  86.744  72.698
0.86  0.86  0.86 7
  -0.464   0.635  -0.618  -0.361   0.781  -0.510  -0.365   0.577  -0.730 1
  31.536  86.744  72.698  31.523  86.442  72.349  31.356  86.617  72.659
0.86  0.86  0.86 7
  -0.365   0.577  -0.730  -0.361   0.781  -0.510  -0.315   0.668  -0.674 1
  31.356  86.617  72.659  31.523  86.442  72.349  31.352  86.471  72.490
0.86  0.86  0.86 7
  -0.315   0.668  -0.674  -0.361   0.781  -0.510  -0.367   0.748  -0.553 1
  31.721  86.719  72.557  31.885  86.716  72.398  31.712  86.563  72.377
0.86  0.86  0.86 7
  -0.464   0.635  -0.618  -0.502   0.582  -0.640  -0.429   0.736  -0.525 1
  33.586  86.425  72.302  33.566  86.740  72.331  33.751  86.740  72.443
0.86  0.86  0.86 7
   0.678   0.126  -0.724   0.511   0.077  -0.856   0.568  -0.045  -0.822 1
  33.586  86.425  72.302  33.751  86.740  72.443  33.760  86.405  72.481
0.86  0.86  0.86 7
   0.678   0.126  -0.724   0.568  -0.045  -0.822   0.679  -0.034  -0.733 1
  33.760  86.405  72.481  33.751  86.740  72.443  33.992  86.762  72.605
0.86  0.86  0.86 7
   0.679  -0.034  -0.733   0.568  -0.045  -0.822   0.628  -0.136  -0.766 1
  33.760  86.405  72.481  33.992  86.762  72.605  34.040  86.572  72.702
0.86  0.86  0.86 7
   0.679  -0.034  -0.733   0.628  -0.136  -0.766   0.716  -0.262  -0.647 1
  33.760  86.405  72.481  34.040  86.572  72.702  33.934  86.388  72.658
0.86  0.86  0.86 7
   0.679  -0.034  -0.733   0.716  -0.262  -0.647   0.762  -0.123  -0.636 1
  34.157  86.759  72.751  34.040  86.572  72.702  33.992  86.762  72.605
0.86  0.86  0.86 7
   0.707  -0.168  -0.687   0.716  -0.262  -0.647   0.628  -0.136  -0.766 1
  31.536  86.744  72.698  31.711  86.900  72.712  31.721  86.719  72.557
0.86  0.86  0.86 7
  -0.365   0.577  -0.730  -0.511   0.487  -0.708  -0.464   0.635  -0.618 1
  32.068  86.876  72.414  31.885  86.716  72.398  32.040  87.072  72.539
0.86  0.86  0.86 7
  -0.484   0.495  -0.722  -0.502   0.582  -0.640  -0.555   0.361  -0.750 1
  32.040  87.072  72.539  31.885  86.716  72.398  31.866  87.076  72.697
0.86  0.86  0.86 7
  -0.555   0.361  -0.750  -0.502   0.582  -0.640  -0.592   0.369  -0.717 1
  31.866  87.076  72.697  31.885  86.716  72.398  31.711  86.900  72.712
0.86  0.86  0.86 7
  -0.592   0.369  -0.717  -0.502   0.582  -0.640  -0.511   0.487  -0.708 1
  31.711  86.900  72.712  31.885  86.716  72.398  31.721  86.719  72.557
0.86  0.86  0.86 7
  -0.511   0.487  -0.708  -0.502   0.582  -0.640  -0.464   0.635  -0.618 1
  32.040  87.072  72.539  32.230  87.058  72.400  32.068  86.876  72.414
0.86  0.86  0.86 7
  -0.555   0.361  -0.750  -0.485   0.351  -0.801  -0.484   0.495  -0.722 1
  33.566  86.740  72.331  33.549  87.073  72.337  33.761  87.073  72.423
0.86  0.86  0.86 7
   0.511   0.077  -0.856   0.401   0.077  -0.913   0.471   0.027  -0.882 1
  33.566  86.740  72.331  33.761  87.073  72.423  33.751  86.740  72.443
0.86  0.86  0.86 7
   0.511   0.077  -0.856   0.471   0.027  -0.882   0.568  -0.045  -0.822 1
  33.751  86.740  72.443  33.761  87.073  72.423  34.010  87.073  72.576
0.86  0.86  0.86 7
   0.568  -0.045  -0.822   0.471   0.027  -0.882   0.600  -0.011  -0.800 1
  33.751  86.740  72.443  34.010  87.073  72.576  33.992  86.762  72.605
0.86  0.86  0.86 7
   0.568  -0.045  -0.822   0.600  -0.011  -0.800   0.628  -0.136  -0.766 1
  33.992  86.762  72.605  34.010  87.073  72.576  34.182  87.073  72.726
0.86  0.86  0.86 7
   0.628  -0.136  -0.766   0.600  -0.011  -0.800   0.708  -0.016  -0.706 1
  33.992  86.762  72.605  34.182  87.073  72.726  34.157  86.759  72.751
0.86  0.86  0.86 7
   0.628  -0.136  -0.766   0.708  -0.016  -0.706   0.707  -0.168  -0.687 1
  32.040  87.072  72.539  31.866  87.076  72.697  31.923  87.386  72.754
0.86  0.86  0.86 7
  -0.555   0.361  -0.750  -0.592   0.369  -0.717  -0.654   0.299  -0.695 1
  32.040  87.072  72.539  31.923  87.386  72.754  32.085  87.383  72.607
0.86  0.86  0.86 7
  -0.555   0.361  -0.750  -0.654   0.299  -0.695  -0.569   0.273  -0.776 1
  32.376  87.235  72.388  32.230  87.058  72.400  32.320  87.427  72.464
0.86  0.86  0.86 7
  -0.384   0.262  -0.885  -0.485   0.351  -0.801  -0.435   0.280  -0.856 1
  32.085  87.383  72.607  32.320  87.427  72.464  32.230  87.058  72.400
0.86  0.86  0.86 7
  -0.569   0.273  -0.776  -0.435   0.280  -0.856  -0.485   0.351  -0.801 1
  32.085  87.383  72.607  32.230  87.058  72.400  32.040  87.072  72.539
0.86  0.86  0.86 7
  -0.569   0.273  -0.776  -0.485   0.351  -0.801  -0.555   0.361  -0.750 1
  32.320  87.427  72.464  32.538  87.406  72.370  32.376  87.235  72.388
0.86  0.86  0.86 7
  -0.435   0.280  -0.856  -0.327   0.283  -0.902  -0.384   0.262  -0.885 1
  33.549  87.073  72.337  33.540  87.408  72.362  33.746  87.427  72.453
0.86  0.86  0.86 7
   0.401   0.077  -0.913   0.327   0.218  -0.919   0.454   0.209  -0.866 1
  33.549  87.073  72.337  33.746  87.427  72.453  33.761  87.073  72.423
0.86  0.86  0.86 7
   0.401   0.077  -0.913   0.454   0.209  -0.866   0.471   0.027  -0.882 1
  33.761  87.073  72.423  33.746  87.427  72.453  33.999  87.387  72.595
0.86  0.86  0.86 7
   0.471   0.027  -0.882   0.454   0.209  -0.866   0.573   0.153  -0.805 1
  33.761  87.073  72.423  33.999  87.387  72.595  34.010  87.073  72.576
0.86  0.86  0.86 7
   0.471   0.027  -0.882   0.573   0.153  -0.805   0.600  -0.011  -0.800 1
  34.010  87.073  72.576  33.999  87.387  72.595  34.164  87.393  72.744
0.86  0.86  0.86 7
   0.600  -0.011  -0.800   0.573   0.153  -0.805   0.705   0.212  -0.676 1
  34.010  87.073  72.576  34.164  87.393  72.744  34.182  87.073  72.726
0.86  0.86  0.86 7
   0.600  -0.011  -0.800   0.705   0.212  -0.676   0.708  -0.016  -0.706 1
  31.923  87.386  72.754  32.041  87.571  72.706  32.085  87.383  72.607
0.86  0.86  0.86 7
  -0.654   0.299  -0.695  -0.632   0.300  -0.715  -0.569   0.273  -0.776 1
  32.085  87.383  72.607  32.041  87.571  72.706  32.184  87.752  72.678
0.86  0.86  0.86 7
  -0.569   0.273  -0.776  -0.632   0.300  -0.715  -0.545   0.445  -0.710 1
  32.085  87.383  72.607  32.184  87.752  72.678  32.378  87.734  72.549
0.86  0.86  0.86 7
  -0.569   0.273  -0.776  -0.545   0.445  -0.710  -0.396   0.402  -0.826 1
  32.085  87.383  72.607  32.378  87.734  72.549  32.320  87.427  72.464
0.86  0.86  0.86 7
  -0.569   0.273  -0.776  -0.396   0.402  -0.826  -0.435   0.280  -0.856 1
  32.704  87.574  72.367  32.538  87.406  72.370  32.684  87.780  72.455
0.86  0.86  0.86 7
  -0.191   0.318  -0.929  -0.327   0.283  -0.902  -0.225   0.430  -0.874 1
  32.378  87.734  72.549  32.684  87.780  72.455  32.538  87.406  72.370
0.86  0.86  0.86 7
  -0.396   0.402  -0.826  -0.225   0.430  -0.874  -0.327   0.283  -0.902 1
  32.378  87.734  72.549  32.538  87.406  72.370  32.320  87.427  72.464
0.86  0.86  0.86 7
  -0.396   0.402  -0.826  -0.327   0.283  -0.902  -0.435   0.280  -0.856 1
  33.038  87.586  72.332  32.704  87.574  72.367  33.038  87.799  72.417
0.86  0.86  0.86 7
  -0.006   0.315  -0.949  -0.191   0.318  -0.929  -0.010   0.444  -0.896 1
  33.038  87.799  72.417  32.704  87.574  72.367  32.684  87.780  72.455
0.86  0.86  0.86 7
  -0.010   0.444  -0.896  -0.191   0.318  -0.929  -0.225   0.430  -0.874 1
  33.374  87.575  72.361  33.038  87.586  72.332  33.393  87.783  72.450
0.86  0.86  0.86 7
   0.172   0.296  -0.940  -0.006   0.315  -0.949   0.235   0.431  -0.871 1
  33.393  87.783  72.450  33.038  87.586  72.332  33.038  87.799  72.417
0.86  0.86  0.86 7
   0.235   0.431  -0.871  -0.006   0.315  -0.949  -0.010   0.444  -0.896 1
  33.540  87.408  72.362  33.374  87.575  72.361  33.393  87.783  72.450
0.86  0.86  0.86 7
   0.327   0.218  -0.919   0.172   0.296  -0.940   0.235   0.431  -0.871 1
  33.540  87.408  72.362  33.393  87.783  72.450  33.703  87.738  72.540
0.86  0.86  0.86 7
   0.327   0.218  -0.919   0.235   0.431  -0.871   0.388   0.376  -0.842 1
  33.540  87.408  72.362  33.703  87.738  72.540  33.746  87.427  72.453
0.86  0.86  0.86 7
   0.327   0.218  -0.919   0.388   0.376  -0.842   0.454   0.209  -0.866 1
  33.746  87.427  72.453  33.703  87.738  72.540  33.895  87.764  72.667
0.86  0.86  0.86 7
   0.454   0.209  -0.866   0.388   0.376  -0.842   0.536   0.448  -0.715 1
  33.746  87.427  72.453  33.895  87.764  72.667  34.045  87.577  72.695
0.86  0.86  0.86 7
   0.454   0.209  -0.866   0.536   0.448  -0.715   0.602   0.302  -0.739 1
  33.746  87.427  72.453  34.045  87.577  72.695  33.999  87.387  72.595
0.86  0.86  0.86 7
   0.454   0.209  -0.866   0.602   0.302  -0.739   0.573   0.153  -0.805 1
  34.045  87.577  72.695  34.164  87.393  72.744  33.999  87.387  72.595
0.86  0.86  0.86 7
   0.602   0.302  -0.739   0.705   0.212  -0.676   0.573   0.153  -0.805 1
  32.184  87.752  72.678  32.353  87.925  72.675  32.378  87.734  72.549
0.86  0.86  0.86 7
  -0.545   0.445  -0.710  -0.435   0.518  -0.736  -0.396   0.402  -0.826 1
  32.378  87.734  72.549  32.353  87.925  72.675  32.535  88.077  72.698
0.86  0.86  0.86 7
  -0.396   0.402  -0.826  -0.435   0.518  -0.736  -0.326   0.637  -0.698 1
  32.378  87.734  72.549  32.535  88.077  72.698  32.724  88.034  72.596
0.86  0.86  0.86 7
  -0.396   0.402  -0.826  -0.326   0.637  -0.698  -0.202   0.576  -0.792 1
  32.378  87.734  72.549  32.724  88.034  72.596  32.684  87.780  72.455
0.86  0.86  0.86 7
  -0.396   0.402  -0.826  -0.202   0.576  -0.792  -0.225   0.430  -0.874 1
  32.684  87.780  72.455  32.724  88.034  72.596  33.038  88.050  72.569
0.86  0.86  0.86 7
  -0.225   0.430  -0.874  -0.202   0.576  -0.792  -0.011   0.584  -0.812 1
  32.684  87.780  72.455  33.038  88.050  72.569  33.038  87.799  72.417
0.86  0.86  0.86 7
  -0.225   0.430  -0.874  -0.011   0.584  -0.812  -0.010   0.444  -0.896 1
  33.038  87.799  72.417  33.038  88.050  72.569  33.353  88.037  72.591
0.86  0.86  0.86 7
  -0.010   0.444  -0.896  -0.011   0.584  -0.812   0.164   0.566  -0.808 1
  33.038  87.799  72.417  33.353  88.037  72.591  33.393  87.783  72.450
0.86  0.86  0.86 7
  -0.010   0.444  -0.896   0.164   0.566  -0.808   0.235   0.431  -0.871 1
  33.393  87.783  72.450  33.353  88.037  72.591  33.544  88.082  72.692
0.86  0.86  0.86 7
   0.235   0.431  -0.871   0.164   0.566  -0.808   0.314   0.641  -0.701 1
  33.393  87.783  72.450  33.544  88.082  72.692  33.729  87.931  72.667
0.86  0.86  0.86 7
   0.235   0.431  -0.871   0.314   0.641  -0.701   0.401   0.520  -0.754 1
  33.393  87.783  72.450  33.729  87.931  72.667  33.703  87.738  72.540
0.86  0.86  0.86 7
   0.235   0.431  -0.871   0.401   0.520  -0.754   0.388   0.376  -0.842 1
  33.729  87.931  72.667  33.895  87.764  72.667  33.703  87.738  72.540
0.86  0.86  0.86 7
   0.401   0.520  -0.754   0.536   0.448  -0.715   0.388   0.376  -0.842 1
  32.535  88.077  72.698  32.718  88.200  72.743  32.724  88.034  72.596
0.86  0.86  0.86 7
  -0.326   0.637  -0.698  -0.178   0.701  -0.691  -0.202   0.576  -0.792 1
  32.724  88.034  72.596  32.718  88.200  72.743  33.038  88.225  72.718
0.86  0.86  0.86 7
  -0.202   0.576  -0.792  -0.178   0.701  -0.691  -0.008   0.703  -0.711 1
  32.724  88.034  72.596  33.038  88.225  72.718  33.038  88.050  72.569
0.86  0.86  0.86 7
  -0.202   0.576  -0.792  -0.008   0.703  -0.711  -0.011   0.584  -0.812 1
  33.038  88.050  72.569  33.038  88.225  72.718  33.359  88.204  72.739
0.86  0.86  0.86 7
  -0.011   0.584  -0.812  -0.008   0.703  -0.711   0.162   0.684  -0.711 1
  33.038  88.050  72.569  33.359  88.204  72.739  33.353  88.037  72.591
0.86  0.86  0.86 7
  -0.011   0.584  -0.812   0.162   0.684  -0.711   0.164   0.566  -0.808 1
  33.359  88.204  72.739  33.544  88.082  72.692  33.353  88.037  72.591
0.86  0.86  0.86 7
   0.162   0.684  -0.711   0.314   0.641  -0.701   0.164   0.566  -0.808 1
  31.037  82.119  72.852  30.874  82.084  72.701  31.036  82.012  72.639
0.86  0.86  0.86 7
  -0.120  -0.926   0.359  -0.160  -0.951   0.264  -0.206  -0.895   0.395 1
  31.036  82.012  72.639  31.392  81.978  72.660  31.374  82.085  72.865
0.86  0.86  0.86 7
  -0.206  -0.895   0.395  -0.196  -0.835   0.514  -0.126  -0.912   0.389 1
  31.036  82.012  72.639  31.374  82.085  72.865  31.037  82.119  72.852
0.86  0.86  0.86 7
  -0.206  -0.895   0.395  -0.126  -0.912   0.389  -0.120  -0.926   0.359 1
  31.392  81.978  72.660  31.705  81.922  72.692  31.705  82.038  72.887
0.86  0.86  0.86 7
  -0.196  -0.835   0.514  -0.087  -0.820   0.566  -0.074  -0.898   0.433 1
  31.392  81.978  72.660  31.705  82.038  72.887  31.374  82.085  72.865
0.86  0.86  0.86 7
  -0.196  -0.835   0.514  -0.074  -0.898   0.433  -0.126  -0.912   0.389 1
  31.705  81.922  72.692  32.032  81.927  72.689  32.045  82.045  72.883
0.86  0.86  0.86 7
  -0.087  -0.820   0.566   0.134  -0.814   0.565   0.121  -0.886   0.447 1
  31.705  81.922  72.692  32.045  82.045  72.883  31.705  82.038  72.887
0.86  0.86  0.86 7
  -0.087  -0.820   0.566   0.121  -0.886   0.447  -0.074  -0.898   0.433 1
  32.032  81.927  72.689  32.344  81.987  72.649  32.362  82.106  72.855
0.86  0.86  0.86 7
   0.134  -0.814   0.565   0.309  -0.788   0.533   0.294  -0.851   0.435 1
  32.032  81.927  72.689  32.362  82.106  72.855  32.045  82.045  72.883
0.86  0.86  0.86 7
   0.134  -0.814   0.565   0.294  -0.851   0.435   0.121  -0.886   0.447 1
  32.518  82.103  72.684  32.362  82.106  72.855  32.344  81.987  72.649
0.86  0.86  0.86 7
   0.433  -0.776   0.459   0.294  -0.851   0.435   0.309  -0.788   0.533 1
  29.739  82.321  73.060  29.548  82.420  73.041  29.715  82.422  72.880
0.86  0.86  0.86 7
  -0.377  -0.897  -0.233  -0.490  -0.832  -0.259  -0.411  -0.809  -0.421 1
  29.880  82.419  72.712  30.068  82.309  72.723  29.715  82.422  72.880
0.86  0.86  0.86 7
  -0.454  -0.804  -0.384  -0.375  -0.883  -0.281  -0.411  -0.809  -0.421 1
  29.715  82.422  72.880  30.068  82.309  72.723  29.739  82.321  73.060
0.86  0.86  0.86 7
  -0.411  -0.809  -0.421  -0.375  -0.883  -0.281  -0.377  -0.897  -0.233 1
  29.739  82.321  73.060  30.068  82.309  72.723  30.036  82.232  73.035
0.86  0.86  0.86 7
  -0.377  -0.897  -0.233  -0.375  -0.883  -0.281  -0.209  -0.962  -0.176 1
  30.068  82.309  72.723  30.366  82.217  72.703  30.356  82.179  73.021
0.86  0.86  0.86 7
  -0.375  -0.883  -0.281  -0.291  -0.957  -0.026  -0.110  -0.988  -0.105 1
  30.068  82.309  72.723  30.356  82.179  73.021  30.036  82.232  73.035
0.86  0.86  0.86 7
  -0.375  -0.883  -0.281  -0.110  -0.988  -0.105  -0.209  -0.962  -0.176 1
  30.366  82.217  72.703  30.692  82.122  72.729  30.705  82.160  73.046
0.86  0.86  0.86 7
  -0.291  -0.957  -0.026  -0.281  -0.949   0.141  -0.047  -0.995   0.085 1
  30.366  82.217  72.703  30.705  82.160  73.046  30.356  82.179  73.021
0.86  0.86  0.86 7
  -0.291  -0.957  -0.026  -0.047  -0.995   0.085  -0.110  -0.988  -0.105 1
  30.692  82.122  72.729  30.874  82.084  72.701  30.705  82.160  73.046
0.86  0.86  0.86 7
  -0.281  -0.949   0.141  -0.160  -0.951   0.264  -0.047  -0.995   0.085 1
  31.039  82.181  73.050  30.705  82.160  73.046  30.874  82.084  72.701
0.86  0.86  0.86 7
  -0.016  -0.975   0.224  -0.047  -0.995   0.085  -0.160  -0.951   0.264 1
  31.039  82.181  73.050  30.874  82.084  72.701  31.037  82.119  72.852
0.86  0.86  0.86 7
  -0.016  -0.975   0.224  -0.160  -0.951   0.264  -0.120  -0.926   0.359 1
  31.039  82.181  73.050  31.037  82.119  72.852  31.352  82.151  73.057
0.86  0.86  0.86 7
  -0.016  -0.975   0.224  -0.120  -0.926   0.359  -0.104  -0.951   0.291 1
  31.352  82.151  73.057  31.037  82.119  72.852  31.374  82.085  72.865
0.86  0.86  0.86 7
  -0.104  -0.951   0.291  -0.120  -0.926   0.359  -0.126  -0.912   0.389 1
  31.352  82.151  73.057  31.374  82.085  72.865  31.705  82.114  73.077
0.86  0.86  0.86 7
  -0.104  -0.951   0.291  -0.126  -0.912   0.389  -0.050  -0.945   0.324 1
  31.705  82.114  73.077  31.374  82.085  72.865  31.705  82.038  72.887
0.86  0.86  0.86 7
  -0.050  -0.945   0.324  -0.126  -0.912   0.389  -0.074  -0.898   0.433 1
  31.705  82.114  73.077  31.705  82.038  72.887  32.064  82.123  73.072
0.86  0.86  0.86 7
  -0.050  -0.945   0.324  -0.074  -0.898   0.433   0.135  -0.932   0.335 1
  32.064  82.123  73.072  31.705  82.038  72.887  32.045  82.045  72.883
0.86  0.86  0.86 7
   0.135  -0.932   0.335  -0.074  -0.898   0.433   0.121  -0.886   0.447 1
  32.064  82.123  73.072  32.045  82.045  72.883  32.392  82.203  73.052
0.86  0.86  0.86 7
   0.135  -0.932   0.335   0.121  -0.886   0.447   0.361  -0.875   0.322 1
  32.392  82.203  73.052  32.045  82.045  72.883  32.362  82.106  72.855
0.86  0.86  0.86 7
   0.361  -0.875   0.322   0.121  -0.886   0.447   0.294  -0.851   0.435 1
  32.518  82.103  72.684  32.709  82.232  72.708  32.643  82.332  73.006
0.86  0.86  0.86 7
   0.433  -0.776   0.459   0.414  -0.777   0.475   0.471  -0.825   0.312 1
  32.518  82.103  72.684  32.643  82.332  73.006  32.392  82.203  73.052
0.86  0.86  0.86 7
   0.433  -0.776   0.459   0.471  -0.825   0.312   0.361  -0.875   0.322 1
  32.518  82.103  72.684  32.392  82.203  73.052  32.362  82.106  72.855
0.86  0.86  0.86 7
   0.433  -0.776   0.459   0.361  -0.875   0.322   0.294  -0.851   0.435 1
  32.709  82.232  72.708  33.005  82.335  72.641  33.005  82.457  72.836
0.86  0.86  0.86 7
   0.414  -0.777   0.475   0.360  -0.748   0.557   0.414  -0.794   0.445 1
  32.709  82.232  72.708  33.005  82.457  72.836  32.841  82.443  73.018
0.86  0.86  0.86 7
   0.414  -0.777   0.475   0.414  -0.794   0.445   0.526  -0.784   0.330 1
  32.709  82.232  72.708  32.841  82.443  73.018  32.643  82.332  73.006
0.86  0.86  0.86 7
   0.414  -0.777   0.475   0.526  -0.784   0.330   0.471  -0.825   0.312 1
  33.188  82.440  72.675  33.005  82.457  72.836  33.005  82.335  72.641
0.86  0.86  0.86 7
   0.428  -0.693   0.580   0.414  -0.794   0.445   0.360  -0.748   0.557 1
  29.201  82.731  72.701  29.392  82.647  72.735  29.168  82.703  73.036
0.86  0.86  0.86 7
  -0.443  -0.889  -0.117  -0.414  -0.853  -0.318  -0.619  -0.778  -0.106 1
  29.168  82.703  73.036  29.392  82.647  72.735  29.359  82.556  73.032
0.86  0.86  0.86 7
  -0.619  -0.778  -0.106  -0.414  -0.853  -0.318  -0.602  -0.775  -0.192 1
  29.392  82.647  72.735  29.687  82.542  72.690  29.715  82.422  72.880
0.86  0.86  0.86 7
  -0.414  -0.853  -0.318  -0.413  -0.820  -0.396  -0.411  -0.809  -0.421 1
  29.392  82.647  72.735  29.715  82.422  72.880  29.548  82.420  73.041
0.86  0.86  0.86 7
  -0.414  -0.853  -0.318  -0.411  -0.809  -0.421  -0.490  -0.832  -0.259 1
  29.392  82.647  72.735  29.548  82.420  73.041  29.359  82.556  73.032
0.86  0.86  0.86 7
  -0.414  -0.853  -0.318  -0.490  -0.832  -0.259  -0.602  -0.775  -0.192 1
  29.715  82.422  72.880  29.687  82.542  72.690  29.880  82.419  72.712
0.86  0.86  0.86 7
  -0.411  -0.809  -0.421  -0.413  -0.820  -0.396  -0.454  -0.804  -0.384 1
  33.033  82.582  73.033  32.841  82.443  73.018  33.005  82.457  72.836
0.86  0.86  0.86 7
   0.528  -0.720   0.450   0.526  -0.784   0.330   0.414  -0.794   0.445 1
  33.188  82.440  72.675  33.363  82.584  72.692  33.351  82.756  72.850
0.86  0.86  0.86 7
   0.428  -0.693   0.580   0.505  -0.554   0.662   0.594  -0.535   0.601 1
  33.188  82.440  72.675  33.351  82.756  72.850  33.196  82.745  73.031
0.86  0.86  0.86 7
   0.428  -0.693   0.580   0.594  -0.535   0.601   0.708  -0.554   0.438 1
  33.188  82.440  72.675  33.196  82.745  73.031  33.033  82.582  73.033
0.86  0.86  0.86 7
   0.428  -0.693   0.580   0.708  -0.554   0.438   0.528  -0.720   0.450 1
  33.188  82.440  72.675  33.033  82.582  73.033  33.005  82.457  72.836
0.86  0.86  0.86 7
   0.428  -0.693   0.580   0.528  -0.720   0.450   0.414  -0.794   0.445 1
  33.520  82.751  72.681  33.351  82.756  72.850  33.363  82.584  72.692
0.86  0.86  0.86 7
   0.634  -0.426   0.645   0.594  -0.535   0.601   0.505  -0.554   0.662 1
  28.699  83.066  72.874  28.560  83.104  72.694  28.747  82.970  72.682
0.86  0.86  0.86 7
  -0.588  -0.765   0.264  -0.614  -0.766   0.192  -0.552  -0.823   0.135 1
  28.747  82.970  72.682  29.007  82.845  72.703  28.997  82.849  73.036
0.86  0.86  0.86 7
  -0.552  -0.823   0.135  -0.460  -0.888   0.009  -0.635  -0.771   0.050 1
  28.747  82.970  72.682  28.997  82.849  73.036  28.823  83.025  73.052
0.86  0.86  0.86 7
  -0.552  -0.823   0.135  -0.635  -0.771   0.050  -0.666  -0.718   0.203 1
  28.747  82.970  72.682  28.823  83.025  73.052  28.699  83.066  72.874
0.86  0.86  0.86 7
  -0.552  -0.823   0.135  -0.666  -0.718   0.203  -0.588  -0.765   0.264 1
  29.007  82.845  72.703  29.201  82.731  72.701  28.997  82.849  73.036
0.86  0.86  0.86 7
  -0.460  -0.888   0.009  -0.443  -0.889  -0.117  -0.635  -0.771   0.050 1
  28.997  82.849  73.036  29.201  82.731  72.701  29.168  82.703  73.036
0.86  0.86  0.86 7
  -0.635  -0.771   0.050  -0.443  -0.889  -0.117  -0.619  -0.778  -0.106 1
  33.332  82.932  73.010  33.196  82.745  73.031  33.351  82.756  72.850
0.86  0.86  0.86 7
   0.708  -0.446   0.547   0.708  -0.554   0.438   0.594  -0.535   0.601 1
  33.520  82.751  72.681  33.592  83.073  72.742  33.458  83.127  72.981
0.86  0.86  0.86 7
   0.634  -0.426   0.645   0.778  -0.177   0.603   0.836  -0.303   0.458 1
  33.520  82.751  72.681  33.458  83.127  72.981  33.332  82.932  73.010
0.86  0.86  0.86 7
   0.634  -0.426   0.645   0.836  -0.303   0.458   0.708  -0.446   0.547 1
  33.520  82.751  72.681  33.332  82.932  73.010  33.351  82.756  72.850
0.86  0.86  0.86 7
   0.634  -0.426   0.645   0.708  -0.446   0.547   0.594  -0.535   0.601 1
  28.339  83.380  72.886  28.249  83.431  72.697  28.391  83.259  72.697
0.86  0.86  0.86 7
  -0.745  -0.599   0.294  -0.831  -0.522   0.193  -0.710  -0.693   0.121 1
  28.391  83.259  72.697  28.560  83.104  72.694  28.339  83.380  72.886
0.86  0.86  0.86 7
  -0.710  -0.693   0.121  -0.614  -0.766   0.192  -0.745  -0.599   0.294 1
  28.339  83.380  72.886  28.560  83.104  72.694  28.470  83.338  73.082
0.86  0.86  0.86 7
  -0.745  -0.599   0.294  -0.614  -0.766   0.192  -0.698  -0.645   0.312 1
  28.470  83.338  73.082  28.560  83.104  72.694  28.655  83.170  73.056
0.86  0.86  0.86 7
  -0.698  -0.645   0.312  -0.614  -0.766   0.192  -0.636  -0.722   0.272 1
  28.655  83.170  73.056  28.560  83.104  72.694  28.699  83.066  72.874
0.86  0.86  0.86 7
  -0.636  -0.722   0.272  -0.614  -0.766   0.192  -0.588  -0.765   0.264 1
  28.823  83.025  73.052  28.655  83.170  73.056  28.699  83.066  72.874
0.86  0.86  0.86 7
  -0.666  -0.718   0.203  -0.636  -0.722   0.272  -0.588  -0.765   0.264 1
  33.592  83.073  72.742  33.620  83.383  72.763  33.485  83.421  73.013
0.86  0.86  0.86 7
   0.778  -0.177   0.603   0.847  -0.050   0.529   0.918  -0.116   0.378 1
  33.592  83.073  72.742  33.485  83.421  73.013  33.458  83.127  72.981
0.86  0.86  0.86 7
   0.778  -0.177   0.603   0.918  -0.116   0.378   0.836  -0.303   0.458 1
  28.108  83.691  72.728  28.249  83.431  72.697  28.232  83.752  73.025
0.86  0.86  0.86 7
  -0.877  -0.422   0.230  -0.831  -0.522   0.193  -0.852  -0.430   0.298 1
  28.232  83.752  73.025  28.249  83.431  72.697  28.314  83.558  73.057
0.86  0.86  0.86 7
  -0.852  -0.430   0.298  -0.831  -0.522   0.193  -0.865  -0.416   0.280 1
  28.314  83.558  73.057  28.249  83.431  72.697  28.339  83.380  72.886
0.86  0.86  0.86 7
  -0.865  -0.416   0.280  -0.831  -0.522   0.193  -0.745  -0.599   0.294 1
  28.470  83.338  73.082  28.314  83.558  73.057  28.339  83.380  72.886
0.86  0.86  0.86 7
  -0.698  -0.645   0.312  -0.865  -0.416   0.280  -0.745  -0.599   0.294 1
  33.620  83.383  72.763  33.616  83.740  72.742  33.510  83.740  73.030
0.86  0.86  0.86 7
   0.847  -0.050   0.529   0.895  -0.026   0.446   0.947  -0.086   0.309 1
  33.620  83.383  72.763  33.510  83.740  73.030  33.485  83.421  73.013
0.86  0.86  0.86 7
   0.847  -0.050   0.529   0.947  -0.086   0.309   0.918  -0.116   0.378 1
  28.022  84.069  72.874  27.970  84.098  72.678  28.024  83.901  72.705
0.86  0.86  0.86 7
  -0.935  -0.237   0.264  -0.976  -0.169   0.137  -0.942  -0.306   0.138 1
  28.024  83.901  72.705  28.108  83.691  72.728  28.022  84.069  72.874
0.86  0.86  0.86 7
  -0.942  -0.306   0.138  -0.877  -0.422   0.230  -0.935  -0.237   0.264 1
  28.022  84.069  72.874  28.108  83.691  72.728  28.086  84.044  73.067
0.86  0.86  0.86 7
  -0.935  -0.237   0.264  -0.877  -0.422   0.230  -0.908  -0.334   0.251 1
  28.086  84.044  73.067  28.108  83.691  72.728  28.232  83.752  73.025
0.86  0.86  0.86 7
  -0.908  -0.334   0.251  -0.877  -0.422   0.230  -0.852  -0.430   0.298 1
  33.616  83.740  72.742  33.647  84.046  72.758  33.549  84.070  73.039
0.86  0.86  0.86 7
   0.895  -0.026   0.446   0.884  -0.219   0.413   0.932  -0.222   0.288 1
  33.616  83.740  72.742  33.549  84.070  73.039  33.510  83.740  73.030
0.86  0.86  0.86 7
   0.895  -0.026   0.446   0.932  -0.222   0.288   0.947  -0.086   0.309 1
  27.955  84.406  72.682  27.970  84.098  72.678  27.997  84.406  73.038
0.86  0.86  0.86 7
  -0.995   0.057   0.085  -0.976  -0.169   0.137  -0.998  -0.033   0.060 1
  27.997  84.406  73.038  27.970  84.098  72.678  28.038  84.240  73.037
0.86  0.86  0.86 7
  -0.998  -0.033   0.060  -0.976  -0.169   0.137  -0.958  -0.222   0.181 1
  28.038  84.240  73.037  27.970  84.098  72.678  28.022  84.069  72.874
0.86  0.86  0.86 7
  -0.958  -0.222   0.181  -0.976  -0.169   0.137  -0.935  -0.237   0.264 1
  28.086  84.044  73.067  28.038  84.240  73.037  28.022  84.069  72.874
0.86  0.86  0.86 7
  -0.908  -0.334   0.251  -0.958  -0.222   0.181  -0.935  -0.237   0.264 1
  33.647  84.046  72.758  33.730  84.229  72.718  33.719  84.403  72.874
0.86  0.86  0.86 7
   0.884  -0.219   0.413   0.866  -0.247   0.434   0.902  -0.306   0.304 1
  33.647  84.046  72.758  33.719  84.403  72.874  33.647  84.351  73.064
0.86  0.86  0.86 7
   0.884  -0.219   0.413   0.902  -0.306   0.304   0.904  -0.323   0.279 1
  33.647  84.046  72.758  33.647  84.351  73.064  33.549  84.070  73.039
0.86  0.86  0.86 7
   0.884  -0.219   0.413   0.904  -0.323   0.279   0.932  -0.222   0.288 1
  33.794  84.428  72.670  33.719  84.403  72.874  33.730  84.229  72.718
0.86  0.86  0.86 7
   0.947  -0.190   0.260   0.902  -0.306   0.304   0.866  -0.247   0.434 1
  27.994  84.709  72.672  27.955  84.406  72.682  28.037  84.740  72.870
0.86  0.86  0.86 7
  -0.976   0.197   0.090  -0.995   0.057   0.085  -0.971   0.211   0.115 1
  28.037  84.740  72.870  27.955  84.406  72.682  28.012  84.576  73.036
0.86  0.86  0.86 7
  -0.971   0.211   0.115  -0.995   0.057   0.085  -0.985   0.167   0.041 1
  28.012  84.576  73.036  27.955  84.406  72.682  27.997  84.406  73.038
0.86  0.86  0.86 7
  -0.985   0.167   0.041  -0.995   0.057   0.085  -0.998  -0.033   0.060 1
  28.012  84.576  73.036  28.061  84.787  73.036  28.037  84.740  72.870
0.86  0.86  0.86 7
  -0.985   0.167   0.041  -0.955   0.295  -0.017  -0.971   0.211   0.115 1
  33.732  84.561  73.044  33.647  84.351  73.064  33.719  84.403  72.874
0.86  0.86  0.86 7
   0.898  -0.357   0.256   0.904  -0.323   0.279   0.902  -0.306   0.304 1
  33.794  84.428  72.670  33.846  84.746  72.703  33.805  84.756  73.020
0.86  0.86  0.86 7
   0.947  -0.190   0.260   0.988  -0.135   0.081   0.954  -0.256   0.153 1
  33.794  84.428  72.670  33.805  84.756  73.020  33.732  84.561  73.044
0.86  0.86  0.86 7
   0.947  -0.190   0.260   0.954  -0.256   0.153   0.898  -0.357   0.256 1
  33.794  84.428  72.670  33.732  84.561  73.044  33.719  84.403  72.874
0.86  0.86  0.86 7
   0.947  -0.190   0.260   0.898  -0.357   0.256   0.902  -0.306   0.304 1
  28.037  84.740  72.870  28.055  84.899  72.699  27.994  84.709  72.672
0.86  0.86  0.86 7
  -0.971   0.211   0.115  -0.940   0.331   0.087  -0.976   0.197   0.090 1
  28.152  85.099  72.717  28.055  84.899  72.699  28.183  85.084  73.036
0.86  0.86  0.86 7
  -0.860   0.502   0.097  -0.940   0.331   0.087  -0.865   0.502  -0.009 1
  28.061  84.787  73.036  28.183  85.084  73.036  28.055  84.899  72.699
0.86  0.86  0.86 7
  -0.955   0.295  -0.017  -0.865   0.502  -0.009  -0.940   0.331   0.087 1
  28.061  84.787  73.036  28.055  84.899  72.699  28.037  84.740  72.870
0.86  0.86  0.86 7
  -0.955   0.295  -0.017  -0.940   0.331   0.087  -0.971   0.211   0.115 1
  33.846  84.746  72.703  33.890  85.073  72.703  33.869  85.073  73.037
0.86  0.86  0.86 7
   0.988  -0.135   0.081   0.998  -0.062  -0.027   0.984  -0.174   0.042 1
  33.846  84.746  72.703  33.869  85.073  73.037  33.805  84.756  73.020
0.86  0.86  0.86 7
   0.988  -0.135   0.081   0.984  -0.174   0.042   0.954  -0.256   0.153 1
  28.297  85.344  72.673  28.152  85.099  72.717  28.391  85.390  72.867
0.86  0.86  0.86 7
  -0.801   0.588   0.113  -0.860   0.502   0.097  -0.734   0.654   0.183 1
  28.391  85.390  72.867  28.152  85.099  72.717  28.314  85.280  73.037
0.86  0.86  0.86 7
  -0.734   0.654   0.183  -0.860   0.502   0.097  -0.758   0.651   0.040 1
  28.314  85.280  73.037  28.152  85.099  72.717  28.183  85.084  73.036
0.86  0.86  0.86 7
  -0.758   0.651   0.040  -0.860   0.502   0.097  -0.865   0.502  -0.009 1
  28.314  85.280  73.037  28.514  85.455  73.038  28.391  85.390  72.867
0.86  0.86  0.86 7
  -0.758   0.651   0.040  -0.599   0.801   0.005  -0.734   0.654   0.183 1
  33.890  85.073  72.703  33.881  85.406  72.703  33.908  85.398  73.037
0.86  0.86  0.86 7
   0.998  -0.062  -0.027   0.993  -0.014  -0.113   0.991  -0.113  -0.078 1
  33.890  85.073  72.703  33.908  85.398  73.037  33.869  85.073  73.037
0.86  0.86  0.86 7
   0.998  -0.062  -0.027   0.991  -0.113  -0.078   0.984  -0.174   0.042 1
  28.391  85.390  72.867  28.414  85.473  72.671  28.297  85.344  72.673
0.86  0.86  0.86 7
  -0.734   0.654   0.183  -0.625   0.771   0.120  -0.801   0.588   0.113 1
  28.679  85.608  72.715  28.414  85.473  72.671  28.706  85.571  73.037
0.86  0.86  0.86 7
  -0.582   0.799   0.148  -0.625   0.771   0.120  -0.578   0.815   0.031 1
  28.706  85.571  73.037  28.414  85.473  72.671  28.514  85.455  73.038
0.86  0.86  0.86 7
  -0.578   0.815   0.031  -0.625   0.771   0.120  -0.599   0.801   0.005 1
  28.514  85.455  73.038  28.414  85.473  72.671  28.391  85.390  72.867
0.86  0.86  0.86 7
  -0.599   0.801   0.005  -0.625   0.771   0.120  -0.734   0.654   0.183 1
  28.853  85.758  72.710  28.679  85.608  72.715  28.886  85.725  73.036
0.86  0.86  0.86 7
  -0.544   0.829   0.126  -0.582   0.799   0.148  -0.591   0.806   0.022 1
  28.886  85.725  73.036  28.679  85.608  72.715  28.706  85.571  73.037
0.86  0.86  0.86 7
  -0.591   0.806   0.022  -0.582   0.799   0.148  -0.578   0.815   0.031 1
  33.881  85.406  72.703  33.887  85.739  72.699  33.952  85.721  73.018
0.86  0.86  0.86 7
   0.993  -0.014  -0.113   0.963  -0.071  -0.259   0.963  -0.212  -0.167 1
  33.881  85.406  72.703  33.952  85.721  73.018  33.908  85.398  73.037
0.86  0.86  0.86 7
   0.993  -0.014  -0.113   0.963  -0.212  -0.167   0.991  -0.113  -0.078 1
  29.058  85.871  72.698  28.853  85.758  72.710  29.079  85.843  73.035
0.86  0.86  0.86 7
  -0.429   0.903   0.037  -0.544   0.829   0.126  -0.540   0.841  -0.025 1
  29.079  85.843  73.035  28.853  85.758  72.710  28.886  85.725  73.036
0.86  0.86  0.86 7
  -0.540   0.841  -0.025  -0.544   0.829   0.126  -0.591   0.806   0.022 1
  29.354  85.978  72.686  29.058  85.871  72.698  29.306  85.992  73.033
0.86  0.86  0.86 7
  -0.350   0.930  -0.113  -0.429   0.903   0.037  -0.511   0.856  -0.079 1
  29.306  85.992  73.033  29.058  85.871  72.698  29.079  85.843  73.035
0.86  0.86  0.86 7
  -0.511   0.856  -0.079  -0.429   0.903   0.037  -0.540   0.841  -0.025 1
  29.548  86.049  72.710  29.354  85.978  72.686  29.503  86.122  73.023
0.86  0.86  0.86 7
  -0.382   0.887  -0.260  -0.350   0.930  -0.113  -0.571   0.776  -0.267 1
  29.503  86.122  73.023  29.354  85.978  72.686  29.306  85.992  73.033
0.86  0.86  0.86 7
  -0.571   0.776  -0.267  -0.350   0.930  -0.113  -0.511   0.856  -0.079 1
  33.887  85.739  72.699  33.905  86.073  72.679  34.003  86.083  72.885
0.86  0.86  0.86 7
   0.963  -0.071  -0.259   0.883  -0.091  -0.461   0.865  -0.261  -0.428 1
  33.887  85.739  72.699  34.003  86.083  72.885  34.018  85.914  73.042
0.86  0.86  0.86 7
   0.963  -0.071  -0.259   0.865  -0.261  -0.428   0.902  -0.339  -0.265 1
  33.887  85.739  72.699  34.018  85.914  73.042  33.952  85.721  73.018
0.86  0.86  0.86 7
   0.963  -0.071  -0.259   0.902  -0.339  -0.265   0.963  -0.212  -0.167 1
  34.122  86.102  73.092  34.018  85.914  73.042  34.003  86.083  72.885
0.86  0.86  0.86 7
   0.824  -0.428  -0.370   0.902  -0.339  -0.265   0.865  -0.261  -0.428 1
  29.755  86.161  72.728  29.548  86.049  72.710  29.692  86.259  73.024
0.86  0.86  0.86 7
  -0.346   0.821  -0.454  -0.382   0.887  -0.260  -0.523   0.761  -0.384 1
  29.692  86.259  73.024  29.548  86.049  72.710  29.503  86.122  73.023
0.86  0.86  0.86 7
  -0.523   0.761  -0.384  -0.382   0.887  -0.260  -0.571   0.776  -0.267 1
  30.043  86.220  72.716  29.755  86.161  72.728  30.049  86.371  72.904
0.86  0.86  0.86 7
  -0.163   0.776  -0.609  -0.346   0.821  -0.454  -0.287   0.710  -0.643 1
  30.049  86.371  72.904  29.755  86.161  72.728  29.873  86.403  73.039
0.86  0.86  0.86 7
  -0.287   0.710  -0.643  -0.346   0.821  -0.454  -0.489   0.670  -0.559 1
  29.873  86.403  73.039  29.755  86.161  72.728  29.692  86.259  73.024
0.86  0.86  0.86 7
  -0.489   0.670  -0.559  -0.346   0.821  -0.454  -0.523   0.761  -0.384 1
  30.371  86.254  72.689  30.043  86.220  72.716  30.371  86.429  72.838
0.86  0.86  0.86 7
  -0.117   0.708  -0.697  -0.163   0.776  -0.609  -0.198   0.598  -0.777 1
  30.371  86.429  72.838  30.043  86.220  72.716  30.049  86.371  72.904
0.86  0.86  0.86 7
  -0.198   0.598  -0.777  -0.163   0.776  -0.609  -0.287   0.710  -0.643 1
  30.691  86.280  72.663  30.371  86.254  72.689  30.687  86.451  72.808
0.86  0.86  0.86 7
  -0.228   0.706  -0.670  -0.117   0.708  -0.697  -0.194   0.575  -0.795 1
  30.687  86.451  72.808  30.371  86.254  72.689  30.371  86.429  72.838
0.86  0.86  0.86 7
  -0.194   0.575  -0.795  -0.117   0.708  -0.697  -0.198   0.598  -0.777 1
  30.687  86.451  72.808  30.871  86.407  72.703  30.691  86.280  72.663
0.86  0.86  0.86 7
  -0.194   0.575  -0.795  -0.360   0.591  -0.722  -0.228   0.706  -0.670 1
  33.905  86.073  72.679  33.934  86.388  72.658  34.080  86.392  72.828
0.86  0.86  0.86 7
   0.883  -0.091  -0.461   0.762  -0.123  -0.636   0.791  -0.241  -0.563 1
  33.905  86.073  72.679  34.080  86.392  72.828  34.003  86.083  72.885
0.86  0.86  0.86 7
   0.883  -0.091  -0.461   0.791  -0.241  -0.563   0.865  -0.261  -0.428 1
  34.003  86.083  72.885  34.080  86.392  72.828  34.222  86.395  73.025
0.86  0.86  0.86 7
   0.865  -0.261  -0.428   0.791  -0.241  -0.563   0.783  -0.338  -0.523 1
  34.003  86.083  72.885  34.222  86.395  73.025  34.122  86.102  73.092
0.86  0.86  0.86 7
   0.865  -0.261  -0.428   0.783  -0.338  -0.523   0.824  -0.428  -0.370 1
  29.873  86.403  73.039  30.056  86.543  73.073  30.049  86.371  72.904
0.86  0.86  0.86 7
  -0.489   0.670  -0.559  -0.373   0.592  -0.714  -0.287   0.710  -0.643 1
  30.049  86.371  72.904  30.056  86.543  73.073  30.341  86.612  72.984
0.86  0.86  0.86 7
  -0.287   0.710  -0.643  -0.373   0.592  -0.714  -0.331   0.559  -0.761 1
  30.049  86.371  72.904  30.341  86.612  72.984  30.371  86.429  72.838
0.86  0.86  0.86 7
  -0.287   0.710  -0.643  -0.331   0.559  -0.761  -0.198   0.598  -0.777 1
  30.371  86.429  72.838  30.341  86.612  72.984  30.525  86.758  73.005
0.86  0.86  0.86 7
  -0.198   0.598  -0.777  -0.331   0.559  -0.761  -0.262   0.506  -0.822 1
  30.371  86.429  72.838  30.525  86.758  73.005  30.725  86.709  72.942
0.86  0.86  0.86 7
  -0.198   0.598  -0.777  -0.262   0.506  -0.822  -0.219   0.489  -0.844 1
  30.371  86.429  72.838  30.725  86.709  72.942  30.687  86.451  72.808
0.86  0.86  0.86 7
  -0.198   0.598  -0.777  -0.219   0.489  -0.844  -0.194   0.575  -0.795 1
  31.047  86.563  72.718  30.871  86.407  72.703  31.031  86.750  72.852
0.86  0.86  0.86 7
  -0.307   0.582  -0.753  -0.360   0.591  -0.722  -0.293   0.550  -0.782 1
  30.725  86.709  72.942  31.031  86.750  72.852  30.871  86.407  72.703
0.86  0.86  0.86 7
  -0.219   0.489  -0.844  -0.293   0.550  -0.782  -0.360   0.591  -0.722 1
  30.725  86.709  72.942  30.871  86.407  72.703  30.687  86.451  72.808
0.86  0.86  0.86 7
  -0.219   0.489  -0.844  -0.360   0.591  -0.722  -0.194   0.575  -0.795 1
  31.356  86.617  72.659  31.047  86.563  72.718  31.352  86.787  72.804
0.86  0.86  0.86 7
  -0.315   0.668  -0.674  -0.307   0.582  -0.753  -0.251   0.553  -0.795 1
  31.352  86.787  72.804  31.047  86.563  72.718  31.031  86.750  72.852
0.86  0.86  0.86 7
  -0.251   0.553  -0.795  -0.307   0.582  -0.753  -0.293   0.550  -0.782 1
  31.352  86.787  72.804  31.536  86.744  72.698  31.356  86.617  72.659
0.86  0.86  0.86 7
  -0.251   0.553  -0.795  -0.365   0.577  -0.730  -0.315   0.668  -0.674 1
  34.040  86.572  72.702  34.080  86.392  72.828  33.934  86.388  72.658
0.86  0.86  0.86 7
   0.716  -0.262  -0.647   0.791  -0.241  -0.563   0.762  -0.123  -0.636 1
  34.040  86.572  72.702  34.157  86.759  72.751  34.303  86.762  72.916
0.86  0.86  0.86 7
   0.716  -0.262  -0.647   0.707  -0.168  -0.687   0.782  -0.202  -0.589 1
  34.040  86.572  72.702  34.303  86.762  72.916  34.338  86.587  73.056
0.86  0.86  0.86 7
   0.716  -0.262  -0.647   0.782  -0.202  -0.589   0.814  -0.326  -0.481 1
  34.040  86.572  72.702  34.338  86.587  73.056  34.222  86.395  73.025
0.86  0.86  0.86 7
   0.716  -0.262  -0.647   0.814  -0.326  -0.481   0.783  -0.338  -0.523 1
  34.040  86.572  72.702  34.222  86.395  73.025  34.080  86.392  72.828
0.86  0.86  0.86 7
   0.716  -0.262  -0.647   0.783  -0.338  -0.523   0.791  -0.241  -0.563 1
  34.432  86.775  73.107  34.338  86.587  73.056  34.303  86.762  72.916
0.86  0.86  0.86 7
   0.875  -0.184  -0.448   0.814  -0.326  -0.481   0.782  -0.202  -0.589 1
  30.525  86.758  73.005  30.705  86.905  73.038  30.725  86.709  72.942
0.86  0.86  0.86 7
  -0.262   0.506  -0.822  -0.174   0.503  -0.846  -0.219   0.489  -0.844 1
  30.725  86.709  72.942  30.705  86.905  73.038  31.028  86.930  73.003
0.86  0.86  0.86 7
  -0.219   0.489  -0.844  -0.174   0.503  -0.846  -0.251   0.550  -0.797 1
  30.725  86.709  72.942  31.028  86.930  73.003  31.031  86.750  72.852
0.86  0.86  0.86 7
  -0.219   0.489  -0.844  -0.251   0.550  -0.797  -0.293   0.550  -0.782 1
  31.031  86.750  72.852  31.028  86.930  73.003  31.203  87.075  73.033
0.86  0.86  0.86 7
  -0.293   0.550  -0.782  -0.251   0.550  -0.797  -0.346   0.583  -0.735 1
  31.031  86.750  72.852  31.203  87.075  73.033  31.391  87.045  72.937
0.86  0.86  0.86 7
  -0.293   0.550  -0.782  -0.346   0.583  -0.735  -0.355   0.463  -0.812 1
  31.031  86.750  72.852  31.391  87.045  72.937  31.352  86.787  72.804
0.86  0.86  0.86 7
  -0.293   0.550  -0.782  -0.355   0.463  -0.812  -0.251   0.553  -0.795 1
  31.711  86.900  72.712  31.536  86.744  72.698  31.682  87.090  72.831
0.86  0.86  0.86 7
  -0.511   0.487  -0.708  -0.365   0.577  -0.730  -0.432   0.389  -0.814 1
  31.391  87.045  72.937  31.682  87.090  72.831  31.536  86.744  72.698
0.86  0.86  0.86 7
  -0.355   0.463  -0.812  -0.432   0.389  -0.814  -0.365   0.577  -0.730 1
  31.391  87.045  72.937  31.536  86.744  72.698  31.352  86.787  72.804
0.86  0.86  0.86 7
  -0.355   0.463  -0.812  -0.365   0.577  -0.730  -0.251   0.553  -0.795 1
  31.682  87.090  72.831  31.866  87.076  72.697  31.711  86.900  72.712
0.86  0.86  0.86 7
  -0.432   0.389  -0.814  -0.592   0.369  -0.717  -0.511   0.487  -0.708 1
  34.157  86.759  72.751  34.182  87.073  72.726  34.332  87.073  72.898
0.86  0.86  0.86 7
   0.707  -0.168  -0.687   0.708  -0.016  -0.706   0.795  -0.018  -0.607 1
  34.157  86.759  72.751  34.332  87.073  72.898  34.303  86.762  72.916
0.86  0.86  0.86 7
   0.707  -0.168  -0.687   0.795  -0.018  -0.607   0.782  -0.202  -0.589 1
  34.303  86.762  72.916  34.332  87.073  72.898  34.458  87.073  73.090
0.86  0.86  0.86 7
   0.782  -0.202  -0.589   0.795  -0.018  -0.607   0.882  -0.018  -0.470 1
  34.303  86.762  72.916  34.458  87.073  73.090  34.432  86.775  73.107
0.86  0.86  0.86 7
   0.782  -0.202  -0.589   0.882  -0.018  -0.470   0.875  -0.184  -0.448 1
  31.203  87.075  73.033  31.378  87.233  73.047  31.391  87.045  72.937
0.86  0.86  0.86 7
  -0.346   0.583  -0.735  -0.428   0.523  -0.737  -0.355   0.463  -0.812 1
  31.391  87.045  72.937  31.378  87.233  73.047  31.551  87.393  73.056
0.86  0.86  0.86 7
  -0.355   0.463  -0.812  -0.428   0.523  -0.737  -0.541   0.551  -0.635 1
  31.391  87.045  72.937  31.551  87.393  73.056  31.734  87.392  72.913
0.86  0.86  0.86 7
  -0.355   0.463  -0.812  -0.541   0.551  -0.635  -0.538   0.369  -0.758 1
  31.391  87.045  72.937  31.734  87.392  72.913  31.682  87.090  72.831
0.86  0.86  0.86 7
  -0.355   0.463  -0.812  -0.538   0.369  -0.758  -0.432   0.389  -0.814 1
  31.923  87.386  72.754  31.866  87.076  72.697  31.734  87.392  72.913
0.86  0.86  0.86 7
  -0.654   0.299  -0.695  -0.592   0.369  -0.717  -0.538   0.369  -0.758 1
  31.734  87.392  72.913  31.866  87.076  72.697  31.682  87.090  72.831
0.86  0.86  0.86 7
  -0.538   0.369  -0.758  -0.592   0.369  -0.717  -0.432   0.389  -0.814 1
  34.182  87.073  72.726  34.164  87.393  72.744  34.315  87.397  72.917
0.86  0.86  0.86 7
   0.708  -0.016  -0.706   0.705   0.212  -0.676   0.776   0.158  -0.610 1
  34.182  87.073  72.726  34.315  87.397  72.917  34.332  87.073  72.898
0.86  0.86  0.86 7
   0.708  -0.016  -0.706   0.776   0.158  -0.610   0.795  -0.018  -0.607 1
  34.332  87.073  72.898  34.315  87.397  72.917  34.442  87.374  73.101
0.86  0.86  0.86 7
   0.795  -0.018  -0.607   0.776   0.158  -0.610   0.870   0.187  -0.457 1
  34.332  87.073  72.898  34.442  87.374  73.101  34.458  87.073  73.090
0.86  0.86  0.86 7
   0.795  -0.018  -0.607   0.870   0.187  -0.457   0.882  -0.018  -0.470 1
  31.551  87.393  73.056  31.709  87.570  73.042  31.734  87.392  72.913
0.86  0.86  0.86 7
  -0.541   0.551  -0.635  -0.625   0.457  -0.633  -0.538   0.369  -0.758 1
  32.041  87.571  72.706  31.923  87.386  72.754  32.007  87.765  72.839
0.86  0.86  0.86 7
  -0.632   0.300  -0.715  -0.654   0.299  -0.695  -0.664   0.398  -0.633 1
  32.007  87.765  72.839  31.923  87.386  72.754  31.849  87.754  73.022
0.86  0.86  0.86 7
  -0.664   0.398  -0.633  -0.654   0.299  -0.695  -0.708   0.480  -0.519 1
  31.849  87.754  73.022  31.923  87.386  72.754  31.709  87.570  73.042
0.86  0.86  0.86 7
  -0.708   0.480  -0.519  -0.654   0.299  -0.695  -0.625   0.457  -0.633 1
  31.709  87.570  73.042  31.923  87.386  72.754  31.734  87.392  72.913
0.86  0.86  0.86 7
  -0.625   0.457  -0.633  -0.654   0.299  -0.695  -0.538   0.369  -0.758 1
  32.007  87.765  72.839  32.184  87.752  72.678  32.041  87.571  72.706
0.86  0.86  0.86 7
  -0.664   0.398  -0.633  -0.545   0.445  -0.710  -0.632   0.300  -0.715 1
  33.895  87.764  72.667  34.080  87.767  72.828  34.045  87.577  72.695
0.86  0.86  0.86 7
   0.536   0.448  -0.715   0.659   0.398  -0.638   0.602   0.302  -0.739 1
  34.164  87.393  72.744  34.045  87.577  72.695  34.080  87.767  72.828
0.86  0.86  0.86 7
   0.705   0.212  -0.676   0.602   0.302  -0.739   0.659   0.398  -0.638 1
  34.164  87.393  72.744  34.080  87.767  72.828  34.241  87.764  73.013
0.86  0.86  0.86 7
   0.705   0.212  -0.676   0.659   0.398  -0.638   0.739   0.441  -0.509 1
  34.164  87.393  72.744  34.241  87.764  73.013  34.353  87.565  73.047
0.86  0.86  0.86 7
   0.705   0.212  -0.676   0.739   0.441  -0.509   0.787   0.302  -0.538 1
  34.164  87.393  72.744  34.353  87.565  73.047  34.315  87.397  72.917
0.86  0.86  0.86 7
   0.705   0.212  -0.676   0.787   0.302  -0.538   0.776   0.158  -0.610 1
  34.353  87.565  73.047  34.442  87.374  73.101  34.315  87.397  72.917
0.86  0.86  0.86 7
   0.787   0.302  -0.538   0.870   0.187  -0.457   0.776   0.158  -0.610 1
  31.849  87.754  73.022  31.994  87.943  73.000  32.007  87.765  72.839
0.86  0.86  0.86 7
  -0.708   0.480  -0.519  -0.633   0.533  -0.562  -0.664   0.398  -0.633 1
  32.353  87.925  72.675  32.184  87.752  72.678  32.343  88.109  72.834
0.86  0.86  0.86 7
  -0.435   0.518  -0.736  -0.545   0.445  -0.710  -0.466   0.610  -0.640 1
  32.343  88.109  72.834  32.184  87.752  72.678  32.166  88.120  72.998
0.86  0.86  0.86 7
  -0.466   0.610  -0.640  -0.545   0.445  -0.710  -0.552   0.657  -0.513 1
  32.166  88.120  72.998  32.184  87.752  72.678  31.994  87.943  73.000
0.86  0.86  0.86 7
  -0.552   0.657  -0.513  -0.545   0.445  -0.710  -0.633   0.533  -0.562 1
  31.994  87.943  73.000  32.184  87.752  72.678  32.007  87.765  72.839
0.86  0.86  0.86 7
  -0.633   0.533  -0.562  -0.545   0.445  -0.710  -0.664   0.398  -0.633 1
  32.343  88.109  72.834  32.535  88.077  72.698  32.353  87.925  72.675
0.86  0.86  0.86 7
  -0.466   0.610  -0.640  -0.326   0.637  -0.698  -0.435   0.518  -0.736 1
  33.544  88.082  72.692  33.734  88.117  72.826  33.729  87.931  72.667
0.86  0.86  0.86 7
   0.314   0.641  -0.701   0.455   0.615  -0.644   0.401   0.520  -0.754 1
  33.895  87.764  72.667  33.729  87.931  72.667  33.734  88.117  72.826
0.86  0.86  0.86 7
   0.536   0.448  -0.715   0.401   0.520  -0.754   0.455   0.615  -0.644 1
  33.895  87.764  72.667  33.734  88.117  72.826  33.918  88.129  72.990
0.86  0.86  0.86 7
   0.536   0.448  -0.715   0.455   0.615  -0.644   0.540   0.663  -0.518 1
  33.895  87.764  72.667  33.918  88.129  72.990  34.093  87.952  72.991
0.86  0.86  0.86 7
   0.536   0.448  -0.715   0.540   0.663  -0.518   0.626   0.532  -0.570 1
  33.895  87.764  72.667  34.093  87.952  72.991  34.080  87.767  72.828
0.86  0.86  0.86 7
   0.536   0.448  -0.715   0.626   0.532  -0.570   0.659   0.398  -0.638 1
  34.093  87.952  72.991  34.241  87.764  73.013  34.080  87.767  72.828
0.86  0.86  0.86 7
   0.626   0.532  -0.570   0.739   0.441  -0.509   0.659   0.398  -0.638 1
  32.166  88.120  72.998  32.351  88.270  73.016  32.343  88.109  72.834
0.86  0.86  0.86 7
  -0.552   0.657  -0.513  -0.416   0.726  -0.547  -0.466   0.610  -0.640 1
  32.718  88.200  72.743  32.535  88.077  72.698  32.723  88.350  72.908
0.86  0.86  0.86 7
  -0.178   0.701  -0.691  -0.326   0.637  -0.698  -0.203   0.776  -0.597 1
  32.723  88.350  72.908  32.535  88.077  72.698  32.546  88.387  73.048
0.86  0.86  0.86 7
  -0.203   0.776  -0.597  -0.326   0.637  -0.698  -0.321   0.810  -0.491 1
  32.546  88.387  73.048  32.535  88.077  72.698  32.351  88.270  73.016
0.86  0.86  0.86 7
  -0.321   0.810  -0.491  -0.326   0.637  -0.698  -0.416   0.726  -0.547 1
  32.351  88.270  73.016  32.535  88.077  72.698  32.343  88.109  72.834
0.86  0.86  0.86 7
  -0.416   0.726  -0.547  -0.326   0.637  -0.698  -0.466   0.610  -0.640 1
  33.038  88.225  72.718  32.718  88.200  72.743  33.038  88.377  72.891
0.86  0.86  0.86 7
  -0.008   0.703  -0.711  -0.178   0.701  -0.691  -0.009   0.792  -0.611 1
  33.038  88.377  72.891  32.718  88.200  72.743  32.723  88.350  72.908
0.86  0.86  0.86 7
  -0.009   0.792  -0.611  -0.178   0.701  -0.691  -0.203   0.776  -0.597 1
  33.359  88.204  72.739  33.038  88.225  72.718  33.363  88.357  72.911
0.86  0.86  0.86 7
   0.162   0.684  -0.711  -0.008   0.703  -0.711   0.191   0.764  -0.616 1
  33.363  88.357  72.911  33.038  88.225  72.718  33.038  88.377  72.891
0.86  0.86  0.86 7
   0.191   0.764  -0.616  -0.008   0.703  -0.711  -0.009   0.792  -0.611 1
  33.544  88.082  72.692  33.359  88.204  72.739  33.363  88.357  72.911
0.86  0.86  0.86 7
   0.314   0.641  -0.701   0.162   0.684  -0.711   0.191   0.764  -0.616 1
  33.544  88.082  72.692  33.363  88.357  72.911  33.533  88.394  73.044
0.86  0.86  0.86 7
   0.314   0.641  -0.701   0.191   0.764  -0.616   0.307   0.815  -0.492 1
  33.544  88.082  72.692  33.533  88.394  73.044  33.731  88.279  73.010
0.86  0.86  0.86 7
   0.314   0.641  -0.701   0.307   0.815  -0.492   0.405   0.729  -0.552 1
  33.544  88.082  72.692  33.731  88.279  73.010  33.734  88.117  72.826
0.86  0.86  0.86 7
   0.314   0.641  -0.701   0.405   0.729  -0.552   0.455   0.615  -0.644 1
  33.731  88.279  73.010  33.918  88.129  72.990  33.734  88.117  72.826
0.86  0.86  0.86 7
   0.405   0.729  -0.552   0.540   0.663  -0.518   0.455   0.615  -0.644 1
  32.546  88.387  73.048  32.736  88.479  73.099  32.723  88.350  72.908
0.86  0.86  0.86 7
  -0.321   0.810  -0.491  -0.176   0.874  -0.452  -0.203   0.776  -0.597 1
  32.723  88.350  72.908  32.736  88.479  73.099  33.038  88.504  73.082
0.86  0.86  0.86 7
  -0.203   0.776  -0.597  -0.176   0.874  -0.452  -0.007   0.880  -0.474 1
  32.723  88.350  72.908  33.038  88.504  73.082  33.038  88.377  72.891
0.86  0.86  0.86 7
  -0.203   0.776  -0.597  -0.007   0.880  -0.474  -0.009   0.792  -0.611 1
  33.038  88.377  72.891  33.038  88.504  73.082  33.342  88.484  73.096
0.86  0.86  0.86 7
  -0.009   0.792  -0.611  -0.007   0.880  -0.474   0.158   0.860  -0.485 1
  33.038  88.377  72.891  33.342  88.484  73.096  33.363  88.357  72.911
0.86  0.86  0.86 7
  -0.009   0.792  -0.611   0.158   0.860  -0.485   0.191   0.764  -0.616 1
  33.342  88.484  73.096  33.533  88.394  73.044  33.363  88.357  72.911
0.86  0.86  0.86 7
   0.158   0.860  -0.485   0.307   0.815  -0.492   0.191   0.764  -0.616 1
  29.548  82.420  73.041  29.739  82.321  73.060  29.526  82.381  73.370
0.86  0.86  0.86 7
  -0.490  -0.832  -0.259  -0.377  -0.897  -0.233  -0.514  -0.857  -0.039 1
  29.526  82.381  73.370  29.739  82.321  73.060  29.725  82.281  73.370
0.86  0.86  0.86 7
  -0.514  -0.857  -0.039  -0.377  -0.897  -0.233  -0.378  -0.926  -0.010 1
  29.739  82.321  73.060  30.036  82.232  73.035  30.025  82.186  73.370
0.86  0.86  0.86 7
  -0.377  -0.897  -0.233  -0.209  -0.962  -0.176  -0.208  -0.977  -0.040 1
  29.739  82.321  73.060  30.025  82.186  73.370  29.725  82.281  73.370
0.86  0.86  0.86 7
  -0.377  -0.897  -0.233  -0.208  -0.977  -0.040  -0.378  -0.926  -0.010 1
  30.036  82.232  73.035  30.356  82.179  73.021  30.371  82.146  73.370
0.86  0.86  0.86 7
  -0.209  -0.962  -0.176  -0.110  -0.988  -0.105  -0.023  -0.999  -0.024 1
  30.036  82.232  73.035  30.371  82.146  73.370  30.025  82.186  73.370
0.86  0.86  0.86 7
  -0.209  -0.962  -0.176  -0.023  -0.999  -0.024  -0.208  -0.977  -0.040 1
  30.356  82.179  73.021  30.705  82.160  73.046  30.720  82.177  73.370
0.86  0.86  0.86 7
  -0.110  -0.988  -0.105  -0.047  -0.995   0.085   0.105  -0.993   0.051 1
  30.356  82.179  73.021  30.720  82.177  73.370  30.371  82.146  73.370
0.86  0.86  0.86 7
  -0.110  -0.988  -0.105   0.105  -0.993   0.051  -0.023  -0.999  -0.024 1
  30.705  82.160  73.046  31.039  82.181  73.050  31.038  82.218  73.370
0.86  0.86  0.86 7
  -0.047  -0.995   0.085  -0.016  -0.975   0.224   0.091  -0.984   0.151 1
  30.705  82.160  73.046  31.038  82.218  73.370  30.720  82.177  73.370
0.86  0.86  0.86 7
  -0.047  -0.995   0.085   0.091  -0.984   0.151   0.105  -0.993   0.051 1
  31.039  82.181  73.050  31.352  82.151  73.057  31.371  82.236  73.371
0.86  0.86  0.86 7
  -0.016  -0.975   0.224  -0.104  -0.951   0.291  -0.021  -0.965   0.261 1
  31.039  82.181  73.050  31.371  82.236  73.371  31.038  82.218  73.370
0.86  0.86  0.86 7
  -0.016  -0.975   0.224  -0.021  -0.965   0.261   0.091  -0.984   0.151 1
  31.352  82.151  73.057  31.705  82.114  73.077  31.705  82.207  73.378
0.86  0.86  0.86 7
  -0.104  -0.951   0.291  -0.050  -0.945   0.324  -0.037  -0.941   0.337 1
  31.352  82.151  73.057  31.705  82.207  73.378  31.371  82.236  73.371
0.86  0.86  0.86 7
  -0.104  -0.951   0.291  -0.037  -0.941   0.337  -0.021  -0.965   0.261 1
  31.705  82.114  73.077  32.064  82.123  73.072  32.044  82.217  73.376
0.86  0.86  0.86 7
  -0.050  -0.945   0.324   0.135  -0.932   0.335   0.152  -0.926   0.346 1
  31.705  82.114  73.077  32.044  82.217  73.376  31.705  82.207  73.378
0.86  0.86  0.86 7
  -0.050  -0.945   0.324   0.152  -0.926   0.346  -0.037  -0.941   0.337 1
  32.064  82.123  73.072  32.392  82.203  73.052  32.350  82.290  73.356
0.86  0.86  0.86 7
   0.135  -0.932   0.335   0.361  -0.875   0.322   0.292  -0.900   0.324 1
  32.064  82.123  73.072  32.350  82.290  73.356  32.044  82.217  73.376
0.86  0.86  0.86 7
   0.135  -0.932   0.335   0.292  -0.900   0.324   0.152  -0.926   0.346 1
  32.392  82.203  73.052  32.643  82.332  73.006  32.700  82.414  73.202
0.86  0.86  0.86 7
   0.361  -0.875   0.322   0.471  -0.825   0.312   0.486  -0.839   0.246 1
  32.392  82.203  73.052  32.700  82.414  73.202  32.549  82.382  73.377
0.86  0.86  0.86 7
   0.361  -0.875   0.322   0.486  -0.839   0.246   0.440  -0.827   0.351 1
  32.392  82.203  73.052  32.549  82.382  73.377  32.350  82.290  73.356
0.86  0.86  0.86 7
   0.361  -0.875   0.322   0.440  -0.827   0.351   0.292  -0.900   0.324 1
  32.841  82.443  73.018  32.700  82.414  73.202  32.643  82.332  73.006
0.86  0.86  0.86 7
   0.526  -0.784   0.330   0.486  -0.839   0.246   0.471  -0.825   0.312 1
  29.168  82.703  73.036  29.359  82.556  73.032  29.150  82.685  73.370
0.86  0.86  0.86 7
  -0.619  -0.778  -0.106  -0.602  -0.775  -0.192  -0.722  -0.692  -0.019 1
  29.150  82.685  73.370  29.359  82.556  73.032  29.331  82.517  73.370
0.86  0.86  0.86 7
  -0.722  -0.692  -0.019  -0.602  -0.775  -0.192  -0.629  -0.776  -0.039 1
  29.359  82.556  73.032  29.548  82.420  73.041  29.331  82.517  73.370
0.86  0.86  0.86 7
  -0.602  -0.775  -0.192  -0.490  -0.832  -0.259  -0.629  -0.776  -0.039 1
  29.331  82.517  73.370  29.548  82.420  73.041  29.526  82.381  73.370
0.86  0.86  0.86 7
  -0.629  -0.776  -0.039  -0.490  -0.832  -0.259  -0.514  -0.857  -0.039 1
  32.751  82.508  73.388  32.549  82.382  73.377  32.700  82.414  73.202
0.86  0.86  0.86 7
   0.549  -0.760   0.346   0.440  -0.827   0.351   0.486  -0.839   0.246 1
  32.841  82.443  73.018  33.033  82.582  73.033  33.063  82.719  73.216
0.86  0.86  0.86 7
   0.526  -0.784   0.330   0.528  -0.720   0.450   0.637  -0.682   0.360 1
  32.841  82.443  73.018  33.063  82.719  73.216  32.941  82.670  73.393
0.86  0.86  0.86 7
   0.526  -0.784   0.330   0.637  -0.682   0.360   0.659  -0.665   0.350 1
  32.841  82.443  73.018  32.941  82.670  73.393  32.751  82.508  73.388
0.86  0.86  0.86 7
   0.526  -0.784   0.330   0.659  -0.665   0.350   0.549  -0.760   0.346 1
  32.841  82.443  73.018  32.751  82.508  73.388  32.700  82.414  73.202
0.86  0.86  0.86 7
   0.526  -0.784   0.330   0.549  -0.760   0.346   0.486  -0.839   0.246 1
  33.196  82.745  73.031  33.063  82.719  73.216  33.033  82.582  73.033
0.86  0.86  0.86 7
   0.708  -0.554   0.438   0.637  -0.682   0.360   0.528  -0.720   0.450 1
  28.823  83.025  73.052  28.997  82.849  73.036  28.848  83.056  73.377
0.86  0.86  0.86 7
  -0.666  -0.718   0.203  -0.635  -0.771   0.050  -0.749  -0.654   0.106 1
  28.848  83.056  73.377  28.997  82.849  73.036  28.996  82.877  73.370
0.86  0.86  0.86 7
  -0.749  -0.654   0.106  -0.635  -0.771   0.050  -0.761  -0.647   0.045 1
  28.997  82.849  73.036  29.168  82.703  73.036  28.996  82.877  73.370
0.86  0.86  0.86 7
  -0.635  -0.771   0.050  -0.619  -0.778  -0.106  -0.761  -0.647   0.045 1
  28.996  82.877  73.370  29.168  82.703  73.036  29.150  82.685  73.370
0.86  0.86  0.86 7
  -0.761  -0.647   0.045  -0.619  -0.778  -0.106  -0.722  -0.692  -0.019 1
  33.106  82.857  73.390  32.941  82.670  73.393  33.063  82.719  73.216
0.86  0.86  0.86 7
   0.734  -0.565   0.377   0.659  -0.665   0.350   0.637  -0.682   0.360 1
  33.196  82.745  73.031  33.332  82.932  73.010  33.327  83.099  73.184
0.86  0.86  0.86 7
   0.708  -0.554   0.438   0.708  -0.446   0.547   0.799  -0.451   0.397 1
  33.196  82.745  73.031  33.327  83.099  73.184  33.233  83.057  73.382
0.86  0.86  0.86 7
   0.708  -0.554   0.438   0.799  -0.451   0.397   0.833  -0.409   0.372 1
  33.196  82.745  73.031  33.233  83.057  73.382  33.106  82.857  73.390
0.86  0.86  0.86 7
   0.708  -0.554   0.438   0.833  -0.409   0.372   0.734  -0.565   0.377 1
  33.196  82.745  73.031  33.106  82.857  73.390  33.063  82.719  73.216
0.86  0.86  0.86 7
   0.708  -0.554   0.438   0.734  -0.565   0.377   0.637  -0.682   0.360 1
  33.458  83.127  72.981  33.327  83.099  73.184  33.332  82.932  73.010
0.86  0.86  0.86 7
   0.836  -0.303   0.458   0.799  -0.451   0.397   0.708  -0.446   0.547 1
  28.470  83.338  73.082  28.655  83.170  73.056  28.540  83.409  73.369
0.86  0.86  0.86 7
  -0.698  -0.645   0.312  -0.636  -0.722   0.272  -0.716  -0.669   0.198 1
  28.540  83.409  73.369  28.655  83.170  73.056  28.696  83.231  73.373
0.86  0.86  0.86 7
  -0.716  -0.669   0.198  -0.636  -0.722   0.272  -0.728  -0.669   0.150 1
  28.655  83.170  73.056  28.823  83.025  73.052  28.696  83.231  73.373
0.86  0.86  0.86 7
  -0.636  -0.722   0.272  -0.666  -0.718   0.203  -0.728  -0.669   0.150 1
  28.696  83.231  73.373  28.823  83.025  73.052  28.848  83.056  73.377
0.86  0.86  0.86 7
  -0.728  -0.669   0.150  -0.666  -0.718   0.203  -0.749  -0.654   0.106 1
  33.333  83.256  73.359  33.233  83.057  73.382  33.327  83.099  73.184
0.86  0.86  0.86 7
   0.854  -0.355   0.380   0.833  -0.409   0.372   0.799  -0.451   0.397 1
  33.458  83.127  72.981  33.485  83.421  73.013  33.393  83.447  73.346
0.86  0.86  0.86 7
   0.836  -0.303   0.458   0.918  -0.116   0.378   0.927  -0.178   0.329 1
  33.458  83.127  72.981  33.393  83.447  73.346  33.333  83.256  73.359
0.86  0.86  0.86 7
   0.836  -0.303   0.458   0.927  -0.178   0.329   0.854  -0.355   0.380 1
  33.458  83.127  72.981  33.333  83.256  73.359  33.327  83.099  73.184
0.86  0.86  0.86 7
   0.836  -0.303   0.458   0.854  -0.355   0.380   0.799  -0.451   0.397 1
  28.232  83.752  73.025  28.314  83.558  73.057  28.304  83.784  73.358
0.86  0.86  0.86 7
  -0.852  -0.430   0.298  -0.865  -0.416   0.280  -0.897  -0.429   0.105 1
  28.304  83.784  73.358  28.314  83.558  73.057  28.382  83.583  73.367
0.86  0.86  0.86 7
  -0.897  -0.429   0.105  -0.865  -0.416   0.280  -0.836  -0.524   0.162 1
  28.314  83.558  73.057  28.470  83.338  73.082  28.382  83.583  73.367
0.86  0.86  0.86 7
  -0.865  -0.416   0.280  -0.698  -0.645   0.312  -0.836  -0.524   0.162 1
  28.382  83.583  73.367  28.470  83.338  73.082  28.540  83.409  73.369
0.86  0.86  0.86 7
  -0.836  -0.524   0.162  -0.698  -0.645   0.312  -0.716  -0.669   0.198 1
  33.485  83.421  73.013  33.510  83.740  73.030  33.437  83.740  73.345
0.86  0.86  0.86 7
   0.918  -0.116   0.378   0.947  -0.086   0.309   0.947  -0.124   0.298 1
  33.485  83.421  73.013  33.437  83.740  73.345  33.393  83.447  73.346
0.86  0.86  0.86 7
   0.918  -0.116   0.378   0.947  -0.124   0.298   0.927  -0.178   0.329 1
  28.086  84.044  73.067  28.232  83.752  73.025  28.157  84.038  73.376
0.86  0.86  0.86 7
  -0.908  -0.334   0.251  -0.852  -0.430   0.298  -0.890  -0.449   0.078 1
  28.157  84.038  73.376  28.232  83.752  73.025  28.304  83.784  73.358
0.86  0.86  0.86 7
  -0.890  -0.449   0.078  -0.852  -0.430   0.298  -0.897  -0.429   0.105 1
  33.510  83.740  73.030  33.549  84.070  73.039  33.480  84.088  73.356
0.86  0.86  0.86 7
   0.947  -0.086   0.309   0.932  -0.222   0.288   0.930  -0.239   0.280 1
  33.510  83.740  73.030  33.480  84.088  73.356  33.437  83.740  73.345
0.86  0.86  0.86 7
   0.947  -0.086   0.309   0.930  -0.239   0.280   0.947  -0.124   0.298 1
  27.997  84.406  73.038  28.038  84.240  73.037  28.003  84.463  73.370
0.86  0.86  0.86 7
  -0.998  -0.033   0.060  -0.958  -0.222   0.181  -0.977  -0.208  -0.049 1
  28.003  84.463  73.370  28.038  84.240  73.037  28.076  84.249  73.370
0.86  0.86  0.86 7
  -0.977  -0.208  -0.049  -0.958  -0.222   0.181  -0.947  -0.320   0.010 1
  28.038  84.240  73.037  28.086  84.044  73.067  28.076  84.249  73.370
0.86  0.86  0.86 7
  -0.958  -0.222   0.181  -0.908  -0.334   0.251  -0.947  -0.320   0.010 1
  28.076  84.249  73.370  28.086  84.044  73.067  28.157  84.038  73.376
0.86  0.86  0.86 7
  -0.947  -0.320   0.010  -0.908  -0.334   0.251  -0.890  -0.449   0.078 1
  33.549  84.070  73.039  33.647  84.351  73.064  33.573  84.398  73.379
0.86  0.86  0.86 7
   0.932  -0.222   0.288   0.904  -0.323   0.279   0.917  -0.342   0.207 1
  33.549  84.070  73.039  33.573  84.398  73.379  33.480  84.088  73.356
0.86  0.86  0.86 7
   0.932  -0.222   0.288   0.917  -0.342   0.207   0.930  -0.239   0.280 1
  28.012  84.576  73.036  27.997  84.406  73.038  28.034  84.741  73.203
0.86  0.86  0.86 7
  -0.985   0.167   0.041  -0.998  -0.033   0.060  -0.965   0.235  -0.113 1
  28.034  84.741  73.203  27.997  84.406  73.038  27.980  84.712  73.403
0.86  0.86  0.86 7
  -0.965   0.235  -0.113  -0.998  -0.033   0.060  -0.953   0.204  -0.225 1
  27.980  84.712  73.403  27.997  84.406  73.038  28.003  84.463  73.370
0.86  0.86  0.86 7
  -0.953   0.204  -0.225  -0.998  -0.033   0.060  -0.977  -0.208  -0.049 1
  28.034  84.741  73.203  28.061  84.787  73.036  28.012  84.576  73.036
0.86  0.86  0.86 7
  -0.965   0.235  -0.113  -0.955   0.295  -0.017  -0.985   0.167   0.041 1
  33.647  84.351  73.064  33.732  84.561  73.044  33.647  84.598  73.353
0.86  0.86  0.86 7
   0.904  -0.323   0.279   0.898  -0.357   0.256   0.895  -0.382   0.231 1
  33.647  84.351  73.064  33.647  84.598  73.353  33.573  84.398  73.379
0.86  0.86  0.86 7
   0.904  -0.323   0.279   0.895  -0.382   0.231   0.917  -0.342   0.207 1
  33.732  84.561  73.044  33.805  84.756  73.020  33.767  84.809  73.335
0.86  0.86  0.86 7
   0.898  -0.357   0.256   0.954  -0.256   0.153   0.887  -0.435   0.152 1
  33.732  84.561  73.044  33.767  84.809  73.335  33.647  84.598  73.353
0.86  0.86  0.86 7
   0.898  -0.357   0.256   0.887  -0.435   0.152   0.895  -0.382   0.231 1
  27.980  84.712  73.403  28.061  84.897  73.376  28.034  84.741  73.203
0.86  0.86  0.86 7
  -0.953   0.204  -0.225  -0.917   0.341  -0.207  -0.965   0.235  -0.113 1
  28.183  85.084  73.036  28.061  84.787  73.036  28.147  85.102  73.354
0.86  0.86  0.86 7
  -0.865   0.502  -0.009  -0.955   0.295  -0.017  -0.862   0.442  -0.250 1
  28.147  85.102  73.354  28.061  84.787  73.036  28.061  84.897  73.376
0.86  0.86  0.86 7
  -0.862   0.442  -0.250  -0.955   0.295  -0.017  -0.917   0.341  -0.207 1
  28.061  84.897  73.376  28.061  84.787  73.036  28.034  84.741  73.203
0.86  0.86  0.86 7
  -0.917   0.341  -0.207  -0.955   0.295  -0.017  -0.965   0.235  -0.113 1
  33.805  84.756  73.020  33.869  85.073  73.037  33.853  85.078  73.370
0.86  0.86  0.86 7
   0.954  -0.256   0.153   0.984  -0.174   0.042   0.958  -0.288  -0.006 1
  33.805  84.756  73.020  33.853  85.078  73.370  33.767  84.809  73.335
0.86  0.86  0.86 7
   0.954  -0.256   0.153   0.958  -0.288  -0.006   0.887  -0.435   0.152 1
  28.314  85.280  73.037  28.183  85.084  73.036  28.393  85.388  73.207
0.86  0.86  0.86 7
  -0.758   0.651   0.040  -0.865   0.502  -0.009  -0.718   0.683  -0.131 1
  28.393  85.388  73.207  28.183  85.084  73.036  28.287  85.325  73.400
0.86  0.86  0.86 7
  -0.718   0.683  -0.131  -0.865   0.502  -0.009  -0.722   0.643  -0.255 1
  28.287  85.325  73.400  28.183  85.084  73.036  28.147  85.102  73.354
0.86  0.86  0.86 7
  -0.722   0.643  -0.255  -0.865   0.502  -0.009  -0.862   0.442  -0.250 1
  28.393  85.388  73.207  28.514  85.455  73.038  28.314  85.280  73.037
0.86  0.86  0.86 7
  -0.718   0.683  -0.131  -0.599   0.801   0.005  -0.758   0.651   0.040 1
  33.869  85.073  73.037  33.908  85.398  73.037  33.943  85.401  73.355
0.86  0.86  0.86 7
   0.984  -0.174   0.042   0.991  -0.113  -0.078   0.966  -0.220  -0.132 1
  33.869  85.073  73.037  33.943  85.401  73.355  33.853  85.078  73.370
0.86  0.86  0.86 7
   0.984  -0.174   0.042   0.966  -0.220  -0.132   0.958  -0.288  -0.006 1
  28.287  85.325  73.400  28.421  85.455  73.401  28.393  85.388  73.207
0.86  0.86  0.86 7
  -0.722   0.643  -0.255  -0.560   0.788  -0.257  -0.718   0.683  -0.131 1
  28.706  85.571  73.037  28.514  85.455  73.038  28.688  85.596  73.364
0.86  0.86  0.86 7
  -0.578   0.815   0.031  -0.599   0.801   0.005  -0.553   0.813  -0.181 1
  28.421  85.455  73.401  28.688  85.596  73.364  28.514  85.455  73.038
0.86  0.86  0.86 7
  -0.560   0.788  -0.257  -0.553   0.813  -0.181  -0.599   0.801   0.005 1
  28.421  85.455  73.401  28.514  85.455  73.038  28.393  85.388  73.207
0.86  0.86  0.86 7
  -0.560   0.788  -0.257  -0.599   0.801   0.005  -0.718   0.683  -0.131 1
  28.886  85.725  73.036  28.706  85.571  73.037  28.864  85.747  73.368
0.86  0.86  0.86 7
  -0.591   0.806   0.022  -0.578   0.815   0.031  -0.600   0.769  -0.222 1
  28.864  85.747  73.368  28.706  85.571  73.037  28.688  85.596  73.364
0.86  0.86  0.86 7
  -0.600   0.769  -0.222  -0.578   0.815   0.031  -0.553   0.813  -0.181 1
  33.908  85.398  73.037  33.952  85.721  73.018  33.998  85.700  73.343
0.86  0.86  0.86 7
   0.991  -0.113  -0.078   0.963  -0.212  -0.167   0.950  -0.248  -0.190 1
  33.908  85.398  73.037  33.998  85.700  73.343  33.943  85.401  73.355
0.86  0.86  0.86 7
   0.991  -0.113  -0.078   0.950  -0.248  -0.190   0.966  -0.220  -0.132 1
  29.079  85.843  73.035  28.886  85.725  73.036  29.059  85.874  73.379
0.86  0.86  0.86 7
  -0.540   0.841  -0.025  -0.591   0.806   0.022  -0.554   0.807  -0.204 1
  29.059  85.874  73.379  28.886  85.725  73.036  28.864  85.747  73.368
0.86  0.86  0.86 7
  -0.554   0.807  -0.204  -0.591   0.806   0.022  -0.600   0.769  -0.222 1
  29.306  85.992  73.033  29.079  85.843  73.035  29.375  86.069  73.204
0.86  0.86  0.86 7
  -0.511   0.856  -0.079  -0.540   0.841  -0.025  -0.585   0.788  -0.191 1
  29.375  86.069  73.204  29.079  85.843  73.035  29.244  86.018  73.390
0.86  0.86  0.86 7
  -0.585   0.788  -0.191  -0.540   0.841  -0.025  -0.615   0.751  -0.241 1
  29.244  86.018  73.390  29.079  85.843  73.035  29.059  85.874  73.379
0.86  0.86  0.86 7
  -0.615   0.751  -0.241  -0.540   0.841  -0.025  -0.554   0.807  -0.204 1
  29.375  86.069  73.204  29.503  86.122  73.023  29.306  85.992  73.033
0.86  0.86  0.86 7
  -0.585   0.788  -0.191  -0.571   0.776  -0.267  -0.511   0.856  -0.079 1
  33.952  85.721  73.018  34.018  85.914  73.042  34.077  85.888  73.361
0.86  0.86  0.86 7
   0.963  -0.212  -0.167   0.902  -0.339  -0.265   0.891  -0.402  -0.213 1
  33.952  85.721  73.018  34.077  85.888  73.361  33.998  85.700  73.343
0.86  0.86  0.86 7
   0.963  -0.212  -0.167   0.891  -0.402  -0.213   0.950  -0.248  -0.190 1
  34.018  85.914  73.042  34.122  86.102  73.092  34.194  86.081  73.373
0.86  0.86  0.86 7
   0.902  -0.339  -0.265   0.824  -0.428  -0.370   0.824  -0.519  -0.228 1
  34.018  85.914  73.042  34.194  86.081  73.373  34.077  85.888  73.361
0.86  0.86  0.86 7
   0.902  -0.339  -0.265   0.824  -0.519  -0.228   0.891  -0.402  -0.213 1
  29.244  86.018  73.390  29.431  86.183  73.395  29.375  86.069  73.204
0.86  0.86  0.86 7
  -0.615   0.751  -0.241  -0.699   0.648  -0.304  -0.585   0.788  -0.191 1
  29.692  86.259  73.024  29.503  86.122  73.023  29.717  86.396  73.209
0.86  0.86  0.86 7
  -0.523   0.761  -0.384  -0.571   0.776  -0.267  -0.588   0.673  -0.449 1
  29.717  86.396  73.209  29.503  86.122  73.023  29.585  86.376  73.387
0.86  0.86  0.86 7
  -0.588   0.673  -0.449  -0.571   0.776  -0.267  -0.716   0.553  -0.426 1
  29.585  86.376  73.387  29.503  86.122  73.023  29.431  86.183  73.395
0.86  0.86  0.86 7
  -0.716   0.553  -0.426  -0.571   0.776  -0.267  -0.699   0.648  -0.304 1
  29.431  86.183  73.395  29.503  86.122  73.023  29.375  86.069  73.204
0.86  0.86  0.86 7
  -0.699   0.648  -0.304  -0.571   0.776  -0.267  -0.585   0.788  -0.191 1
  29.717  86.396  73.209  29.873  86.403  73.039  29.692  86.259  73.024
0.86  0.86  0.86 7
  -0.588   0.673  -0.449  -0.489   0.670  -0.559  -0.523   0.761  -0.384 1
  34.122  86.102  73.092  34.222  86.395  73.025  34.349  86.419  73.213
0.86  0.86  0.86 7
   0.824  -0.428  -0.370   0.783  -0.338  -0.523   0.824  -0.397  -0.404 1
  34.122  86.102  73.092  34.349  86.419  73.213  34.334  86.266  73.381
0.86  0.86  0.86 7
   0.824  -0.428  -0.370   0.824  -0.397  -0.404   0.826  -0.504  -0.253 1
  34.122  86.102  73.092  34.334  86.266  73.381  34.194  86.081  73.373
0.86  0.86  0.86 7
   0.824  -0.428  -0.370   0.826  -0.504  -0.253   0.824  -0.519  -0.228 1
  34.439  86.449  73.398  34.334  86.266  73.381  34.349  86.419  73.213
0.86  0.86  0.86 7
   0.886  -0.366  -0.284   0.826  -0.504  -0.253   0.824  -0.397  -0.404 1
  29.585  86.376  73.387  29.732  86.555  73.388  29.717  86.396  73.209
0.86  0.86  0.86 7
  -0.716   0.553  -0.426  -0.655   0.535  -0.534  -0.588   0.673  -0.449 1
  30.056  86.543  73.073  29.873  86.403  73.039  30.050  86.728  73.221
0.86  0.86  0.86 7
  -0.373   0.592  -0.714  -0.489   0.670  -0.559  -0.449   0.525  -0.723 1
  30.050  86.728  73.221  29.873  86.403  73.039  29.873  86.738  73.371
0.86  0.86  0.86 7
  -0.449   0.525  -0.723  -0.489   0.670  -0.559  -0.632   0.504  -0.589 1
  29.873  86.738  73.371  29.873  86.403  73.039  29.732  86.555  73.388
0.86  0.86  0.86 7
  -0.632   0.504  -0.589  -0.489   0.670  -0.559  -0.655   0.535  -0.534 1
  29.732  86.555  73.388  29.873  86.403  73.039  29.717  86.396  73.209
0.86  0.86  0.86 7
  -0.655   0.535  -0.534  -0.489   0.670  -0.559  -0.588   0.673  -0.449 1
  30.341  86.612  72.984  30.056  86.543  73.073  30.321  86.790  73.103
0.86  0.86  0.86 7
  -0.331   0.559  -0.761  -0.373   0.592  -0.714  -0.373   0.507  -0.777 1
  30.321  86.790  73.103  30.056  86.543  73.073  30.050  86.728  73.221
0.86  0.86  0.86 7
  -0.373   0.507  -0.777  -0.373   0.592  -0.714  -0.449   0.525  -0.723 1
  30.321  86.790  73.103  30.525  86.758  73.005  30.341  86.612  72.984
0.86  0.86  0.86 7
  -0.373   0.507  -0.777  -0.262   0.506  -0.822  -0.331   0.559  -0.761 1
  34.338  86.587  73.056  34.349  86.419  73.213  34.222  86.395  73.025
0.86  0.86  0.86 7
   0.814  -0.326  -0.481   0.824  -0.397  -0.404   0.783  -0.338  -0.523 1
  34.338  86.587  73.056  34.432  86.775  73.107  34.534  86.741  73.371
0.86  0.86  0.86 7
   0.814  -0.326  -0.481   0.875  -0.184  -0.448   0.929  -0.224  -0.294 1
  34.338  86.587  73.056  34.534  86.741  73.371  34.439  86.449  73.398
0.86  0.86  0.86 7
   0.814  -0.326  -0.481   0.929  -0.224  -0.294   0.886  -0.366  -0.284 1
  34.338  86.587  73.056  34.439  86.449  73.398  34.349  86.419  73.213
0.86  0.86  0.86 7
   0.814  -0.326  -0.481   0.886  -0.366  -0.284   0.824  -0.397  -0.404 1
  29.873  86.738  73.371  30.028  86.916  73.356  30.050  86.728  73.221
0.86  0.86  0.86 7
  -0.632   0.504  -0.589  -0.546   0.500  -0.672  -0.449   0.525  -0.723 1
  30.050  86.728  73.221  30.028  86.916  73.356  30.200  87.081  73.361
0.86  0.86  0.86 7
  -0.449   0.525  -0.723  -0.546   0.500  -0.672  -0.450   0.617  -0.645 1
  30.050  86.728  73.221  30.200  87.081  73.361  30.382  87.051  73.236
0.86  0.86  0.86 7
  -0.449   0.525  -0.723  -0.450   0.617  -0.645  -0.329   0.559  -0.761 1
  30.050  86.728  73.221  30.382  87.051  73.236  30.321  86.790  73.103
0.86  0.86  0.86 7
  -0.449   0.525  -0.723  -0.329   0.559  -0.761  -0.373   0.507  -0.777 1
  30.705  86.905  73.038  30.525  86.758  73.005  30.696  87.096  73.171
0.86  0.86  0.86 7
  -0.174   0.503  -0.846  -0.262   0.506  -0.822  -0.197   0.599  -0.776 1
  30.382  87.051  73.236  30.696  87.096  73.171  30.525  86.758  73.005
0.86  0.86  0.86 7
  -0.329   0.559  -0.761  -0.197   0.599  -0.776  -0.262   0.506  -0.822 1
  30.382  87.051  73.236  30.525  86.758  73.005  30.321  86.790  73.103
0.86  0.86  0.86 7
  -0.329   0.559  -0.761  -0.262   0.506  -0.822  -0.373   0.507  -0.777 1
  31.028  86.930  73.003  30.705  86.905  73.038  31.019  87.121  73.136
0.86  0.86  0.86 7
  -0.251   0.550  -0.797  -0.174   0.503  -0.846  -0.192   0.594  -0.782 1
  31.019  87.121  73.136  30.705  86.905  73.038  30.696  87.096  73.171
0.86  0.86  0.86 7
  -0.192   0.594  -0.782  -0.174   0.503  -0.846  -0.197   0.599  -0.776 1
  31.019  87.121  73.136  31.203  87.075  73.033  31.028  86.930  73.003
0.86  0.86  0.86 7
  -0.192   0.594  -0.782  -0.346   0.583  -0.735  -0.251   0.550  -0.797 1
  34.432  86.775  73.107  34.458  87.073  73.090  34.574  87.073  73.361
0.86  0.86  0.86 7
   0.875  -0.184  -0.448   0.882  -0.018  -0.470   0.955  -0.015  -0.297 1
  34.432  86.775  73.107  34.574  87.073  73.361  34.534  86.741  73.371
0.86  0.86  0.86 7
   0.875  -0.184  -0.448   0.955  -0.015  -0.297   0.929  -0.224  -0.294 1
  30.200  87.081  73.361  30.381  87.224  73.389  30.382  87.051  73.236
0.86  0.86  0.86 7
  -0.450   0.617  -0.645  -0.312   0.693  -0.650  -0.329   0.559  -0.761 1
  30.382  87.051  73.236  30.381  87.224  73.389  30.692  87.277  73.333
0.86  0.86  0.86 7
  -0.329   0.559  -0.761  -0.312   0.693  -0.650  -0.185   0.708  -0.681 1
  30.382  87.051  73.236  30.692  87.277  73.333  30.696  87.096  73.171
0.86  0.86  0.86 7
  -0.329   0.559  -0.761  -0.185   0.708  -0.681  -0.197   0.599  -0.776 1
  30.696  87.096  73.171  30.692  87.277  73.333  31.016  87.308  73.302
0.86  0.86  0.86 7
  -0.197   0.599  -0.776  -0.185   0.708  -0.681  -0.202   0.692  -0.693 1
  30.696  87.096  73.171  31.016  87.308  73.302  31.019  87.121  73.136
0.86  0.86  0.86 7
  -0.197   0.599  -0.776  -0.202   0.692  -0.693  -0.192   0.594  -0.782 1
  31.378  87.233  73.047  31.203  87.075  73.033  31.373  87.404  73.206
0.86  0.86  0.86 7
  -0.428   0.523  -0.737  -0.346   0.583  -0.735  -0.455   0.637  -0.622 1
  31.373  87.404  73.206  31.203  87.075  73.033  31.194  87.427  73.353
0.86  0.86  0.86 7
  -0.455   0.637  -0.622  -0.346   0.583  -0.735  -0.358   0.714  -0.602 1
  31.194  87.427  73.353  31.203  87.075  73.033  31.016  87.308  73.302
0.86  0.86  0.86 7
  -0.358   0.714  -0.602  -0.346   0.583  -0.735  -0.202   0.692  -0.693 1
  31.016  87.308  73.302  31.203  87.075  73.033  31.019  87.121  73.136
0.86  0.86  0.86 7
  -0.202   0.692  -0.693  -0.346   0.583  -0.735  -0.192   0.594  -0.782 1
  31.373  87.404  73.206  31.551  87.393  73.056  31.378  87.233  73.047
0.86  0.86  0.86 7
  -0.455   0.637  -0.622  -0.541   0.551  -0.635  -0.428   0.523  -0.737 1
  34.458  87.073  73.090  34.442  87.374  73.101  34.546  87.408  73.368
0.86  0.86  0.86 7
   0.882  -0.018  -0.470   0.870   0.187  -0.457   0.937   0.186  -0.296 1
  34.458  87.073  73.090  34.546  87.408  73.368  34.574  87.073  73.361
0.86  0.86  0.86 7
   0.882  -0.018  -0.470   0.937   0.186  -0.296   0.955  -0.015  -0.297 1
  31.194  87.427  73.353  31.384  87.554  73.383  31.373  87.404  73.206
0.86  0.86  0.86 7
  -0.358   0.714  -0.602  -0.455   0.689  -0.564  -0.455   0.637  -0.622 1
  31.709  87.570  73.042  31.551  87.393  73.056  31.709  87.736  73.206
0.86  0.86  0.86 7
  -0.625   0.457  -0.633  -0.541   0.551  -0.635  -0.684   0.552  -0.478 1
  31.709  87.736  73.206  31.551  87.393  73.056  31.567  87.711  73.393
0.86  0.86  0.86 7
  -0.684   0.552  -0.478  -0.541   0.551  -0.635  -0.602   0.655  -0.457 1
  31.567  87.711  73.393  31.551  87.393  73.056  31.384  87.554  73.383
0.86  0.86  0.86 7
  -0.602   0.655  -0.457  -0.541   0.551  -0.635  -0.455   0.689  -0.564 1
  31.384  87.554  73.383  31.551  87.393  73.056  31.373  87.404  73.206
0.86  0.86  0.86 7
  -0.455   0.689  -0.564  -0.541   0.551  -0.635  -0.455   0.637  -0.622 1
  31.709  87.736  73.206  31.849  87.754  73.022  31.709  87.570  73.042
0.86  0.86  0.86 7
  -0.684   0.552  -0.478  -0.708   0.480  -0.519  -0.625   0.457  -0.633 1
  34.241  87.764  73.013  34.369  87.738  73.204  34.353  87.565  73.047
0.86  0.86  0.86 7
   0.739   0.441  -0.509   0.833   0.375  -0.407   0.787   0.302  -0.538 1
  34.442  87.374  73.101  34.353  87.565  73.047  34.369  87.738  73.204
0.86  0.86  0.86 7
   0.870   0.187  -0.457   0.787   0.302  -0.538   0.833   0.375  -0.407 1
  34.442  87.374  73.101  34.369  87.738  73.204  34.458  87.706  73.393
0.86  0.86  0.86 7
   0.870   0.187  -0.457   0.833   0.375  -0.407   0.887   0.364  -0.284 1
  34.442  87.374  73.101  34.458  87.706  73.393  34.546  87.408  73.368
0.86  0.86  0.86 7
   0.870   0.187  -0.457   0.887   0.364  -0.284   0.937   0.186  -0.296 1
  31.567  87.711  73.393  31.728  87.887  73.382  31.709  87.736  73.206
0.86  0.86  0.86 7
  -0.602   0.655  -0.457  -0.698   0.612  -0.371  -0.684   0.552  -0.478 1
  31.994  87.943  73.000  31.849  87.754  73.022  31.999  88.106  73.184
0.86  0.86  0.86 7
  -0.633   0.533  -0.562  -0.708   0.480  -0.519  -0.669   0.605  -0.432 1
  31.999  88.106  73.184  31.849  87.754  73.022  31.871  88.073  73.370
0.86  0.86  0.86 7
  -0.669   0.605  -0.432  -0.708   0.480  -0.519  -0.728   0.613  -0.307 1
  31.871  88.073  73.370  31.849  87.754  73.022  31.728  87.887  73.382
0.86  0.86  0.86 7
  -0.728   0.613  -0.307  -0.708   0.480  -0.519  -0.698   0.612  -0.371 1
  31.728  87.887  73.382  31.849  87.754  73.022  31.709  87.736  73.206
0.86  0.86  0.86 7
  -0.698   0.612  -0.371  -0.708   0.480  -0.519  -0.684   0.552  -0.478 1
  31.999  88.106  73.184  32.166  88.120  72.998  31.994  87.943  73.000
0.86  0.86  0.86 7
  -0.669   0.605  -0.432  -0.552   0.657  -0.513  -0.633   0.533  -0.562 1
  33.918  88.129  72.990  34.090  88.116  73.177  34.093  87.952  72.991
0.86  0.86  0.86 7
   0.540   0.663  -0.518   0.659   0.611  -0.438   0.626   0.532  -0.570 1
  34.241  87.764  73.013  34.093  87.952  72.991  34.090  88.116  73.177
0.86  0.86  0.86 7
   0.739   0.441  -0.509   0.626   0.532  -0.570   0.659   0.611  -0.438 1
  34.241  87.764  73.013  34.090  88.116  73.177  34.220  88.084  73.366
0.86  0.86  0.86 7
   0.739   0.441  -0.509   0.659   0.611  -0.438   0.729   0.613  -0.306 1
  34.241  87.764  73.013  34.220  88.084  73.366  34.358  87.897  73.374
0.86  0.86  0.86 7
   0.739   0.441  -0.509   0.729   0.613  -0.306   0.806   0.510  -0.302 1
  34.241  87.764  73.013  34.358  87.897  73.374  34.369  87.738  73.204
0.86  0.86  0.86 7
   0.739   0.441  -0.509   0.806   0.510  -0.302   0.833   0.375  -0.407 1
  34.358  87.897  73.374  34.458  87.706  73.393  34.369  87.738  73.204
0.86  0.86  0.86 7
   0.806   0.510  -0.302   0.887   0.364  -0.284   0.833   0.375  -0.407 1
  31.871  88.073  73.370  32.036  88.242  73.369  31.999  88.106  73.184
0.86  0.86  0.86 7
  -0.728   0.613  -0.307  -0.613   0.729  -0.304  -0.669   0.605  -0.432 1
  32.351  88.270  73.016  32.166  88.120  72.998  32.375  88.400  73.206
0.86  0.86  0.86 7
  -0.416   0.726  -0.547  -0.552   0.657  -0.513  -0.445   0.795  -0.413 1
  32.375  88.400  73.206  32.166  88.120  72.998  32.220  88.385  73.376
0.86  0.86  0.86 7
  -0.445   0.795  -0.413  -0.552   0.657  -0.513  -0.514   0.803  -0.301 1
  32.220  88.385  73.376  32.166  88.120  72.998  32.036  88.242  73.369
0.86  0.86  0.86 7
  -0.514   0.803  -0.301  -0.552   0.657  -0.513  -0.613   0.729  -0.304 1
  32.036  88.242  73.369  32.166  88.120  72.998  31.999  88.106  73.184
0.86  0.86  0.86 7
  -0.613   0.729  -0.304  -0.552   0.657  -0.513  -0.669   0.605  -0.432 1
  32.375  88.400  73.206  32.546  88.387  73.048  32.351  88.270  73.016
0.86  0.86  0.86 7
  -0.445   0.795  -0.413  -0.321   0.810  -0.491  -0.416   0.726  -0.547 1
  33.533  88.394  73.044  33.706  88.409  73.202  33.731  88.279  73.010
0.86  0.86  0.86 7
   0.307   0.815  -0.492   0.432   0.801  -0.415   0.405   0.729  -0.552 1
  33.918  88.129  72.990  33.731  88.279  73.010  33.706  88.409  73.202
0.86  0.86  0.86 7
   0.540   0.663  -0.518   0.405   0.729  -0.552   0.432   0.801  -0.415 1
  33.918  88.129  72.990  33.706  88.409  73.202  33.864  88.396  73.373
0.86  0.86  0.86 7
   0.540   0.663  -0.518   0.432   0.801  -0.415   0.502   0.809  -0.304 1
  33.918  88.129  72.990  33.864  88.396  73.373  34.052  88.254  73.365
0.86  0.86  0.86 7
   0.540   0.663  -0.518   0.502   0.809  -0.304   0.603   0.736  -0.307 1
  33.918  88.129  72.990  34.052  88.254  73.365  34.090  88.116  73.177
0.86  0.86  0.86 7
   0.540   0.663  -0.518   0.603   0.736  -0.307   0.659   0.611  -0.438 1
  34.052  88.254  73.365  34.220  88.084  73.366  34.090  88.116  73.177
0.86  0.86  0.86 7
   0.603   0.736  -0.307   0.729   0.613  -0.306   0.659   0.611  -0.438 1
  32.220  88.385  73.376  32.406  88.491  73.393  32.375  88.400  73.206
0.86  0.86  0.86 7
  -0.514   0.803  -0.301  -0.361   0.888  -0.286  -0.445   0.795  -0.413 1
  32.736  88.479  73.099  32.546  88.387  73.048  32.702  88.586  73.367
0.86  0.86  0.86 7
  -0.176   0.874  -0.452  -0.321   0.810  -0.491  -0.216   0.930  -0.297 1
  32.406  88.491  73.393  32.702  88.586  73.367  32.546  88.387  73.048
0.86  0.86  0.86 7
  -0.361   0.888  -0.286  -0.216   0.930  -0.297  -0.321   0.810  -0.491 1
  32.406  88.491  73.393  32.546  88.387  73.048  32.375  88.400  73.206
0.86  0.86  0.86 7
  -0.361   0.888  -0.286  -0.321   0.810  -0.491  -0.445   0.795  -0.413 1
  33.038  88.504  73.082  32.736  88.479  73.099  33.038  88.623  73.357
0.86  0.86  0.86 7
  -0.007   0.880  -0.474  -0.176   0.874  -0.452  -0.005   0.954  -0.300 1
  33.038  88.623  73.357  32.736  88.479  73.099  32.702  88.586  73.367
0.86  0.86  0.86 7
  -0.005   0.954  -0.300  -0.176   0.874  -0.452  -0.216   0.930  -0.297 1
  33.342  88.484  73.096  33.038  88.504  73.082  33.376  88.591  73.365
0.86  0.86  0.86 7
   0.158   0.860  -0.485  -0.007   0.880  -0.474   0.213   0.926  -0.312 1
  33.376  88.591  73.365  33.038  88.504  73.082  33.038  88.623  73.357
0.86  0.86  0.86 7
   0.213   0.926  -0.312  -0.007   0.880  -0.474  -0.005   0.954  -0.300 1
  33.533  88.394  73.044  33.342  88.484  73.096  33.376  88.591  73.365
0.86  0.86  0.86 7
   0.307   0.815  -0.492   0.158   0.860  -0.485   0.213   0.926  -0.312 1
  33.533  88.394  73.044  33.376  88.591  73.365  33.673  88.500  73.391
0.86  0.86  0.86 7
   0.307   0.815  -0.492   0.213   0.926  -0.312   0.354   0.884  -0.304 1
  33.533  88.394  73.044  33.673  88.500  73.391  33.706  88.409  73.202
0.86  0.86  0.86 7
   0.307   0.815  -0.492   0.354   0.884  -0.304   0.432   0.801  -0.415 1
  33.673  88.500  73.391  33.864  88.396  73.373  33.706  88.409  73.202
0.86  0.86  0.86 7
   0.354   0.884  -0.304   0.502   0.809  -0.304   0.432   0.801  -0.415 1
  29.526  82.381  73.370  29.725  82.281  73.370  29.532  82.399  73.706
0.86  0.86  0.86 7
  -0.514  -0.857  -0.039  -0.378  -0.926  -0.010  -0.507  -0.848   0.154 1
  29.532  82.399  73.706  29.725  82.281  73.370  29.729  82.296  73.687
0.86  0.86  0.86 7
  -0.507  -0.848   0.154  -0.378  -0.926  -0.010  -0.372  -0.910   0.184 1
  29.725  82.281  73.370  30.025  82.186  73.370  30.029  82.205  73.712
0.86  0.86  0.86 7
  -0.378  -0.926  -0.010  -0.208  -0.977  -0.040  -0.207  -0.966   0.155 1
  29.725  82.281  73.370  30.029  82.205  73.712  29.729  82.296  73.687
0.86  0.86  0.86 7
  -0.378  -0.926  -0.010  -0.207  -0.966   0.155  -0.372  -0.910   0.184 1
  30.025  82.186  73.370  30.371  82.146  73.370  30.371  82.167  73.721
0.86  0.86  0.86 7
  -0.208  -0.977  -0.040  -0.023  -0.999  -0.024  -0.014  -0.987   0.157 1
  30.025  82.186  73.370  30.371  82.167  73.721  30.029  82.205  73.712
0.86  0.86  0.86 7
  -0.208  -0.977  -0.040  -0.014  -0.987   0.157  -0.207  -0.966   0.155 1
  30.371  82.146  73.370  30.720  82.177  73.370  30.715  82.196  73.714
0.86  0.86  0.86 7
  -0.023  -0.999  -0.024   0.105  -0.993   0.051   0.175  -0.972   0.159 1
  30.371  82.146  73.370  30.715  82.196  73.714  30.371  82.167  73.721
0.86  0.86  0.86 7
  -0.023  -0.999  -0.024   0.175  -0.972   0.159  -0.014  -0.987   0.157 1
  30.720  82.177  73.370  31.038  82.218  73.370  31.029  82.278  73.694
0.86  0.86  0.86 7
   0.105  -0.993   0.051   0.091  -0.984   0.151   0.208  -0.944   0.256 1
  30.720  82.177  73.370  31.029  82.278  73.694  30.715  82.196  73.714
0.86  0.86  0.86 7
   0.105  -0.993   0.051   0.208  -0.944   0.256   0.175  -0.972   0.159 1
  31.038  82.218  73.370  31.371  82.236  73.371  31.361  82.313  73.661
0.86  0.86  0.86 7
   0.091  -0.984   0.151  -0.021  -0.965   0.261   0.081  -0.935   0.346 1
  31.038  82.218  73.370  31.361  82.313  73.661  31.029  82.278  73.694
0.86  0.86  0.86 7
   0.091  -0.984   0.151   0.081  -0.935   0.346   0.208  -0.944   0.256 1
  31.371  82.236  73.371  31.705  82.207  73.378  31.705  82.329  73.665
0.86  0.86  0.86 7
  -0.021  -0.965   0.261  -0.037  -0.941   0.337   0.013  -0.900   0.436 1
  31.371  82.236  73.371  31.705  82.329  73.665  31.361  82.313  73.661
0.86  0.86  0.86 7
  -0.021  -0.965   0.261   0.013  -0.900   0.436   0.081  -0.935   0.346 1
  31.705  82.207  73.378  32.044  82.217  73.376  32.037  82.327  73.646
0.86  0.86  0.86 7
  -0.037  -0.941   0.337   0.152  -0.926   0.346   0.104  -0.888   0.448 1
  31.705  82.207  73.378  32.037  82.327  73.646  31.705  82.329  73.665
0.86  0.86  0.86 7
  -0.037  -0.941   0.337   0.104  -0.888   0.448   0.013  -0.900   0.436 1
  32.044  82.217  73.376  32.350  82.290  73.356  32.380  82.378  73.549
0.86  0.86  0.86 7
   0.152  -0.926   0.346   0.292  -0.900   0.324   0.323  -0.855   0.406 1
  32.044  82.217  73.376  32.380  82.378  73.549  32.205  82.402  73.706
0.86  0.86  0.86 7
   0.152  -0.926   0.346   0.323  -0.855   0.406   0.250  -0.818   0.518 1
  32.044  82.217  73.376  32.205  82.402  73.706  32.037  82.327  73.646
0.86  0.86  0.86 7
   0.152  -0.926   0.346   0.250  -0.818   0.518   0.104  -0.888   0.448 1
  32.549  82.382  73.377  32.380  82.378  73.549  32.350  82.290  73.356
0.86  0.86  0.86 7
   0.440  -0.827   0.351   0.323  -0.855   0.406   0.292  -0.900   0.324 1
  29.150  82.685  73.370  29.331  82.517  73.370  29.165  82.700  73.716
0.86  0.86  0.86 7
  -0.722  -0.692  -0.019  -0.629  -0.776  -0.039  -0.718  -0.680   0.147 1
  29.165  82.700  73.716  29.331  82.517  73.370  29.343  82.534  73.715
0.86  0.86  0.86 7
  -0.718  -0.680   0.147  -0.629  -0.776  -0.039  -0.622  -0.768   0.154 1
  29.331  82.517  73.370  29.526  82.381  73.370  29.343  82.534  73.715
0.86  0.86  0.86 7
  -0.629  -0.776  -0.039  -0.514  -0.857  -0.039  -0.622  -0.768   0.154 1
  29.343  82.534  73.715  29.526  82.381  73.370  29.532  82.399  73.706
0.86  0.86  0.86 7
  -0.622  -0.768   0.154  -0.514  -0.857  -0.039  -0.507  -0.848   0.154 1
  32.402  82.501  73.744  32.205  82.402  73.706  32.380  82.378  73.549
0.86  0.86  0.86 7
   0.393  -0.753   0.528   0.250  -0.818   0.518   0.323  -0.855   0.406 1
  32.549  82.382  73.377  32.751  82.508  73.388  32.677  82.615  73.676
0.86  0.86  0.86 7
   0.440  -0.827   0.351   0.549  -0.760   0.346   0.497  -0.729   0.471 1
  32.549  82.382  73.377  32.677  82.615  73.676  32.402  82.501  73.744
0.86  0.86  0.86 7
   0.440  -0.827   0.351   0.497  -0.729   0.471   0.393  -0.753   0.528 1
  32.549  82.382  73.377  32.402  82.501  73.744  32.380  82.378  73.549
0.86  0.86  0.86 7
   0.440  -0.827   0.351   0.393  -0.753   0.528   0.323  -0.855   0.406 1
  32.751  82.508  73.388  32.941  82.670  73.393  32.847  82.764  73.684
0.86  0.86  0.86 7
   0.549  -0.760   0.346   0.659  -0.665   0.350   0.609  -0.603   0.515 1
  32.751  82.508  73.388  32.847  82.764  73.684  32.677  82.615  73.676
0.86  0.86  0.86 7
   0.549  -0.760   0.346   0.609  -0.603   0.515   0.497  -0.729   0.471 1
  28.848  83.056  73.377  28.996  82.877  73.370  28.878  83.078  73.703
0.86  0.86  0.86 7
  -0.749  -0.654   0.106  -0.761  -0.647   0.045  -0.781  -0.619   0.089 1
  28.878  83.078  73.703  28.996  82.877  73.370  29.013  82.888  73.711
0.86  0.86  0.86 7
  -0.781  -0.619   0.089  -0.761  -0.647   0.045  -0.774  -0.623   0.111 1
  28.996  82.877  73.370  29.150  82.685  73.370  29.013  82.888  73.711
0.86  0.86  0.86 7
  -0.761  -0.647   0.045  -0.722  -0.692  -0.019  -0.774  -0.623   0.111 1
  29.013  82.888  73.711  29.150  82.685  73.370  29.165  82.700  73.716
0.86  0.86  0.86 7
  -0.774  -0.623   0.111  -0.722  -0.692  -0.019  -0.718  -0.680   0.147 1
  32.941  82.670  73.393  33.106  82.857  73.390  33.000  82.932  73.678
0.86  0.86  0.86 7
   0.659  -0.665   0.350   0.734  -0.565   0.377   0.696  -0.545   0.469 1
  32.941  82.670  73.393  33.000  82.932  73.678  32.847  82.764  73.684
0.86  0.86  0.86 7
   0.659  -0.665   0.350   0.696  -0.545   0.469   0.609  -0.603   0.515 1
  33.106  82.857  73.390  33.233  83.057  73.382  33.136  83.119  73.657
0.86  0.86  0.86 7
   0.734  -0.565   0.377   0.833  -0.409   0.372   0.782  -0.410   0.470 1
  33.106  82.857  73.390  33.136  83.119  73.657  33.000  82.932  73.678
0.86  0.86  0.86 7
   0.734  -0.565   0.377   0.782  -0.410   0.470   0.696  -0.545   0.469 1
  28.540  83.409  73.369  28.696  83.231  73.373  28.565  83.433  73.704
0.86  0.86  0.86 7
  -0.716  -0.669   0.198  -0.728  -0.669   0.150  -0.719  -0.694   0.039 1
  28.565  83.433  73.704  28.696  83.231  73.373  28.724  83.259  73.703
0.86  0.86  0.86 7
  -0.719  -0.694   0.039  -0.728  -0.669   0.150  -0.733  -0.674   0.091 1
  28.696  83.231  73.373  28.848  83.056  73.377  28.724  83.259  73.703
0.86  0.86  0.86 7
  -0.728  -0.669   0.150  -0.749  -0.654   0.106  -0.733  -0.674   0.091 1
  28.724  83.259  73.703  28.848  83.056  73.377  28.878  83.078  73.703
0.86  0.86  0.86 7
  -0.733  -0.674   0.091  -0.749  -0.654   0.106  -0.781  -0.619   0.089 1
  33.233  83.057  73.382  33.333  83.256  73.359  33.323  83.420  73.516
0.86  0.86  0.86 7
   0.833  -0.409   0.372   0.854  -0.355   0.380   0.882  -0.245   0.402 1
  33.233  83.057  73.382  33.323  83.420  73.516  33.217  83.403  73.712
0.86  0.86  0.86 7
   0.833  -0.409   0.372   0.882  -0.245   0.402   0.822  -0.250   0.511 1
  33.233  83.057  73.382  33.217  83.403  73.712  33.136  83.119  73.657
0.86  0.86  0.86 7
   0.833  -0.409   0.372   0.822  -0.250   0.511   0.782  -0.410   0.470 1
  33.393  83.447  73.346  33.323  83.420  73.516  33.333  83.256  73.359
0.86  0.86  0.86 7
   0.927  -0.178   0.329   0.882  -0.245   0.402   0.854  -0.355   0.380 1
  28.304  83.784  73.358  28.382  83.583  73.367  28.297  83.781  73.719
0.86  0.86  0.86 7
  -0.897  -0.429   0.105  -0.836  -0.524   0.162  -0.857  -0.499  -0.129 1
  28.297  83.781  73.719  28.382  83.583  73.367  28.406  83.608  73.704
0.86  0.86  0.86 7
  -0.857  -0.499  -0.129  -0.836  -0.524   0.162  -0.784  -0.621  -0.026 1
  28.382  83.583  73.367  28.540  83.409  73.369  28.406  83.608  73.704
0.86  0.86  0.86 7
  -0.836  -0.524   0.162  -0.716  -0.669   0.198  -0.784  -0.621  -0.026 1
  28.406  83.608  73.704  28.540  83.409  73.369  28.565  83.433  73.704
0.86  0.86  0.86 7
  -0.784  -0.621  -0.026  -0.716  -0.669   0.198  -0.719  -0.694   0.039 1
  33.217  83.403  73.712  33.323  83.420  73.516  33.266  83.722  73.747
0.86  0.86  0.86 7
   0.822  -0.250   0.511   0.882  -0.245   0.402   0.862  -0.204   0.464 1
  33.266  83.722  73.747  33.323  83.420  73.516  33.366  83.740  73.534
0.86  0.86  0.86 7
   0.862  -0.204   0.464   0.882  -0.245   0.402   0.919  -0.140   0.368 1
  33.393  83.447  73.346  33.437  83.740  73.345  33.366  83.740  73.534
0.86  0.86  0.86 7
   0.927  -0.178   0.329   0.947  -0.124   0.298   0.919  -0.140   0.368 1
  33.393  83.447  73.346  33.366  83.740  73.534  33.323  83.420  73.516
0.86  0.86  0.86 7
   0.927  -0.178   0.329   0.919  -0.140   0.368   0.882  -0.245   0.402 1
  28.157  84.038  73.376  28.304  83.784  73.358  28.153  84.035  73.695
0.86  0.86  0.86 7
  -0.890  -0.449   0.078  -0.897  -0.429   0.105  -0.860  -0.495  -0.121 1
  28.153  84.035  73.695  28.304  83.784  73.358  28.297  83.781  73.719
0.86  0.86  0.86 7
  -0.860  -0.495  -0.121  -0.897  -0.429   0.105  -0.857  -0.499  -0.129 1
  33.266  83.722  73.747  33.366  83.740  73.534  33.332  84.043  73.737
0.86  0.86  0.86 7
   0.862  -0.204   0.464   0.919  -0.140   0.368   0.907  -0.250   0.340 1
  33.332  84.043  73.737  33.366  83.740  73.534  33.402  84.065  73.550
0.86  0.86  0.86 7
   0.907  -0.250   0.340   0.919  -0.140   0.368   0.923  -0.187   0.336 1
  33.437  83.740  73.345  33.480  84.088  73.356  33.402  84.065  73.550
0.86  0.86  0.86 7
   0.947  -0.124   0.298   0.930  -0.239   0.280   0.923  -0.187   0.336 1
  33.437  83.740  73.345  33.402  84.065  73.550  33.366  83.740  73.534
0.86  0.86  0.86 7
   0.947  -0.124   0.298   0.923  -0.187   0.336   0.919  -0.140   0.368 1
  28.003  84.463  73.370  28.076  84.249  73.370  27.959  84.444  73.729
0.86  0.86  0.86 7
  -0.977  -0.208  -0.049  -0.947  -0.320   0.010  -0.936  -0.254  -0.244 1
  27.959  84.444  73.729  28.076  84.249  73.370  28.036  84.239  73.703
0.86  0.86  0.86 7
  -0.936  -0.254  -0.244  -0.947  -0.320   0.010  -0.881  -0.410  -0.237 1
  28.076  84.249  73.370  28.157  84.038  73.376  28.036  84.239  73.703
0.86  0.86  0.86 7
  -0.947  -0.320   0.010  -0.890  -0.449   0.078  -0.881  -0.410  -0.237 1
  28.036  84.239  73.703  28.157  84.038  73.376  28.153  84.035  73.695
0.86  0.86  0.86 7
  -0.881  -0.410  -0.237  -0.890  -0.449   0.078  -0.860  -0.495  -0.121 1
  33.397  84.230  73.711  33.332  84.043  73.737  33.402  84.065  73.550
0.86  0.86  0.86 7
   0.888  -0.366   0.278   0.907  -0.250   0.340   0.923  -0.187   0.336 1
  33.480  84.088  73.356  33.573  84.398  73.379  33.502  84.428  73.691
0.86  0.86  0.86 7
   0.930  -0.239   0.280   0.917  -0.342   0.207   0.866  -0.450   0.218 1
  33.480  84.088  73.356  33.502  84.428  73.691  33.397  84.230  73.711
0.86  0.86  0.86 7
   0.930  -0.239   0.280   0.866  -0.450   0.218   0.888  -0.366   0.278 1
  33.480  84.088  73.356  33.397  84.230  73.711  33.402  84.065  73.550
0.86  0.86  0.86 7
   0.930  -0.239   0.280   0.888  -0.366   0.278   0.923  -0.187   0.336 1
  27.980  84.712  73.403  28.003  84.463  73.370  27.902  84.740  73.711
0.86  0.86  0.86 7
  -0.953   0.204  -0.225  -0.977  -0.208  -0.049  -0.952   0.038  -0.305 1
  27.902  84.740  73.711  28.003  84.463  73.370  27.959  84.444  73.729
0.86  0.86  0.86 7
  -0.952   0.038  -0.305  -0.977  -0.208  -0.049  -0.936  -0.254  -0.244 1
  33.573  84.398  73.379  33.647  84.598  73.353  33.684  84.751  73.534
0.86  0.86  0.86 7
   0.917  -0.342   0.207   0.895  -0.382   0.231   0.879  -0.459   0.127 1
  33.573  84.398  73.379  33.684  84.751  73.534  33.638  84.690  73.704
0.86  0.86  0.86 7
   0.917  -0.342   0.207   0.879  -0.459   0.127   0.868  -0.490   0.082 1
  33.573  84.398  73.379  33.638  84.690  73.704  33.502  84.428  73.691
0.86  0.86  0.86 7
   0.917  -0.342   0.207   0.868  -0.490   0.082   0.866  -0.450   0.218 1
  33.767  84.809  73.335  33.684  84.751  73.534  33.647  84.598  73.353
0.86  0.86  0.86 7
   0.887  -0.435   0.152   0.879  -0.459   0.127   0.895  -0.382   0.231 1
  28.061  84.897  73.376  27.980  84.712  73.403  28.065  85.065  73.547
0.86  0.86  0.86 7
  -0.917   0.341  -0.207  -0.953   0.204  -0.225  -0.883   0.337  -0.325 1
  28.065  85.065  73.547  27.980  84.712  73.403  27.979  85.042  73.748
0.86  0.86  0.86 7
  -0.883   0.337  -0.325  -0.953   0.204  -0.225  -0.858   0.319  -0.403 1
  27.979  85.042  73.748  27.980  84.712  73.403  27.902  84.740  73.711
0.86  0.86  0.86 7
  -0.858   0.319  -0.403  -0.953   0.204  -0.225  -0.952   0.038  -0.305 1
  28.065  85.065  73.547  28.147  85.102  73.354  28.061  84.897  73.376
0.86  0.86  0.86 7
  -0.883   0.337  -0.325  -0.862   0.442  -0.250  -0.917   0.341  -0.207 1
  33.749  84.875  73.704  33.638  84.690  73.704  33.684  84.751  73.534
0.86  0.86  0.86 7
   0.839  -0.543   0.040   0.868  -0.490   0.082   0.879  -0.459   0.127 1
  33.767  84.809  73.335  33.853  85.078  73.370  33.875  85.071  73.703
0.86  0.86  0.86 7
   0.887  -0.435   0.152   0.958  -0.288  -0.006   0.910  -0.415  -0.018 1
  33.767  84.809  73.335  33.875  85.071  73.703  33.749  84.875  73.704
0.86  0.86  0.86 7
   0.887  -0.435   0.152   0.910  -0.415  -0.018   0.839  -0.543   0.040 1
  33.767  84.809  73.335  33.749  84.875  73.704  33.684  84.751  73.534
0.86  0.86  0.86 7
   0.887  -0.435   0.152   0.839  -0.543   0.040   0.879  -0.459   0.127 1
  27.979  85.042  73.748  28.060  85.225  73.718  28.065  85.065  73.547
0.86  0.86  0.86 7
  -0.858   0.319  -0.403  -0.828   0.414  -0.377  -0.883   0.337  -0.325 1
  28.287  85.325  73.400  28.147  85.102  73.354  28.204  85.407  73.703
0.86  0.86  0.86 7
  -0.722   0.643  -0.255  -0.862   0.442  -0.250  -0.647   0.596  -0.476 1
  28.204  85.407  73.703  28.147  85.102  73.354  28.060  85.225  73.718
0.86  0.86  0.86 7
  -0.647   0.596  -0.476  -0.862   0.442  -0.250  -0.828   0.414  -0.377 1
  28.060  85.225  73.718  28.147  85.102  73.354  28.065  85.065  73.547
0.86  0.86  0.86 7
  -0.828   0.414  -0.377  -0.862   0.442  -0.250  -0.883   0.337  -0.325 1
  33.853  85.078  73.370  33.943  85.401  73.355  33.991  85.376  73.674
0.86  0.86  0.86 7
   0.958  -0.288  -0.006   0.966  -0.220  -0.132   0.951  -0.295  -0.093 1
  33.853  85.078  73.370  33.991  85.376  73.674  33.875  85.071  73.703
0.86  0.86  0.86 7
   0.958  -0.288  -0.006   0.951  -0.295  -0.093   0.910  -0.415  -0.018 1
  28.421  85.455  73.401  28.287  85.325  73.400  28.376  85.561  73.710
0.86  0.86  0.86 7
  -0.560   0.788  -0.257  -0.722   0.643  -0.255  -0.548   0.734  -0.401 1
  28.376  85.561  73.710  28.287  85.325  73.400  28.204  85.407  73.703
0.86  0.86  0.86 7
  -0.548   0.734  -0.401  -0.722   0.643  -0.255  -0.647   0.596  -0.476 1
  28.688  85.596  73.364  28.421  85.455  73.401  28.736  85.703  73.554
0.86  0.86  0.86 7
  -0.553   0.813  -0.181  -0.560   0.788  -0.257  -0.580   0.737  -0.347 1
  28.736  85.703  73.554  28.421  85.455  73.401  28.575  85.685  73.739
0.86  0.86  0.86 7
  -0.580   0.737  -0.347  -0.560   0.788  -0.257  -0.483   0.733  -0.480 1
  28.575  85.685  73.739  28.421  85.455  73.401  28.376  85.561  73.710
0.86  0.86  0.86 7
  -0.483   0.733  -0.480  -0.560   0.788  -0.257  -0.548   0.734  -0.401 1
  28.736  85.703  73.554  28.864  85.747  73.368  28.688  85.596  73.364
0.86  0.86  0.86 7
  -0.580   0.737  -0.347  -0.600   0.769  -0.222  -0.553   0.813  -0.181 1
  33.943  85.401  73.355  33.998  85.700  73.343  34.062  85.730  73.534
0.86  0.86  0.86 7
   0.966  -0.220  -0.132   0.950  -0.248  -0.190   0.933  -0.287  -0.218 1
  33.943  85.401  73.355  34.062  85.730  73.534  34.044  85.571  73.702
0.86  0.86  0.86 7
   0.966  -0.220  -0.132   0.933  -0.287  -0.218   0.947  -0.298  -0.120 1
  33.943  85.401  73.355  34.044  85.571  73.702  33.991  85.376  73.674
0.86  0.86  0.86 7
   0.966  -0.220  -0.132   0.947  -0.298  -0.120   0.951  -0.295  -0.093 1
  34.120  85.776  73.728  34.044  85.571  73.702  34.062  85.730  73.534
0.86  0.86  0.86 7
   0.910  -0.389  -0.142   0.947  -0.298  -0.120   0.933  -0.287  -0.218 1
  28.575  85.685  73.739  28.763  85.849  73.749  28.736  85.703  73.554
0.86  0.86  0.86 7
  -0.483   0.733  -0.480  -0.524   0.735  -0.430  -0.580   0.737  -0.347 1
  29.059  85.874  73.379  28.864  85.747  73.368  29.008  85.958  73.681
0.86  0.86  0.86 7
  -0.554   0.807  -0.204  -0.600   0.769  -0.222  -0.504   0.785  -0.359 1
  28.763  85.849  73.749  29.008  85.958  73.681  28.864  85.747  73.368
0.86  0.86  0.86 7
  -0.524   0.735  -0.430  -0.504   0.785  -0.359  -0.600   0.769  -0.222 1
  28.763  85.849  73.749  28.864  85.747  73.368  28.736  85.703  73.554
0.86  0.86  0.86 7
  -0.524   0.735  -0.430  -0.600   0.769  -0.222  -0.580   0.737  -0.347 1
  29.244  86.018  73.390  29.059  85.874  73.379  29.188  86.093  73.693
0.86  0.86  0.86 7
  -0.615   0.751  -0.241  -0.554   0.807  -0.204  -0.609   0.678  -0.412 1
  29.188  86.093  73.693  29.059  85.874  73.379  29.008  85.958  73.681
0.86  0.86  0.86 7
  -0.609   0.678  -0.412  -0.554   0.807  -0.204  -0.504   0.785  -0.359 1
  34.077  85.888  73.361  34.062  85.730  73.534  33.998  85.700  73.343
0.86  0.86  0.86 7
   0.891  -0.402  -0.213   0.933  -0.287  -0.218   0.950  -0.248  -0.190 1
  34.077  85.888  73.361  34.194  86.081  73.373  34.256  86.036  73.689
0.86  0.86  0.86 7
   0.891  -0.402  -0.213   0.824  -0.519  -0.228   0.847  -0.515  -0.129 1
  34.077  85.888  73.361  34.256  86.036  73.689  34.120  85.776  73.728
0.86  0.86  0.86 7
   0.891  -0.402  -0.213   0.847  -0.515  -0.129   0.910  -0.389  -0.142 1
  34.077  85.888  73.361  34.120  85.776  73.728  34.062  85.730  73.534
0.86  0.86  0.86 7
   0.891  -0.402  -0.213   0.910  -0.389  -0.142   0.933  -0.287  -0.218 1
  29.431  86.183  73.395  29.244  86.018  73.390  29.350  86.257  73.693
0.86  0.86  0.86 7
  -0.699   0.648  -0.304  -0.615   0.751  -0.241  -0.696   0.611  -0.377 1
  29.350  86.257  73.693  29.244  86.018  73.390  29.188  86.093  73.693
0.86  0.86  0.86 7
  -0.696   0.611  -0.377  -0.615   0.751  -0.241  -0.609   0.678  -0.412 1
  29.585  86.376  73.387  29.431  86.183  73.395  29.481  86.439  73.679
0.86  0.86  0.86 7
  -0.716   0.553  -0.426  -0.699   0.648  -0.304  -0.792   0.463  -0.398 1
  29.481  86.439  73.679  29.431  86.183  73.395  29.350  86.257  73.693
0.86  0.86  0.86 7
  -0.792   0.463  -0.398  -0.699   0.648  -0.304  -0.696   0.611  -0.377 1
  34.194  86.081  73.373  34.334  86.266  73.381  34.388  86.228  73.703
0.86  0.86  0.86 7
   0.824  -0.519  -0.228   0.826  -0.504  -0.253   0.846  -0.524  -0.104 1
  34.194  86.081  73.373  34.388  86.228  73.703  34.256  86.036  73.689
0.86  0.86  0.86 7
   0.824  -0.519  -0.228   0.846  -0.524  -0.104   0.847  -0.515  -0.129 1
  34.334  86.266  73.381  34.439  86.449  73.398  34.499  86.429  73.709
0.86  0.86  0.86 7
   0.826  -0.504  -0.253   0.886  -0.366  -0.284   0.909  -0.406  -0.096 1
  34.334  86.266  73.381  34.499  86.429  73.709  34.388  86.228  73.703
0.86  0.86  0.86 7
   0.826  -0.504  -0.253   0.909  -0.406  -0.096   0.846  -0.524  -0.104 1
  29.732  86.555  73.388  29.585  86.376  73.387  29.717  86.733  73.547
0.86  0.86  0.86 7
  -0.655   0.535  -0.534  -0.716   0.553  -0.426  -0.678   0.478  -0.558 1
  29.717  86.733  73.547  29.585  86.376  73.387  29.582  86.725  73.732
0.86  0.86  0.86 7
  -0.678   0.478  -0.558  -0.716   0.553  -0.426  -0.792   0.451  -0.411 1
  29.582  86.725  73.732  29.585  86.376  73.387  29.481  86.439  73.679
0.86  0.86  0.86 7
  -0.792   0.451  -0.411  -0.716   0.553  -0.426  -0.792   0.463  -0.398 1
  29.717  86.733  73.547  29.873  86.738  73.371  29.732  86.555  73.388
0.86  0.86  0.86 7
  -0.678   0.478  -0.558  -0.632   0.504  -0.589  -0.655   0.535  -0.534 1
  34.439  86.449  73.398  34.534  86.741  73.371  34.602  86.724  73.703
0.86  0.86  0.86 7
   0.886  -0.366  -0.284   0.929  -0.224  -0.294   0.970  -0.223  -0.099 1
  34.439  86.449  73.398  34.602  86.724  73.703  34.499  86.429  73.709
0.86  0.86  0.86 7
   0.886  -0.366  -0.284   0.970  -0.223  -0.099   0.909  -0.406  -0.096 1
  29.582  86.725  73.732  29.708  86.904  73.706  29.717  86.733  73.547
0.86  0.86  0.86 7
  -0.792   0.451  -0.411  -0.710   0.498  -0.498  -0.678   0.478  -0.558 1
  30.028  86.916  73.356  29.873  86.738  73.371  30.022  87.093  73.516
0.86  0.86  0.86 7
  -0.546   0.500  -0.672  -0.632   0.504  -0.589  -0.571   0.580  -0.581 1
  30.022  87.093  73.516  29.873  86.738  73.371  29.859  87.086  73.693
0.86  0.86  0.86 7
  -0.571   0.580  -0.581  -0.632   0.504  -0.589  -0.646   0.613  -0.455 1
  29.859  87.086  73.693  29.873  86.738  73.371  29.708  86.904  73.706
0.86  0.86  0.86 7
  -0.646   0.613  -0.455  -0.632   0.504  -0.589  -0.710   0.498  -0.498 1
  29.708  86.904  73.706  29.873  86.738  73.371  29.717  86.733  73.547
0.86  0.86  0.86 7
  -0.710   0.498  -0.498  -0.632   0.504  -0.589  -0.678   0.478  -0.558 1
  30.022  87.093  73.516  30.200  87.081  73.361  30.028  86.916  73.356
0.86  0.86  0.86 7
  -0.571   0.580  -0.581  -0.450   0.617  -0.645  -0.546   0.500  -0.672 1
  34.534  86.741  73.371  34.574  87.073  73.361  34.642  87.073  73.692
0.86  0.86  0.86 7
   0.929  -0.224  -0.294   0.955  -0.015  -0.297   0.995  -0.020  -0.099 1
  34.534  86.741  73.371  34.642  87.073  73.692  34.602  86.724  73.703
0.86  0.86  0.86 7
   0.929  -0.224  -0.294   0.995  -0.020  -0.099   0.970  -0.223  -0.099 1
  29.859  87.086  73.693  30.031  87.250  73.696  30.022  87.093  73.516
0.86  0.86  0.86 7
  -0.646   0.613  -0.455  -0.527   0.688  -0.499  -0.571   0.580  -0.581 1
  30.381  87.224  73.389  30.200  87.081  73.361  30.388  87.372  73.565
0.86  0.86  0.86 7
  -0.312   0.693  -0.650  -0.450   0.617  -0.645  -0.332   0.763  -0.555 1
  30.388  87.372  73.565  30.200  87.081  73.361  30.217  87.387  73.716
0.86  0.86  0.86 7
  -0.332   0.763  -0.555  -0.450   0.617  -0.645  -0.439   0.775  -0.454 1
  30.217  87.387  73.716  30.200  87.081  73.361  30.031  87.250  73.696
0.86  0.86  0.86 7
  -0.439   0.775  -0.454  -0.450   0.617  -0.645  -0.527   0.688  -0.499 1
  30.031  87.250  73.696  30.200  87.081  73.361  30.022  87.093  73.516
0.86  0.86  0.86 7
  -0.527   0.688  -0.499  -0.450   0.617  -0.645  -0.571   0.580  -0.581 1
  30.692  87.277  73.333  30.381  87.224  73.389  30.705  87.434  73.517
0.86  0.86  0.86 7
  -0.185   0.708  -0.681  -0.312   0.693  -0.650  -0.193   0.781  -0.594 1
  30.705  87.434  73.517  30.381  87.224  73.389  30.388  87.372  73.565
0.86  0.86  0.86 7
  -0.193   0.781  -0.594  -0.312   0.693  -0.650  -0.332   0.763  -0.555 1
  31.016  87.308  73.302  30.692  87.277  73.333  31.022  87.463  73.496
0.86  0.86  0.86 7
  -0.202   0.692  -0.693  -0.185   0.708  -0.681  -0.209   0.758  -0.618 1
  31.022  87.463  73.496  30.692  87.277  73.333  30.705  87.434  73.517
0.86  0.86  0.86 7
  -0.209   0.758  -0.618  -0.185   0.708  -0.681  -0.193   0.781  -0.594 1
  31.022  87.463  73.496  31.194  87.427  73.353  31.016  87.308  73.302
0.86  0.86  0.86 7
  -0.209   0.758  -0.618  -0.358   0.714  -0.602  -0.202   0.692  -0.693 1
  34.574  87.073  73.361  34.546  87.408  73.368  34.614  87.425  73.703
0.86  0.86  0.86 7
   0.955  -0.015  -0.297   0.937   0.186  -0.296   0.976   0.191  -0.100 1
  34.574  87.073  73.361  34.614  87.425  73.703  34.642  87.073  73.692
0.86  0.86  0.86 7
   0.955  -0.015  -0.297   0.976   0.191  -0.100   0.995  -0.020  -0.099 1
  30.217  87.387  73.716  30.397  87.497  73.754  30.388  87.372  73.565
0.86  0.86  0.86 7
  -0.439   0.775  -0.454  -0.303   0.849  -0.432  -0.332   0.763  -0.555 1
  30.388  87.372  73.565  30.397  87.497  73.754  30.707  87.557  73.713
0.86  0.86  0.86 7
  -0.332   0.763  -0.555  -0.303   0.849  -0.432  -0.198   0.880  -0.431 1
  30.388  87.372  73.565  30.707  87.557  73.713  30.705  87.434  73.517
0.86  0.86  0.86 7
  -0.332   0.763  -0.555  -0.198   0.880  -0.431  -0.193   0.781  -0.594 1
  30.705  87.434  73.517  30.707  87.557  73.713  31.027  87.613  73.675
0.86  0.86  0.86 7
  -0.193   0.781  -0.594  -0.198   0.880  -0.431  -0.233   0.834  -0.500 1
  30.705  87.434  73.517  31.027  87.613  73.675  31.022  87.463  73.496
0.86  0.86  0.86 7
  -0.193   0.781  -0.594  -0.233   0.834  -0.500  -0.209   0.758  -0.618 1
  31.384  87.554  73.383  31.194  87.427  73.353  31.396  87.702  73.562
0.86  0.86  0.86 7
  -0.455   0.689  -0.564  -0.358   0.714  -0.602  -0.456   0.749  -0.481 1
  31.396  87.702  73.562  31.194  87.427  73.353  31.224  87.694  73.717
0.86  0.86  0.86 7
  -0.456   0.749  -0.481  -0.358   0.714  -0.602  -0.360   0.851  -0.381 1
  31.224  87.694  73.717  31.194  87.427  73.353  31.027  87.613  73.675
0.86  0.86  0.86 7
  -0.360   0.851  -0.381  -0.358   0.714  -0.602  -0.233   0.834  -0.500 1
  31.027  87.613  73.675  31.194  87.427  73.353  31.022  87.463  73.496
0.86  0.86  0.86 7
  -0.233   0.834  -0.500  -0.358   0.714  -0.602  -0.209   0.758  -0.618 1
  31.396  87.702  73.562  31.567  87.711  73.393  31.384  87.554  73.383
0.86  0.86  0.86 7
  -0.456   0.749  -0.481  -0.602   0.655  -0.457  -0.455   0.689  -0.564 1
  34.546  87.408  73.368  34.458  87.706  73.393  34.520  87.730  73.703
0.86  0.86  0.86 7
   0.937   0.186  -0.296   0.887   0.364  -0.284   0.920   0.378  -0.100 1
  34.546  87.408  73.368  34.520  87.730  73.703  34.614  87.425  73.703
0.86  0.86  0.86 7
   0.937   0.186  -0.296   0.920   0.378  -0.100   0.976   0.191  -0.100 1
  31.224  87.694  73.717  31.434  87.810  73.736  31.396  87.702  73.562
0.86  0.86  0.86 7
  -0.360   0.851  -0.381  -0.502   0.806  -0.314  -0.456   0.749  -0.481 1
  31.728  87.887  73.382  31.567  87.711  73.393  31.649  87.964  73.684
0.86  0.86  0.86 7
  -0.698   0.612  -0.371  -0.602   0.655  -0.457  -0.628   0.742  -0.235 1
  31.434  87.810  73.736  31.649  87.964  73.684  31.567  87.711  73.393
0.86  0.86  0.86 7
  -0.502   0.806  -0.314  -0.628   0.742  -0.235  -0.602   0.655  -0.457 1
  31.434  87.810  73.736  31.567  87.711  73.393  31.396  87.702  73.562
0.86  0.86  0.86 7
  -0.502   0.806  -0.314  -0.602   0.655  -0.457  -0.456   0.749  -0.481 1
  31.871  88.073  73.370  31.728  87.887  73.382  31.821  88.123  73.703
0.86  0.86  0.86 7
  -0.728   0.613  -0.307  -0.698   0.612  -0.371  -0.696   0.709  -0.118 1
  31.821  88.123  73.703  31.728  87.887  73.382  31.649  87.964  73.684
0.86  0.86  0.86 7
  -0.696   0.709  -0.118  -0.698   0.612  -0.371  -0.628   0.742  -0.235 1
  34.358  87.897  73.374  34.220  88.084  73.366  34.278  88.125  73.703
0.86  0.86  0.86 7
   0.806   0.510  -0.302   0.729   0.613  -0.306   0.761   0.641  -0.096 1
  34.358  87.897  73.374  34.278  88.125  73.703  34.413  87.936  73.703
0.86  0.86  0.86 7
   0.806   0.510  -0.302   0.761   0.641  -0.096   0.849   0.520  -0.098 1
  34.458  87.706  73.393  34.358  87.897  73.374  34.413  87.936  73.703
0.86  0.86  0.86 7
   0.887   0.364  -0.284   0.806   0.510  -0.302   0.849   0.520  -0.098 1
  34.458  87.706  73.393  34.413  87.936  73.703  34.520  87.730  73.703
0.86  0.86  0.86 7
   0.887   0.364  -0.284   0.849   0.520  -0.098   0.920   0.378  -0.100 1
  32.036  88.242  73.369  31.871  88.073  73.370  31.986  88.291  73.703
0.86  0.86  0.86 7
  -0.613   0.729  -0.304  -0.728   0.613  -0.307  -0.672   0.736  -0.078 1
  31.986  88.291  73.703  31.871  88.073  73.370  31.821  88.123  73.703
0.86  0.86  0.86 7
  -0.672   0.736  -0.078  -0.728   0.613  -0.307  -0.696   0.709  -0.118 1
  32.220  88.385  73.376  32.036  88.242  73.369  32.181  88.440  73.703
0.86  0.86  0.86 7
  -0.514   0.803  -0.301  -0.613   0.729  -0.304  -0.541   0.835  -0.099 1
  32.181  88.440  73.703  32.036  88.242  73.369  31.986  88.291  73.703
0.86  0.86  0.86 7
  -0.541   0.835  -0.099  -0.613   0.729  -0.304  -0.672   0.736  -0.078 1
  34.052  88.254  73.365  33.864  88.396  73.373  33.904  88.452  73.703
0.86  0.86  0.86 7
   0.603   0.736  -0.307   0.502   0.809  -0.304   0.534   0.840  -0.098 1
  34.052  88.254  73.365  33.904  88.452  73.703  34.102  88.304  73.703
0.86  0.86  0.86 7
   0.603   0.736  -0.307   0.534   0.840  -0.098   0.654   0.750  -0.097 1
  34.220  88.084  73.366  34.052  88.254  73.365  34.102  88.304  73.703
0.86  0.86  0.86 7
   0.729   0.613  -0.306   0.603   0.736  -0.307   0.654   0.750  -0.097 1
  34.220  88.084  73.366  34.102  88.304  73.703  34.278  88.125  73.703
0.86  0.86  0.86 7
   0.729   0.613  -0.306   0.654   0.750  -0.097   0.761   0.641  -0.096 1
  32.406  88.491  73.393  32.220  88.385  73.376  32.384  88.551  73.706
0.86  0.86  0.86 7
  -0.361   0.888  -0.286  -0.514   0.803  -0.301  -0.402   0.910  -0.097 1
  32.384  88.551  73.706  32.220  88.385  73.376  32.181  88.440  73.703
0.86  0.86  0.86 7
  -0.402   0.910  -0.097  -0.514   0.803  -0.301  -0.541   0.835  -0.099 1
  32.702  88.586  73.367  32.406  88.491  73.393  32.684  88.654  73.703
0.86  0.86  0.86 7
  -0.216   0.930  -0.297  -0.361   0.888  -0.286  -0.216   0.971  -0.100 1
  32.684  88.654  73.703  32.406  88.491  73.393  32.384  88.551  73.706
0.86  0.86  0.86 7
  -0.216   0.971  -0.100  -0.361   0.888  -0.286  -0.402   0.910  -0.097 1
  33.038  88.623  73.357  32.702  88.586  73.367  33.038  88.692  73.690
0.86  0.86  0.86 7
  -0.005   0.954  -0.300  -0.216   0.930  -0.297  -0.010   0.995  -0.099 1
  33.038  88.692  73.690  32.702  88.586  73.367  32.684  88.654  73.703
0.86  0.86  0.86 7
  -0.010   0.995  -0.099  -0.216   0.930  -0.297  -0.216   0.971  -0.100 1
  33.376  88.591  73.365  33.038  88.623  73.357  33.393  88.660  73.703
0.86  0.86  0.86 7
   0.213   0.926  -0.312  -0.005   0.954  -0.300   0.202   0.974  -0.101 1
  33.393  88.660  73.703  33.038  88.623  73.357  33.038  88.692  73.690
0.86  0.86  0.86 7
   0.202   0.974  -0.101  -0.005   0.954  -0.300  -0.010   0.995  -0.099 1
  33.673  88.500  73.391  33.376  88.591  73.365  33.699  88.561  73.703
0.86  0.86  0.86 7
   0.354   0.884  -0.304   0.213   0.926  -0.312   0.386   0.912  -0.136 1
  33.699  88.561  73.703  33.376  88.591  73.365  33.393  88.660  73.703
0.86  0.86  0.86 7
   0.386   0.912  -0.136   0.213   0.926  -0.312   0.202   0.974  -0.101 1
  33.864  88.396  73.373  33.673  88.500  73.391  33.699  88.561  73.703
0.86  0.86  0.86 7
   0.502   0.809  -0.304   0.354   0.884  -0.304   0.386   0.912  -0.136 1
  33.864  88.396  73.373  33.699  88.561  73.703  33.904  88.452  73.703
0.86  0.86  0.86 7
   0.502   0.809  -0.304   0.386   0.912  -0.136   0.534   0.840  -0.098 1
  29.532  82.399  73.706  29.729  82.296  73.687  29.578  82.467  74.016
0.86  0.86  0.86 7
  -0.507  -0.848   0.154  -0.372  -0.910   0.184  -0.484  -0.794   0.368 1
  29.578  82.467  74.016  29.729  82.296  73.687  29.760  82.369  74.000
0.86  0.86  0.86 7
  -0.484  -0.794   0.368  -0.372  -0.910   0.184  -0.347  -0.879   0.327 1
  29.729  82.296  73.687  30.029  82.205  73.712  30.050  82.283  74.018
0.86  0.86  0.86 7
  -0.372  -0.910   0.184  -0.207  -0.966   0.155  -0.203  -0.921   0.332 1
  29.729  82.296  73.687  30.050  82.283  74.018  29.760  82.369  74.000
0.86  0.86  0.86 7
  -0.372  -0.910   0.184  -0.203  -0.921   0.332  -0.347  -0.879   0.327 1
  30.029  82.205  73.712  30.371  82.167  73.721  30.371  82.248  74.032
0.86  0.86  0.86 7
  -0.207  -0.966   0.155  -0.014  -0.987   0.157  -0.015  -0.940   0.340 1
  30.029  82.205  73.712  30.371  82.248  74.032  30.050  82.283  74.018
0.86  0.86  0.86 7
  -0.207  -0.966   0.155  -0.015  -0.940   0.340  -0.203  -0.921   0.332 1
  30.371  82.167  73.721  30.715  82.196  73.714  30.695  82.275  74.022
0.86  0.86  0.86 7
  -0.014  -0.987   0.157   0.175  -0.972   0.159   0.178  -0.928   0.328 1
  30.371  82.167  73.721  30.695  82.275  74.022  30.371  82.248  74.032
0.86  0.86  0.86 7
  -0.014  -0.987   0.157   0.178  -0.928   0.328  -0.015  -0.940   0.340 1
  30.715  82.196  73.714  31.029  82.278  73.694  30.989  82.355  74.004
0.86  0.86  0.86 7
   0.175  -0.972   0.159   0.208  -0.944   0.256   0.308  -0.899   0.310 1
  30.715  82.196  73.714  30.989  82.355  74.004  30.695  82.275  74.022
0.86  0.86  0.86 7
   0.175  -0.972   0.159   0.308  -0.899   0.310   0.178  -0.928   0.328 1
  31.029  82.278  73.694  31.361  82.313  73.661  31.371  82.412  73.868
0.86  0.86  0.86 7
   0.208  -0.944   0.256   0.081  -0.935   0.346   0.144  -0.870   0.471 1
  31.029  82.278  73.694  31.371  82.412  73.868  31.189  82.444  74.015
0.86  0.86  0.86 7
   0.208  -0.944   0.256   0.144  -0.870   0.471   0.326  -0.834   0.445 1
  31.029  82.278  73.694  31.189  82.444  74.015  30.989  82.355  74.004
0.86  0.86  0.86 7
   0.208  -0.944   0.256   0.326  -0.834   0.445   0.308  -0.899   0.310 1
  31.361  82.313  73.661  31.705  82.329  73.665  31.706  82.437  73.847
0.86  0.86  0.86 7
   0.081  -0.935   0.346   0.013  -0.900   0.436   0.075  -0.843   0.533 1
  31.361  82.313  73.661  31.706  82.437  73.847  31.371  82.412  73.868
0.86  0.86  0.86 7
   0.081  -0.935   0.346   0.075  -0.843   0.533   0.144  -0.870   0.471 1
  31.705  82.329  73.665  32.037  82.327  73.646  32.025  82.451  73.838
0.86  0.86  0.86 7
   0.013  -0.900   0.436   0.104  -0.888   0.448   0.112  -0.812   0.572 1
  31.705  82.329  73.665  32.025  82.451  73.838  31.706  82.437  73.847
0.86  0.86  0.86 7
   0.013  -0.900   0.436   0.112  -0.812   0.572   0.075  -0.843   0.533 1
  32.205  82.402  73.706  32.025  82.451  73.838  32.037  82.327  73.646
0.86  0.86  0.86 7
   0.250  -0.818   0.518   0.112  -0.812   0.572   0.104  -0.888   0.448 1
  29.165  82.700  73.716  29.343  82.534  73.715  29.220  82.758  74.028
0.86  0.86  0.86 7
  -0.718  -0.680   0.147  -0.622  -0.768   0.154  -0.657  -0.682   0.322 1
  29.220  82.758  74.028  29.343  82.534  73.715  29.390  82.600  74.027
0.86  0.86  0.86 7
  -0.657  -0.682   0.322  -0.622  -0.768   0.154  -0.581  -0.748   0.320 1
  29.343  82.534  73.715  29.532  82.399  73.706  29.390  82.600  74.027
0.86  0.86  0.86 7
  -0.622  -0.768   0.154  -0.507  -0.848   0.154  -0.581  -0.748   0.320 1
  29.390  82.600  74.027  29.532  82.399  73.706  29.578  82.467  74.016
0.86  0.86  0.86 7
  -0.581  -0.748   0.320  -0.507  -0.848   0.154  -0.484  -0.794   0.368 1
  31.381  82.530  74.058  31.189  82.444  74.015  31.371  82.412  73.868
0.86  0.86  0.86 7
   0.209  -0.801   0.561   0.326  -0.834   0.445   0.144  -0.870   0.471 1
  31.381  82.530  74.058  31.371  82.412  73.868  31.707  82.568  74.042
0.86  0.86  0.86 7
   0.209  -0.801   0.561   0.144  -0.870   0.471   0.116  -0.761   0.638 1
  31.707  82.568  74.042  31.371  82.412  73.868  31.706  82.437  73.847
0.86  0.86  0.86 7
   0.116  -0.761   0.638   0.144  -0.870   0.471   0.075  -0.843   0.533 1
  31.707  82.568  74.042  31.706  82.437  73.847  32.030  82.596  74.013
0.86  0.86  0.86 7
   0.116  -0.761   0.638   0.075  -0.843   0.533   0.179  -0.737   0.652 1
  32.030  82.596  74.013  31.706  82.437  73.847  32.025  82.451  73.838
0.86  0.86  0.86 7
   0.179  -0.737   0.652   0.075  -0.843   0.533   0.112  -0.812   0.572 1
  32.205  82.402  73.706  32.402  82.501  73.744  32.341  82.649  73.961
0.86  0.86  0.86 7
   0.250  -0.818   0.518   0.393  -0.753   0.528   0.297  -0.710   0.638 1
  32.205  82.402  73.706  32.341  82.649  73.961  32.030  82.596  74.013
0.86  0.86  0.86 7
   0.250  -0.818   0.518   0.297  -0.710   0.638   0.179  -0.737   0.652 1
  32.205  82.402  73.706  32.030  82.596  74.013  32.025  82.451  73.838
0.86  0.86  0.86 7
   0.250  -0.818   0.518   0.179  -0.737   0.652   0.112  -0.812   0.572 1
  32.402  82.501  73.744  32.677  82.615  73.676  32.687  82.761  73.848
0.86  0.86  0.86 7
   0.393  -0.753   0.528   0.497  -0.729   0.471   0.503  -0.639   0.582 1
  32.402  82.501  73.744  32.687  82.761  73.848  32.516  82.776  73.992
0.86  0.86  0.86 7
   0.393  -0.753   0.528   0.503  -0.639   0.582   0.417  -0.600   0.683 1
  32.402  82.501  73.744  32.516  82.776  73.992  32.341  82.649  73.961
0.86  0.86  0.86 7
   0.393  -0.753   0.528   0.417  -0.600   0.683   0.297  -0.710   0.638 1
  32.847  82.764  73.684  32.687  82.761  73.848  32.677  82.615  73.676
0.86  0.86  0.86 7
   0.609  -0.603   0.515   0.503  -0.639   0.582   0.497  -0.729   0.471 1
  28.878  83.078  73.703  29.013  82.888  73.711  28.899  83.092  74.036
0.86  0.86  0.86 7
  -0.781  -0.619   0.089  -0.774  -0.623   0.111  -0.727  -0.683   0.072 1
  28.899  83.092  74.036  29.013  82.888  73.711  29.063  82.932  74.028
0.86  0.86  0.86 7
  -0.727  -0.683   0.072  -0.774  -0.623   0.111  -0.679  -0.702   0.215 1
  29.013  82.888  73.711  29.165  82.700  73.716  29.063  82.932  74.028
0.86  0.86  0.86 7
  -0.774  -0.623   0.111  -0.718  -0.680   0.147  -0.679  -0.702   0.215 1
  29.063  82.932  74.028  29.165  82.700  73.716  29.220  82.758  74.028
0.86  0.86  0.86 7
  -0.679  -0.702   0.215  -0.718  -0.680   0.147  -0.657  -0.682   0.322 1
  32.683  82.928  74.005  32.516  82.776  73.992  32.687  82.761  73.848
0.86  0.86  0.86 7
   0.534  -0.531   0.659   0.417  -0.600   0.683   0.503  -0.639   0.582 1
  32.847  82.764  73.684  33.000  82.932  73.678  32.994  83.095  73.834
0.86  0.86  0.86 7
   0.609  -0.603   0.515   0.696  -0.545   0.469   0.680  -0.428   0.595 1
  32.847  82.764  73.684  32.994  83.095  73.834  32.837  83.093  73.996
0.86  0.86  0.86 7
   0.609  -0.603   0.515   0.680  -0.428   0.595   0.603  -0.426   0.675 1
  32.847  82.764  73.684  32.837  83.093  73.996  32.683  82.928  74.005
0.86  0.86  0.86 7
   0.609  -0.603   0.515   0.603  -0.426   0.675   0.534  -0.531   0.659 1
  32.847  82.764  73.684  32.683  82.928  74.005  32.687  82.761  73.848
0.86  0.86  0.86 7
   0.609  -0.603   0.515   0.534  -0.531   0.659   0.503  -0.639   0.582 1
  33.136  83.119  73.657  32.994  83.095  73.834  33.000  82.932  73.678
0.86  0.86  0.86 7
   0.782  -0.410   0.470   0.680  -0.428   0.595   0.696  -0.545   0.469 1
  28.565  83.433  73.704  28.724  83.259  73.703  28.563  83.441  74.036
0.86  0.86  0.86 7
  -0.719  -0.694   0.039  -0.733  -0.674   0.091  -0.631  -0.775  -0.039 1
  28.563  83.441  74.036  28.724  83.259  73.703  28.747  83.280  74.035
0.86  0.86  0.86 7
  -0.631  -0.775  -0.039  -0.733  -0.674   0.091  -0.717  -0.697  -0.005 1
  28.724  83.259  73.703  28.878  83.078  73.703  28.747  83.280  74.035
0.86  0.86  0.86 7
  -0.733  -0.674   0.091  -0.781  -0.619   0.089  -0.717  -0.697  -0.005 1
  28.747  83.280  74.035  28.878  83.078  73.703  28.899  83.092  74.036
0.86  0.86  0.86 7
  -0.717  -0.697  -0.005  -0.781  -0.619   0.089  -0.727  -0.683   0.072 1
  32.837  83.093  73.996  32.994  83.095  73.834  32.910  83.393  74.075
0.86  0.86  0.86 7
   0.603  -0.426   0.675   0.680  -0.428   0.595   0.647  -0.264   0.715 1
  32.910  83.393  74.075  32.994  83.095  73.834  33.080  83.394  73.900
0.86  0.86  0.86 7
   0.647  -0.264   0.715   0.680  -0.428   0.595   0.746  -0.273   0.607 1
  33.136  83.119  73.657  33.217  83.403  73.712  33.080  83.394  73.900
0.86  0.86  0.86 7
   0.782  -0.410   0.470   0.822  -0.250   0.511   0.746  -0.273   0.607 1
  33.136  83.119  73.657  33.080  83.394  73.900  32.994  83.095  73.834
0.86  0.86  0.86 7
   0.782  -0.410   0.470   0.746  -0.273   0.607   0.680  -0.428   0.595 1
  28.297  83.781  73.719  28.406  83.608  73.704  28.226  83.761  74.043
0.86  0.86  0.86 7
  -0.857  -0.499  -0.129  -0.784  -0.621  -0.026  -0.760  -0.587  -0.278 1
  28.226  83.761  74.043  28.406  83.608  73.704  28.379  83.578  74.039
0.86  0.86  0.86 7
  -0.760  -0.587  -0.278  -0.784  -0.621  -0.026  -0.677  -0.721  -0.145 1
  28.406  83.608  73.704  28.565  83.433  73.704  28.379  83.578  74.039
0.86  0.86  0.86 7
  -0.784  -0.621  -0.026  -0.719  -0.694   0.039  -0.677  -0.721  -0.145 1
  28.379  83.578  74.039  28.565  83.433  73.704  28.563  83.441  74.036
0.86  0.86  0.86 7
  -0.677  -0.721  -0.145  -0.719  -0.694   0.039  -0.631  -0.775  -0.039 1
  33.020  83.576  74.022  32.910  83.393  74.075  33.080  83.394  73.900
0.86  0.86  0.86 7
   0.730  -0.192   0.656   0.647  -0.264   0.715   0.746  -0.273   0.607 1
  33.217  83.403  73.712  33.266  83.722  73.747  33.129  83.769  73.961
0.86  0.86  0.86 7
   0.822  -0.250   0.511   0.862  -0.204   0.464   0.731  -0.281   0.621 1
  33.217  83.403  73.712  33.129  83.769  73.961  33.020  83.576  74.022
0.86  0.86  0.86 7
   0.822  -0.250   0.511   0.731  -0.281   0.621   0.730  -0.192   0.656 1
  33.217  83.403  73.712  33.020  83.576  74.022  33.080  83.394  73.900
0.86  0.86  0.86 7
   0.822  -0.250   0.511   0.730  -0.192   0.656   0.746  -0.273   0.607 1
  28.092  83.944  74.065  27.928  84.132  74.072  28.060  84.092  73.878
0.86  0.86  0.86 7
  -0.746  -0.551  -0.372  -0.777  -0.454  -0.437  -0.790  -0.530  -0.308 1
  28.153  84.035  73.695  28.297  83.781  73.719  28.060  84.092  73.878
0.86  0.86  0.86 7
  -0.860  -0.495  -0.121  -0.857  -0.499  -0.129  -0.790  -0.530  -0.308 1
  28.060  84.092  73.878  28.297  83.781  73.719  28.092  83.944  74.065
0.86  0.86  0.86 7
  -0.790  -0.530  -0.308  -0.857  -0.499  -0.129  -0.746  -0.551  -0.372 1
  28.092  83.944  74.065  28.297  83.781  73.719  28.226  83.761  74.043
0.86  0.86  0.86 7
  -0.746  -0.551  -0.372  -0.857  -0.499  -0.129  -0.760  -0.587  -0.278 1
  33.266  83.722  73.747  33.332  84.043  73.737  33.212  84.070  74.041
0.86  0.86  0.86 7
   0.862  -0.204   0.464   0.907  -0.250   0.340   0.750  -0.433   0.499 1
  33.266  83.722  73.747  33.212  84.070  74.041  33.129  83.769  73.961
0.86  0.86  0.86 7
   0.862  -0.204   0.464   0.750  -0.433   0.499   0.731  -0.281   0.621 1
  27.959  84.444  73.729  28.036  84.239  73.703  27.852  84.398  74.025
0.86  0.86  0.86 7
  -0.936  -0.254  -0.244  -0.881  -0.410  -0.237  -0.866  -0.240  -0.439 1
  27.928  84.132  74.072  27.852  84.398  74.025  28.036  84.239  73.703
0.86  0.86  0.86 7
  -0.777  -0.454  -0.437  -0.866  -0.240  -0.439  -0.881  -0.410  -0.237 1
  27.928  84.132  74.072  28.036  84.239  73.703  28.060  84.092  73.878
0.86  0.86  0.86 7
  -0.777  -0.454  -0.437  -0.881  -0.410  -0.237  -0.790  -0.530  -0.308 1
  28.060  84.092  73.878  28.036  84.239  73.703  28.153  84.035  73.695
0.86  0.86  0.86 7
  -0.790  -0.530  -0.308  -0.881  -0.410  -0.237  -0.860  -0.495  -0.121 1
  33.332  84.043  73.737  33.397  84.230  73.711  33.333  84.265  74.011
0.86  0.86  0.86 7
   0.907  -0.250   0.340   0.888  -0.366   0.278   0.848  -0.431   0.307 1
  33.332  84.043  73.737  33.333  84.265  74.011  33.212  84.070  74.041
0.86  0.86  0.86 7
   0.907  -0.250   0.340   0.848  -0.431   0.307   0.750  -0.433   0.499 1
  33.397  84.230  73.711  33.502  84.428  73.691  33.449  84.467  74.007
0.86  0.86  0.86 7
   0.888  -0.366   0.278   0.866  -0.450   0.218   0.788  -0.563   0.247 1
  33.397  84.230  73.711  33.449  84.467  74.007  33.333  84.265  74.011
0.86  0.86  0.86 7
   0.888  -0.366   0.278   0.788  -0.563   0.247   0.848  -0.431   0.307 1
  27.902  84.740  73.711  27.959  84.444  73.729  27.796  84.740  73.999
0.86  0.86  0.86 7
  -0.952   0.038  -0.305  -0.936  -0.254  -0.244  -0.889  -0.040  -0.455 1
  27.796  84.740  73.999  27.959  84.444  73.729  27.852  84.398  74.025
0.86  0.86  0.86 7
  -0.889  -0.040  -0.455  -0.936  -0.254  -0.244  -0.866  -0.240  -0.439 1
  33.502  84.428  73.691  33.638  84.690  73.704  33.613  84.685  74.037
0.86  0.86  0.86 7
   0.866  -0.450   0.218   0.868  -0.490   0.082   0.794  -0.593   0.138 1
  33.502  84.428  73.691  33.613  84.685  74.037  33.449  84.467  74.007
0.86  0.86  0.86 7
   0.866  -0.450   0.218   0.794  -0.593   0.138   0.788  -0.563   0.247 1
  27.979  85.042  73.748  27.902  84.740  73.711  27.841  85.082  74.015
0.86  0.86  0.86 7
  -0.858   0.319  -0.403  -0.952   0.038  -0.305  -0.822   0.221  -0.525 1
  27.841  85.082  74.015  27.902  84.740  73.711  27.796  84.740  73.999
0.86  0.86  0.86 7
  -0.822   0.221  -0.525  -0.952   0.038  -0.305  -0.889  -0.040  -0.455 1
  33.638  84.690  73.704  33.749  84.875  73.704  33.757  84.869  74.037
0.86  0.86  0.86 7
   0.868  -0.490   0.082   0.839  -0.543   0.040   0.826  -0.559   0.074 1
  33.638  84.690  73.704  33.757  84.869  74.037  33.613  84.685  74.037
0.86  0.86  0.86 7
   0.868  -0.490   0.082   0.826  -0.559   0.074   0.794  -0.593   0.138 1
  33.749  84.875  73.704  33.875  85.071  73.703  33.882  85.068  74.037
0.86  0.86  0.86 7
   0.839  -0.543   0.040   0.910  -0.415  -0.018   0.886  -0.459   0.061 1
  33.749  84.875  73.704  33.882  85.068  74.037  33.757  84.869  74.037
0.86  0.86  0.86 7
   0.839  -0.543   0.040   0.886  -0.459   0.061   0.826  -0.559   0.074 1
  28.060  85.225  73.718  27.979  85.042  73.748  28.060  85.391  73.885
0.86  0.86  0.86 7
  -0.828   0.414  -0.377  -0.858   0.319  -0.403  -0.747   0.428  -0.509 1
  28.060  85.391  73.885  27.979  85.042  73.748  27.903  85.381  74.068
0.86  0.86  0.86 7
  -0.747   0.428  -0.509  -0.858   0.319  -0.403  -0.718   0.409  -0.563 1
  27.903  85.381  74.068  27.979  85.042  73.748  27.841  85.082  74.015
0.86  0.86  0.86 7
  -0.718   0.409  -0.563  -0.858   0.319  -0.403  -0.822   0.221  -0.525 1
  28.060  85.391  73.885  28.204  85.407  73.703  28.060  85.225  73.718
0.86  0.86  0.86 7
  -0.747   0.428  -0.509  -0.647   0.596  -0.476  -0.828   0.414  -0.377 1
  33.875  85.071  73.703  33.991  85.376  73.674  34.005  85.362  74.037
0.86  0.86  0.86 7
   0.910  -0.415  -0.018   0.951  -0.295  -0.093   0.944  -0.323   0.060 1
  33.875  85.071  73.703  34.005  85.362  74.037  33.882  85.068  74.037
0.86  0.86  0.86 7
   0.910  -0.415  -0.018   0.944  -0.323   0.060   0.886  -0.459   0.061 1
  27.903  85.381  74.068  28.045  85.565  74.045  28.060  85.391  73.885
0.86  0.86  0.86 7
  -0.718   0.409  -0.563  -0.656   0.503  -0.563  -0.747   0.428  -0.509 1
  28.376  85.561  73.710  28.204  85.407  73.703  28.391  85.699  73.903
0.86  0.86  0.86 7
  -0.548   0.734  -0.401  -0.647   0.596  -0.476  -0.454   0.681  -0.574 1
  28.391  85.699  73.903  28.204  85.407  73.703  28.213  85.733  74.045
0.86  0.86  0.86 7
  -0.454   0.681  -0.574  -0.647   0.596  -0.476  -0.475   0.647  -0.596 1
  28.213  85.733  74.045  28.204  85.407  73.703  28.045  85.565  74.045
0.86  0.86  0.86 7
  -0.475   0.647  -0.596  -0.647   0.596  -0.476  -0.656   0.503  -0.563 1
  28.045  85.565  74.045  28.204  85.407  73.703  28.060  85.391  73.885
0.86  0.86  0.86 7
  -0.656   0.503  -0.563  -0.647   0.596  -0.476  -0.747   0.428  -0.509 1
  28.391  85.699  73.903  28.575  85.685  73.739  28.376  85.561  73.710
0.86  0.86  0.86 7
  -0.454   0.681  -0.574  -0.483   0.733  -0.480  -0.548   0.734  -0.401 1
  33.991  85.376  73.674  34.044  85.571  73.702  34.064  85.564  74.037
0.86  0.86  0.86 7
   0.951  -0.295  -0.093   0.947  -0.298  -0.120   0.948  -0.312   0.058 1
  33.991  85.376  73.674  34.064  85.564  74.037  34.005  85.362  74.037
0.86  0.86  0.86 7
   0.951  -0.295  -0.093   0.948  -0.312   0.058   0.944  -0.323   0.060 1
  34.044  85.571  73.702  34.120  85.776  73.728  34.143  85.766  74.019
0.86  0.86  0.86 7
   0.947  -0.298  -0.120   0.910  -0.389  -0.142   0.924  -0.378   0.065 1
  34.044  85.571  73.702  34.143  85.766  74.019  34.064  85.564  74.037
0.86  0.86  0.86 7
   0.947  -0.298  -0.120   0.924  -0.378   0.065   0.948  -0.312   0.058 1
  28.213  85.733  74.045  28.392  85.873  74.077  28.391  85.699  73.903
0.86  0.86  0.86 7
  -0.475   0.647  -0.596  -0.393   0.689  -0.609  -0.454   0.681  -0.574 1
  28.763  85.849  73.749  28.575  85.685  73.739  28.680  85.963  74.004
0.86  0.86  0.86 7
  -0.524   0.735  -0.430  -0.483   0.733  -0.480  -0.425   0.738  -0.524 1
  28.392  85.873  74.077  28.680  85.963  74.004  28.575  85.685  73.739
0.86  0.86  0.86 7
  -0.393   0.689  -0.609  -0.425   0.738  -0.524  -0.483   0.733  -0.480 1
  28.392  85.873  74.077  28.575  85.685  73.739  28.391  85.699  73.903
0.86  0.86  0.86 7
  -0.393   0.689  -0.609  -0.483   0.733  -0.480  -0.454   0.681  -0.574 1
  29.008  85.958  73.681  28.763  85.849  73.749  29.035  86.077  73.867
0.86  0.86  0.86 7
  -0.504   0.785  -0.359  -0.524   0.735  -0.430  -0.519   0.715  -0.469 1
  29.035  86.077  73.867  28.763  85.849  73.749  28.867  86.080  74.032
0.86  0.86  0.86 7
  -0.519   0.715  -0.469  -0.524   0.735  -0.430  -0.463   0.739  -0.490 1
  28.867  86.080  74.032  28.763  85.849  73.749  28.680  85.963  74.004
0.86  0.86  0.86 7
  -0.463   0.739  -0.490  -0.524   0.735  -0.430  -0.425   0.738  -0.524 1
  29.035  86.077  73.867  29.188  86.093  73.693  29.008  85.958  73.681
0.86  0.86  0.86 7
  -0.519   0.715  -0.469  -0.609   0.678  -0.412  -0.504   0.785  -0.359 1
  34.120  85.776  73.728  34.256  86.036  73.689  34.270  86.041  74.053
0.86  0.86  0.86 7
   0.910  -0.389  -0.142   0.847  -0.515  -0.129   0.867  -0.487   0.102 1
  34.120  85.776  73.728  34.270  86.041  74.053  34.143  85.766  74.019
0.86  0.86  0.86 7
   0.910  -0.389  -0.142   0.867  -0.487   0.102   0.924  -0.378   0.065 1
  28.867  86.080  74.032  29.045  86.232  74.045  29.035  86.077  73.867
0.86  0.86  0.86 7
  -0.463   0.739  -0.490  -0.597   0.644  -0.478  -0.519   0.715  -0.469 1
  29.350  86.257  73.693  29.188  86.093  73.693  29.363  86.411  73.865
0.86  0.86  0.86 7
  -0.696   0.611  -0.377  -0.609   0.678  -0.412  -0.700   0.530  -0.479 1
  29.363  86.411  73.865  29.188  86.093  73.693  29.211  86.401  74.043
0.86  0.86  0.86 7
  -0.700   0.530  -0.479  -0.609   0.678  -0.412  -0.677   0.600  -0.425 1
  29.211  86.401  74.043  29.188  86.093  73.693  29.045  86.232  74.045
0.86  0.86  0.86 7
  -0.677   0.600  -0.425  -0.609   0.678  -0.412  -0.597   0.644  -0.478 1
  29.045  86.232  74.045  29.188  86.093  73.693  29.035  86.077  73.867
0.86  0.86  0.86 7
  -0.597   0.644  -0.478  -0.609   0.678  -0.412  -0.519   0.715  -0.469 1
  29.363  86.411  73.865  29.481  86.439  73.679  29.350  86.257  73.693
0.86  0.86  0.86 7
  -0.700   0.530  -0.479  -0.792   0.463  -0.398  -0.696   0.611  -0.377 1
  34.256  86.036  73.689  34.388  86.228  73.703  34.387  86.229  74.037
0.86  0.86  0.86 7
   0.847  -0.515  -0.129   0.846  -0.524  -0.104   0.857  -0.504   0.105 1
  34.256  86.036  73.689  34.387  86.229  74.037  34.270  86.041  74.053
0.86  0.86  0.86 7
   0.847  -0.515  -0.129   0.857  -0.504   0.105   0.867  -0.487   0.102 1
  34.388  86.228  73.703  34.499  86.429  73.709  34.496  86.430  74.031
0.86  0.86  0.86 7
   0.846  -0.524  -0.104   0.909  -0.406  -0.096   0.908  -0.404   0.111 1
  34.388  86.228  73.703  34.496  86.430  74.031  34.387  86.229  74.037
0.86  0.86  0.86 7
   0.846  -0.524  -0.104   0.908  -0.404   0.111   0.857  -0.504   0.105 1
  29.211  86.401  74.043  29.358  86.582  74.028  29.363  86.411  73.865
0.86  0.86  0.86 7
  -0.677   0.600  -0.425  -0.759   0.489  -0.431  -0.700   0.530  -0.479 1
  29.582  86.725  73.732  29.481  86.439  73.679  29.483  86.771  74.013
0.86  0.86  0.86 7
  -0.792   0.451  -0.411  -0.792   0.463  -0.398  -0.805   0.505  -0.313 1
  29.483  86.771  74.013  29.481  86.439  73.679  29.358  86.582  74.028
0.86  0.86  0.86 7
  -0.805   0.505  -0.313  -0.792   0.463  -0.398  -0.759   0.489  -0.431 1
  29.358  86.582  74.028  29.481  86.439  73.679  29.363  86.411  73.865
0.86  0.86  0.86 7
  -0.759   0.489  -0.431  -0.792   0.463  -0.398  -0.700   0.530  -0.479 1
  34.499  86.429  73.709  34.602  86.724  73.703  34.600  86.724  74.037
0.86  0.86  0.86 7
   0.909  -0.406  -0.096   0.970  -0.223  -0.099   0.967  -0.226   0.113 1
  34.499  86.429  73.709  34.600  86.724  74.037  34.496  86.430  74.031
0.86  0.86  0.86 7
   0.909  -0.406  -0.096   0.967  -0.226   0.113   0.908  -0.404   0.111 1
  29.708  86.904  73.706  29.582  86.725  73.732  29.721  87.059  73.878
0.86  0.86  0.86 7
  -0.710   0.498  -0.498  -0.792   0.451  -0.411  -0.736   0.564  -0.374 1
  29.721  87.059  73.878  29.582  86.725  73.732  29.616  87.021  74.063
0.86  0.86  0.86 7
  -0.736   0.564  -0.374  -0.792   0.451  -0.411  -0.790   0.555  -0.262 1
  29.616  87.021  74.063  29.582  86.725  73.732  29.483  86.771  74.013
0.86  0.86  0.86 7
  -0.790   0.555  -0.262  -0.792   0.451  -0.411  -0.805   0.505  -0.313 1
  29.721  87.059  73.878  29.859  87.086  73.693  29.708  86.904  73.706
0.86  0.86  0.86 7
  -0.736   0.564  -0.374  -0.646   0.613  -0.455  -0.710   0.498  -0.498 1
  34.602  86.724  73.703  34.642  87.073  73.692  34.639  87.073  74.048
0.86  0.86  0.86 7
   0.970  -0.223  -0.099   0.995  -0.020  -0.099   0.993  -0.017   0.113 1
  34.602  86.724  73.703  34.639  87.073  74.048  34.600  86.724  74.037
0.86  0.86  0.86 7
   0.970  -0.223  -0.099   0.993  -0.017   0.113   0.967  -0.226   0.113 1
  29.616  87.021  74.063  29.754  87.190  74.057  29.721  87.059  73.878
0.86  0.86  0.86 7
  -0.790   0.555  -0.262  -0.698   0.664  -0.270  -0.736   0.564  -0.374 1
  30.031  87.250  73.696  29.859  87.086  73.693  30.055  87.377  73.883
0.86  0.86  0.86 7
  -0.527   0.688  -0.499  -0.646   0.613  -0.455  -0.548   0.749  -0.372 1
  30.055  87.377  73.883  29.859  87.086  73.693  29.913  87.344  74.058
0.86  0.86  0.86 7
  -0.548   0.749  -0.372  -0.646   0.613  -0.455  -0.609   0.743  -0.276 1
  29.913  87.344  74.058  29.859  87.086  73.693  29.754  87.190  74.057
0.86  0.86  0.86 7
  -0.609   0.743  -0.276  -0.646   0.613  -0.455  -0.698   0.664  -0.270 1
  29.754  87.190  74.057  29.859  87.086  73.693  29.721  87.059  73.878
0.86  0.86  0.86 7
  -0.698   0.664  -0.270  -0.646   0.613  -0.455  -0.736   0.564  -0.374 1
  30.055  87.377  73.883  30.217  87.387  73.716  30.031  87.250  73.696
0.86  0.86  0.86 7
  -0.548   0.749  -0.372  -0.439   0.775  -0.454  -0.527   0.688  -0.499 1
  34.642  87.073  73.692  34.614  87.425  73.703  34.613  87.425  74.037
0.86  0.86  0.86 7
   0.995  -0.020  -0.099   0.976   0.191  -0.100   0.975   0.189   0.114 1
  34.642  87.073  73.692  34.613  87.425  74.037  34.639  87.073  74.048
0.86  0.86  0.86 7
   0.995  -0.020  -0.099   0.975   0.189   0.114   0.993  -0.017   0.113 1
  29.913  87.344  74.058  30.101  87.478  74.068  30.055  87.377  73.883
0.86  0.86  0.86 7
  -0.609   0.743  -0.276  -0.485   0.828  -0.282  -0.548   0.749  -0.372 1
  30.397  87.497  73.754  30.217  87.387  73.716  30.359  87.598  74.030
0.86  0.86  0.86 7
  -0.303   0.849  -0.432  -0.439   0.775  -0.454  -0.349   0.876  -0.332 1
  30.101  87.478  74.068  30.359  87.598  74.030  30.217  87.387  73.716
0.86  0.86  0.86 7
  -0.485   0.828  -0.282  -0.349   0.876  -0.332  -0.439   0.775  -0.454 1
  30.101  87.478  74.068  30.217  87.387  73.716  30.055  87.377  73.883
0.86  0.86  0.86 7
  -0.485   0.828  -0.282  -0.439   0.775  -0.454  -0.548   0.749  -0.372 1
  30.707  87.557  73.713  30.397  87.497  73.754  30.678  87.679  74.010
0.86  0.86  0.86 7
  -0.198   0.880  -0.431  -0.303   0.849  -0.432  -0.180   0.917  -0.356 1
  30.678  87.679  74.010  30.397  87.497  73.754  30.359  87.598  74.030
0.86  0.86  0.86 7
  -0.180   0.917  -0.356  -0.303   0.849  -0.432  -0.349   0.876  -0.332 1
  31.027  87.613  73.675  30.707  87.557  73.713  31.051  87.695  73.889
0.86  0.86  0.86 7
  -0.233   0.834  -0.500  -0.198   0.880  -0.431  -0.239   0.918  -0.317 1
  31.051  87.695  73.889  30.707  87.557  73.713  30.875  87.711  74.045
0.86  0.86  0.86 7
  -0.239   0.918  -0.317  -0.198   0.880  -0.431  -0.154   0.916  -0.371 1
  30.875  87.711  74.045  30.707  87.557  73.713  30.678  87.679  74.010
0.86  0.86  0.86 7
  -0.154   0.916  -0.371  -0.198   0.880  -0.431  -0.180   0.917  -0.356 1
  31.051  87.695  73.889  31.224  87.694  73.717  31.027  87.613  73.675
0.86  0.86  0.86 7
  -0.239   0.918  -0.317  -0.360   0.851  -0.381  -0.233   0.834  -0.500 1
  34.614  87.425  73.703  34.520  87.730  73.703  34.518  87.728  74.034
0.86  0.86  0.86 7
   0.976   0.191  -0.100   0.920   0.378  -0.100   0.921   0.373   0.114 1
  34.614  87.425  73.703  34.518  87.728  74.034  34.613  87.425  74.037
0.86  0.86  0.86 7
   0.976   0.191  -0.100   0.921   0.373   0.114   0.975   0.189   0.114 1
  30.875  87.711  74.045  31.080  87.767  74.082  31.051  87.695  73.889
0.86  0.86  0.86 7
  -0.154   0.916  -0.371  -0.267   0.901  -0.342  -0.239   0.918  -0.317 1
  31.434  87.810  73.736  31.224  87.694  73.717  31.386  87.874  74.046
0.86  0.86  0.86 7
  -0.502   0.806  -0.314  -0.360   0.851  -0.381  -0.407   0.877  -0.253 1
  31.080  87.767  74.082  31.386  87.874  74.046  31.224  87.694  73.717
0.86  0.86  0.86 7
  -0.267   0.901  -0.342  -0.407   0.877  -0.253  -0.360   0.851  -0.381 1
  31.080  87.767  74.082  31.224  87.694  73.717  31.051  87.695  73.889
0.86  0.86  0.86 7
  -0.267   0.901  -0.342  -0.360   0.851  -0.381  -0.239   0.918  -0.317 1
  31.649  87.964  73.684  31.434  87.810  73.736  31.632  88.006  74.009
0.86  0.86  0.86 7
  -0.628   0.742  -0.235  -0.502   0.806  -0.314  -0.526   0.838  -0.145 1
  31.632  88.006  74.009  31.434  87.810  73.736  31.386  87.874  74.046
0.86  0.86  0.86 7
  -0.526   0.838  -0.145  -0.502   0.806  -0.314  -0.407   0.877  -0.253 1
  31.821  88.123  73.703  31.649  87.964  73.684  31.830  88.133  74.035
0.86  0.86  0.86 7
  -0.696   0.709  -0.118  -0.628   0.742  -0.235  -0.585   0.807  -0.082 1
  31.830  88.133  74.035  31.649  87.964  73.684  31.632  88.006  74.009
0.86  0.86  0.86 7
  -0.585   0.807  -0.082  -0.628   0.742  -0.235  -0.526   0.838  -0.145 1
  34.413  87.936  73.703  34.278  88.125  73.703  34.274  88.123  74.056
0.86  0.86  0.86 7
   0.849   0.520  -0.098   0.761   0.641  -0.096   0.759   0.640   0.119 1
  34.413  87.936  73.703  34.274  88.123  74.056  34.411  87.935  74.048
0.86  0.86  0.86 7
   0.849   0.520  -0.098   0.759   0.640   0.119   0.848   0.518   0.116 1
  34.520  87.730  73.703  34.413  87.936  73.703  34.411  87.935  74.048
0.86  0.86  0.86 7
   0.920   0.378  -0.100   0.849   0.520  -0.098   0.848   0.518   0.116 1
  34.520  87.730  73.703  34.411  87.935  74.048  34.518  87.728  74.034
0.86  0.86  0.86 7
   0.920   0.378  -0.100   0.848   0.518   0.116   0.921   0.373   0.114 1
  31.986  88.291  73.703  31.821  88.123  73.703  32.004  88.275  74.036
0.86  0.86  0.86 7
  -0.672   0.736  -0.078  -0.696   0.709  -0.118  -0.627   0.778   0.045 1
  32.004  88.275  74.036  31.821  88.123  73.703  31.830  88.133  74.035
0.86  0.86  0.86 7
  -0.627   0.778   0.045  -0.696   0.709  -0.118  -0.585   0.807  -0.082 1
  32.181  88.440  73.703  31.986  88.291  73.703  32.182  88.439  74.037
0.86  0.86  0.86 7
  -0.541   0.835  -0.099  -0.672   0.736  -0.078  -0.561   0.820   0.115 1
  32.182  88.439  74.037  31.986  88.291  73.703  32.004  88.275  74.036
0.86  0.86  0.86 7
  -0.561   0.820   0.115  -0.672   0.736  -0.078  -0.627   0.778   0.045 1
  34.102  88.304  73.703  33.904  88.452  73.703  33.902  88.449  74.049
0.86  0.86  0.86 7
   0.654   0.750  -0.097   0.534   0.840  -0.098   0.531   0.839   0.117 1
  34.102  88.304  73.703  33.902  88.449  74.049  34.099  88.301  74.057
0.86  0.86  0.86 7
   0.654   0.750  -0.097   0.531   0.839   0.117   0.653   0.748   0.119 1
  34.278  88.125  73.703  34.102  88.304  73.703  34.099  88.301  74.057
0.86  0.86  0.86 7
   0.761   0.641  -0.096   0.654   0.750  -0.097   0.653   0.748   0.119 1
  34.278  88.125  73.703  34.099  88.301  74.057  34.274  88.123  74.056
0.86  0.86  0.86 7
   0.761   0.641  -0.096   0.653   0.748   0.119   0.759   0.640   0.119 1
  32.384  88.551  73.706  32.181  88.440  73.703  32.385  88.548  74.033
0.86  0.86  0.86 7
  -0.402   0.910  -0.097  -0.541   0.835  -0.099  -0.401   0.909   0.112 1
  32.385  88.548  74.033  32.181  88.440  73.703  32.182  88.439  74.037
0.86  0.86  0.86 7
  -0.401   0.909   0.112  -0.541   0.835  -0.099  -0.561   0.820   0.115 1
  32.684  88.654  73.703  32.384  88.551  73.706  32.685  88.653  74.037
0.86  0.86  0.86 7
  -0.216   0.971  -0.100  -0.402   0.910  -0.097  -0.220   0.969   0.114 1
  32.685  88.653  74.037  32.384  88.551  73.706  32.385  88.548  74.033
0.86  0.86  0.86 7
  -0.220   0.969   0.114  -0.402   0.910  -0.097  -0.401   0.909   0.112 1
  33.038  88.692  73.690  32.684  88.654  73.703  33.038  88.689  74.050
0.86  0.86  0.86 7
  -0.010   0.995  -0.099  -0.216   0.971  -0.100  -0.007   0.994   0.113 1
  33.038  88.689  74.050  32.684  88.654  73.703  32.685  88.653  74.037
0.86  0.86  0.86 7
  -0.007   0.994   0.113  -0.216   0.971  -0.100  -0.220   0.969   0.114 1
  33.393  88.660  73.703  33.038  88.692  73.690  33.393  88.658  74.037
0.86  0.86  0.86 7
   0.202   0.974  -0.101  -0.010   0.995  -0.099   0.199   0.973   0.115 1
  33.393  88.658  74.037  33.038  88.692  73.690  33.038  88.689  74.050
0.86  0.86  0.86 7
   0.199   0.973   0.115  -0.010   0.995  -0.099  -0.007   0.994   0.113 1
  33.699  88.561  73.703  33.393  88.660  73.703  33.698  88.560  74.033
0.86  0.86  0.86 7
   0.386   0.912  -0.136   0.202   0.974  -0.101   0.390   0.918   0.078 1
  33.698  88.560  74.033  33.393  88.660  73.703  33.393  88.658  74.037
0.86  0.86  0.86 7
   0.390   0.918   0.078   0.202   0.974  -0.101   0.199   0.973   0.115 1
  33.904  88.452  73.703  33.699  88.561  73.703  33.698  88.560  74.033
0.86  0.86  0.86 7
   0.534   0.840  -0.098   0.386   0.912  -0.136   0.390   0.918   0.078 1
  33.904  88.452  73.703  33.698  88.560  74.033  33.902  88.449  74.049
0.86  0.86  0.86 7
   0.534   0.840  -0.098   0.390   0.918   0.078   0.531   0.839   0.117 1
  29.735  82.459  74.181  29.578  82.467  74.016  29.760  82.369  74.000
0.86  0.86  0.86 7
  -0.365  -0.813   0.453  -0.484  -0.794   0.368  -0.347  -0.879   0.327 1
  29.760  82.369  74.000  30.050  82.283  74.018  30.029  82.376  74.216
0.86  0.86  0.86 7
  -0.347  -0.879   0.327  -0.203  -0.921   0.332  -0.200  -0.862   0.466 1
  29.760  82.369  74.000  30.029  82.376  74.216  29.735  82.459  74.181
0.86  0.86  0.86 7
  -0.347  -0.879   0.327  -0.200  -0.862   0.466  -0.365  -0.813   0.453 1
  30.050  82.283  74.018  30.371  82.248  74.032  30.371  82.344  74.234
0.86  0.86  0.86 7
  -0.203  -0.921   0.332  -0.015  -0.940   0.340  -0.013  -0.876   0.482 1
  30.050  82.283  74.018  30.371  82.344  74.234  30.029  82.376  74.216
0.86  0.86  0.86 7
  -0.203  -0.921   0.332  -0.013  -0.876   0.482  -0.200  -0.862   0.466 1
  30.371  82.248  74.032  30.695  82.275  74.022  30.716  82.368  74.220
0.86  0.86  0.86 7
  -0.015  -0.940   0.340   0.178  -0.928   0.328   0.176  -0.862   0.475 1
  30.371  82.248  74.032  30.716  82.368  74.220  30.371  82.344  74.234
0.86  0.86  0.86 7
  -0.015  -0.940   0.340   0.176  -0.862   0.475  -0.013  -0.876   0.482 1
  30.695  82.275  74.022  30.989  82.355  74.004  31.016  82.444  74.187
0.86  0.86  0.86 7
   0.178  -0.928   0.328   0.308  -0.899   0.310   0.328  -0.840   0.433 1
  30.695  82.275  74.022  31.016  82.444  74.187  30.716  82.368  74.220
0.86  0.86  0.86 7
   0.178  -0.928   0.328   0.328  -0.840   0.433   0.176  -0.862   0.475 1
  31.189  82.444  74.015  31.016  82.444  74.187  30.989  82.355  74.004
0.86  0.86  0.86 7
   0.326  -0.834   0.445   0.328  -0.840   0.433   0.308  -0.899   0.310 1
  29.362  82.729  74.209  29.220  82.758  74.028  29.390  82.600  74.027
0.86  0.86  0.86 7
  -0.569  -0.691   0.445  -0.657  -0.682   0.322  -0.581  -0.748   0.320 1
  29.390  82.600  74.027  29.578  82.467  74.016  29.362  82.729  74.209
0.86  0.86  0.86 7
  -0.581  -0.748   0.320  -0.484  -0.794   0.368  -0.569  -0.691   0.445 1
  29.362  82.729  74.209  29.578  82.467  74.016  29.527  82.723  74.381
0.86  0.86  0.86 7
  -0.569  -0.691   0.445  -0.484  -0.794   0.368  -0.477  -0.723   0.500 1
  29.527  82.723  74.381  29.578  82.467  74.016  29.713  82.586  74.361
0.86  0.86  0.86 7
  -0.477  -0.723   0.500  -0.484  -0.794   0.368  -0.394  -0.738   0.548 1
  29.713  82.586  74.361  29.578  82.467  74.016  29.735  82.459  74.181
0.86  0.86  0.86 7
  -0.394  -0.738   0.548  -0.484  -0.794   0.368  -0.365  -0.813   0.453 1
  29.713  82.586  74.361  29.735  82.459  74.181  30.019  82.508  74.416
0.86  0.86  0.86 7
  -0.394  -0.738   0.548  -0.365  -0.813   0.453  -0.196  -0.780   0.594 1
  30.019  82.508  74.416  29.735  82.459  74.181  30.029  82.376  74.216
0.86  0.86  0.86 7
  -0.196  -0.780   0.594  -0.365  -0.813   0.453  -0.200  -0.862   0.466 1
  30.019  82.508  74.416  30.029  82.376  74.216  30.371  82.474  74.441
0.86  0.86  0.86 7
  -0.196  -0.780   0.594  -0.200  -0.862   0.466   0.003  -0.797   0.603 1
  30.371  82.474  74.441  30.029  82.376  74.216  30.371  82.344  74.234
0.86  0.86  0.86 7
   0.003  -0.797   0.603  -0.200  -0.862   0.466  -0.013  -0.876   0.482 1
  30.371  82.474  74.441  30.371  82.344  74.234  30.725  82.501  74.422
0.86  0.86  0.86 7
   0.003  -0.797   0.603  -0.013  -0.876   0.482   0.183  -0.788   0.588 1
  30.725  82.501  74.422  30.371  82.344  74.234  30.716  82.368  74.220
0.86  0.86  0.86 7
   0.183  -0.788   0.588  -0.013  -0.876   0.482   0.176  -0.862   0.475 1
  30.725  82.501  74.422  30.716  82.368  74.220  31.038  82.573  74.370
0.86  0.86  0.86 7
   0.183  -0.788   0.588   0.176  -0.862   0.475   0.360  -0.759   0.543 1
  31.038  82.573  74.370  30.716  82.368  74.220  31.016  82.444  74.187
0.86  0.86  0.86 7
   0.360  -0.759   0.543   0.176  -0.862   0.475   0.328  -0.840   0.433 1
  31.189  82.444  74.015  31.381  82.530  74.058  31.394  82.662  74.259
0.86  0.86  0.86 7
   0.326  -0.834   0.445   0.209  -0.801   0.561   0.301  -0.717   0.628 1
  31.189  82.444  74.015  31.394  82.662  74.259  31.222  82.705  74.399
0.86  0.86  0.86 7
   0.326  -0.834   0.445   0.301  -0.717   0.628   0.416  -0.667   0.618 1
  31.189  82.444  74.015  31.222  82.705  74.399  31.038  82.573  74.370
0.86  0.86  0.86 7
   0.326  -0.834   0.445   0.416  -0.667   0.618   0.360  -0.759   0.543 1
  31.189  82.444  74.015  31.038  82.573  74.370  31.016  82.444  74.187
0.86  0.86  0.86 7
   0.326  -0.834   0.445   0.360  -0.759   0.543   0.328  -0.840   0.433 1
  31.381  82.530  74.058  31.707  82.568  74.042  31.704  82.740  74.202
0.86  0.86  0.86 7
   0.209  -0.801   0.561   0.116  -0.761   0.638   0.192  -0.653   0.733 1
  31.381  82.530  74.058  31.704  82.740  74.202  31.394  82.662  74.259
0.86  0.86  0.86 7
   0.209  -0.801   0.561   0.192  -0.653   0.733   0.301  -0.717   0.628 1
  31.707  82.568  74.042  32.030  82.596  74.013  32.038  82.763  74.171
0.86  0.86  0.86 7
   0.116  -0.761   0.638   0.179  -0.737   0.652   0.181  -0.606   0.774 1
  31.707  82.568  74.042  32.038  82.763  74.171  31.704  82.740  74.202
0.86  0.86  0.86 7
   0.116  -0.761   0.638   0.181  -0.606   0.774   0.192  -0.653   0.733 1
  32.030  82.596  74.013  32.341  82.649  73.961  32.340  82.803  74.108
0.86  0.86  0.86 7
   0.179  -0.737   0.652   0.297  -0.710   0.638   0.296  -0.609   0.736 1
  32.030  82.596  74.013  32.340  82.803  74.108  32.038  82.763  74.171
0.86  0.86  0.86 7
   0.179  -0.737   0.652   0.296  -0.609   0.736   0.181  -0.606   0.774 1
  32.516  82.776  73.992  32.340  82.803  74.108  32.341  82.649  73.961
0.86  0.86  0.86 7
   0.417  -0.600   0.683   0.296  -0.609   0.736   0.297  -0.710   0.638 1
  28.899  83.092  74.036  29.063  82.932  74.028  28.896  83.130  74.353
0.86  0.86  0.86 7
  -0.727  -0.683   0.072  -0.679  -0.702   0.215  -0.515  -0.844   0.153 1
  28.896  83.130  74.353  29.063  82.932  74.028  29.107  83.009  74.335
0.86  0.86  0.86 7
  -0.515  -0.844   0.153  -0.679  -0.702   0.215  -0.493  -0.809   0.319 1
  29.063  82.932  74.028  29.220  82.758  74.028  29.107  83.009  74.335
0.86  0.86  0.86 7
  -0.679  -0.702   0.215  -0.657  -0.682   0.322  -0.493  -0.809   0.319 1
  29.349  82.874  74.392  29.107  83.009  74.335  29.220  82.758  74.028
0.86  0.86  0.86 7
  -0.567  -0.702   0.432  -0.493  -0.809   0.319  -0.657  -0.682   0.322 1
  29.349  82.874  74.392  29.220  82.758  74.028  29.362  82.729  74.209
0.86  0.86  0.86 7
  -0.567  -0.702   0.432  -0.657  -0.682   0.322  -0.569  -0.691   0.445 1
  29.527  82.723  74.381  29.349  82.874  74.392  29.362  82.729  74.209
0.86  0.86  0.86 7
  -0.477  -0.723   0.500  -0.567  -0.702   0.432  -0.569  -0.691   0.445 1
  31.404  82.865  74.428  31.222  82.705  74.399  31.394  82.662  74.259
0.86  0.86  0.86 7
   0.351  -0.608   0.712   0.416  -0.667   0.618   0.301  -0.717   0.628 1
  31.404  82.865  74.428  31.394  82.662  74.259  31.699  82.921  74.349
0.86  0.86  0.86 7
   0.351  -0.608   0.712   0.301  -0.717   0.628   0.263  -0.617   0.742 1
  31.699  82.921  74.349  31.394  82.662  74.259  31.704  82.740  74.202
0.86  0.86  0.86 7
   0.263  -0.617   0.742   0.301  -0.717   0.628   0.192  -0.653   0.733 1
  31.699  82.921  74.349  31.704  82.740  74.202  31.887  83.052  74.407
0.86  0.86  0.86 7
   0.263  -0.617   0.742   0.192  -0.653   0.733   0.278  -0.569   0.774 1
  31.887  83.052  74.407  31.704  82.740  74.202  32.068  83.012  74.325
0.86  0.86  0.86 7
   0.278  -0.569   0.774   0.192  -0.653   0.733   0.234  -0.517   0.823 1
  32.068  83.012  74.325  31.704  82.740  74.202  32.038  82.763  74.171
0.86  0.86  0.86 7
   0.234  -0.517   0.823   0.192  -0.653   0.733   0.181  -0.606   0.774 1
  32.068  83.012  74.325  32.038  82.763  74.171  32.390  83.048  74.248
0.86  0.86  0.86 7
   0.234  -0.517   0.823   0.181  -0.606   0.774   0.365  -0.449   0.815 1
  32.390  83.048  74.248  32.038  82.763  74.171  32.340  82.803  74.108
0.86  0.86  0.86 7
   0.365  -0.449   0.815   0.181  -0.606   0.774   0.296  -0.609   0.736 1
  32.516  82.776  73.992  32.683  82.928  74.005  32.664  83.114  74.142
0.86  0.86  0.86 7
   0.417  -0.600   0.683   0.534  -0.531   0.659   0.474  -0.431   0.768 1
  32.516  82.776  73.992  32.664  83.114  74.142  32.390  83.048  74.248
0.86  0.86  0.86 7
   0.417  -0.600   0.683   0.474  -0.431   0.768   0.365  -0.449   0.815 1
  32.516  82.776  73.992  32.390  83.048  74.248  32.340  82.803  74.108
0.86  0.86  0.86 7
   0.417  -0.600   0.683   0.365  -0.449   0.815   0.296  -0.609   0.736 1
  32.837  83.093  73.996  32.664  83.114  74.142  32.683  82.928  74.005
0.86  0.86  0.86 7
   0.603  -0.426   0.675   0.474  -0.431   0.768   0.534  -0.531   0.659 1
  28.563  83.441  74.036  28.747  83.280  74.035  28.543  83.414  74.372
0.86  0.86  0.86 7
  -0.631  -0.775  -0.039  -0.717  -0.697  -0.005  -0.594  -0.782  -0.188 1
  28.543  83.414  74.372  28.747  83.280  74.035  28.722  83.257  74.376
0.86  0.86  0.86 7
  -0.594  -0.782  -0.188  -0.717  -0.697  -0.005  -0.611  -0.783  -0.116 1
  28.747  83.280  74.035  28.899  83.092  74.036  28.722  83.257  74.376
0.86  0.86  0.86 7
  -0.717  -0.697  -0.005  -0.727  -0.683   0.072  -0.611  -0.783  -0.116 1
  28.722  83.257  74.376  28.899  83.092  74.036  28.896  83.130  74.353
0.86  0.86  0.86 7
  -0.611  -0.783  -0.116  -0.727  -0.683   0.072  -0.515  -0.844   0.153 1
  32.057  83.193  74.436  31.887  83.052  74.407  32.068  83.012  74.325
0.86  0.86  0.86 7
   0.292  -0.421   0.859   0.278  -0.569   0.774   0.234  -0.517   0.823 1
  32.057  83.193  74.436  32.068  83.012  74.325  32.366  83.247  74.353
0.86  0.86  0.86 7
   0.292  -0.421   0.859   0.234  -0.517   0.823   0.339  -0.372   0.864 1
  32.366  83.247  74.353  32.068  83.012  74.325  32.390  83.048  74.248
0.86  0.86  0.86 7
   0.339  -0.372   0.864   0.234  -0.517   0.823   0.365  -0.449   0.815 1
  32.366  83.247  74.353  32.390  83.048  74.248  32.525  83.415  74.339
0.86  0.86  0.86 7
   0.339  -0.372   0.864   0.365  -0.449   0.815   0.425  -0.301   0.854 1
  32.525  83.415  74.339  32.390  83.048  74.248  32.720  83.400  74.224
0.86  0.86  0.86 7
   0.425  -0.301   0.854   0.365  -0.449   0.815   0.520  -0.291   0.803 1
  32.720  83.400  74.224  32.390  83.048  74.248  32.664  83.114  74.142
0.86  0.86  0.86 7
   0.520  -0.291   0.803   0.365  -0.449   0.815   0.474  -0.431   0.768 1
  32.837  83.093  73.996  32.910  83.393  74.075  32.720  83.400  74.224
0.86  0.86  0.86 7
   0.603  -0.426   0.675   0.647  -0.264   0.715   0.520  -0.291   0.803 1
  32.837  83.093  73.996  32.720  83.400  74.224  32.664  83.114  74.142
0.86  0.86  0.86 7
   0.603  -0.426   0.675   0.520  -0.291   0.803   0.474  -0.431   0.768 1
  28.226  83.761  74.043  28.379  83.578  74.039  28.155  83.690  74.337
0.86  0.86  0.86 7
  -0.760  -0.587  -0.278  -0.677  -0.721  -0.145  -0.632  -0.702  -0.327 1
  28.155  83.690  74.337  28.379  83.578  74.039  28.352  83.534  74.361
0.86  0.86  0.86 7
  -0.632  -0.702  -0.327  -0.677  -0.721  -0.145  -0.532  -0.807  -0.257 1
  28.379  83.578  74.039  28.563  83.441  74.036  28.352  83.534  74.361
0.86  0.86  0.86 7
  -0.677  -0.721  -0.145  -0.631  -0.775  -0.039  -0.532  -0.807  -0.257 1
  28.352  83.534  74.361  28.563  83.441  74.036  28.543  83.414  74.372
0.86  0.86  0.86 7
  -0.532  -0.807  -0.257  -0.631  -0.775  -0.039  -0.594  -0.782  -0.188 1
  32.525  83.415  74.339  32.720  83.400  74.224  32.554  83.723  74.414
0.86  0.86  0.86 7
   0.425  -0.301   0.854   0.520  -0.291   0.803   0.473  -0.364   0.802 1
  32.554  83.723  74.414  32.720  83.400  74.224  32.759  83.717  74.279
0.86  0.86  0.86 7
   0.473  -0.364   0.802   0.520  -0.291   0.803   0.567  -0.296   0.769 1
  32.910  83.393  74.075  33.020  83.576  74.022  32.964  83.769  74.129
0.86  0.86  0.86 7
   0.647  -0.264   0.715   0.730  -0.192   0.656   0.656  -0.265   0.707 1
  32.910  83.393  74.075  32.964  83.769  74.129  32.759  83.717  74.279
0.86  0.86  0.86 7
   0.647  -0.264   0.715   0.656  -0.265   0.707   0.567  -0.296   0.769 1
  32.910  83.393  74.075  32.759  83.717  74.279  32.720  83.400  74.224
0.86  0.86  0.86 7
   0.647  -0.264   0.715   0.567  -0.296   0.769   0.520  -0.291   0.803 1
  33.129  83.769  73.961  32.964  83.769  74.129  33.020  83.576  74.022
0.86  0.86  0.86 7
   0.731  -0.281   0.621   0.656  -0.265   0.707   0.730  -0.192   0.656 1
  27.928  84.132  74.072  28.092  83.944  74.065  27.825  84.042  74.339
0.86  0.86  0.86 7
  -0.777  -0.454  -0.437  -0.746  -0.551  -0.372  -0.724  -0.523  -0.451 1
  27.825  84.042  74.339  28.092  83.944  74.065  27.983  83.851  74.334
0.86  0.86  0.86 7
  -0.724  -0.523  -0.451  -0.746  -0.551  -0.372  -0.687  -0.598  -0.412 1
  28.092  83.944  74.065  28.226  83.761  74.043  27.983  83.851  74.334
0.86  0.86  0.86 7
  -0.746  -0.551  -0.372  -0.760  -0.587  -0.278  -0.687  -0.598  -0.412 1
  27.983  83.851  74.334  28.226  83.761  74.043  28.155  83.690  74.337
0.86  0.86  0.86 7
  -0.687  -0.598  -0.412  -0.760  -0.587  -0.278  -0.632  -0.702  -0.327 1
  32.717  83.898  74.385  32.554  83.723  74.414  32.759  83.717  74.279
0.86  0.86  0.86 7
   0.540  -0.399   0.741   0.473  -0.364   0.802   0.567  -0.296   0.769 1
  32.717  83.898  74.385  32.759  83.717  74.279  32.872  84.072  74.371
0.86  0.86  0.86 7
   0.540  -0.399   0.741   0.567  -0.296   0.769   0.544  -0.518   0.660 1
  32.872  84.072  74.371  32.759  83.717  74.279  33.048  84.065  74.214
0.86  0.86  0.86 7
   0.544  -0.518   0.660   0.567  -0.296   0.769   0.629  -0.417   0.656 1
  33.048  84.065  74.214  32.759  83.717  74.279  32.964  83.769  74.129
0.86  0.86  0.86 7
   0.629  -0.417   0.656   0.567  -0.296   0.769   0.656  -0.265   0.707 1
  33.129  83.769  73.961  33.212  84.070  74.041  33.048  84.065  74.214
0.86  0.86  0.86 7
   0.731  -0.281   0.621   0.750  -0.433   0.499   0.629  -0.417   0.656 1
  33.129  83.769  73.961  33.048  84.065  74.214  32.964  83.769  74.129
0.86  0.86  0.86 7
   0.731  -0.281   0.621   0.629  -0.417   0.656   0.656  -0.265   0.707 1
  27.696  84.236  74.365  27.596  84.426  74.408  27.725  84.412  74.218
0.86  0.86  0.86 7
  -0.817  -0.370  -0.442  -0.867  -0.227  -0.443  -0.816  -0.233  -0.530 1
  27.852  84.398  74.025  27.928  84.132  74.072  27.725  84.412  74.218
0.86  0.86  0.86 7
  -0.866  -0.240  -0.439  -0.777  -0.454  -0.437  -0.816  -0.233  -0.530 1
  27.725  84.412  74.218  27.928  84.132  74.072  27.696  84.236  74.365
0.86  0.86  0.86 7
  -0.816  -0.233  -0.530  -0.777  -0.454  -0.437  -0.817  -0.370  -0.442 1
  27.696  84.236  74.365  27.928  84.132  74.072  27.825  84.042  74.339
0.86  0.86  0.86 7
  -0.817  -0.370  -0.442  -0.777  -0.454  -0.437  -0.724  -0.523  -0.451 1
  33.037  84.241  74.369  32.872  84.072  74.371  33.048  84.065  74.214
0.86  0.86  0.86 7
   0.567  -0.584   0.581   0.544  -0.518   0.660   0.629  -0.417   0.656 1
  33.212  84.070  74.041  33.333  84.265  74.011  33.347  84.426  74.191
0.86  0.86  0.86 7
   0.750  -0.433   0.499   0.848  -0.431   0.307   0.764  -0.542   0.350 1
  33.212  84.070  74.041  33.347  84.426  74.191  33.218  84.393  74.380
0.86  0.86  0.86 7
   0.750  -0.433   0.499   0.764  -0.542   0.350   0.578  -0.672   0.464 1
  33.212  84.070  74.041  33.218  84.393  74.380  33.037  84.241  74.369
0.86  0.86  0.86 7
   0.750  -0.433   0.499   0.578  -0.672   0.464   0.567  -0.584   0.581 1
  33.212  84.070  74.041  33.037  84.241  74.369  33.048  84.065  74.214
0.86  0.86  0.86 7
   0.750  -0.433   0.499   0.567  -0.584   0.581   0.629  -0.417   0.656 1
  33.449  84.467  74.007  33.347  84.426  74.191  33.333  84.265  74.011
0.86  0.86  0.86 7
   0.788  -0.563   0.247   0.764  -0.542   0.350   0.848  -0.431   0.307 1
  27.725  84.412  74.218  27.596  84.426  74.408  27.557  84.740  74.380
0.86  0.86  0.86 7
  -0.816  -0.233  -0.530  -0.867  -0.227  -0.443  -0.881  -0.051  -0.471 1
  27.725  84.412  74.218  27.557  84.740  74.380  27.682  84.740  74.187
0.86  0.86  0.86 7
  -0.816  -0.233  -0.530  -0.881  -0.051  -0.471  -0.845  -0.058  -0.532 1
  27.796  84.740  73.999  27.852  84.398  74.025  27.682  84.740  74.187
0.86  0.86  0.86 7
  -0.889  -0.040  -0.455  -0.866  -0.240  -0.439  -0.845  -0.058  -0.532 1
  27.682  84.740  74.187  27.852  84.398  74.025  27.725  84.412  74.218
0.86  0.86  0.86 7
  -0.845  -0.058  -0.532  -0.866  -0.240  -0.439  -0.816  -0.233  -0.530 1
  33.388  84.556  74.376  33.218  84.393  74.380  33.347  84.426  74.191
0.86  0.86  0.86 7
   0.665  -0.677   0.316   0.578  -0.672   0.464   0.764  -0.542   0.350 1
  33.449  84.467  74.007  33.613  84.685  74.037  33.560  84.718  74.377
0.86  0.86  0.86 7
   0.788  -0.563   0.247   0.794  -0.593   0.138   0.720  -0.630   0.291 1
  33.449  84.467  74.007  33.560  84.718  74.377  33.388  84.556  74.376
0.86  0.86  0.86 7
   0.788  -0.563   0.247   0.720  -0.630   0.291   0.665  -0.677   0.316 1
  33.449  84.467  74.007  33.388  84.556  74.376  33.347  84.426  74.191
0.86  0.86  0.86 7
   0.788  -0.563   0.247   0.665  -0.677   0.316   0.764  -0.542   0.350 1
  27.682  84.740  74.187  27.557  84.740  74.380  27.572  85.068  74.389
0.86  0.86  0.86 7
  -0.845  -0.058  -0.532  -0.881  -0.051  -0.471  -0.875   0.147  -0.461 1
  27.682  84.740  74.187  27.572  85.068  74.389  27.695  85.076  74.197
0.86  0.86  0.86 7
  -0.845  -0.058  -0.532  -0.875   0.147  -0.461  -0.814   0.161  -0.557 1
  27.841  85.082  74.015  27.796  84.740  73.999  27.695  85.076  74.197
0.86  0.86  0.86 7
  -0.822   0.221  -0.525  -0.889  -0.040  -0.455  -0.814   0.161  -0.557 1
  27.695  85.076  74.197  27.796  84.740  73.999  27.682  84.740  74.187
0.86  0.86  0.86 7
  -0.814   0.161  -0.557  -0.889  -0.040  -0.455  -0.845  -0.058  -0.532 1
  33.613  84.685  74.037  33.757  84.869  74.037  33.715  84.899  74.373
0.86  0.86  0.86 7
   0.794  -0.593   0.138   0.826  -0.559   0.074   0.779  -0.583   0.231 1
  33.613  84.685  74.037  33.715  84.899  74.373  33.560  84.718  74.377
0.86  0.86  0.86 7
   0.794  -0.593   0.138   0.779  -0.583   0.231   0.720  -0.630   0.291 1
  33.757  84.869  74.037  33.882  85.068  74.037  33.840  85.087  74.361
0.86  0.86  0.86 7
   0.826  -0.559   0.074   0.886  -0.459   0.061   0.861  -0.440   0.254 1
  33.757  84.869  74.037  33.840  85.087  74.361  33.715  84.899  74.373
0.86  0.86  0.86 7
   0.826  -0.559   0.074   0.861  -0.440   0.254   0.779  -0.583   0.231 1
  27.695  85.076  74.197  27.572  85.068  74.389  27.632  85.375  74.432
0.86  0.86  0.86 7
  -0.814   0.161  -0.557  -0.875   0.147  -0.461  -0.832   0.330  -0.447 1
  27.695  85.076  74.197  27.632  85.375  74.432  27.762  85.387  74.242
0.86  0.86  0.86 7
  -0.814   0.161  -0.557  -0.832   0.330  -0.447  -0.756   0.328  -0.567 1
  27.903  85.381  74.068  27.841  85.082  74.015  27.762  85.387  74.242
0.86  0.86  0.86 7
  -0.718   0.409  -0.563  -0.822   0.221  -0.525  -0.756   0.328  -0.567 1
  27.762  85.387  74.242  27.841  85.082  74.015  27.695  85.076  74.197
0.86  0.86  0.86 7
  -0.756   0.328  -0.567  -0.822   0.221  -0.525  -0.814   0.161  -0.557 1
  33.882  85.068  74.037  34.005  85.362  74.037  33.954  85.385  74.391
0.86  0.86  0.86 7
   0.886  -0.459   0.061   0.944  -0.323   0.060   0.919  -0.291   0.267 1
  33.882  85.068  74.037  33.954  85.385  74.391  33.840  85.087  74.361
0.86  0.86  0.86 7
   0.886  -0.459   0.061   0.919  -0.291   0.267   0.861  -0.440   0.254 1
  27.632  85.375  74.432  27.744  85.547  74.396  27.762  85.387  74.242
0.86  0.86  0.86 7
  -0.832   0.330  -0.447  -0.744   0.476  -0.470  -0.756   0.328  -0.567 1
  28.045  85.565  74.045  27.903  85.381  74.068  28.040  85.738  74.205
0.86  0.86  0.86 7
  -0.656   0.503  -0.563  -0.718   0.409  -0.563  -0.610   0.555  -0.566 1
  28.040  85.738  74.205  27.903  85.381  74.068  27.882  85.729  74.379
0.86  0.86  0.86 7
  -0.610   0.555  -0.566  -0.718   0.409  -0.563  -0.673   0.565  -0.476 1
  27.882  85.729  74.379  27.903  85.381  74.068  27.744  85.547  74.396
0.86  0.86  0.86 7
  -0.673   0.565  -0.476  -0.718   0.409  -0.563  -0.744   0.476  -0.470 1
  27.744  85.547  74.396  27.903  85.381  74.068  27.762  85.387  74.242
0.86  0.86  0.86 7
  -0.744   0.476  -0.470  -0.718   0.409  -0.563  -0.756   0.328  -0.567 1
  28.040  85.738  74.205  28.213  85.733  74.045  28.045  85.565  74.045
0.86  0.86  0.86 7
  -0.610   0.555  -0.566  -0.475   0.647  -0.596  -0.656   0.503  -0.563 1
  34.005  85.362  74.037  34.064  85.564  74.037  34.010  85.580  74.363
0.86  0.86  0.86 7
   0.944  -0.323   0.060   0.948  -0.312   0.058   0.932  -0.272   0.237 1
  34.005  85.362  74.037  34.010  85.580  74.363  33.954  85.385  74.391
0.86  0.86  0.86 7
   0.944  -0.323   0.060   0.932  -0.272   0.237   0.919  -0.291   0.267 1
  34.064  85.564  74.037  34.143  85.766  74.019  34.087  85.772  74.320
0.86  0.86  0.86 7
   0.948  -0.312   0.058   0.924  -0.378   0.065   0.894  -0.347   0.283 1
  34.064  85.564  74.037  34.087  85.772  74.320  34.010  85.580  74.363
0.86  0.86  0.86 7
   0.948  -0.312   0.058   0.894  -0.347   0.283   0.932  -0.272   0.237 1
  27.882  85.729  74.379  28.049  85.896  74.379  28.040  85.738  74.205
0.86  0.86  0.86 7
  -0.673   0.565  -0.476  -0.555   0.684  -0.473  -0.610   0.555  -0.566 1
  28.392  85.873  74.077  28.213  85.733  74.045  28.390  86.019  74.240
0.86  0.86  0.86 7
  -0.393   0.689  -0.609  -0.475   0.647  -0.596  -0.364   0.743  -0.562 1
  28.390  86.019  74.240  28.213  85.733  74.045  28.230  86.035  74.395
0.86  0.86  0.86 7
  -0.364   0.743  -0.562  -0.475   0.647  -0.596  -0.464   0.755  -0.462 1
  28.230  86.035  74.395  28.213  85.733  74.045  28.049  85.896  74.379
0.86  0.86  0.86 7
  -0.464   0.755  -0.462  -0.475   0.647  -0.596  -0.555   0.684  -0.473 1
  28.049  85.896  74.379  28.213  85.733  74.045  28.040  85.738  74.205
0.86  0.86  0.86 7
  -0.555   0.684  -0.473  -0.475   0.647  -0.596  -0.610   0.555  -0.566 1
  28.680  85.963  74.004  28.392  85.873  74.077  28.694  86.095  74.185
0.86  0.86  0.86 7
  -0.425   0.738  -0.524  -0.393   0.689  -0.609  -0.346   0.766  -0.542 1
  28.694  86.095  74.185  28.392  85.873  74.077  28.390  86.019  74.240
0.86  0.86  0.86 7
  -0.346   0.766  -0.542  -0.393   0.689  -0.609  -0.364   0.743  -0.562 1
  28.694  86.095  74.185  28.867  86.080  74.032  28.680  85.963  74.004
0.86  0.86  0.86 7
  -0.346   0.766  -0.542  -0.463   0.739  -0.490  -0.425   0.738  -0.524 1
  34.143  85.766  74.019  34.270  86.041  74.053  34.194  86.079  74.366
0.86  0.86  0.86 7
   0.924  -0.378   0.065   0.867  -0.487   0.102   0.840  -0.444   0.311 1
  34.143  85.766  74.019  34.194  86.079  74.366  34.087  85.772  74.320
0.86  0.86  0.86 7
   0.924  -0.378   0.065   0.840  -0.444   0.311   0.894  -0.347   0.283 1
  28.230  86.035  74.395  28.402  86.149  74.430  28.390  86.019  74.240
0.86  0.86  0.86 7
  -0.464   0.755  -0.462  -0.347   0.835  -0.426  -0.364   0.743  -0.562 1
  28.390  86.019  74.240  28.402  86.149  74.430  28.711  86.225  74.378
0.86  0.86  0.86 7
  -0.364   0.743  -0.562  -0.347   0.835  -0.426  -0.357   0.823  -0.442 1
  28.390  86.019  74.240  28.711  86.225  74.378  28.694  86.095  74.185
0.86  0.86  0.86 7
  -0.364   0.743  -0.562  -0.357   0.823  -0.442  -0.346   0.766  -0.542 1
  29.045  86.232  74.045  28.867  86.080  74.032  29.071  86.368  74.222
0.86  0.86  0.86 7
  -0.597   0.644  -0.478  -0.463   0.739  -0.490  -0.605   0.671  -0.429 1
  29.071  86.368  74.222  28.867  86.080  74.032  28.909  86.352  74.407
0.86  0.86  0.86 7
  -0.605   0.671  -0.429  -0.463   0.739  -0.490  -0.540   0.761  -0.360 1
  28.909  86.352  74.407  28.867  86.080  74.032  28.711  86.225  74.378
0.86  0.86  0.86 7
  -0.540   0.761  -0.360  -0.463   0.739  -0.490  -0.357   0.823  -0.442 1
  28.711  86.225  74.378  28.867  86.080  74.032  28.694  86.095  74.185
0.86  0.86  0.86 7
  -0.357   0.823  -0.442  -0.463   0.739  -0.490  -0.346   0.766  -0.542 1
  29.071  86.368  74.222  29.211  86.401  74.043  29.045  86.232  74.045
0.86  0.86  0.86 7
  -0.605   0.671  -0.429  -0.677   0.600  -0.425  -0.597   0.644  -0.478 1
  34.270  86.041  74.053  34.387  86.229  74.037  34.328  86.270  74.358
0.86  0.86  0.86 7
   0.867  -0.487   0.102   0.857  -0.504   0.105   0.818  -0.496   0.292 1
  34.270  86.041  74.053  34.328  86.270  74.358  34.194  86.079  74.366
0.86  0.86  0.86 7
   0.867  -0.487   0.102   0.818  -0.496   0.292   0.840  -0.444   0.311 1
  34.387  86.229  74.037  34.496  86.430  74.031  34.433  86.451  74.340
0.86  0.86  0.86 7
   0.857  -0.504   0.105   0.908  -0.404   0.111   0.872  -0.392   0.292 1
  34.387  86.229  74.037  34.433  86.451  74.340  34.328  86.270  74.358
0.86  0.86  0.86 7
   0.857  -0.504   0.105   0.872  -0.392   0.292   0.818  -0.496   0.292 1
  28.909  86.352  74.407  29.096  86.517  74.416  29.071  86.368  74.222
0.86  0.86  0.86 7
  -0.540   0.761  -0.360  -0.641   0.706  -0.301  -0.605   0.671  -0.429 1
  29.358  86.582  74.028  29.211  86.401  74.043  29.381  86.731  74.205
0.86  0.86  0.86 7
  -0.759   0.489  -0.431  -0.677   0.600  -0.425  -0.767   0.573  -0.289 1
  29.381  86.731  74.205  29.211  86.401  74.043  29.276  86.671  74.397
0.86  0.86  0.86 7
  -0.767   0.573  -0.289  -0.677   0.600  -0.425  -0.730   0.640  -0.242 1
  29.276  86.671  74.397  29.211  86.401  74.043  29.096  86.517  74.416
0.86  0.86  0.86 7
  -0.730   0.640  -0.242  -0.677   0.600  -0.425  -0.641   0.706  -0.301 1
  29.096  86.517  74.416  29.211  86.401  74.043  29.071  86.368  74.222
0.86  0.86  0.86 7
  -0.641   0.706  -0.301  -0.677   0.600  -0.425  -0.605   0.671  -0.429 1
  29.381  86.731  74.205  29.483  86.771  74.013  29.358  86.582  74.028
0.86  0.86  0.86 7
  -0.767   0.573  -0.289  -0.805   0.505  -0.313  -0.759   0.489  -0.431 1
  34.496  86.430  74.031  34.600  86.724  74.037  34.527  86.742  74.367
0.86  0.86  0.86 7
   0.908  -0.404   0.111   0.967  -0.226   0.113   0.922  -0.209   0.327 1
  34.496  86.430  74.031  34.527  86.742  74.367  34.433  86.451  74.340
0.86  0.86  0.86 7
   0.908  -0.404   0.111   0.922  -0.209   0.327   0.872  -0.392   0.292 1
  29.276  86.671  74.397  29.434  86.865  74.390  29.381  86.731  74.205
0.86  0.86  0.86 7
  -0.730   0.640  -0.242  -0.771   0.607  -0.195  -0.767   0.573  -0.289 1
  29.616  87.021  74.063  29.483  86.771  74.013  29.568  87.052  74.370
0.86  0.86  0.86 7
  -0.790   0.555  -0.262  -0.805   0.505  -0.313  -0.800   0.579  -0.155 1
  29.568  87.052  74.370  29.483  86.771  74.013  29.434  86.865  74.390
0.86  0.86  0.86 7
  -0.800   0.579  -0.155  -0.805   0.505  -0.313  -0.771   0.607  -0.195 1
  29.434  86.865  74.390  29.483  86.771  74.013  29.381  86.731  74.205
0.86  0.86  0.86 7
  -0.771   0.607  -0.195  -0.805   0.505  -0.313  -0.767   0.573  -0.289 1
  34.600  86.724  74.037  34.639  87.073  74.048  34.567  87.073  74.377
0.86  0.86  0.86 7
   0.967  -0.226   0.113   0.993  -0.017   0.113   0.950  -0.021   0.313 1
  34.600  86.724  74.037  34.567  87.073  74.377  34.527  86.742  74.367
0.86  0.86  0.86 7
   0.967  -0.226   0.113   0.950  -0.021   0.313   0.922  -0.209   0.327 1
  29.754  87.190  74.057  29.616  87.021  74.063  29.713  87.231  74.370
0.86  0.86  0.86 7
  -0.698   0.664  -0.270  -0.790   0.555  -0.262  -0.742   0.651  -0.159 1
  29.713  87.231  74.370  29.616  87.021  74.063  29.568  87.052  74.370
0.86  0.86  0.86 7
  -0.742   0.651  -0.159  -0.790   0.555  -0.262  -0.800   0.579  -0.155 1
  29.913  87.344  74.058  29.754  87.190  74.057  29.878  87.397  74.373
0.86  0.86  0.86 7
  -0.609   0.743  -0.276  -0.698   0.664  -0.270  -0.661   0.719  -0.215 1
  29.878  87.397  74.373  29.754  87.190  74.057  29.713  87.231  74.370
0.86  0.86  0.86 7
  -0.661   0.719  -0.215  -0.698   0.664  -0.270  -0.742   0.651  -0.159 1
  34.639  87.073  74.048  34.613  87.425  74.037  34.539  87.407  74.370
0.86  0.86  0.86 7
   0.993  -0.017   0.113   0.975   0.189   0.114   0.925   0.201   0.322 1
  34.639  87.073  74.048  34.539  87.407  74.370  34.567  87.073  74.377
0.86  0.86  0.86 7
   0.993  -0.017   0.113   0.925   0.201   0.322   0.950  -0.021   0.313 1
  30.101  87.478  74.068  29.913  87.344  74.058  30.064  87.533  74.383
0.86  0.86  0.86 7
  -0.485   0.828  -0.282  -0.609   0.743  -0.276  -0.526   0.797  -0.295 1
  30.064  87.533  74.383  29.913  87.344  74.058  29.878  87.397  74.373
0.86  0.86  0.86 7
  -0.526   0.797  -0.295  -0.609   0.743  -0.276  -0.661   0.719  -0.215 1
  30.359  87.598  74.030  30.101  87.478  74.068  30.304  87.668  74.341
0.86  0.86  0.86 7
  -0.349   0.876  -0.332  -0.485   0.828  -0.282  -0.451   0.842  -0.298 1
  30.304  87.668  74.341  30.101  87.478  74.068  30.064  87.533  74.383
0.86  0.86  0.86 7
  -0.451   0.842  -0.298  -0.485   0.828  -0.282  -0.526   0.797  -0.295 1
  30.678  87.679  74.010  30.359  87.598  74.030  30.702  87.749  74.200
0.86  0.86  0.86 7
  -0.180   0.917  -0.356  -0.349   0.876  -0.332  -0.190   0.909  -0.370 1
  30.702  87.749  74.200  30.359  87.598  74.030  30.524  87.776  74.357
0.86  0.86  0.86 7
  -0.190   0.909  -0.370  -0.349   0.876  -0.332  -0.310   0.860  -0.406 1
  30.524  87.776  74.357  30.359  87.598  74.030  30.304  87.668  74.341
0.86  0.86  0.86 7
  -0.310   0.860  -0.406  -0.349   0.876  -0.332  -0.451   0.842  -0.298 1
  30.702  87.749  74.200  30.875  87.711  74.045  30.678  87.679  74.010
0.86  0.86  0.86 7
  -0.190   0.909  -0.370  -0.154   0.916  -0.371  -0.180   0.917  -0.356 1
  34.613  87.425  74.037  34.518  87.728  74.034  34.452  87.703  74.345
0.86  0.86  0.86 7
   0.975   0.189   0.114   0.921   0.373   0.114   0.896   0.346   0.278 1
  34.613  87.425  74.037  34.452  87.703  74.345  34.539  87.407  74.370
0.86  0.86  0.86 7
   0.975   0.189   0.114   0.896   0.346   0.278   0.925   0.201   0.322 1
  30.524  87.776  74.357  30.722  87.845  74.397  30.702  87.749  74.200
0.86  0.86  0.86 7
  -0.310   0.860  -0.406  -0.181   0.871  -0.457  -0.190   0.909  -0.370 1
  31.080  87.767  74.082  30.875  87.711  74.045  31.042  87.891  74.377
0.86  0.86  0.86 7
  -0.267   0.901  -0.342  -0.154   0.916  -0.371  -0.189   0.888  -0.418 1
  30.722  87.845  74.397  31.042  87.891  74.377  30.875  87.711  74.045
0.86  0.86  0.86 7
  -0.181   0.871  -0.457  -0.189   0.888  -0.418  -0.154   0.916  -0.371 1
  30.722  87.845  74.397  30.875  87.711  74.045  30.702  87.749  74.200
0.86  0.86  0.86 7
  -0.181   0.871  -0.457  -0.154   0.916  -0.371  -0.190   0.909  -0.370 1
  31.386  87.874  74.046  31.080  87.767  74.082  31.356  87.970  74.353
0.86  0.86  0.86 7
  -0.407   0.877  -0.253  -0.267   0.901  -0.342  -0.284   0.900  -0.331 1
  31.356  87.970  74.353  31.080  87.767  74.082  31.042  87.891  74.377
0.86  0.86  0.86 7
  -0.284   0.900  -0.331  -0.267   0.901  -0.342  -0.189   0.888  -0.418 1
  31.632  88.006  74.009  31.386  87.874  74.046  31.705  88.073  74.203
0.86  0.86  0.86 7
  -0.526   0.838  -0.145  -0.407   0.877  -0.253  -0.502   0.849  -0.165 1
  31.705  88.073  74.203  31.386  87.874  74.046  31.551  88.040  74.380
0.86  0.86  0.86 7
  -0.502   0.849  -0.165  -0.407   0.877  -0.253  -0.367   0.876  -0.312 1
  31.551  88.040  74.380  31.386  87.874  74.046  31.356  87.970  74.353
0.86  0.86  0.86 7
  -0.367   0.876  -0.312  -0.407   0.877  -0.253  -0.284   0.900  -0.331 1
  31.705  88.073  74.203  31.830  88.133  74.035  31.632  88.006  74.009
0.86  0.86  0.86 7
  -0.502   0.849  -0.165  -0.585   0.807  -0.082  -0.526   0.838  -0.145 1
  34.411  87.935  74.048  34.274  88.123  74.056  34.215  88.080  74.373
0.86  0.86  0.86 7
   0.848   0.518   0.116   0.759   0.640   0.119   0.740   0.604   0.297 1
  34.411  87.935  74.048  34.215  88.080  74.373  34.352  87.893  74.365
0.86  0.86  0.86 7
   0.848   0.518   0.116   0.740   0.604   0.297   0.796   0.493   0.351 1
  34.518  87.728  74.034  34.411  87.935  74.048  34.352  87.893  74.365
0.86  0.86  0.86 7
   0.921   0.373   0.114   0.848   0.518   0.116   0.796   0.493   0.351 1
  34.518  87.728  74.034  34.352  87.893  74.365  34.452  87.703  74.345
0.86  0.86  0.86 7
   0.921   0.373   0.114   0.796   0.493   0.351   0.896   0.346   0.278 1
  31.551  88.040  74.380  31.759  88.154  74.400  31.705  88.073  74.203
0.86  0.86  0.86 7
  -0.367   0.876  -0.312  -0.439   0.883  -0.166  -0.502   0.849  -0.165 1
  32.004  88.275  74.036  31.830  88.133  74.035  32.012  88.293  74.370
0.86  0.86  0.86 7
  -0.627   0.778   0.045  -0.585   0.807  -0.082  -0.428   0.901   0.073 1
  31.759  88.154  74.400  32.012  88.293  74.370  31.830  88.133  74.035
0.86  0.86  0.86 7
  -0.439   0.883  -0.166  -0.428   0.901   0.073  -0.585   0.807  -0.082 1
  31.759  88.154  74.400  31.830  88.133  74.035  31.705  88.073  74.203
0.86  0.86  0.86 7
  -0.439   0.883  -0.166  -0.585   0.807  -0.082  -0.502   0.849  -0.165 1
  32.182  88.439  74.037  32.004  88.275  74.036  32.215  88.382  74.363
0.86  0.86  0.86 7
  -0.561   0.820   0.115  -0.627   0.778   0.045  -0.470   0.862   0.188 1
  32.215  88.382  74.363  32.004  88.275  74.036  32.012  88.293  74.370
0.86  0.86  0.86 7
  -0.470   0.862   0.188  -0.627   0.778   0.045  -0.428   0.901   0.073 1
  34.099  88.301  74.057  33.902  88.449  74.049  33.860  88.390  74.366
0.86  0.86  0.86 7
   0.653   0.748   0.119   0.531   0.839   0.117   0.516   0.804   0.295 1
  34.099  88.301  74.057  33.860  88.390  74.366  34.047  88.249  74.373
0.86  0.86  0.86 7
   0.653   0.748   0.119   0.516   0.804   0.295   0.597   0.719   0.356 1
  34.274  88.123  74.056  34.099  88.301  74.057  34.047  88.249  74.373
0.86  0.86  0.86 7
   0.759   0.640   0.119   0.653   0.748   0.119   0.597   0.719   0.356 1
  34.274  88.123  74.056  34.047  88.249  74.373  34.215  88.080  74.373
0.86  0.86  0.86 7
   0.759   0.640   0.119   0.597   0.719   0.356   0.740   0.604   0.297 1
  32.385  88.548  74.033  32.182  88.439  74.037  32.409  88.485  74.345
0.86  0.86  0.86 7
  -0.401   0.909   0.112  -0.561   0.820   0.115  -0.358   0.886   0.294 1
  32.409  88.485  74.345  32.182  88.439  74.037  32.215  88.382  74.363
0.86  0.86  0.86 7
  -0.358   0.886   0.294  -0.561   0.820   0.115  -0.470   0.862   0.188 1
  32.685  88.653  74.037  32.385  88.548  74.033  32.703  88.579  74.371
0.86  0.86  0.86 7
  -0.220   0.969   0.114  -0.401   0.909   0.112  -0.214   0.925   0.314 1
  32.703  88.579  74.371  32.385  88.548  74.033  32.409  88.485  74.345
0.86  0.86  0.86 7
  -0.214   0.925   0.314  -0.401   0.909   0.112  -0.358   0.886   0.294 1
  33.038  88.689  74.050  32.685  88.653  74.037  33.038  88.616  74.381
0.86  0.86  0.86 7
  -0.007   0.994   0.113  -0.220   0.969   0.114  -0.011   0.949   0.316 1
  33.038  88.616  74.381  32.685  88.653  74.037  32.703  88.579  74.371
0.86  0.86  0.86 7
  -0.011   0.949   0.316  -0.220   0.969   0.114  -0.214   0.925   0.314 1
  33.393  88.658  74.037  33.038  88.689  74.050  33.374  88.584  74.373
0.86  0.86  0.86 7
   0.199   0.973   0.115  -0.007   0.994   0.113   0.212   0.922   0.325 1
  33.374  88.584  74.373  33.038  88.689  74.050  33.038  88.616  74.381
0.86  0.86  0.86 7
   0.212   0.922   0.325  -0.007   0.994   0.113  -0.011   0.949   0.316 1
  33.698  88.560  74.033  33.393  88.658  74.037  33.671  88.494  74.347
0.86  0.86  0.86 7
   0.390   0.918   0.078   0.199   0.973   0.115   0.374   0.887   0.271 1
  33.671  88.494  74.347  33.393  88.658  74.037  33.374  88.584  74.373
0.86  0.86  0.86 7
   0.374   0.887   0.271   0.199   0.973   0.115   0.212   0.922   0.325 1
  33.902  88.449  74.049  33.698  88.560  74.033  33.671  88.494  74.347
0.86  0.86  0.86 7
   0.531   0.839   0.117   0.390   0.918   0.078   0.374   0.887   0.271 1
  33.902  88.449  74.049  33.671  88.494  74.347  33.860  88.390  74.366
0.86  0.86  0.86 7
   0.531   0.839   0.117   0.374   0.887   0.271   0.516   0.804   0.295 1
  29.705  82.741  74.535  29.527  82.723  74.381  29.713  82.586  74.361
0.86  0.86  0.86 7
  -0.346  -0.725   0.595  -0.477  -0.723   0.500  -0.394  -0.738   0.548 1
  29.713  82.586  74.361  30.019  82.508  74.416  30.015  82.671  74.605
0.86  0.86  0.86 7
  -0.394  -0.738   0.548  -0.196  -0.780   0.594  -0.235  -0.738   0.633 1
  29.713  82.586  74.361  30.015  82.671  74.605  29.705  82.741  74.535
0.86  0.86  0.86 7
  -0.394  -0.738   0.548  -0.235  -0.738   0.633  -0.346  -0.725   0.595 1
  30.019  82.508  74.416  30.371  82.474  74.441  30.371  82.641  74.635
0.86  0.86  0.86 7
  -0.196  -0.780   0.594   0.003  -0.797   0.603  -0.030  -0.750   0.661 1
  30.019  82.508  74.416  30.371  82.641  74.635  30.205  82.730  74.713
0.86  0.86  0.86 7
  -0.196  -0.780   0.594  -0.030  -0.750   0.661  -0.093  -0.780   0.618 1
  30.019  82.508  74.416  30.205  82.730  74.713  30.015  82.671  74.605
0.86  0.86  0.86 7
  -0.196  -0.780   0.594  -0.093  -0.780   0.618  -0.235  -0.738   0.633 1
  30.371  82.474  74.441  30.725  82.501  74.422  30.730  82.665  74.612
0.86  0.86  0.86 7
   0.003  -0.797   0.603   0.183  -0.788   0.588   0.201  -0.721   0.663 1
  30.371  82.474  74.441  30.730  82.665  74.612  30.538  82.728  74.715
0.86  0.86  0.86 7
   0.003  -0.797   0.603   0.201  -0.721   0.663   0.092  -0.764   0.639 1
  30.371  82.474  74.441  30.538  82.728  74.715  30.371  82.641  74.635
0.86  0.86  0.86 7
   0.003  -0.797   0.603   0.092  -0.764   0.639  -0.030  -0.750   0.661 1
  30.725  82.501  74.422  31.038  82.573  74.370  31.043  82.729  74.545
0.86  0.86  0.86 7
   0.183  -0.788   0.588   0.360  -0.759   0.543   0.340  -0.685   0.644 1
  30.725  82.501  74.422  31.043  82.729  74.545  30.730  82.665  74.612
0.86  0.86  0.86 7
   0.183  -0.788   0.588   0.340  -0.685   0.644   0.201  -0.721   0.663 1
  31.222  82.705  74.399  31.043  82.729  74.545  31.038  82.573  74.370
0.86  0.86  0.86 7
   0.416  -0.667   0.618   0.340  -0.685   0.644   0.360  -0.759   0.543 1
  29.049  83.093  74.534  28.896  83.130  74.353  29.107  83.009  74.335
0.86  0.86  0.86 7
  -0.397  -0.876   0.273  -0.515  -0.844   0.153  -0.493  -0.809   0.319 1
  29.107  83.009  74.335  29.349  82.874  74.392  29.395  82.983  74.655
0.86  0.86  0.86 7
  -0.493  -0.809   0.319  -0.567  -0.702   0.432  -0.422  -0.795   0.436 1
  29.107  83.009  74.335  29.395  82.983  74.655  29.213  83.093  74.697
0.86  0.86  0.86 7
  -0.493  -0.809   0.319  -0.422  -0.795   0.436  -0.320  -0.902   0.290 1
  29.107  83.009  74.335  29.213  83.093  74.697  29.049  83.093  74.534
0.86  0.86  0.86 7
  -0.493  -0.809   0.319  -0.320  -0.902   0.290  -0.397  -0.876   0.273 1
  29.349  82.874  74.392  29.527  82.723  74.381  29.395  82.983  74.655
0.86  0.86  0.86 7
  -0.567  -0.702   0.432  -0.477  -0.723   0.500  -0.422  -0.795   0.436 1
  29.699  82.884  74.719  29.395  82.983  74.655  29.527  82.723  74.381
0.86  0.86  0.86 7
  -0.320  -0.777   0.542  -0.422  -0.795   0.436  -0.477  -0.723   0.500 1
  29.699  82.884  74.719  29.527  82.723  74.381  29.705  82.741  74.535
0.86  0.86  0.86 7
  -0.320  -0.777   0.542  -0.477  -0.723   0.500  -0.346  -0.725   0.595 1
  29.699  82.884  74.719  29.705  82.741  74.535  30.011  82.813  74.771
0.86  0.86  0.86 7
  -0.320  -0.777   0.542  -0.346  -0.725   0.595  -0.236  -0.777   0.584 1
  30.011  82.813  74.771  29.705  82.741  74.535  30.015  82.671  74.605
0.86  0.86  0.86 7
  -0.236  -0.777   0.584  -0.346  -0.725   0.595  -0.235  -0.738   0.633 1
  30.205  82.730  74.713  30.011  82.813  74.771  30.015  82.671  74.605
0.86  0.86  0.86 7
  -0.093  -0.780   0.618  -0.236  -0.777   0.584  -0.235  -0.738   0.633 1
  30.731  82.827  74.780  30.538  82.728  74.715  30.730  82.665  74.612
0.86  0.86  0.86 7
   0.261  -0.744   0.616   0.092  -0.764   0.639   0.201  -0.721   0.663 1
  30.731  82.827  74.780  30.730  82.665  74.612  31.042  82.902  74.708
0.86  0.86  0.86 7
   0.261  -0.744   0.616   0.201  -0.721   0.663   0.378  -0.668   0.641 1
  31.042  82.902  74.708  30.730  82.665  74.612  31.043  82.729  74.545
0.86  0.86  0.86 7
   0.378  -0.668   0.641   0.201  -0.721   0.663   0.340  -0.685   0.644 1
  31.222  82.705  74.399  31.404  82.865  74.428  31.397  83.034  74.575
0.86  0.86  0.86 7
   0.416  -0.667   0.618   0.351  -0.608   0.712   0.394  -0.656   0.643 1
  31.222  82.705  74.399  31.397  83.034  74.575  31.228  83.045  74.726
0.86  0.86  0.86 7
   0.416  -0.667   0.618   0.394  -0.656   0.643   0.461  -0.699   0.547 1
  31.222  82.705  74.399  31.228  83.045  74.726  31.042  82.902  74.708
0.86  0.86  0.86 7
   0.416  -0.667   0.618   0.461  -0.699   0.547   0.378  -0.668   0.641 1
  31.222  82.705  74.399  31.042  82.902  74.708  31.043  82.729  74.545
0.86  0.86  0.86 7
   0.416  -0.667   0.618   0.378  -0.668   0.641   0.340  -0.685   0.644 1
  31.404  82.865  74.428  31.699  82.921  74.349  31.695  83.104  74.506
0.86  0.86  0.86 7
   0.351  -0.608   0.712   0.263  -0.617   0.742   0.260  -0.662   0.703 1
  31.404  82.865  74.428  31.695  83.104  74.506  31.397  83.034  74.575
0.86  0.86  0.86 7
   0.351  -0.608   0.712   0.260  -0.662   0.703   0.394  -0.656   0.643 1
  31.887  83.052  74.407  31.695  83.104  74.506  31.699  82.921  74.349
0.86  0.86  0.86 7
   0.278  -0.569   0.774   0.260  -0.662   0.703   0.263  -0.617   0.742 1
  28.429  83.373  74.741  28.230  83.466  74.720  28.395  83.447  74.554
0.86  0.86  0.86 7
  -0.405  -0.903  -0.146  -0.464  -0.853  -0.238  -0.498  -0.819  -0.286 1
  28.543  83.414  74.372  28.722  83.257  74.376  28.395  83.447  74.554
0.86  0.86  0.86 7
  -0.594  -0.782  -0.188  -0.611  -0.783  -0.116  -0.498  -0.819  -0.286 1
  28.395  83.447  74.554  28.722  83.257  74.376  28.429  83.373  74.741
0.86  0.86  0.86 7
  -0.498  -0.819  -0.286  -0.611  -0.783  -0.116  -0.405  -0.903  -0.146 1
  28.429  83.373  74.741  28.722  83.257  74.376  28.706  83.246  74.703
0.86  0.86  0.86 7
  -0.405  -0.903  -0.146  -0.611  -0.783  -0.116  -0.349  -0.936   0.050 1
  28.722  83.257  74.376  28.896  83.130  74.353  28.706  83.246  74.703
0.86  0.86  0.86 7
  -0.611  -0.783  -0.116  -0.515  -0.844   0.153  -0.349  -0.936   0.050 1
  29.019  83.169  74.722  28.706  83.246  74.703  28.896  83.130  74.353
0.86  0.86  0.86 7
  -0.332  -0.920   0.207  -0.349  -0.936   0.050  -0.515  -0.844   0.153 1
  29.019  83.169  74.722  28.896  83.130  74.353  29.049  83.093  74.534
0.86  0.86  0.86 7
  -0.332  -0.920   0.207  -0.515  -0.844   0.153  -0.397  -0.876   0.273 1
  29.213  83.093  74.697  29.019  83.169  74.722  29.049  83.093  74.534
0.86  0.86  0.86 7
  -0.320  -0.902   0.290  -0.332  -0.920   0.207  -0.397  -0.876   0.273 1
  31.405  83.179  74.745  31.228  83.045  74.726  31.397  83.034  74.575
0.86  0.86  0.86 7
   0.460  -0.691   0.558   0.461  -0.699   0.547   0.394  -0.656   0.643 1
  31.405  83.179  74.745  31.397  83.034  74.575  31.687  83.262  74.681
0.86  0.86  0.86 7
   0.460  -0.691   0.558   0.394  -0.656   0.643   0.369  -0.632   0.681 1
  31.687  83.262  74.681  31.397  83.034  74.575  31.695  83.104  74.506
0.86  0.86  0.86 7
   0.369  -0.632   0.681   0.394  -0.656   0.643   0.260  -0.662   0.703 1
  31.887  83.052  74.407  32.057  83.193  74.436  32.041  83.404  74.542
0.86  0.86  0.86 7
   0.278  -0.569   0.774   0.292  -0.421   0.859   0.422  -0.412   0.808 1
  31.887  83.052  74.407  32.041  83.404  74.542  31.852  83.425  74.674
0.86  0.86  0.86 7
   0.278  -0.569   0.774   0.422  -0.412   0.808   0.536  -0.507   0.675 1
  31.887  83.052  74.407  31.852  83.425  74.674  31.687  83.262  74.681
0.86  0.86  0.86 7
   0.278  -0.569   0.774   0.536  -0.507   0.675   0.369  -0.632   0.681 1
  31.887  83.052  74.407  31.687  83.262  74.681  31.695  83.104  74.506
0.86  0.86  0.86 7
   0.278  -0.569   0.774   0.369  -0.632   0.681   0.260  -0.662   0.703 1
  32.057  83.193  74.436  32.366  83.247  74.353  32.324  83.438  74.428
0.86  0.86  0.86 7
   0.292  -0.421   0.859   0.339  -0.372   0.864   0.360  -0.308   0.881 1
  32.057  83.193  74.436  32.324  83.438  74.428  32.041  83.404  74.542
0.86  0.86  0.86 7
   0.292  -0.421   0.859   0.360  -0.308   0.881   0.422  -0.412   0.808 1
  32.525  83.415  74.339  32.324  83.438  74.428  32.366  83.247  74.353
0.86  0.86  0.86 7
   0.425  -0.301   0.854   0.360  -0.308   0.881   0.339  -0.372   0.864 1
  28.048  83.587  74.707  27.872  83.740  74.703  28.009  83.704  74.519
0.86  0.86  0.86 7
  -0.585  -0.770  -0.256  -0.695  -0.665  -0.274  -0.603  -0.701  -0.380 1
  28.155  83.690  74.337  28.352  83.534  74.361  28.009  83.704  74.519
0.86  0.86  0.86 7
  -0.632  -0.702  -0.327  -0.532  -0.807  -0.257  -0.603  -0.701  -0.380 1
  28.009  83.704  74.519  28.352  83.534  74.361  28.048  83.587  74.707
0.86  0.86  0.86 7
  -0.603  -0.701  -0.380  -0.532  -0.807  -0.257  -0.585  -0.770  -0.256 1
  28.048  83.587  74.707  28.352  83.534  74.361  28.230  83.466  74.720
0.86  0.86  0.86 7
  -0.585  -0.770  -0.256  -0.532  -0.807  -0.257  -0.464  -0.853  -0.238 1
  28.230  83.466  74.720  28.352  83.534  74.361  28.395  83.447  74.554
0.86  0.86  0.86 7
  -0.464  -0.853  -0.238  -0.532  -0.807  -0.257  -0.498  -0.819  -0.286 1
  28.395  83.447  74.554  28.352  83.534  74.361  28.543  83.414  74.372
0.86  0.86  0.86 7
  -0.498  -0.819  -0.286  -0.532  -0.807  -0.257  -0.594  -0.782  -0.188 1
  32.013  83.598  74.666  31.852  83.425  74.674  32.041  83.404  74.542
0.86  0.86  0.86 7
   0.528  -0.461   0.713   0.536  -0.507   0.675   0.422  -0.412   0.808 1
  32.013  83.598  74.666  32.041  83.404  74.542  32.167  83.762  74.659
0.86  0.86  0.86 7
   0.528  -0.461   0.713   0.422  -0.412   0.808   0.551  -0.460   0.696 1
  32.167  83.762  74.659  32.041  83.404  74.542  32.360  83.749  74.516
0.86  0.86  0.86 7
   0.551  -0.460   0.696   0.422  -0.412   0.808   0.433  -0.360   0.827 1
  32.360  83.749  74.516  32.041  83.404  74.542  32.324  83.438  74.428
0.86  0.86  0.86 7
   0.433  -0.360   0.827   0.422  -0.412   0.808   0.360  -0.308   0.881 1
  32.525  83.415  74.339  32.554  83.723  74.414  32.360  83.749  74.516
0.86  0.86  0.86 7
   0.425  -0.301   0.854   0.473  -0.364   0.802   0.433  -0.360   0.827 1
  32.525  83.415  74.339  32.360  83.749  74.516  32.324  83.438  74.428
0.86  0.86  0.86 7
   0.425  -0.301   0.854   0.433  -0.360   0.827   0.360  -0.308   0.881 1
  27.719  83.916  74.707  27.598  84.099  74.720  27.693  84.067  74.532
0.86  0.86  0.86 7
  -0.775  -0.570  -0.273  -0.868  -0.419  -0.266  -0.772  -0.498  -0.395 1
  27.825  84.042  74.339  27.983  83.851  74.334  27.693  84.067  74.532
0.86  0.86  0.86 7
  -0.724  -0.523  -0.451  -0.687  -0.598  -0.412  -0.772  -0.498  -0.395 1
  27.693  84.067  74.532  27.983  83.851  74.334  27.719  83.916  74.707
0.86  0.86  0.86 7
  -0.772  -0.498  -0.395  -0.687  -0.598  -0.412  -0.775  -0.570  -0.273 1
  27.719  83.916  74.707  27.983  83.851  74.334  27.872  83.740  74.703
0.86  0.86  0.86 7
  -0.775  -0.570  -0.273  -0.687  -0.598  -0.412  -0.695  -0.665  -0.274 1
  27.872  83.740  74.703  27.983  83.851  74.334  28.009  83.704  74.519
0.86  0.86  0.86 7
  -0.695  -0.665  -0.274  -0.687  -0.598  -0.412  -0.603  -0.701  -0.380 1
  28.009  83.704  74.519  27.983  83.851  74.334  28.155  83.690  74.337
0.86  0.86  0.86 7
  -0.603  -0.701  -0.380  -0.687  -0.598  -0.412  -0.632  -0.702  -0.327 1
  32.331  83.947  74.645  32.167  83.762  74.659  32.360  83.749  74.516
0.86  0.86  0.86 7
   0.455  -0.485   0.747   0.551  -0.460   0.696   0.433  -0.360   0.827 1
  32.554  83.723  74.414  32.717  83.898  74.385  32.696  84.082  74.524
0.86  0.86  0.86 7
   0.473  -0.364   0.802   0.540  -0.399   0.741   0.533  -0.487   0.692 1
  32.554  83.723  74.414  32.696  84.082  74.524  32.517  84.109  74.661
0.86  0.86  0.86 7
   0.473  -0.364   0.802   0.533  -0.487   0.692   0.429  -0.546   0.719 1
  32.554  83.723  74.414  32.517  84.109  74.661  32.331  83.947  74.645
0.86  0.86  0.86 7
   0.473  -0.364   0.802   0.429  -0.546   0.719   0.455  -0.485   0.747 1
  32.554  83.723  74.414  32.331  83.947  74.645  32.360  83.749  74.516
0.86  0.86  0.86 7
   0.473  -0.364   0.802   0.455  -0.485   0.747   0.433  -0.360   0.827 1
  32.872  84.072  74.371  32.696  84.082  74.524  32.717  83.898  74.385
0.86  0.86  0.86 7
   0.544  -0.518   0.660   0.533  -0.487   0.692   0.540  -0.399   0.741 1
  27.596  84.426  74.408  27.696  84.236  74.365  27.487  84.394  74.691
0.86  0.86  0.86 7
  -0.867  -0.227  -0.443  -0.817  -0.370  -0.442  -0.925  -0.262  -0.276 1
  27.598  84.099  74.720  27.487  84.394  74.691  27.696  84.236  74.365
0.86  0.86  0.86 7
  -0.868  -0.419  -0.266  -0.925  -0.262  -0.276  -0.817  -0.370  -0.442 1
  27.598  84.099  74.720  27.696  84.236  74.365  27.693  84.067  74.532
0.86  0.86  0.86 7
  -0.868  -0.419  -0.266  -0.817  -0.370  -0.442  -0.772  -0.498  -0.395 1
  27.693  84.067  74.532  27.696  84.236  74.365  27.825  84.042  74.339
0.86  0.86  0.86 7
  -0.772  -0.498  -0.395  -0.817  -0.370  -0.442  -0.724  -0.523  -0.451 1
  32.686  84.263  74.680  32.517  84.109  74.661  32.696  84.082  74.524
0.86  0.86  0.86 7
   0.458  -0.605   0.651   0.429  -0.546   0.719   0.533  -0.487   0.692 1
  32.872  84.072  74.371  33.037  84.241  74.369  33.045  84.396  74.544
0.86  0.86  0.86 7
   0.544  -0.518   0.660   0.567  -0.584   0.581   0.503  -0.688   0.524 1
  32.872  84.072  74.371  33.045  84.396  74.544  32.872  84.404  74.705
0.86  0.86  0.86 7
   0.544  -0.518   0.660   0.503  -0.688   0.524   0.397  -0.709   0.583 1
  32.872  84.072  74.371  32.872  84.404  74.705  32.686  84.263  74.680
0.86  0.86  0.86 7
   0.544  -0.518   0.660   0.397  -0.709   0.583   0.458  -0.605   0.651 1
  32.872  84.072  74.371  32.686  84.263  74.680  32.696  84.082  74.524
0.86  0.86  0.86 7
   0.544  -0.518   0.660   0.458  -0.605   0.651   0.533  -0.487   0.692 1
  33.218  84.393  74.380  33.045  84.396  74.544  33.037  84.241  74.369
0.86  0.86  0.86 7
   0.578  -0.672   0.464   0.503  -0.688   0.524   0.567  -0.584   0.581 1
  27.557  84.740  74.380  27.596  84.426  74.408  27.431  84.739  74.676
0.86  0.86  0.86 7
  -0.881  -0.051  -0.471  -0.867  -0.227  -0.443  -0.955  -0.021  -0.295 1
  27.431  84.739  74.676  27.596  84.426  74.408  27.487  84.394  74.691
0.86  0.86  0.86 7
  -0.955  -0.021  -0.295  -0.867  -0.227  -0.443  -0.925  -0.262  -0.276 1
  33.061  84.520  74.734  32.872  84.404  74.705  33.045  84.396  74.544
0.86  0.86  0.86 7
   0.442  -0.750   0.492   0.397  -0.709   0.583   0.503  -0.688   0.524 1
  33.218  84.393  74.380  33.388  84.556  74.376  33.327  84.640  74.659
0.86  0.86  0.86 7
   0.578  -0.672   0.464   0.665  -0.677   0.316   0.568  -0.707   0.422 1
  33.218  84.393  74.380  33.327  84.640  74.659  33.061  84.520  74.734
0.86  0.86  0.86 7
   0.578  -0.672   0.464   0.568  -0.707   0.422   0.442  -0.750   0.492 1
  33.218  84.393  74.380  33.061  84.520  74.734  33.045  84.396  74.544
0.86  0.86  0.86 7
   0.578  -0.672   0.464   0.442  -0.750   0.492   0.503  -0.688   0.524 1
  33.388  84.556  74.376  33.560  84.718  74.377  33.489  84.788  74.664
0.86  0.86  0.86 7
   0.665  -0.677   0.316   0.720  -0.630   0.291   0.662  -0.611   0.434 1
  33.388  84.556  74.376  33.489  84.788  74.664  33.327  84.640  74.659
0.86  0.86  0.86 7
   0.665  -0.677   0.316   0.662  -0.611   0.434   0.568  -0.707   0.422 1
  27.572  85.068  74.389  27.557  84.740  74.380  27.450  85.095  74.681
0.86  0.86  0.86 7
  -0.875   0.147  -0.461  -0.881  -0.051  -0.471  -0.944   0.161  -0.288 1
  27.450  85.095  74.681  27.557  84.740  74.380  27.431  84.739  74.676
0.86  0.86  0.86 7
  -0.944   0.161  -0.288  -0.881  -0.051  -0.471  -0.955  -0.021  -0.295 1
  33.560  84.718  74.377  33.715  84.899  74.373  33.746  85.050  74.554
0.86  0.86  0.86 7
   0.720  -0.630   0.291   0.779  -0.583   0.231   0.780  -0.510   0.362 1
  33.560  84.718  74.377  33.746  85.050  74.554  33.619  85.015  74.750
0.86  0.86  0.86 7
   0.720  -0.630   0.291   0.780  -0.510   0.362   0.734  -0.480   0.481 1
  33.560  84.718  74.377  33.619  85.015  74.750  33.489  84.788  74.664
0.86  0.86  0.86 7
   0.720  -0.630   0.291   0.734  -0.480   0.481   0.662  -0.611   0.434 1
  33.840  85.087  74.361  33.746  85.050  74.554  33.715  84.899  74.373
0.86  0.86  0.86 7
   0.861  -0.440   0.254   0.780  -0.510   0.362   0.779  -0.583   0.231 1
  27.632  85.375  74.432  27.572  85.068  74.389  27.533  85.409  74.702
0.86  0.86  0.86 7
  -0.832   0.330  -0.447  -0.875   0.147  -0.461  -0.894   0.366  -0.258 1
  27.533  85.409  74.702  27.572  85.068  74.389  27.450  85.095  74.681
0.86  0.86  0.86 7
  -0.894   0.366  -0.258  -0.875   0.147  -0.461  -0.944   0.161  -0.288 1
  33.749  85.220  74.729  33.619  85.015  74.750  33.746  85.050  74.554
0.86  0.86  0.86 7
   0.813  -0.383   0.437   0.734  -0.480   0.481   0.780  -0.510   0.362 1
  33.840  85.087  74.361  33.954  85.385  74.391  33.846  85.414  74.692
0.86  0.86  0.86 7
   0.861  -0.440   0.254   0.919  -0.291   0.267   0.863  -0.274   0.425 1
  33.840  85.087  74.361  33.846  85.414  74.692  33.749  85.220  74.729
0.86  0.86  0.86 7
   0.861  -0.440   0.254   0.863  -0.274   0.425   0.813  -0.383   0.437 1
  33.840  85.087  74.361  33.749  85.220  74.729  33.746  85.050  74.554
0.86  0.86  0.86 7
   0.861  -0.440   0.254   0.813  -0.383   0.437   0.780  -0.510   0.362 1
  27.744  85.547  74.396  27.632  85.375  74.432  27.643  85.617  74.686
0.86  0.86  0.86 7
  -0.744   0.476  -0.470  -0.832   0.330  -0.447  -0.818   0.483  -0.313 1
  27.643  85.617  74.686  27.632  85.375  74.432  27.533  85.409  74.702
0.86  0.86  0.86 7
  -0.818   0.483  -0.313  -0.832   0.330  -0.447  -0.894   0.366  -0.258 1
  27.882  85.729  74.379  27.744  85.547  74.396  27.780  85.805  74.677
0.86  0.86  0.86 7
  -0.673   0.565  -0.476  -0.744   0.476  -0.470  -0.723   0.633  -0.275 1
  27.780  85.805  74.677  27.744  85.547  74.396  27.643  85.617  74.686
0.86  0.86  0.86 7
  -0.723   0.633  -0.275  -0.744   0.476  -0.470  -0.818   0.483  -0.313 1
  33.954  85.385  74.391  34.010  85.580  74.363  33.997  85.751  74.519
0.86  0.86  0.86 7
   0.919  -0.291   0.267   0.932  -0.272   0.237   0.890  -0.274   0.365 1
  33.954  85.385  74.391  33.997  85.751  74.519  33.903  85.732  74.719
0.86  0.86  0.86 7
   0.919  -0.291   0.267   0.890  -0.274   0.365   0.841  -0.210   0.498 1
  33.954  85.385  74.391  33.903  85.732  74.719  33.846  85.414  74.692
0.86  0.86  0.86 7
   0.919  -0.291   0.267   0.841  -0.210   0.498   0.863  -0.274   0.425 1
  34.087  85.772  74.320  33.997  85.751  74.519  34.010  85.580  74.363
0.86  0.86  0.86 7
   0.894  -0.347   0.283   0.890  -0.274   0.365   0.932  -0.272   0.237 1
  28.049  85.896  74.379  27.882  85.729  74.379  27.958  85.987  74.676
0.86  0.86  0.86 7
  -0.555   0.684  -0.473  -0.673   0.565  -0.476  -0.628   0.707  -0.325 1
  27.958  85.987  74.676  27.882  85.729  74.379  27.780  85.805  74.677
0.86  0.86  0.86 7
  -0.628   0.707  -0.325  -0.673   0.565  -0.476  -0.723   0.633  -0.275 1
  28.230  86.035  74.395  28.049  85.896  74.379  28.159  86.137  74.685
0.86  0.86  0.86 7
  -0.464   0.755  -0.462  -0.555   0.684  -0.473  -0.498   0.821  -0.280 1
  28.159  86.137  74.685  28.049  85.896  74.379  27.958  85.987  74.676
0.86  0.86  0.86 7
  -0.498   0.821  -0.280  -0.555   0.684  -0.473  -0.628   0.707  -0.325 1
  33.993  85.926  74.677  33.903  85.732  74.719  33.997  85.751  74.519
0.86  0.86  0.86 7
   0.816  -0.336   0.470   0.841  -0.210   0.498   0.890  -0.274   0.365 1
  34.087  85.772  74.320  34.194  86.079  74.366  34.111  86.105  74.641
0.86  0.86  0.86 7
   0.894  -0.347   0.283   0.840  -0.444   0.311   0.785  -0.384   0.486 1
  34.087  85.772  74.320  34.111  86.105  74.641  33.993  85.926  74.677
0.86  0.86  0.86 7
   0.894  -0.347   0.283   0.785  -0.384   0.486   0.816  -0.336   0.470 1
  34.087  85.772  74.320  33.993  85.926  74.677  33.997  85.751  74.519
0.86  0.86  0.86 7
   0.894  -0.347   0.283   0.816  -0.336   0.470   0.890  -0.274   0.365 1
  28.402  86.149  74.430  28.230  86.035  74.395  28.367  86.248  74.701
0.86  0.86  0.86 7
  -0.347   0.835  -0.426  -0.464   0.755  -0.462  -0.369   0.891  -0.267 1
  28.367  86.248  74.701  28.230  86.035  74.395  28.159  86.137  74.685
0.86  0.86  0.86 7
  -0.369   0.891  -0.267  -0.464   0.755  -0.462  -0.498   0.821  -0.280 1
  28.711  86.225  74.378  28.402  86.149  74.430  28.671  86.340  74.681
0.86  0.86  0.86 7
  -0.357   0.823  -0.442  -0.347   0.835  -0.426  -0.321   0.895  -0.310 1
  28.671  86.340  74.681  28.402  86.149  74.430  28.367  86.248  74.701
0.86  0.86  0.86 7
  -0.321   0.895  -0.310  -0.347   0.835  -0.426  -0.369   0.891  -0.267 1
  28.909  86.352  74.407  28.711  86.225  74.378  28.862  86.425  74.699
0.86  0.86  0.86 7
  -0.540   0.761  -0.360  -0.357   0.823  -0.442  -0.441   0.866  -0.236 1
  28.862  86.425  74.699  28.711  86.225  74.378  28.671  86.340  74.681
0.86  0.86  0.86 7
  -0.441   0.866  -0.236  -0.357   0.823  -0.442  -0.321   0.895  -0.310 1
  34.194  86.079  74.366  34.328  86.270  74.358  34.341  86.424  74.524
0.86  0.86  0.86 7
   0.840  -0.444   0.311   0.818  -0.496   0.292   0.801  -0.411   0.434 1
  34.194  86.079  74.366  34.341  86.424  74.524  34.213  86.401  74.709
0.86  0.86  0.86 7
   0.840  -0.444   0.311   0.801  -0.411   0.434   0.753  -0.374   0.541 1
  34.194  86.079  74.366  34.213  86.401  74.709  34.111  86.105  74.641
0.86  0.86  0.86 7
   0.840  -0.444   0.311   0.753  -0.374   0.541   0.785  -0.384   0.486 1
  34.433  86.451  74.340  34.341  86.424  74.524  34.328  86.270  74.358
0.86  0.86  0.86 7
   0.872  -0.392   0.292   0.801  -0.411   0.434   0.818  -0.496   0.292 1
  29.096  86.517  74.416  28.909  86.352  74.407  29.055  86.551  74.710
0.86  0.86  0.86 7
  -0.641   0.706  -0.301  -0.540   0.761  -0.360  -0.612   0.770  -0.181 1
  29.055  86.551  74.710  28.909  86.352  74.407  28.862  86.425  74.699
0.86  0.86  0.86 7
  -0.612   0.770  -0.181  -0.540   0.761  -0.360  -0.441   0.866  -0.236 1
  29.276  86.671  74.397  29.096  86.517  74.416  29.233  86.713  74.712
0.86  0.86  0.86 7
  -0.730   0.640  -0.242  -0.641   0.706  -0.301  -0.707   0.690  -0.155 1
  29.233  86.713  74.712  29.096  86.517  74.416  29.055  86.551  74.710
0.86  0.86  0.86 7
  -0.707   0.690  -0.155  -0.641   0.706  -0.301  -0.612   0.770  -0.181 1
  34.213  86.401  74.709  34.341  86.424  74.524  34.303  86.711  74.774
0.86  0.86  0.86 7
   0.753  -0.374   0.541   0.801  -0.411   0.434   0.777  -0.229   0.586 1
  34.303  86.711  74.774  34.341  86.424  74.524  34.434  86.724  74.568
0.86  0.86  0.86 7
   0.777  -0.229   0.586   0.801  -0.411   0.434   0.861  -0.258   0.438 1
  34.433  86.451  74.340  34.527  86.742  74.367  34.434  86.724  74.568
0.86  0.86  0.86 7
   0.872  -0.392   0.292   0.922  -0.209   0.327   0.861  -0.258   0.438 1
  34.433  86.451  74.340  34.434  86.724  74.568  34.341  86.424  74.524
0.86  0.86  0.86 7
   0.872  -0.392   0.292   0.861  -0.258   0.438   0.801  -0.411   0.434 1
  29.434  86.865  74.390  29.276  86.671  74.397  29.385  86.893  74.703
0.86  0.86  0.86 7
  -0.771   0.607  -0.195  -0.730   0.640  -0.242  -0.756   0.638  -0.143 1
  29.385  86.893  74.703  29.276  86.671  74.397  29.233  86.713  74.712
0.86  0.86  0.86 7
  -0.756   0.638  -0.143  -0.730   0.640  -0.242  -0.707   0.690  -0.155 1
  29.568  87.052  74.370  29.434  86.865  74.390  29.539  87.072  74.703
0.86  0.86  0.86 7
  -0.800   0.579  -0.155  -0.771   0.607  -0.195  -0.791   0.592  -0.154 1
  29.539  87.072  74.703  29.434  86.865  74.390  29.385  86.893  74.703
0.86  0.86  0.86 7
  -0.791   0.592  -0.154  -0.771   0.607  -0.195  -0.756   0.638  -0.143 1
  34.389  86.904  74.713  34.303  86.711  74.774  34.434  86.724  74.568
0.86  0.86  0.86 7
   0.850  -0.128   0.511   0.777  -0.229   0.586   0.861  -0.258   0.438 1
  34.527  86.742  74.367  34.567  87.073  74.377  34.447  87.073  74.643
0.86  0.86  0.86 7
   0.922  -0.209   0.327   0.950  -0.021   0.313   0.871  -0.016   0.491 1
  34.527  86.742  74.367  34.447  87.073  74.643  34.389  86.904  74.713
0.86  0.86  0.86 7
   0.922  -0.209   0.327   0.871  -0.016   0.491   0.850  -0.128   0.511 1
  34.527  86.742  74.367  34.389  86.904  74.713  34.434  86.724  74.568
0.86  0.86  0.86 7
   0.922  -0.209   0.327   0.850  -0.128   0.511   0.861  -0.258   0.438 1
  29.713  87.231  74.370  29.568  87.052  74.370  29.686  87.258  74.697
0.86  0.86  0.86 7
  -0.742   0.651  -0.159  -0.800   0.579  -0.155  -0.765   0.620  -0.173 1
  29.686  87.258  74.697  29.568  87.052  74.370  29.539  87.072  74.703
0.86  0.86  0.86 7
  -0.765   0.620  -0.173  -0.800   0.579  -0.155  -0.791   0.592  -0.154 1
  29.878  87.397  74.373  29.713  87.231  74.370  29.835  87.432  74.693
0.86  0.86  0.86 7
  -0.661   0.719  -0.215  -0.742   0.651  -0.159  -0.745   0.607  -0.278 1
  29.835  87.432  74.693  29.713  87.231  74.370  29.686  87.258  74.697
0.86  0.86  0.86 7
  -0.745   0.607  -0.278  -0.742   0.651  -0.159  -0.765   0.620  -0.173 1
  34.567  87.073  74.377  34.539  87.407  74.370  34.431  87.371  74.632
0.86  0.86  0.86 7
   0.950  -0.021   0.313   0.925   0.201   0.322   0.872   0.145   0.468 1
  34.567  87.073  74.377  34.431  87.371  74.632  34.447  87.073  74.643
0.86  0.86  0.86 7
   0.950  -0.021   0.313   0.872   0.145   0.468   0.871  -0.016   0.491 1
  30.064  87.533  74.383  29.878  87.397  74.373  30.002  87.627  74.670
0.86  0.86  0.86 7
  -0.526   0.797  -0.295  -0.661   0.719  -0.215  -0.609   0.715  -0.343 1
  30.002  87.627  74.670  29.878  87.397  74.373  29.835  87.432  74.693
0.86  0.86  0.86 7
  -0.609   0.715  -0.343  -0.661   0.719  -0.215  -0.745   0.607  -0.278 1
  30.304  87.668  74.341  30.064  87.533  74.383  30.345  87.771  74.520
0.86  0.86  0.86 7
  -0.451   0.842  -0.298  -0.526   0.797  -0.295  -0.471   0.787  -0.400 1
  30.345  87.771  74.520  30.064  87.533  74.383  30.192  87.758  74.691
0.86  0.86  0.86 7
  -0.471   0.787  -0.400  -0.526   0.797  -0.295  -0.504   0.735  -0.454 1
  30.192  87.758  74.691  30.064  87.533  74.383  30.002  87.627  74.670
0.86  0.86  0.86 7
  -0.504   0.735  -0.454  -0.526   0.797  -0.295  -0.609   0.715  -0.343 1
  30.345  87.771  74.520  30.524  87.776  74.357  30.304  87.668  74.341
0.86  0.86  0.86 7
  -0.471   0.787  -0.400  -0.310   0.860  -0.406  -0.451   0.842  -0.298 1
  34.231  87.757  74.721  34.343  87.561  74.687  34.361  87.734  74.532
0.86  0.86  0.86 7
   0.733   0.434   0.524   0.780   0.295   0.551   0.830   0.371   0.417 1
  34.539  87.407  74.370  34.452  87.703  74.345  34.361  87.734  74.532
0.86  0.86  0.86 7
   0.925   0.201   0.322   0.896   0.346   0.278   0.830   0.371   0.417 1
  34.539  87.407  74.370  34.361  87.734  74.532  34.343  87.561  74.687
0.86  0.86  0.86 7
   0.925   0.201   0.322   0.830   0.371   0.417   0.780   0.295   0.551 1
  34.539  87.407  74.370  34.343  87.561  74.687  34.431  87.371  74.632
0.86  0.86  0.86 7
   0.925   0.201   0.322   0.780   0.295   0.551   0.872   0.145   0.468 1
  30.192  87.758  74.691  30.375  87.900  74.707  30.345  87.771  74.520
0.86  0.86  0.86 7
  -0.504   0.735  -0.454  -0.396   0.772  -0.498  -0.471   0.787  -0.400 1
  30.722  87.845  74.397  30.524  87.776  74.357  30.684  87.978  74.652
0.86  0.86  0.86 7
  -0.181   0.871  -0.457  -0.310   0.860  -0.406  -0.236   0.826  -0.512 1
  30.375  87.900  74.707  30.684  87.978  74.652  30.524  87.776  74.357
0.86  0.86  0.86 7
  -0.396   0.772  -0.498  -0.236   0.826  -0.512  -0.310   0.860  -0.406 1
  30.375  87.900  74.707  30.524  87.776  74.357  30.345  87.771  74.520
0.86  0.86  0.86 7
  -0.396   0.772  -0.498  -0.310   0.860  -0.406  -0.471   0.787  -0.400 1
  31.042  87.891  74.377  30.722  87.845  74.397  31.059  88.009  74.580
0.86  0.86  0.86 7
  -0.189   0.888  -0.418  -0.181   0.871  -0.457  -0.134   0.858  -0.496 1
  31.059  88.009  74.580  30.722  87.845  74.397  30.873  88.062  74.712
0.86  0.86  0.86 7
  -0.134   0.858  -0.496  -0.181   0.871  -0.457  -0.128   0.847  -0.515 1
  30.873  88.062  74.712  30.722  87.845  74.397  30.684  87.978  74.652
0.86  0.86  0.86 7
  -0.128   0.847  -0.515  -0.181   0.871  -0.457  -0.236   0.826  -0.512 1
  31.356  87.970  74.353  31.042  87.891  74.377  31.379  88.044  74.549
0.86  0.86  0.86 7
  -0.284   0.900  -0.331  -0.189   0.888  -0.418  -0.247   0.878  -0.409 1
  31.379  88.044  74.549  31.042  87.891  74.377  31.059  88.009  74.580
0.86  0.86  0.86 7
  -0.247   0.878  -0.409  -0.189   0.888  -0.418  -0.134   0.858  -0.496 1
  31.379  88.044  74.549  31.551  88.040  74.380  31.356  87.970  74.353
0.86  0.86  0.86 7
  -0.247   0.878  -0.409  -0.367   0.876  -0.312  -0.284   0.900  -0.331 1
  33.910  88.120  74.742  34.084  87.945  74.741  34.082  88.110  74.559
0.86  0.86  0.86 7
   0.537   0.652   0.536   0.615   0.531   0.583   0.655   0.605   0.452 1
  34.352  87.893  74.365  34.215  88.080  74.373  34.082  88.110  74.559
0.86  0.86  0.86 7
   0.796   0.493   0.351   0.740   0.604   0.297   0.655   0.605   0.452 1
  34.352  87.893  74.365  34.082  88.110  74.559  34.084  87.945  74.741
0.86  0.86  0.86 7
   0.796   0.493   0.351   0.655   0.605   0.452   0.615   0.531   0.583 1
  34.352  87.893  74.365  34.084  87.945  74.741  34.231  87.757  74.721
0.86  0.86  0.86 7
   0.796   0.493   0.351   0.615   0.531   0.583   0.733   0.434   0.524 1
  34.352  87.893  74.365  34.231  87.757  74.721  34.361  87.734  74.532
0.86  0.86  0.86 7
   0.796   0.493   0.351   0.733   0.434   0.524   0.830   0.371   0.417 1
  34.352  87.893  74.365  34.361  87.734  74.532  34.452  87.703  74.345
0.86  0.86  0.86 7
   0.796   0.493   0.351   0.830   0.371   0.417   0.896   0.346   0.278 1
  30.873  88.062  74.712  31.038  88.123  74.781  31.059  88.009  74.580
0.86  0.86  0.86 7
  -0.128   0.847  -0.515  -0.089   0.877  -0.472  -0.134   0.858  -0.496 1
  31.059  88.009  74.580  31.038  88.123  74.781  31.396  88.162  74.755
0.86  0.86  0.86 7
  -0.134   0.858  -0.496  -0.089   0.877  -0.472  -0.179   0.911  -0.372 1
  31.059  88.009  74.580  31.396  88.162  74.755  31.379  88.044  74.549
0.86  0.86  0.86 7
  -0.134   0.858  -0.496  -0.179   0.911  -0.372  -0.247   0.878  -0.409 1
  31.759  88.154  74.400  31.551  88.040  74.380  31.705  88.224  74.703
0.86  0.86  0.86 7
  -0.439   0.883  -0.166  -0.367   0.876  -0.312  -0.194   0.966  -0.169 1
  31.396  88.162  74.755  31.705  88.224  74.703  31.551  88.040  74.380
0.86  0.86  0.86 7
  -0.179   0.911  -0.372  -0.194   0.966  -0.169  -0.367   0.876  -0.312 1
  31.396  88.162  74.755  31.551  88.040  74.380  31.379  88.044  74.549
0.86  0.86  0.86 7
  -0.179   0.911  -0.372  -0.367   0.876  -0.312  -0.247   0.878  -0.409 1
  32.012  88.293  74.370  31.759  88.154  74.400  32.030  88.269  74.704
0.86  0.86  0.86 7
  -0.428   0.901   0.073  -0.439   0.883  -0.166  -0.186   0.980   0.065 1
  32.030  88.269  74.704  31.759  88.154  74.400  31.705  88.224  74.703
0.86  0.86  0.86 7
  -0.186   0.980   0.065  -0.439   0.883  -0.166  -0.194   0.966  -0.169 1
  32.215  88.382  74.363  32.012  88.293  74.370  32.374  88.399  74.533
0.86  0.86  0.86 7
  -0.470   0.862   0.188  -0.428   0.901   0.073  -0.340   0.889   0.307 1
  32.374  88.399  74.533  32.012  88.293  74.370  32.349  88.326  74.726
0.86  0.86  0.86 7
  -0.340   0.889   0.307  -0.428   0.901   0.073  -0.189   0.922   0.339 1
  32.349  88.326  74.726  32.012  88.293  74.370  32.030  88.269  74.704
0.86  0.86  0.86 7
  -0.189   0.922   0.339  -0.428   0.901   0.073  -0.186   0.980   0.065 1
  32.349  88.326  74.726  32.541  88.387  74.692  32.374  88.399  74.533
0.86  0.86  0.86 7
  -0.189   0.922   0.339  -0.236   0.887   0.396  -0.340   0.889   0.307 1
  33.528  88.384  74.690  33.724  88.269  74.723  33.701  88.401  74.534
0.86  0.86  0.86 7
   0.301   0.812   0.500   0.396   0.722   0.568   0.408   0.808   0.425 1
  34.047  88.249  74.373  33.860  88.390  74.366  33.701  88.401  74.534
0.86  0.86  0.86 7
   0.597   0.719   0.356   0.516   0.804   0.295   0.408   0.808   0.425 1
  34.047  88.249  74.373  33.701  88.401  74.534  33.724  88.269  74.723
0.86  0.86  0.86 7
   0.597   0.719   0.356   0.408   0.808   0.425   0.396   0.722   0.568 1
  34.047  88.249  74.373  33.724  88.269  74.723  33.910  88.120  74.742
0.86  0.86  0.86 7
   0.597   0.719   0.356   0.396   0.722   0.568   0.537   0.652   0.536 1
  34.047  88.249  74.373  33.910  88.120  74.742  34.082  88.110  74.559
0.86  0.86  0.86 7
   0.597   0.719   0.356   0.537   0.652   0.536   0.655   0.605   0.452 1
  34.047  88.249  74.373  34.082  88.110  74.559  34.215  88.080  74.373
0.86  0.86  0.86 7
   0.597   0.719   0.356   0.655   0.605   0.452   0.740   0.604   0.297 1
  32.374  88.399  74.533  32.409  88.485  74.345  32.215  88.382  74.363
0.86  0.86  0.86 7
  -0.340   0.889   0.307  -0.358   0.886   0.294  -0.470   0.862   0.188 1
  32.703  88.579  74.371  32.409  88.485  74.345  32.739  88.469  74.634
0.86  0.86  0.86 7
  -0.214   0.925   0.314  -0.358   0.886   0.294  -0.174   0.873   0.455 1
  32.739  88.469  74.634  32.409  88.485  74.345  32.541  88.387  74.692
0.86  0.86  0.86 7
  -0.174   0.873   0.455  -0.358   0.886   0.294  -0.236   0.887   0.396 1
  32.541  88.387  74.692  32.409  88.485  74.345  32.374  88.399  74.533
0.86  0.86  0.86 7
  -0.236   0.887   0.396  -0.358   0.886   0.294  -0.340   0.889   0.307 1
  33.038  88.616  74.381  32.703  88.579  74.371  33.038  88.493  74.650
0.86  0.86  0.86 7
  -0.011   0.949   0.316  -0.214   0.925   0.314  -0.010   0.872   0.489 1
  33.038  88.493  74.650  32.703  88.579  74.371  32.739  88.469  74.634
0.86  0.86  0.86 7
  -0.010   0.872   0.489  -0.214   0.925   0.314  -0.174   0.873   0.455 1
  33.374  88.584  74.373  33.038  88.616  74.381  33.338  88.474  74.637
0.86  0.86  0.86 7
   0.212   0.922   0.325  -0.011   0.949   0.316   0.156   0.869   0.470 1
  33.338  88.474  74.637  33.038  88.616  74.381  33.038  88.493  74.650
0.86  0.86  0.86 7
   0.156   0.869   0.470  -0.011   0.949   0.316  -0.010   0.872   0.489 1
  33.671  88.494  74.347  33.374  88.584  74.373  33.701  88.401  74.534
0.86  0.86  0.86 7
   0.374   0.887   0.271   0.212   0.922   0.325   0.408   0.808   0.425 1
  33.701  88.401  74.534  33.374  88.584  74.373  33.528  88.384  74.690
0.86  0.86  0.86 7
   0.408   0.808   0.425   0.212   0.922   0.325   0.301   0.812   0.500 1
  33.528  88.384  74.690  33.374  88.584  74.373  33.338  88.474  74.637
0.86  0.86  0.86 7
   0.301   0.812   0.500   0.212   0.922   0.325   0.156   0.869   0.470 1
  33.671  88.494  74.347  33.701  88.401  74.534  33.860  88.390  74.366
0.86  0.86  0.86 7
   0.374   0.887   0.271   0.408   0.808   0.425   0.516   0.804   0.295 1
  30.383  82.807  74.814  30.205  82.730  74.713  30.371  82.641  74.635
0.86  0.86  0.86 7
  -0.007  -0.778   0.628  -0.093  -0.780   0.618  -0.030  -0.750   0.661 1
  30.538  82.728  74.715  30.383  82.807  74.814  30.371  82.641  74.635
0.86  0.86  0.86 7
   0.092  -0.764   0.639  -0.007  -0.778   0.628  -0.030  -0.750   0.661 1
  29.377  83.094  74.861  29.213  83.093  74.697  29.395  82.983  74.655
0.86  0.86  0.86 7
  -0.277  -0.878   0.391  -0.320  -0.902   0.290  -0.422  -0.795   0.436 1
  29.395  82.983  74.655  29.699  82.884  74.719  29.689  83.017  74.910
0.86  0.86  0.86 7
  -0.422  -0.795   0.436  -0.320  -0.777   0.542  -0.299  -0.816   0.495 1
  29.395  82.983  74.655  29.689  83.017  74.910  29.377  83.094  74.861
0.86  0.86  0.86 7
  -0.422  -0.795   0.436  -0.299  -0.816   0.495  -0.277  -0.878   0.391 1
  29.699  82.884  74.719  30.011  82.813  74.771  30.054  82.955  75.006
0.86  0.86  0.86 7
  -0.320  -0.777   0.542  -0.236  -0.777   0.584  -0.168  -0.845   0.508 1
  29.699  82.884  74.719  30.054  82.955  75.006  29.860  83.046  75.052
0.86  0.86  0.86 7
  -0.320  -0.777   0.542  -0.168  -0.845   0.508  -0.276  -0.855   0.438 1
  29.699  82.884  74.719  29.860  83.046  75.052  29.689  83.017  74.910
0.86  0.86  0.86 7
  -0.320  -0.777   0.542  -0.276  -0.855   0.438  -0.299  -0.816   0.495 1
  30.011  82.813  74.771  30.205  82.730  74.713  30.054  82.955  75.006
0.86  0.86  0.86 7
  -0.236  -0.777   0.584  -0.093  -0.780   0.618  -0.168  -0.845   0.508 1
  30.377  82.946  75.014  30.054  82.955  75.006  30.205  82.730  74.713
0.86  0.86  0.86 7
   0.046  -0.845   0.533  -0.168  -0.845   0.508  -0.093  -0.780   0.618 1
  30.377  82.946  75.014  30.205  82.730  74.713  30.383  82.807  74.814
0.86  0.86  0.86 7
   0.046  -0.845   0.533  -0.093  -0.780   0.618  -0.007  -0.778   0.628 1
  30.538  82.728  74.715  30.731  82.827  74.780  30.681  82.977  74.991
0.86  0.86  0.86 7
   0.092  -0.764   0.639   0.261  -0.744   0.616   0.193  -0.810   0.553 1
  30.538  82.728  74.715  30.681  82.977  74.991  30.377  82.946  75.014
0.86  0.86  0.86 7
   0.092  -0.764   0.639   0.193  -0.810   0.553   0.046  -0.845   0.533 1
  30.538  82.728  74.715  30.377  82.946  75.014  30.383  82.807  74.814
0.86  0.86  0.86 7
   0.092  -0.764   0.639   0.046  -0.845   0.533  -0.007  -0.778   0.628 1
  30.731  82.827  74.780  31.042  82.902  74.708  31.051  83.054  74.883
0.86  0.86  0.86 7
   0.261  -0.744   0.616   0.378  -0.668   0.641   0.377  -0.760   0.530 1
  30.731  82.827  74.780  31.051  83.054  74.883  30.873  83.070  75.038
0.86  0.86  0.86 7
   0.261  -0.744   0.616   0.377  -0.760   0.530   0.308  -0.838   0.450 1
  30.731  82.827  74.780  30.873  83.070  75.038  30.681  82.977  74.991
0.86  0.86  0.86 7
   0.261  -0.744   0.616   0.308  -0.838   0.450   0.193  -0.810   0.553 1
  31.228  83.045  74.726  31.051  83.054  74.883  31.042  82.902  74.708
0.86  0.86  0.86 7
   0.461  -0.699   0.547   0.377  -0.760   0.530   0.378  -0.668   0.641 1
  28.230  83.466  74.720  28.429  83.373  74.741  28.208  83.414  75.037
0.86  0.86  0.86 7
  -0.464  -0.853  -0.238  -0.405  -0.903  -0.146  -0.475  -0.877  -0.074 1
  28.208  83.414  75.037  28.429  83.373  74.741  28.408  83.326  75.037
0.86  0.86  0.86 7
  -0.475  -0.877  -0.074  -0.405  -0.903  -0.146  -0.317  -0.947  -0.049 1
  28.429  83.373  74.741  28.706  83.246  74.703  28.705  83.260  75.036
0.86  0.86  0.86 7
  -0.405  -0.903  -0.146  -0.349  -0.936   0.050  -0.199  -0.980  -0.005 1
  28.429  83.373  74.741  28.705  83.260  75.036  28.408  83.326  75.037
0.86  0.86  0.86 7
  -0.405  -0.903  -0.146  -0.199  -0.980  -0.005  -0.317  -0.947  -0.049 1
  28.706  83.246  74.703  29.019  83.169  74.722  29.030  83.212  75.037
0.86  0.86  0.86 7
  -0.349  -0.936   0.050  -0.332  -0.920   0.207  -0.162  -0.975   0.152 1
  28.706  83.246  74.703  29.030  83.212  75.037  28.705  83.260  75.036
0.86  0.86  0.86 7
  -0.349  -0.936   0.050  -0.162  -0.975   0.152  -0.199  -0.980  -0.005 1
  29.019  83.169  74.722  29.213  83.093  74.697  29.030  83.212  75.037
0.86  0.86  0.86 7
  -0.332  -0.920   0.207  -0.320  -0.902   0.290  -0.162  -0.975   0.152 1
  29.353  83.163  75.055  29.030  83.212  75.037  29.213  83.093  74.697
0.86  0.86  0.86 7
  -0.164  -0.938   0.306  -0.162  -0.975   0.152  -0.320  -0.902   0.290 1
  29.353  83.163  75.055  29.213  83.093  74.697  29.377  83.094  74.861
0.86  0.86  0.86 7
  -0.164  -0.938   0.306  -0.320  -0.902   0.290  -0.277  -0.878   0.391 1
  29.353  83.163  75.055  29.377  83.094  74.861  29.677  83.129  75.092
0.86  0.86  0.86 7
  -0.164  -0.938   0.306  -0.277  -0.878   0.391  -0.231  -0.888   0.398 1
  29.677  83.129  75.092  29.377  83.094  74.861  29.689  83.017  74.910
0.86  0.86  0.86 7
  -0.231  -0.888   0.398  -0.277  -0.878   0.391  -0.299  -0.816   0.495 1
  29.860  83.046  75.052  29.677  83.129  75.092  29.689  83.017  74.910
0.86  0.86  0.86 7
  -0.276  -0.855   0.438  -0.231  -0.888   0.398  -0.299  -0.816   0.495 1
  31.077  83.172  75.067  30.873  83.070  75.038  31.051  83.054  74.883
0.86  0.86  0.86 7
   0.444  -0.793   0.417   0.308  -0.838   0.450   0.377  -0.760   0.530 1
  31.228  83.045  74.726  31.405  83.179  74.745  31.335  83.294  75.000
0.86  0.86  0.86 7
   0.461  -0.699   0.547   0.460  -0.691   0.558   0.521  -0.721   0.458 1
  31.228  83.045  74.726  31.335  83.294  75.000  31.077  83.172  75.067
0.86  0.86  0.86 7
   0.461  -0.699   0.547   0.521  -0.721   0.458   0.444  -0.793   0.417 1
  31.228  83.045  74.726  31.077  83.172  75.067  31.051  83.054  74.883
0.86  0.86  0.86 7
   0.461  -0.699   0.547   0.444  -0.793   0.417   0.377  -0.760   0.530 1
  31.405  83.179  74.745  31.687  83.262  74.681  31.667  83.436  74.832
0.86  0.86  0.86 7
   0.460  -0.691   0.558   0.369  -0.632   0.681   0.502  -0.602   0.621 1
  31.405  83.179  74.745  31.667  83.436  74.832  31.504  83.440  75.009
0.86  0.86  0.86 7
   0.460  -0.691   0.558   0.502  -0.602   0.621   0.611  -0.660   0.437 1
  31.405  83.179  74.745  31.504  83.440  75.009  31.335  83.294  75.000
0.86  0.86  0.86 7
   0.460  -0.691   0.558   0.611  -0.660   0.437   0.521  -0.721   0.458 1
  31.852  83.425  74.674  31.667  83.436  74.832  31.687  83.262  74.681
0.86  0.86  0.86 7
   0.536  -0.507   0.675   0.502  -0.602   0.621   0.369  -0.632   0.681 1
  27.872  83.740  74.703  28.048  83.587  74.707  27.829  83.697  75.037
0.86  0.86  0.86 7
  -0.695  -0.665  -0.274  -0.585  -0.770  -0.256  -0.706  -0.705  -0.072 1
  27.829  83.697  75.037  28.048  83.587  74.707  28.014  83.539  75.037
0.86  0.86  0.86 7
  -0.706  -0.705  -0.072  -0.585  -0.770  -0.256  -0.597  -0.799  -0.072 1
  28.048  83.587  74.707  28.230  83.466  74.720  28.014  83.539  75.037
0.86  0.86  0.86 7
  -0.585  -0.770  -0.256  -0.464  -0.853  -0.238  -0.597  -0.799  -0.072 1
  28.014  83.539  75.037  28.230  83.466  74.720  28.208  83.414  75.037
0.86  0.86  0.86 7
  -0.597  -0.799  -0.072  -0.464  -0.853  -0.238  -0.475  -0.877  -0.074 1
  31.667  83.611  75.006  31.504  83.440  75.009  31.667  83.436  74.832
0.86  0.86  0.86 7
   0.599  -0.593   0.537   0.611  -0.660   0.437   0.502  -0.602   0.621 1
  31.852  83.425  74.674  32.013  83.598  74.666  31.990  83.778  74.823
0.86  0.86  0.86 7
   0.536  -0.507   0.675   0.528  -0.461   0.713   0.610  -0.502   0.612 1
  31.852  83.425  74.674  31.990  83.778  74.823  31.829  83.782  75.004
0.86  0.86  0.86 7
   0.536  -0.507   0.675   0.610  -0.502   0.612   0.664  -0.532   0.527 1
  31.852  83.425  74.674  31.829  83.782  75.004  31.667  83.611  75.006
0.86  0.86  0.86 7
   0.536  -0.507   0.675   0.664  -0.532   0.527   0.599  -0.593   0.537 1
  31.852  83.425  74.674  31.667  83.611  75.006  31.667  83.436  74.832
0.86  0.86  0.86 7
   0.536  -0.507   0.675   0.599  -0.593   0.537   0.502  -0.602   0.621 1
  32.167  83.762  74.659  31.990  83.778  74.823  32.013  83.598  74.666
0.86  0.86  0.86 7
   0.551  -0.460   0.696   0.610  -0.502   0.612   0.528  -0.461   0.713 1
  27.598  84.099  74.720  27.719  83.916  74.707  27.547  84.078  75.037
0.86  0.86  0.86 7
  -0.868  -0.419  -0.266  -0.775  -0.570  -0.273  -0.887  -0.457  -0.067 1
  27.547  84.078  75.037  27.719  83.916  74.707  27.671  83.882  75.037
0.86  0.86  0.86 7
  -0.887  -0.457  -0.067  -0.775  -0.570  -0.273  -0.803  -0.591  -0.072 1
  27.719  83.916  74.707  27.872  83.740  74.703  27.671  83.882  75.037
0.86  0.86  0.86 7
  -0.775  -0.570  -0.273  -0.695  -0.665  -0.274  -0.803  -0.591  -0.072 1
  27.671  83.882  75.037  27.872  83.740  74.703  27.829  83.697  75.037
0.86  0.86  0.86 7
  -0.803  -0.591  -0.072  -0.695  -0.665  -0.274  -0.706  -0.705  -0.072 1
  31.829  83.782  75.004  31.990  83.778  74.823  31.955  84.029  75.094
0.86  0.86  0.86 7
   0.664  -0.532   0.527   0.610  -0.502   0.612   0.669  -0.464   0.581 1
  31.955  84.029  75.094  31.990  83.778  74.823  32.096  84.038  74.926
0.86  0.86  0.86 7
   0.669  -0.464   0.581   0.610  -0.502   0.612   0.605  -0.501   0.619 1
  32.167  83.762  74.659  32.331  83.947  74.645  32.317  84.123  74.791
0.86  0.86  0.86 7
   0.551  -0.460   0.696   0.455  -0.485   0.747   0.526  -0.526   0.669 1
  32.167  83.762  74.659  32.317  84.123  74.791  32.096  84.038  74.926
0.86  0.86  0.86 7
   0.551  -0.460   0.696   0.526  -0.526   0.669   0.605  -0.501   0.619 1
  32.167  83.762  74.659  32.096  84.038  74.926  31.990  83.778  74.823
0.86  0.86  0.86 7
   0.551  -0.460   0.696   0.605  -0.501   0.619   0.610  -0.502   0.612 1
  32.517  84.109  74.661  32.317  84.123  74.791  32.331  83.947  74.645
0.86  0.86  0.86 7
   0.429  -0.546   0.719   0.526  -0.526   0.669   0.455  -0.485   0.747 1
  27.487  84.394  74.691  27.598  84.099  74.720  27.425  84.378  75.036
0.86  0.86  0.86 7
  -0.925  -0.262  -0.276  -0.868  -0.419  -0.266  -0.959  -0.280  -0.037 1
  27.425  84.378  75.036  27.598  84.099  74.720  27.547  84.078  75.037
0.86  0.86  0.86 7
  -0.959  -0.280  -0.037  -0.868  -0.419  -0.266  -0.887  -0.457  -0.067 1
  32.083  84.205  75.072  31.955  84.029  75.094  32.096  84.038  74.926
0.86  0.86  0.86 7
   0.646  -0.499   0.578   0.669  -0.464   0.581   0.605  -0.501   0.619 1
  32.083  84.205  75.072  32.096  84.038  74.926  32.239  84.367  75.069
0.86  0.86  0.86 7
   0.646  -0.499   0.578   0.605  -0.501   0.619   0.518  -0.509   0.687 1
  32.239  84.367  75.069  32.096  84.038  74.926  32.405  84.358  74.919
0.86  0.86  0.86 7
   0.518  -0.509   0.687   0.605  -0.501   0.619   0.441  -0.623   0.646 1
  32.405  84.358  74.919  32.096  84.038  74.926  32.317  84.123  74.791
0.86  0.86  0.86 7
   0.441  -0.623   0.646   0.605  -0.501   0.619   0.526  -0.526   0.669 1
  32.517  84.109  74.661  32.686  84.263  74.680  32.691  84.433  74.847
0.86  0.86  0.86 7
   0.429  -0.546   0.719   0.458  -0.605   0.651   0.388  -0.663   0.641 1
  32.517  84.109  74.661  32.691  84.433  74.847  32.405  84.358  74.919
0.86  0.86  0.86 7
   0.429  -0.546   0.719   0.388  -0.663   0.641   0.441  -0.623   0.646 1
  32.517  84.109  74.661  32.405  84.358  74.919  32.317  84.123  74.791
0.86  0.86  0.86 7
   0.429  -0.546   0.719   0.441  -0.623   0.646   0.526  -0.526   0.669 1
  32.872  84.404  74.705  32.691  84.433  74.847  32.686  84.263  74.680
0.86  0.86  0.86 7
   0.397  -0.709   0.583   0.388  -0.663   0.641   0.458  -0.605   0.651 1
  27.380  84.574  75.037  27.362  84.739  75.036  27.383  84.740  74.871
0.86  0.86  0.86 7
  -0.982  -0.170  -0.087  -0.996  -0.056  -0.072  -0.980  -0.070  -0.186 1
  27.431  84.739  74.676  27.487  84.394  74.691  27.383  84.740  74.871
0.86  0.86  0.86 7
  -0.955  -0.021  -0.295  -0.925  -0.262  -0.276  -0.980  -0.070  -0.186 1
  27.383  84.740  74.871  27.487  84.394  74.691  27.380  84.574  75.037
0.86  0.86  0.86 7
  -0.980  -0.070  -0.186  -0.925  -0.262  -0.276  -0.982  -0.170  -0.087 1
  27.380  84.574  75.037  27.487  84.394  74.691  27.425  84.378  75.036
0.86  0.86  0.86 7
  -0.982  -0.170  -0.087  -0.925  -0.262  -0.276  -0.959  -0.280  -0.037 1
  32.412  84.504  75.085  32.239  84.367  75.069  32.405  84.358  74.919
0.86  0.86  0.86 7
   0.353  -0.651   0.672   0.518  -0.509   0.687   0.441  -0.623   0.646 1
  32.412  84.504  75.085  32.405  84.358  74.919  32.700  84.588  75.026
0.86  0.86  0.86 7
   0.353  -0.651   0.672   0.441  -0.623   0.646   0.309  -0.712   0.630 1
  32.700  84.588  75.026  32.405  84.358  74.919  32.691  84.433  74.847
0.86  0.86  0.86 7
   0.309  -0.712   0.630   0.441  -0.623   0.646   0.388  -0.663   0.641 1
  32.872  84.404  74.705  33.061  84.520  74.734  33.008  84.646  74.964
0.86  0.86  0.86 7
   0.397  -0.709   0.583   0.442  -0.750   0.492   0.358  -0.726   0.587 1
  32.872  84.404  74.705  33.008  84.646  74.964  32.700  84.588  75.026
0.86  0.86  0.86 7
   0.397  -0.709   0.583   0.358  -0.726   0.587   0.309  -0.712   0.630 1
  32.872  84.404  74.705  32.700  84.588  75.026  32.691  84.433  74.847
0.86  0.86  0.86 7
   0.397  -0.709   0.583   0.309  -0.712   0.630   0.388  -0.663   0.641 1
  33.061  84.520  74.734  33.327  84.640  74.659  33.345  84.773  74.837
0.86  0.86  0.86 7
   0.442  -0.750   0.492   0.568  -0.707   0.422   0.554  -0.654   0.515 1
  33.061  84.520  74.734  33.345  84.773  74.837  33.183  84.784  75.000
0.86  0.86  0.86 7
   0.442  -0.750   0.492   0.554  -0.654   0.515   0.471  -0.620   0.627 1
  33.061  84.520  74.734  33.183  84.784  75.000  33.008  84.646  74.964
0.86  0.86  0.86 7
   0.442  -0.750   0.492   0.471  -0.620   0.627   0.358  -0.726   0.587 1
  33.489  84.788  74.664  33.345  84.773  74.837  33.327  84.640  74.659
0.86  0.86  0.86 7
   0.662  -0.611   0.434   0.554  -0.654   0.515   0.568  -0.707   0.422 1
  27.362  84.739  75.036  27.362  84.907  75.037  27.383  84.740  74.871
0.86  0.86  0.86 7
  -0.996  -0.056  -0.072  -0.995   0.076  -0.059  -0.980  -0.070  -0.186 1
  27.450  85.095  74.681  27.431  84.739  74.676  27.388  85.106  75.020
0.86  0.86  0.86 7
  -0.944   0.161  -0.288  -0.955  -0.021  -0.295  -0.979   0.186  -0.084 1
  27.388  85.106  75.020  27.431  84.739  74.676  27.362  84.907  75.037
0.86  0.86  0.86 7
  -0.979   0.186  -0.084  -0.955  -0.021  -0.295  -0.995   0.076  -0.059 1
  27.362  84.907  75.037  27.431  84.739  74.676  27.383  84.740  74.871
0.86  0.86  0.86 7
  -0.995   0.076  -0.059  -0.955  -0.021  -0.295  -0.980  -0.070  -0.186 1
  33.346  84.938  75.005  33.183  84.784  75.000  33.345  84.773  74.837
0.86  0.86  0.86 7
   0.596  -0.537   0.596   0.471  -0.620   0.627   0.554  -0.654   0.515 1
  33.489  84.788  74.664  33.619  85.015  74.750  33.493  85.109  74.992
0.86  0.86  0.86 7
   0.662  -0.611   0.434   0.734  -0.480   0.481   0.659  -0.446   0.606 1
  33.489  84.788  74.664  33.493  85.109  74.992  33.346  84.938  75.005
0.86  0.86  0.86 7
   0.662  -0.611   0.434   0.659  -0.446   0.606   0.596  -0.537   0.596 1
  33.489  84.788  74.664  33.346  84.938  75.005  33.345  84.773  74.837
0.86  0.86  0.86 7
   0.662  -0.611   0.434   0.596  -0.537   0.596   0.554  -0.654   0.515 1
  27.533  85.409  74.702  27.450  85.095  74.681  27.479  85.436  75.037
0.86  0.86  0.86 7
  -0.894   0.366  -0.258  -0.944   0.161  -0.288  -0.927   0.367  -0.074 1
  27.479  85.436  75.037  27.450  85.095  74.681  27.388  85.106  75.020
0.86  0.86  0.86 7
  -0.927   0.367  -0.074  -0.944   0.161  -0.288  -0.979   0.186  -0.084 1
  33.619  85.015  74.750  33.749  85.220  74.729  33.726  85.400  74.885
0.86  0.86  0.86 7
   0.734  -0.480   0.481   0.813  -0.383   0.437   0.770  -0.285   0.571 1
  33.619  85.015  74.750  33.726  85.400  74.885  33.573  85.395  75.071
0.86  0.86  0.86 7
   0.734  -0.480   0.481   0.770  -0.285   0.571   0.706  -0.280   0.650 1
  33.619  85.015  74.750  33.573  85.395  75.071  33.493  85.109  74.992
0.86  0.86  0.86 7
   0.734  -0.480   0.481   0.706  -0.280   0.650   0.659  -0.446   0.606 1
  33.846  85.414  74.692  33.726  85.400  74.885  33.749  85.220  74.729
0.86  0.86  0.86 7
   0.863  -0.274   0.425   0.770  -0.285   0.571   0.813  -0.383   0.437 1
  27.643  85.617  74.686  27.533  85.409  74.702  27.683  85.758  74.867
0.86  0.86  0.86 7
  -0.818   0.483  -0.313  -0.894   0.366  -0.258  -0.816   0.550  -0.175 1
  27.683  85.758  74.867  27.533  85.409  74.702  27.614  85.689  75.037
0.86  0.86  0.86 7
  -0.816   0.550  -0.175  -0.894   0.366  -0.258  -0.844   0.533  -0.060 1
  27.614  85.689  75.037  27.533  85.409  74.702  27.479  85.436  75.037
0.86  0.86  0.86 7
  -0.844   0.533  -0.060  -0.894   0.366  -0.258  -0.927   0.367  -0.074 1
  27.683  85.758  74.867  27.780  85.805  74.677  27.643  85.617  74.686
0.86  0.86  0.86 7
  -0.816   0.550  -0.175  -0.723   0.633  -0.275  -0.818   0.483  -0.313 1
  33.573  85.395  75.071  33.726  85.400  74.885  33.618  85.739  75.116
0.86  0.86  0.86 7
   0.706  -0.280   0.650   0.770  -0.285   0.571   0.714  -0.121   0.690 1
  33.618  85.739  75.116  33.726  85.400  74.885  33.779  85.719  74.923
0.86  0.86  0.86 7
   0.714  -0.121   0.690   0.770  -0.285   0.571   0.813  -0.128   0.567 1
  33.846  85.414  74.692  33.903  85.732  74.719  33.779  85.719  74.923
0.86  0.86  0.86 7
   0.863  -0.274   0.425   0.841  -0.210   0.498   0.813  -0.128   0.567 1
  33.846  85.414  74.692  33.779  85.719  74.923  33.726  85.400  74.885
0.86  0.86  0.86 7
   0.863  -0.274   0.425   0.813  -0.128   0.567   0.770  -0.285   0.571 1
  27.614  85.689  75.037  27.743  85.868  75.037  27.683  85.758  74.867
0.86  0.86  0.86 7
  -0.844   0.533  -0.060  -0.745   0.664  -0.058  -0.816   0.550  -0.175 1
  27.958  85.987  74.676  27.780  85.805  74.677  28.019  86.095  74.867
0.86  0.86  0.86 7
  -0.628   0.707  -0.325  -0.723   0.633  -0.275  -0.610   0.772  -0.179 1
  28.019  86.095  74.867  27.780  85.805  74.677  27.910  86.035  75.037
0.86  0.86  0.86 7
  -0.610   0.772  -0.179  -0.723   0.633  -0.275  -0.655   0.753  -0.063 1
  27.910  86.035  75.037  27.780  85.805  74.677  27.743  85.868  75.037
0.86  0.86  0.86 7
  -0.655   0.753  -0.063  -0.723   0.633  -0.275  -0.745   0.664  -0.058 1
  27.743  85.868  75.037  27.780  85.805  74.677  27.683  85.758  74.867
0.86  0.86  0.86 7
  -0.745   0.664  -0.058  -0.723   0.633  -0.275  -0.816   0.550  -0.175 1
  28.019  86.095  74.867  28.159  86.137  74.685  27.958  85.987  74.676
0.86  0.86  0.86 7
  -0.610   0.772  -0.179  -0.498   0.821  -0.280  -0.628   0.707  -0.325 1
  33.703  85.907  75.035  33.618  85.739  75.116  33.779  85.719  74.923
0.86  0.86  0.86 7
   0.783  -0.113   0.611   0.714  -0.121   0.690   0.813  -0.128   0.567 1
  33.903  85.732  74.719  33.993  85.926  74.677  33.967  86.103  74.799
0.86  0.86  0.86 7
   0.841  -0.210   0.498   0.816  -0.336   0.470   0.705  -0.323   0.632 1
  33.903  85.732  74.719  33.967  86.103  74.799  33.808  86.097  74.974
0.86  0.86  0.86 7
   0.841  -0.210   0.498   0.705  -0.323   0.632   0.698  -0.239   0.675 1
  33.903  85.732  74.719  33.808  86.097  74.974  33.703  85.907  75.035
0.86  0.86  0.86 7
   0.841  -0.210   0.498   0.698  -0.239   0.675   0.783  -0.113   0.611 1
  33.903  85.732  74.719  33.703  85.907  75.035  33.779  85.719  74.923
0.86  0.86  0.86 7
   0.841  -0.210   0.498   0.783  -0.113   0.611   0.813  -0.128   0.567 1
  34.111  86.105  74.641  33.967  86.103  74.799  33.993  85.926  74.677
0.86  0.86  0.86 7
   0.785  -0.384   0.486   0.705  -0.323   0.632   0.816  -0.336   0.470 1
  27.910  86.035  75.037  28.087  86.166  75.037  28.019  86.095  74.867
0.86  0.86  0.86 7
  -0.655   0.753  -0.063  -0.512   0.857  -0.060  -0.610   0.772  -0.179 1
  28.367  86.248  74.701  28.159  86.137  74.685  28.340  86.302  75.037
0.86  0.86  0.86 7
  -0.369   0.891  -0.267  -0.498   0.821  -0.280  -0.402   0.913  -0.076 1
  28.087  86.166  75.037  28.340  86.302  75.037  28.159  86.137  74.685
0.86  0.86  0.86 7
  -0.512   0.857  -0.060  -0.402   0.913  -0.076  -0.498   0.821  -0.280 1
  28.087  86.166  75.037  28.159  86.137  74.685  28.019  86.095  74.867
0.86  0.86  0.86 7
  -0.512   0.857  -0.060  -0.498   0.821  -0.280  -0.610   0.772  -0.179 1
  28.671  86.340  74.681  28.367  86.248  74.701  28.707  86.399  74.871
0.86  0.86  0.86 7
  -0.321   0.895  -0.310  -0.369   0.891  -0.267  -0.330   0.927  -0.179 1
  28.707  86.399  74.871  28.367  86.248  74.701  28.547  86.371  75.037
0.86  0.86  0.86 7
  -0.330   0.927  -0.179  -0.369   0.891  -0.267  -0.333   0.938  -0.092 1
  28.547  86.371  75.037  28.367  86.248  74.701  28.340  86.302  75.037
0.86  0.86  0.86 7
  -0.333   0.938  -0.092  -0.369   0.891  -0.267  -0.402   0.913  -0.076 1
  28.707  86.399  74.871  28.862  86.425  74.699  28.671  86.340  74.681
0.86  0.86  0.86 7
  -0.330   0.927  -0.179  -0.441   0.866  -0.236  -0.321   0.895  -0.310 1
  33.808  86.097  74.974  33.967  86.103  74.799  33.877  86.403  75.043
0.86  0.86  0.86 7
   0.698  -0.239   0.675   0.705  -0.323   0.632   0.573  -0.329   0.751 1
  33.877  86.403  75.043  33.967  86.103  74.799  34.054  86.394  74.886
0.86  0.86  0.86 7
   0.573  -0.329   0.751   0.705  -0.323   0.632   0.659  -0.375   0.652 1
  34.111  86.105  74.641  34.213  86.401  74.709  34.054  86.394  74.886
0.86  0.86  0.86 7
   0.785  -0.384   0.486   0.753  -0.374   0.541   0.659  -0.375   0.652 1
  34.111  86.105  74.641  34.054  86.394  74.886  33.967  86.103  74.799
0.86  0.86  0.86 7
   0.785  -0.384   0.486   0.659  -0.375   0.652   0.705  -0.323   0.632 1
  28.547  86.371  75.037  28.761  86.443  75.037  28.707  86.399  74.871
0.86  0.86  0.86 7
  -0.333   0.938  -0.092  -0.407   0.907  -0.111  -0.330   0.927  -0.179 1
  29.055  86.551  74.710  28.862  86.425  74.699  29.024  86.592  75.037
0.86  0.86  0.86 7
  -0.612   0.770  -0.181  -0.441   0.866  -0.236  -0.577   0.809  -0.116 1
  28.761  86.443  75.037  29.024  86.592  75.037  28.862  86.425  74.699
0.86  0.86  0.86 7
  -0.407   0.907  -0.111  -0.577   0.809  -0.116  -0.441   0.866  -0.236 1
  28.761  86.443  75.037  28.862  86.425  74.699  28.707  86.399  74.871
0.86  0.86  0.86 7
  -0.407   0.907  -0.111  -0.441   0.866  -0.236  -0.330   0.927  -0.179 1
  29.233  86.713  74.712  29.055  86.551  74.710  29.201  86.743  75.037
0.86  0.86  0.86 7
  -0.707   0.690  -0.155  -0.612   0.770  -0.181  -0.701   0.705  -0.107 1
  29.201  86.743  75.037  29.055  86.551  74.710  29.024  86.592  75.037
0.86  0.86  0.86 7
  -0.701   0.705  -0.107  -0.612   0.770  -0.181  -0.577   0.809  -0.116 1
  34.023  86.582  75.018  33.877  86.403  75.043  34.054  86.394  74.886
0.86  0.86  0.86 7
   0.636  -0.325   0.700   0.573  -0.329   0.751   0.659  -0.375   0.652 1
  34.213  86.401  74.709  34.303  86.711  74.774  34.145  86.763  74.977
0.86  0.86  0.86 7
   0.753  -0.374   0.541   0.777  -0.229   0.586   0.688  -0.211   0.694 1
  34.213  86.401  74.709  34.145  86.763  74.977  34.023  86.582  75.018
0.86  0.86  0.86 7
   0.753  -0.374   0.541   0.688  -0.211   0.694   0.636  -0.325   0.700 1
  34.213  86.401  74.709  34.023  86.582  75.018  34.054  86.394  74.886
0.86  0.86  0.86 7
   0.753  -0.374   0.541   0.636  -0.325   0.700   0.659  -0.375   0.652 1
  29.385  86.893  74.703  29.233  86.713  74.712  29.360  86.918  75.033
0.86  0.86  0.86 7
  -0.756   0.638  -0.143  -0.707   0.690  -0.155  -0.767   0.630  -0.121 1
  29.360  86.918  75.033  29.233  86.713  74.712  29.201  86.743  75.037
0.86  0.86  0.86 7
  -0.767   0.630  -0.121  -0.707   0.690  -0.155  -0.701   0.705  -0.107 1
  29.539  87.072  74.703  29.385  86.893  74.703  29.511  87.093  75.029
0.86  0.86  0.86 7
  -0.791   0.592  -0.154  -0.756   0.638  -0.143  -0.815   0.555  -0.168 1
  29.511  87.093  75.029  29.385  86.893  74.703  29.360  86.918  75.033
0.86  0.86  0.86 7
  -0.815   0.555  -0.168  -0.756   0.638  -0.143  -0.767   0.630  -0.121 1
  34.303  86.711  74.774  34.389  86.904  74.713  34.319  87.073  74.833
0.86  0.86  0.86 7
   0.777  -0.229   0.586   0.850  -0.128   0.511   0.780  -0.017   0.625 1
  34.303  86.711  74.774  34.319  87.073  74.833  34.169  87.073  75.001
0.86  0.86  0.86 7
   0.777  -0.229   0.586   0.780  -0.017   0.625   0.705  -0.025   0.709 1
  34.303  86.711  74.774  34.169  87.073  75.001  34.145  86.763  74.977
0.86  0.86  0.86 7
   0.777  -0.229   0.586   0.705  -0.025   0.709   0.688  -0.211   0.694 1
  34.447  87.073  74.643  34.319  87.073  74.833  34.389  86.904  74.713
0.86  0.86  0.86 7
   0.871  -0.016   0.491   0.780  -0.017   0.625   0.850  -0.128   0.511 1
  29.686  87.258  74.697  29.539  87.072  74.703  29.726  87.388  74.881
0.86  0.86  0.86 7
  -0.765   0.620  -0.173  -0.791   0.592  -0.154  -0.795   0.539  -0.279 1
  29.726  87.388  74.881  29.539  87.072  74.703  29.650  87.358  75.068
0.86  0.86  0.86 7
  -0.795   0.539  -0.279  -0.791   0.592  -0.154  -0.853   0.462  -0.244 1
  29.650  87.358  75.068  29.539  87.072  74.703  29.511  87.093  75.029
0.86  0.86  0.86 7
  -0.853   0.462  -0.244  -0.791   0.592  -0.154  -0.815   0.555  -0.168 1
  29.726  87.388  74.881  29.835  87.432  74.693  29.686  87.258  74.697
0.86  0.86  0.86 7
  -0.795   0.539  -0.279  -0.745   0.607  -0.278  -0.765   0.620  -0.173 1
  34.169  87.073  75.001  34.319  87.073  74.833  34.154  87.386  74.985
0.86  0.86  0.86 7
   0.705  -0.025   0.709   0.780  -0.017   0.625   0.707   0.178   0.685 1
  34.154  87.386  74.985  34.319  87.073  74.833  34.303  87.395  74.813
0.86  0.86  0.86 7
   0.707   0.178   0.685   0.780  -0.017   0.625   0.789   0.150   0.596 1
  34.447  87.073  74.643  34.431  87.371  74.632  34.303  87.395  74.813
0.86  0.86  0.86 7
   0.871  -0.016   0.491   0.872   0.145   0.468   0.789   0.150   0.596 1
  34.447  87.073  74.643  34.303  87.395  74.813  34.319  87.073  74.833
0.86  0.86  0.86 7
   0.871  -0.016   0.491   0.789   0.150   0.596   0.780  -0.017   0.625 1
  29.650  87.358  75.068  29.741  87.542  75.055  29.726  87.388  74.881
0.86  0.86  0.86 7
  -0.853   0.462  -0.244  -0.811   0.493  -0.315  -0.795   0.539  -0.279 1
  30.002  87.627  74.670  29.835  87.432  74.693  30.020  87.755  74.861
0.86  0.86  0.86 7
  -0.609   0.715  -0.343  -0.745   0.607  -0.278  -0.613   0.664  -0.427 1
  30.020  87.755  74.861  29.835  87.432  74.693  29.884  87.731  75.045
0.86  0.86  0.86 7
  -0.613   0.664  -0.427  -0.745   0.607  -0.278  -0.708   0.611  -0.354 1
  29.884  87.731  75.045  29.835  87.432  74.693  29.741  87.542  75.055
0.86  0.86  0.86 7
  -0.708   0.611  -0.354  -0.745   0.607  -0.278  -0.811   0.493  -0.315 1
  29.741  87.542  75.055  29.835  87.432  74.693  29.726  87.388  74.881
0.86  0.86  0.86 7
  -0.811   0.493  -0.315  -0.745   0.607  -0.278  -0.795   0.539  -0.279 1
  30.020  87.755  74.861  30.192  87.758  74.691  30.002  87.627  74.670
0.86  0.86  0.86 7
  -0.613   0.664  -0.427  -0.504   0.735  -0.454  -0.609   0.715  -0.343 1
  33.886  87.754  75.059  34.034  87.570  75.032  34.069  87.765  74.901
0.86  0.86  0.86 7
   0.524   0.413   0.745   0.614   0.298   0.731   0.651   0.396   0.648 1
  34.343  87.561  74.687  34.231  87.757  74.721  34.069  87.765  74.901
0.86  0.86  0.86 7
   0.780   0.295   0.551   0.733   0.434   0.524   0.651   0.396   0.648 1
  34.343  87.561  74.687  34.069  87.765  74.901  34.034  87.570  75.032
0.86  0.86  0.86 7
   0.780   0.295   0.551   0.651   0.396   0.648   0.614   0.298   0.731 1
  34.343  87.561  74.687  34.034  87.570  75.032  34.154  87.386  74.985
0.86  0.86  0.86 7
   0.780   0.295   0.551   0.614   0.298   0.731   0.707   0.178   0.685 1
  34.343  87.561  74.687  34.154  87.386  74.985  34.303  87.395  74.813
0.86  0.86  0.86 7
   0.780   0.295   0.551   0.707   0.178   0.685   0.789   0.150   0.596 1
  34.343  87.561  74.687  34.303  87.395  74.813  34.431  87.371  74.632
0.86  0.86  0.86 7
   0.780   0.295   0.551   0.789   0.150   0.596   0.872   0.145   0.468 1
  29.884  87.731  75.045  30.045  87.899  75.042  30.020  87.755  74.861
0.86  0.86  0.86 7
  -0.708   0.611  -0.354  -0.594   0.703  -0.391  -0.613   0.664  -0.427 1
  30.375  87.900  74.707  30.192  87.758  74.691  30.391  88.044  74.890
0.86  0.86  0.86 7
  -0.396   0.772  -0.498  -0.504   0.735  -0.454  -0.388   0.771  -0.505 1
  30.391  88.044  74.890  30.192  87.758  74.691  30.224  88.044  75.056
0.86  0.86  0.86 7
  -0.388   0.771  -0.505  -0.504   0.735  -0.454  -0.507   0.767  -0.394 1
  30.224  88.044  75.056  30.192  87.758  74.691  30.045  87.899  75.042
0.86  0.86  0.86 7
  -0.507   0.767  -0.394  -0.504   0.735  -0.454  -0.594   0.703  -0.391 1
  30.045  87.899  75.042  30.192  87.758  74.691  30.020  87.755  74.861
0.86  0.86  0.86 7
  -0.594   0.703  -0.391  -0.504   0.735  -0.454  -0.613   0.664  -0.427 1
  30.684  87.978  74.652  30.375  87.900  74.707  30.691  88.119  74.837
0.86  0.86  0.86 7
  -0.236   0.826  -0.512  -0.396   0.772  -0.498  -0.224   0.809  -0.544 1
  30.691  88.119  74.837  30.375  87.900  74.707  30.391  88.044  74.890
0.86  0.86  0.86 7
  -0.224   0.809  -0.544  -0.396   0.772  -0.498  -0.388   0.771  -0.505 1
  30.691  88.119  74.837  30.873  88.062  74.712  30.684  87.978  74.652
0.86  0.86  0.86 7
  -0.224   0.809  -0.544  -0.128   0.847  -0.515  -0.236   0.826  -0.512 1
  33.537  88.071  75.035  33.720  87.922  75.060  33.731  88.106  74.903
0.86  0.86  0.86 7
   0.307   0.607   0.733   0.421   0.516   0.746   0.451   0.608   0.653 1
  34.084  87.945  74.741  33.910  88.120  74.742  33.731  88.106  74.903
0.86  0.86  0.86 7
   0.615   0.531   0.583   0.537   0.652   0.536   0.451   0.608   0.653 1
  34.084  87.945  74.741  33.731  88.106  74.903  33.720  87.922  75.060
0.86  0.86  0.86 7
   0.615   0.531   0.583   0.451   0.608   0.653   0.421   0.516   0.746 1
  34.084  87.945  74.741  33.720  87.922  75.060  33.886  87.754  75.059
0.86  0.86  0.86 7
   0.615   0.531   0.583   0.421   0.516   0.746   0.524   0.413   0.745 1
  34.084  87.945  74.741  33.886  87.754  75.059  34.069  87.765  74.901
0.86  0.86  0.86 7
   0.615   0.531   0.583   0.524   0.413   0.745   0.651   0.396   0.648 1
  34.084  87.945  74.741  34.069  87.765  74.901  34.231  87.757  74.721
0.86  0.86  0.86 7
   0.615   0.531   0.583   0.651   0.396   0.648   0.733   0.434   0.524 1
  30.224  88.044  75.056  30.395  88.155  75.073  30.391  88.044  74.890
0.86  0.86  0.86 7
  -0.507   0.767  -0.394  -0.366   0.854  -0.370  -0.388   0.771  -0.505 1
  30.391  88.044  74.890  30.395  88.155  75.073  30.705  88.236  75.038
0.86  0.86  0.86 7
  -0.388   0.771  -0.505  -0.366   0.854  -0.370  -0.173   0.889  -0.423 1
  30.391  88.044  74.890  30.705  88.236  75.038  30.691  88.119  74.837
0.86  0.86  0.86 7
  -0.388   0.771  -0.505  -0.173   0.889  -0.423  -0.224   0.809  -0.544 1
  31.038  88.123  74.781  30.873  88.062  74.712  31.038  88.265  75.024
0.86  0.86  0.86 7
  -0.089   0.877  -0.472  -0.128   0.847  -0.515  -0.023   0.915  -0.403 1
  30.705  88.236  75.038  31.038  88.265  75.024  30.873  88.062  74.712
0.86  0.86  0.86 7
  -0.173   0.889  -0.423  -0.023   0.915  -0.403  -0.128   0.847  -0.515 1
  30.705  88.236  75.038  30.873  88.062  74.712  30.691  88.119  74.837
0.86  0.86  0.86 7
  -0.173   0.889  -0.423  -0.128   0.847  -0.515  -0.224   0.809  -0.544 1
  31.396  88.162  74.755  31.038  88.123  74.781  31.371  88.260  75.031
0.86  0.86  0.86 7
  -0.179   0.911  -0.372  -0.089   0.877  -0.472   0.035   0.959  -0.281 1
  31.371  88.260  75.031  31.038  88.123  74.781  31.038  88.265  75.024
0.86  0.86  0.86 7
   0.035   0.959  -0.281  -0.089   0.877  -0.472  -0.023   0.915  -0.403 1
  31.705  88.224  74.703  31.396  88.162  74.755  31.705  88.253  75.036
0.86  0.86  0.86 7
  -0.194   0.966  -0.169  -0.179   0.911  -0.372   0.018   0.998  -0.066 1
  31.705  88.253  75.036  31.396  88.162  74.755  31.371  88.260  75.031
0.86  0.86  0.86 7
   0.018   0.998  -0.066  -0.179   0.911  -0.372   0.035   0.959  -0.281 1
  32.030  88.269  74.704  31.705  88.224  74.703  32.038  88.241  75.037
0.86  0.86  0.86 7
  -0.186   0.980   0.065  -0.194   0.966  -0.169   0.078   0.982   0.170 1
  32.038  88.241  75.037  31.705  88.224  74.703  31.705  88.253  75.036
0.86  0.86  0.86 7
   0.078   0.982   0.170  -0.194   0.966  -0.169   0.018   0.998  -0.066 1
  32.349  88.326  74.726  32.030  88.269  74.704  32.371  88.236  75.036
0.86  0.86  0.86 7
  -0.189   0.922   0.339  -0.186   0.980   0.065   0.040   0.926   0.374 1
  32.371  88.236  75.036  32.030  88.269  74.704  32.038  88.241  75.037
0.86  0.86  0.86 7
   0.040   0.926   0.374  -0.186   0.980   0.065   0.078   0.982   0.170 1
  32.541  88.387  74.692  32.349  88.326  74.726  32.704  88.349  74.829
0.86  0.86  0.86 7
  -0.236   0.887   0.396  -0.189   0.922   0.339  -0.128   0.814   0.567 1
  32.704  88.349  74.829  32.349  88.326  74.726  32.704  88.203  75.010
0.86  0.86  0.86 7
  -0.128   0.814   0.567  -0.189   0.922   0.339   0.014   0.831   0.556 1
  32.704  88.203  75.010  32.349  88.326  74.726  32.371  88.236  75.036
0.86  0.86  0.86 7
   0.014   0.831   0.556  -0.189   0.922   0.339   0.040   0.926   0.374 1
  32.704  88.349  74.829  32.704  88.203  75.010  33.038  88.212  75.009
0.86  0.86  0.86 7
  -0.128   0.814   0.567   0.014   0.831   0.556   0.039   0.727   0.685 1
  32.704  88.349  74.829  33.038  88.212  75.009  33.038  88.364  74.840
0.86  0.86  0.86 7
  -0.128   0.814   0.567   0.039   0.727   0.685   0.009   0.793   0.609 1
  33.038  88.364  74.840  33.038  88.212  75.009  33.353  88.193  74.990
0.86  0.86  0.86 7
   0.009   0.793   0.609   0.039   0.727   0.685   0.188   0.699   0.690 1
  33.038  88.364  74.840  33.353  88.193  74.990  33.361  88.345  74.819
0.86  0.86  0.86 7
   0.009   0.793   0.609   0.188   0.699   0.690   0.186   0.775   0.604 1
  33.724  88.269  74.723  33.528  88.384  74.690  33.361  88.345  74.819
0.86  0.86  0.86 7
   0.396   0.722   0.568   0.301   0.812   0.500   0.186   0.775   0.604 1
  33.724  88.269  74.723  33.361  88.345  74.819  33.353  88.193  74.990
0.86  0.86  0.86 7
   0.396   0.722   0.568   0.186   0.775   0.604   0.188   0.699   0.690 1
  33.724  88.269  74.723  33.353  88.193  74.990  33.537  88.071  75.035
0.86  0.86  0.86 7
   0.396   0.722   0.568   0.188   0.699   0.690   0.307   0.607   0.733 1
  33.724  88.269  74.723  33.537  88.071  75.035  33.731  88.106  74.903
0.86  0.86  0.86 7
   0.396   0.722   0.568   0.307   0.607   0.733   0.451   0.608   0.653 1
  33.724  88.269  74.723  33.731  88.106  74.903  33.910  88.120  74.742
0.86  0.86  0.86 7
   0.396   0.722   0.568   0.451   0.608   0.653   0.537   0.652   0.536 1
  32.704  88.349  74.829  32.739  88.469  74.634  32.541  88.387  74.692
0.86  0.86  0.86 7
  -0.128   0.814   0.567  -0.174   0.873   0.455  -0.236   0.887   0.396 1
  33.038  88.493  74.650  32.739  88.469  74.634  33.038  88.364  74.840
0.86  0.86  0.86 7
  -0.010   0.872   0.489  -0.174   0.873   0.455   0.009   0.793   0.609 1
  33.038  88.364  74.840  32.739  88.469  74.634  32.704  88.349  74.829
0.86  0.86  0.86 7
   0.009   0.793   0.609  -0.174   0.873   0.455  -0.128   0.814   0.567 1
  33.338  88.474  74.637  33.038  88.493  74.650  33.361  88.345  74.819
0.86  0.86  0.86 7
   0.156   0.869   0.470  -0.010   0.872   0.489   0.186   0.775   0.604 1
  33.361  88.345  74.819  33.038  88.493  74.650  33.038  88.364  74.840
0.86  0.86  0.86 7
   0.186   0.775   0.604  -0.010   0.872   0.489   0.009   0.793   0.609 1
  33.338  88.474  74.637  33.361  88.345  74.819  33.528  88.384  74.690
0.86  0.86  0.86 7
   0.156   0.869   0.470   0.186   0.775   0.604   0.301   0.812   0.500 1
  30.036  83.066  75.206  29.860  83.046  75.052  30.054  82.955  75.006
0.86  0.86  0.86 7
  -0.145  -0.900   0.411  -0.276  -0.855   0.438  -0.168  -0.845   0.508 1
  30.054  82.955  75.006  30.377  82.946  75.014  30.367  83.042  75.215
0.86  0.86  0.86 7
  -0.168  -0.845   0.508   0.046  -0.845   0.533   0.046  -0.909   0.415 1
  30.054  82.955  75.006  30.367  83.042  75.215  30.036  83.066  75.206
0.86  0.86  0.86 7
  -0.168  -0.845   0.508   0.046  -0.909   0.415  -0.145  -0.900   0.411 1
  30.377  82.946  75.014  30.681  82.977  74.991  30.699  83.092  75.195
0.86  0.86  0.86 7
   0.046  -0.845   0.533   0.193  -0.810   0.553   0.189  -0.890   0.414 1
  30.377  82.946  75.014  30.699  83.092  75.195  30.367  83.042  75.215
0.86  0.86  0.86 7
   0.046  -0.845   0.533   0.189  -0.890   0.414   0.046  -0.909   0.415 1
  30.873  83.070  75.038  30.699  83.092  75.195  30.681  82.977  74.991
0.86  0.86  0.86 7
   0.308  -0.838   0.450   0.189  -0.890   0.414   0.193  -0.810   0.553 1
  28.208  83.414  75.037  28.408  83.326  75.037  28.211  83.421  75.366
0.86  0.86  0.86 7
  -0.475  -0.877  -0.074  -0.317  -0.947  -0.049  -0.472  -0.868   0.151 1
  28.211  83.421  75.366  28.408  83.326  75.037  28.411  83.332  75.370
0.86  0.86  0.86 7
  -0.472  -0.868   0.151  -0.317  -0.947  -0.049  -0.301  -0.941   0.153 1
  28.408  83.326  75.037  28.705  83.260  75.036  28.708  83.255  75.366
0.86  0.86  0.86 7
  -0.317  -0.947  -0.049  -0.199  -0.980  -0.005  -0.122  -0.984   0.132 1
  28.408  83.326  75.037  28.708  83.255  75.366  28.411  83.332  75.370
0.86  0.86  0.86 7
  -0.317  -0.947  -0.049  -0.122  -0.984   0.132  -0.301  -0.941   0.153 1
  28.705  83.260  75.036  29.030  83.212  75.037  29.038  83.239  75.370
0.86  0.86  0.86 7
  -0.199  -0.980  -0.005  -0.162  -0.975   0.152   0.030  -0.969   0.246 1
  28.705  83.260  75.036  29.038  83.239  75.370  28.708  83.255  75.366
0.86  0.86  0.86 7
  -0.199  -0.980  -0.005   0.030  -0.969   0.246  -0.122  -0.984   0.132 1
  29.030  83.212  75.037  29.353  83.163  75.055  29.371  83.266  75.364
0.86  0.86  0.86 7
  -0.162  -0.975   0.152  -0.164  -0.938   0.306  -0.067  -0.934   0.351 1
  29.030  83.212  75.037  29.371  83.266  75.364  29.038  83.239  75.370
0.86  0.86  0.86 7
  -0.162  -0.975   0.152  -0.067  -0.934   0.351   0.030  -0.969   0.246 1
  29.353  83.163  75.055  29.677  83.129  75.092  29.702  83.227  75.373
0.86  0.86  0.86 7
  -0.164  -0.938   0.306  -0.231  -0.888   0.398  -0.205  -0.901   0.383 1
  29.353  83.163  75.055  29.702  83.227  75.373  29.371  83.266  75.364
0.86  0.86  0.86 7
  -0.164  -0.938   0.306  -0.205  -0.901   0.383  -0.067  -0.934   0.351 1
  29.677  83.129  75.092  29.860  83.046  75.052  29.702  83.227  75.373
0.86  0.86  0.86 7
  -0.231  -0.888   0.398  -0.276  -0.855   0.438  -0.205  -0.901   0.383 1
  30.016  83.152  75.414  29.702  83.227  75.373  29.860  83.046  75.052
0.86  0.86  0.86 7
  -0.155  -0.892   0.424  -0.205  -0.901   0.383  -0.276  -0.855   0.438 1
  30.016  83.152  75.414  29.860  83.046  75.052  30.036  83.066  75.206
0.86  0.86  0.86 7
  -0.155  -0.892   0.424  -0.276  -0.855   0.438  -0.145  -0.900   0.411 1
  30.016  83.152  75.414  30.036  83.066  75.206  30.371  83.131  75.424
0.86  0.86  0.86 7
  -0.155  -0.892   0.424  -0.145  -0.900   0.411   0.036  -0.901   0.432 1
  30.371  83.131  75.424  30.036  83.066  75.206  30.367  83.042  75.215
0.86  0.86  0.86 7
   0.036  -0.901   0.432  -0.145  -0.900   0.411   0.046  -0.909   0.415 1
  30.371  83.131  75.424  30.367  83.042  75.215  30.720  83.176  75.402
0.86  0.86  0.86 7
   0.036  -0.901   0.432   0.046  -0.909   0.415   0.243  -0.873   0.422 1
  30.720  83.176  75.402  30.367  83.042  75.215  30.699  83.092  75.195
0.86  0.86  0.86 7
   0.243  -0.873   0.422   0.046  -0.909   0.415   0.189  -0.890   0.414 1
  30.873  83.070  75.038  31.077  83.172  75.067  31.025  83.270  75.361
0.86  0.86  0.86 7
   0.308  -0.838   0.450   0.444  -0.793   0.417   0.401  -0.824   0.400 1
  30.873  83.070  75.038  31.025  83.270  75.361  30.720  83.176  75.402
0.86  0.86  0.86 7
   0.308  -0.838   0.450   0.401  -0.824   0.400   0.243  -0.873   0.422 1
  30.873  83.070  75.038  30.720  83.176  75.402  30.699  83.092  75.195
0.86  0.86  0.86 7
   0.308  -0.838   0.450   0.243  -0.873   0.422   0.189  -0.890   0.414 1
  31.077  83.172  75.067  31.335  83.294  75.000  31.356  83.425  75.194
0.86  0.86  0.86 7
   0.444  -0.793   0.417   0.521  -0.721   0.458   0.551  -0.742   0.382 1
  31.077  83.172  75.067  31.356  83.425  75.194  31.214  83.396  75.375
0.86  0.86  0.86 7
   0.444  -0.793   0.417   0.551  -0.742   0.382   0.542  -0.724   0.427 1
  31.077  83.172  75.067  31.214  83.396  75.375  31.025  83.270  75.361
0.86  0.86  0.86 7
   0.444  -0.793   0.417   0.542  -0.724   0.427   0.401  -0.824   0.400 1
  31.504  83.440  75.009  31.356  83.425  75.194  31.335  83.294  75.000
0.86  0.86  0.86 7
   0.611  -0.660   0.437   0.551  -0.742   0.382   0.521  -0.721   0.458 1
  27.829  83.697  75.037  28.014  83.539  75.037  27.837  83.706  75.381
0.86  0.86  0.86 7
  -0.706  -0.705  -0.072  -0.597  -0.799  -0.072  -0.701  -0.700   0.139 1
  27.837  83.706  75.381  28.014  83.539  75.037  28.020  83.548  75.377
0.86  0.86  0.86 7
  -0.701  -0.700   0.139  -0.597  -0.799  -0.072  -0.594  -0.792   0.136 1
  28.014  83.539  75.037  28.208  83.414  75.037  28.020  83.548  75.377
0.86  0.86  0.86 7
  -0.597  -0.799  -0.072  -0.475  -0.877  -0.074  -0.594  -0.792   0.136 1
  28.020  83.548  75.377  28.208  83.414  75.037  28.211  83.421  75.366
0.86  0.86  0.86 7
  -0.594  -0.792   0.136  -0.475  -0.877  -0.074  -0.472  -0.868   0.151 1
  31.399  83.550  75.384  31.214  83.396  75.375  31.356  83.425  75.194
0.86  0.86  0.86 7
   0.608  -0.681   0.407   0.542  -0.724   0.427   0.551  -0.742   0.382 1
  31.504  83.440  75.009  31.667  83.611  75.006  31.682  83.755  75.188
0.86  0.86  0.86 7
   0.611  -0.660   0.437   0.599  -0.593   0.537   0.695  -0.584   0.420 1
  31.504  83.440  75.009  31.682  83.755  75.188  31.561  83.726  75.380
0.86  0.86  0.86 7
   0.611  -0.660   0.437   0.695  -0.584   0.420   0.722  -0.522   0.455 1
  31.504  83.440  75.009  31.561  83.726  75.380  31.399  83.550  75.384
0.86  0.86  0.86 7
   0.611  -0.660   0.437   0.722  -0.522   0.455   0.608  -0.681   0.407 1
  31.504  83.440  75.009  31.399  83.550  75.384  31.356  83.425  75.194
0.86  0.86  0.86 7
   0.611  -0.660   0.437   0.608  -0.681   0.407   0.551  -0.742   0.382 1
  31.829  83.782  75.004  31.682  83.755  75.188  31.667  83.611  75.006
0.86  0.86  0.86 7
   0.664  -0.532   0.527   0.695  -0.584   0.420   0.599  -0.593   0.537 1
  27.547  84.078  75.037  27.671  83.882  75.037  27.558  84.084  75.367
0.86  0.86  0.86 7
  -0.887  -0.457  -0.067  -0.803  -0.591  -0.072  -0.883  -0.450   0.134 1
  27.558  84.084  75.367  27.671  83.882  75.037  27.680  83.888  75.377
0.86  0.86  0.86 7
  -0.883  -0.450   0.134  -0.803  -0.591  -0.072  -0.797  -0.588   0.135 1
  27.671  83.882  75.037  27.829  83.697  75.037  27.680  83.888  75.377
0.86  0.86  0.86 7
  -0.803  -0.591  -0.072  -0.706  -0.705  -0.072  -0.797  -0.588   0.135 1
  27.680  83.888  75.377  27.829  83.697  75.037  27.837  83.706  75.381
0.86  0.86  0.86 7
  -0.797  -0.588   0.135  -0.706  -0.705  -0.072  -0.701  -0.700   0.139 1
  31.693  83.911  75.363  31.561  83.726  75.380  31.682  83.755  75.188
0.86  0.86  0.86 7
   0.745  -0.478   0.465   0.722  -0.522   0.455   0.695  -0.584   0.420 1
  31.829  83.782  75.004  31.955  84.029  75.094  31.818  84.109  75.334
0.86  0.86  0.86 7
   0.664  -0.532   0.527   0.669  -0.464   0.581   0.755  -0.338   0.561 1
  31.829  83.782  75.004  31.818  84.109  75.334  31.693  83.911  75.363
0.86  0.86  0.86 7
   0.664  -0.532   0.527   0.755  -0.338   0.561   0.745  -0.478   0.465 1
  31.829  83.782  75.004  31.693  83.911  75.363  31.682  83.755  75.188
0.86  0.86  0.86 7
   0.664  -0.532   0.527   0.745  -0.478   0.465   0.695  -0.584   0.420 1
  27.425  84.378  75.036  27.547  84.078  75.037  27.439  84.381  75.395
0.86  0.86  0.86 7
  -0.959  -0.280  -0.037  -0.887  -0.457  -0.067  -0.951  -0.273   0.146 1
  27.439  84.381  75.395  27.547  84.078  75.037  27.558  84.084  75.367
0.86  0.86  0.86 7
  -0.951  -0.273   0.146  -0.887  -0.457  -0.067  -0.883  -0.450   0.134 1
  31.955  84.029  75.094  32.083  84.205  75.072  32.070  84.392  75.265
0.86  0.86  0.86 7
   0.669  -0.464   0.581   0.646  -0.499   0.578   0.620  -0.389   0.682 1
  31.955  84.029  75.094  32.070  84.392  75.265  31.882  84.403  75.384
0.86  0.86  0.86 7
   0.669  -0.464   0.581   0.620  -0.389   0.682   0.614  -0.339   0.713 1
  31.955  84.029  75.094  31.882  84.403  75.384  31.818  84.109  75.334
0.86  0.86  0.86 7
   0.669  -0.464   0.581   0.614  -0.339   0.713   0.755  -0.338   0.561 1
  32.239  84.367  75.069  32.070  84.392  75.265  32.083  84.205  75.072
0.86  0.86  0.86 7
   0.518  -0.509   0.687   0.620  -0.389   0.682   0.646  -0.499   0.578 1
  27.359  84.740  75.205  27.362  84.739  75.036  27.380  84.574  75.037
0.86  0.86  0.86 7
  -0.995  -0.089   0.053  -0.996  -0.056  -0.072  -0.982  -0.170  -0.087 1
  27.380  84.574  75.037  27.425  84.378  75.036  27.359  84.740  75.205
0.86  0.86  0.86 7
  -0.982  -0.170  -0.087  -0.959  -0.280  -0.037  -0.995  -0.089   0.053 1
  27.359  84.740  75.205  27.425  84.378  75.036  27.380  84.740  75.402
0.86  0.86  0.86 7
  -0.995  -0.089   0.053  -0.959  -0.280  -0.037  -0.987  -0.037   0.156 1
  27.380  84.740  75.402  27.425  84.378  75.036  27.439  84.381  75.395
0.86  0.86  0.86 7
  -0.987  -0.037   0.156  -0.959  -0.280  -0.037  -0.951  -0.273   0.146 1
  32.026  84.582  75.349  31.882  84.403  75.384  32.070  84.392  75.265
0.86  0.86  0.86 7
   0.569  -0.330   0.753   0.614  -0.339   0.713   0.620  -0.389   0.682 1
  32.239  84.367  75.069  32.412  84.504  75.085  32.385  84.712  75.259
0.86  0.86  0.86 7
   0.518  -0.509   0.687   0.353  -0.651   0.672   0.255  -0.554   0.792 1
  32.239  84.367  75.069  32.385  84.712  75.259  32.194  84.753  75.346
0.86  0.86  0.86 7
   0.518  -0.509   0.687   0.255  -0.554   0.792   0.363  -0.489   0.793 1
  32.239  84.367  75.069  32.194  84.753  75.346  32.026  84.582  75.349
0.86  0.86  0.86 7
   0.518  -0.509   0.687   0.363  -0.489   0.793   0.569  -0.330   0.753 1
  32.239  84.367  75.069  32.026  84.582  75.349  32.070  84.392  75.265
0.86  0.86  0.86 7
   0.518  -0.509   0.687   0.569  -0.330   0.753   0.620  -0.389   0.682 1
  32.412  84.504  75.085  32.700  84.588  75.026  32.701  84.750  75.193
0.86  0.86  0.86 7
   0.353  -0.651   0.672   0.309  -0.712   0.630   0.277  -0.613   0.740 1
  32.412  84.504  75.085  32.701  84.750  75.193  32.385  84.712  75.259
0.86  0.86  0.86 7
   0.353  -0.651   0.672   0.277  -0.613   0.740   0.255  -0.554   0.792 1
  32.700  84.588  75.026  33.008  84.646  74.964  33.009  84.811  75.132
0.86  0.86  0.86 7
   0.309  -0.712   0.630   0.358  -0.726   0.587   0.331  -0.630   0.703 1
  32.700  84.588  75.026  33.009  84.811  75.132  32.701  84.750  75.193
0.86  0.86  0.86 7
   0.309  -0.712   0.630   0.331  -0.630   0.703   0.277  -0.613   0.740 1
  33.183  84.784  75.000  33.009  84.811  75.132  33.008  84.646  74.964
0.86  0.86  0.86 7
   0.471  -0.620   0.627   0.331  -0.630   0.703   0.358  -0.726   0.587 1
  27.359  84.740  75.205  27.362  84.907  75.037  27.362  84.739  75.036
0.86  0.86  0.86 7
  -0.995  -0.089   0.053  -0.995   0.076  -0.059  -0.996  -0.056  -0.072 1
  27.388  85.106  75.020  27.362  84.907  75.037  27.399  85.104  75.385
0.86  0.86  0.86 7
  -0.979   0.186  -0.084  -0.995   0.076  -0.059  -0.973   0.177   0.148 1
  27.380  84.740  75.402  27.399  85.104  75.385  27.362  84.907  75.037
0.86  0.86  0.86 7
  -0.987  -0.037   0.156  -0.973   0.177   0.148  -0.995   0.076  -0.059 1
  27.380  84.740  75.402  27.362  84.907  75.037  27.359  84.740  75.205
0.86  0.86  0.86 7
  -0.987  -0.037   0.156  -0.995   0.076  -0.059  -0.995  -0.089   0.053 1
  32.373  84.902  75.376  32.194  84.753  75.346  32.385  84.712  75.259
0.86  0.86  0.86 7
   0.203  -0.506   0.838   0.363  -0.489   0.793   0.255  -0.554   0.792 1
  32.373  84.902  75.376  32.385  84.712  75.259  32.695  84.931  75.335
0.86  0.86  0.86 7
   0.203  -0.506   0.838   0.255  -0.554   0.792   0.214  -0.543   0.812 1
  32.695  84.931  75.335  32.385  84.712  75.259  32.701  84.750  75.193
0.86  0.86  0.86 7
   0.214  -0.543   0.812   0.255  -0.554   0.792   0.277  -0.613   0.740 1
  32.695  84.931  75.335  32.701  84.750  75.193  32.872  85.072  75.372
0.86  0.86  0.86 7
   0.214  -0.543   0.812   0.277  -0.613   0.740   0.291  -0.461   0.838 1
  32.872  85.072  75.372  32.701  84.750  75.193  33.066  85.036  75.268
0.86  0.86  0.86 7
   0.291  -0.461   0.838   0.277  -0.613   0.740   0.422  -0.480   0.769 1
  33.066  85.036  75.268  32.701  84.750  75.193  33.009  84.811  75.132
0.86  0.86  0.86 7
   0.422  -0.480   0.769   0.277  -0.613   0.740   0.331  -0.630   0.703 1
  33.183  84.784  75.000  33.346  84.938  75.005  33.332  85.112  75.145
0.86  0.86  0.86 7
   0.471  -0.620   0.627   0.596  -0.537   0.596   0.538  -0.453   0.711 1
  33.183  84.784  75.000  33.332  85.112  75.145  33.066  85.036  75.268
0.86  0.86  0.86 7
   0.471  -0.620   0.627   0.538  -0.453   0.711   0.422  -0.480   0.769 1
  33.183  84.784  75.000  33.066  85.036  75.268  33.009  84.811  75.132
0.86  0.86  0.86 7
   0.471  -0.620   0.627   0.422  -0.480   0.769   0.331  -0.630   0.703 1
  33.493  85.109  74.992  33.332  85.112  75.145  33.346  84.938  75.005
0.86  0.86  0.86 7
   0.659  -0.446   0.606   0.538  -0.453   0.711   0.596  -0.537   0.596 1
  27.479  85.436  75.037  27.388  85.106  75.020  27.491  85.430  75.382
0.86  0.86  0.86 7
  -0.927   0.367  -0.074  -0.979   0.186  -0.084  -0.915   0.372   0.155 1
  27.491  85.430  75.382  27.388  85.106  75.020  27.399  85.104  75.385
0.86  0.86  0.86 7
  -0.915   0.372   0.155  -0.979   0.186  -0.084  -0.973   0.177   0.148 1
  33.046  85.234  75.384  32.872  85.072  75.372  33.066  85.036  75.268
0.86  0.86  0.86 7
   0.382  -0.375   0.845   0.291  -0.461   0.838   0.422  -0.480   0.769 1
  33.046  85.234  75.384  33.066  85.036  75.268  33.205  85.406  75.370
0.86  0.86  0.86 7
   0.382  -0.375   0.845   0.422  -0.480   0.769   0.479  -0.273   0.834 1
  33.205  85.406  75.370  33.066  85.036  75.268  33.394  85.397  75.236
0.86  0.86  0.86 7
   0.479  -0.273   0.834   0.422  -0.480   0.769   0.582  -0.290   0.759 1
  33.394  85.397  75.236  33.066  85.036  75.268  33.332  85.112  75.145
0.86  0.86  0.86 7
   0.582  -0.290   0.759   0.422  -0.480   0.769   0.538  -0.453   0.711 1
  33.493  85.109  74.992  33.573  85.395  75.071  33.394  85.397  75.236
0.86  0.86  0.86 7
   0.659  -0.446   0.606   0.706  -0.280   0.650   0.582  -0.290   0.759 1
  33.493  85.109  74.992  33.394  85.397  75.236  33.332  85.112  75.145
0.86  0.86  0.86 7
   0.659  -0.446   0.606   0.582  -0.290   0.759   0.538  -0.453   0.711 1
  27.614  85.689  75.037  27.479  85.436  75.037  27.619  85.686  75.369
0.86  0.86  0.86 7
  -0.844   0.533  -0.060  -0.927   0.367  -0.074  -0.847   0.523   0.097 1
  27.619  85.686  75.369  27.479  85.436  75.037  27.491  85.430  75.382
0.86  0.86  0.86 7
  -0.847   0.523   0.097  -0.927   0.367  -0.074  -0.915   0.372   0.155 1
  33.205  85.406  75.370  33.394  85.397  75.236  33.231  85.740  75.423
0.86  0.86  0.86 7
   0.479  -0.273   0.834   0.582  -0.290   0.759   0.516  -0.091   0.852 1
  33.231  85.740  75.423  33.394  85.397  75.236  33.431  85.739  75.287
0.86  0.86  0.86 7
   0.516  -0.091   0.852   0.582  -0.290   0.759   0.618  -0.085   0.782 1
  33.573  85.395  75.071  33.618  85.739  75.116  33.431  85.739  75.287
0.86  0.86  0.86 7
   0.706  -0.280   0.650   0.714  -0.121   0.690   0.618  -0.085   0.782 1
  33.573  85.395  75.071  33.431  85.739  75.287  33.394  85.397  75.236
0.86  0.86  0.86 7
   0.706  -0.280   0.650   0.618  -0.085   0.782   0.582  -0.290   0.759 1
  27.743  85.868  75.037  27.614  85.689  75.037  27.757  85.862  75.361
0.86  0.86  0.86 7
  -0.745   0.664  -0.058  -0.844   0.533  -0.060  -0.733   0.662   0.155 1
  27.757  85.862  75.361  27.614  85.689  75.037  27.619  85.686  75.369
0.86  0.86  0.86 7
  -0.733   0.662   0.155  -0.844   0.533  -0.060  -0.847   0.523   0.097 1
  27.910  86.035  75.037  27.743  85.868  75.037  27.915  86.021  75.361
0.86  0.86  0.86 7
  -0.655   0.753  -0.063  -0.745   0.664  -0.058  -0.673   0.732   0.103 1
  27.915  86.021  75.361  27.743  85.868  75.037  27.757  85.862  75.361
0.86  0.86  0.86 7
  -0.673   0.732   0.103  -0.745   0.664  -0.058  -0.733   0.662   0.155 1
  33.231  85.740  75.423  33.431  85.739  75.287  33.229  86.073  75.419
0.86  0.86  0.86 7
   0.516  -0.091   0.852   0.618  -0.085   0.782   0.541   0.012   0.841 1
  33.229  86.073  75.419  33.431  85.739  75.287  33.429  86.073  75.283
0.86  0.86  0.86 7
   0.541   0.012   0.841   0.618  -0.085   0.782   0.550  -0.061   0.833 1
  33.618  85.739  75.116  33.703  85.907  75.035  33.657  86.076  75.130
0.86  0.86  0.86 7
   0.714  -0.121   0.690   0.783  -0.113   0.611   0.675  -0.142   0.724 1
  33.618  85.739  75.116  33.657  86.076  75.130  33.429  86.073  75.283
0.86  0.86  0.86 7
   0.714  -0.121   0.690   0.675  -0.142   0.724   0.550  -0.061   0.833 1
  33.618  85.739  75.116  33.429  86.073  75.283  33.431  85.739  75.287
0.86  0.86  0.86 7
   0.714  -0.121   0.690   0.550  -0.061   0.833   0.618  -0.085   0.782 1
  33.808  86.097  74.974  33.657  86.076  75.130  33.703  85.907  75.035
0.86  0.86  0.86 7
   0.698  -0.239   0.675   0.675  -0.142   0.724   0.783  -0.113   0.611 1
  28.087  86.166  75.037  27.910  86.035  75.037  28.091  86.161  75.369
0.86  0.86  0.86 7
  -0.512   0.857  -0.060  -0.655   0.753  -0.063  -0.527   0.839   0.138 1
  28.091  86.161  75.369  27.910  86.035  75.037  27.915  86.021  75.361
0.86  0.86  0.86 7
  -0.527   0.839   0.138  -0.655   0.753  -0.063  -0.673   0.732   0.103 1
  28.340  86.302  75.037  28.087  86.166  75.037  28.346  86.291  75.383
0.86  0.86  0.86 7
  -0.402   0.913  -0.076  -0.512   0.857  -0.060  -0.414   0.898   0.148 1
  28.346  86.291  75.383  28.087  86.166  75.037  28.091  86.161  75.369
0.86  0.86  0.86 7
  -0.414   0.898   0.148  -0.512   0.857  -0.060  -0.527   0.839   0.138 1
  28.547  86.371  75.037  28.340  86.302  75.037  28.552  86.374  75.361
0.86  0.86  0.86 7
  -0.333   0.938  -0.092  -0.402   0.913  -0.076  -0.371   0.927   0.061 1
  28.552  86.374  75.361  28.340  86.302  75.037  28.346  86.291  75.383
0.86  0.86  0.86 7
  -0.371   0.927   0.061  -0.402   0.913  -0.076  -0.414   0.898   0.148 1
  33.229  86.073  75.419  33.429  86.073  75.283  33.227  86.407  75.415
0.86  0.86  0.86 7
   0.541   0.012   0.841   0.550  -0.061   0.833   0.489  -0.077   0.869 1
  33.227  86.407  75.415  33.429  86.073  75.283  33.448  86.378  75.310
0.86  0.86  0.86 7
   0.489  -0.077   0.869   0.550  -0.061   0.833   0.418  -0.149   0.896 1
  33.448  86.378  75.310  33.429  86.073  75.283  33.686  86.416  75.175
0.86  0.86  0.86 7
   0.418  -0.149   0.896   0.550  -0.061   0.833   0.561  -0.215   0.799 1
  33.686  86.416  75.175  33.429  86.073  75.283  33.657  86.076  75.130
0.86  0.86  0.86 7
   0.561  -0.215   0.799   0.550  -0.061   0.833   0.675  -0.142   0.724 1
  33.808  86.097  74.974  33.877  86.403  75.043  33.686  86.416  75.175
0.86  0.86  0.86 7
   0.698  -0.239   0.675   0.573  -0.329   0.751   0.561  -0.215   0.799 1
  33.808  86.097  74.974  33.686  86.416  75.175  33.657  86.076  75.130
0.86  0.86  0.86 7
   0.698  -0.239   0.675   0.561  -0.215   0.799   0.675  -0.142   0.724 1
  28.761  86.443  75.037  28.547  86.371  75.037  28.753  86.462  75.370
0.86  0.86  0.86 7
  -0.407   0.907  -0.111  -0.333   0.938  -0.092  -0.454   0.889   0.069 1
  28.753  86.462  75.370  28.547  86.371  75.037  28.552  86.374  75.361
0.86  0.86  0.86 7
  -0.454   0.889   0.069  -0.333   0.938  -0.092  -0.371   0.927   0.061 1
  29.024  86.592  75.037  28.761  86.443  75.037  29.012  86.609  75.370
0.86  0.86  0.86 7
  -0.577   0.809  -0.116  -0.407   0.907  -0.111  -0.595   0.803  -0.022 1
  29.012  86.609  75.370  28.761  86.443  75.037  28.753  86.462  75.370
0.86  0.86  0.86 7
  -0.595   0.803  -0.022  -0.407   0.907  -0.111  -0.454   0.889   0.069 1
  29.201  86.743  75.037  29.024  86.592  75.037  29.186  86.758  75.370
0.86  0.86  0.86 7
  -0.701   0.705  -0.107  -0.577   0.809  -0.116  -0.709   0.702  -0.058 1
  29.186  86.758  75.370  29.024  86.592  75.037  29.012  86.609  75.370
0.86  0.86  0.86 7
  -0.709   0.702  -0.058  -0.577   0.809  -0.116  -0.595   0.803  -0.022 1
  33.368  86.574  75.362  33.227  86.407  75.415  33.448  86.378  75.310
0.86  0.86  0.86 7
   0.376  -0.141   0.916   0.489  -0.077   0.869   0.418  -0.149   0.896 1
  33.368  86.574  75.362  33.448  86.378  75.310  33.531  86.746  75.343
0.86  0.86  0.86 7
   0.376  -0.141   0.916   0.418  -0.149   0.896   0.334  -0.144   0.931 1
  33.531  86.746  75.343  33.448  86.378  75.310  33.731  86.726  75.256
0.86  0.86  0.86 7
   0.334  -0.144   0.931   0.418  -0.149   0.896   0.463  -0.193   0.865 1
  33.731  86.726  75.256  33.448  86.378  75.310  33.686  86.416  75.175
0.86  0.86  0.86 7
   0.463  -0.193   0.865   0.418  -0.149   0.896   0.561  -0.215   0.799 1
  33.877  86.403  75.043  34.023  86.582  75.018  33.981  86.768  75.118
0.86  0.86  0.86 7
   0.573  -0.329   0.751   0.636  -0.325   0.700   0.562  -0.221   0.797 1
  33.877  86.403  75.043  33.981  86.768  75.118  33.731  86.726  75.256
0.86  0.86  0.86 7
   0.573  -0.329   0.751   0.562  -0.221   0.797   0.463  -0.193   0.865 1
  33.877  86.403  75.043  33.731  86.726  75.256  33.686  86.416  75.175
0.86  0.86  0.86 7
   0.573  -0.329   0.751   0.463  -0.193   0.865   0.561  -0.215   0.799 1
  34.145  86.763  74.977  33.981  86.768  75.118  34.023  86.582  75.018
0.86  0.86  0.86 7
   0.688  -0.211   0.694   0.562  -0.221   0.797   0.636  -0.325   0.700 1
  29.360  86.918  75.033  29.201  86.743  75.037  29.333  86.933  75.370
0.86  0.86  0.86 7
  -0.767   0.630  -0.121  -0.701   0.705  -0.107  -0.809   0.583  -0.068 1
  29.333  86.933  75.370  29.201  86.743  75.037  29.186  86.758  75.370
0.86  0.86  0.86 7
  -0.809   0.583  -0.068  -0.701   0.705  -0.107  -0.709   0.702  -0.058 1
  29.511  87.093  75.029  29.360  86.918  75.033  29.445  87.120  75.370
0.86  0.86  0.86 7
  -0.815   0.555  -0.168  -0.767   0.630  -0.121  -0.871   0.477  -0.120 1
  29.445  87.120  75.370  29.360  86.918  75.033  29.333  86.933  75.370
0.86  0.86  0.86 7
  -0.871   0.477  -0.120  -0.767   0.630  -0.121  -0.809   0.583  -0.068 1
  33.531  86.746  75.343  33.731  86.726  75.256  33.541  87.073  75.382
0.86  0.86  0.86 7
   0.334  -0.144   0.931   0.463  -0.193   0.865   0.354  -0.022   0.935 1
  33.541  87.073  75.382  33.731  86.726  75.256  33.751  87.073  75.296
0.86  0.86  0.86 7
   0.354  -0.022   0.935   0.463  -0.193   0.865   0.447   0.014   0.895 1
  33.751  87.073  75.296  33.731  86.726  75.256  34.000  87.073  75.146
0.86  0.86  0.86 7
   0.447   0.014   0.895   0.463  -0.193   0.865   0.581  -0.053   0.812 1
  34.000  87.073  75.146  33.731  86.726  75.256  33.981  86.768  75.118
0.86  0.86  0.86 7
   0.581  -0.053   0.812   0.463  -0.193   0.865   0.562  -0.221   0.797 1
  34.145  86.763  74.977  34.169  87.073  75.001  34.000  87.073  75.146
0.86  0.86  0.86 7
   0.688  -0.211   0.694   0.705  -0.025   0.709   0.581  -0.053   0.812 1
  34.145  86.763  74.977  34.000  87.073  75.146  33.981  86.768  75.118
0.86  0.86  0.86 7
   0.688  -0.211   0.694   0.581  -0.053   0.812   0.562  -0.221   0.797 1
  29.650  87.358  75.068  29.511  87.093  75.029  29.567  87.394  75.378
0.86  0.86  0.86 7
  -0.853   0.462  -0.244  -0.815   0.555  -0.168  -0.885   0.429  -0.182 1
  29.567  87.394  75.378  29.511  87.093  75.029  29.445  87.120  75.370
0.86  0.86  0.86 7
  -0.885   0.429  -0.182  -0.815   0.555  -0.168  -0.871   0.477  -0.120 1
  33.541  87.073  75.382  33.751  87.073  75.296  33.534  87.403  75.355
0.86  0.86  0.86 7
   0.354  -0.022   0.935   0.447   0.014   0.895   0.353   0.180   0.918 1
  33.534  87.403  75.355  33.751  87.073  75.296  33.736  87.422  75.267
0.86  0.86  0.86 7
   0.353   0.180   0.918   0.447   0.014   0.895   0.425   0.254   0.869 1
  33.736  87.422  75.267  33.751  87.073  75.296  33.988  87.382  75.128
0.86  0.86  0.86 7
   0.425   0.254   0.869   0.447   0.014   0.895   0.577   0.138   0.805 1
  33.988  87.382  75.128  33.751  87.073  75.296  34.000  87.073  75.146
0.86  0.86  0.86 7
   0.577   0.138   0.805   0.447   0.014   0.895   0.581  -0.053   0.812 1
  34.169  87.073  75.001  34.154  87.386  74.985  33.988  87.382  75.128
0.86  0.86  0.86 7
   0.705  -0.025   0.709   0.707   0.178   0.685   0.577   0.138   0.805 1
  34.169  87.073  75.001  33.988  87.382  75.128  34.000  87.073  75.146
0.86  0.86  0.86 7
   0.705  -0.025   0.709   0.577   0.138   0.805   0.581  -0.053   0.812 1
  29.741  87.542  75.055  29.650  87.358  75.068  29.668  87.599  75.360
0.86  0.86  0.86 7
  -0.811   0.493  -0.315  -0.853   0.462  -0.244  -0.850   0.489  -0.197 1
  29.668  87.599  75.360  29.650  87.358  75.068  29.567  87.394  75.378
0.86  0.86  0.86 7
  -0.850   0.489  -0.197  -0.853   0.462  -0.244  -0.885   0.429  -0.182 1
  29.884  87.731  75.045  29.741  87.542  75.055  29.803  87.789  75.350
0.86  0.86  0.86 7
  -0.708   0.611  -0.354  -0.811   0.493  -0.315  -0.752   0.630  -0.194 1
  29.803  87.789  75.350  29.741  87.542  75.055  29.668  87.599  75.360
0.86  0.86  0.86 7
  -0.752   0.630  -0.194  -0.811   0.493  -0.315  -0.850   0.489  -0.197 1
  33.202  87.728  75.356  33.368  87.569  75.356  33.388  87.773  75.270
0.86  0.86  0.86 7
   0.275   0.451   0.849   0.337   0.322   0.885   0.273   0.455   0.848 1
  33.534  87.403  75.355  33.736  87.422  75.267  33.368  87.569  75.356
0.86  0.86  0.86 7
   0.353   0.180   0.918   0.425   0.254   0.869   0.337   0.322   0.885 1
  33.368  87.569  75.356  33.736  87.422  75.267  33.388  87.773  75.270
0.86  0.86  0.86 7
   0.337   0.322   0.885   0.425   0.254   0.869   0.273   0.455   0.848 1
  33.388  87.773  75.270  33.736  87.422  75.267  33.696  87.728  75.184
0.86  0.86  0.86 7
   0.273   0.455   0.848   0.425   0.254   0.869   0.389   0.381   0.839 1
  33.696  87.728  75.184  33.736  87.422  75.267  33.886  87.754  75.059
0.86  0.86  0.86 7
   0.389   0.381   0.839   0.425   0.254   0.869   0.524   0.413   0.745 1
  33.886  87.754  75.059  33.736  87.422  75.267  34.034  87.570  75.032
0.86  0.86  0.86 7
   0.524   0.413   0.745   0.425   0.254   0.869   0.614   0.298   0.731 1
  34.034  87.570  75.032  33.736  87.422  75.267  33.988  87.382  75.128
0.86  0.86  0.86 7
   0.614   0.298   0.731   0.425   0.254   0.869   0.577   0.138   0.805 1
  34.034  87.570  75.032  33.988  87.382  75.128  34.154  87.386  74.985
0.86  0.86  0.86 7
   0.614   0.298   0.731   0.577   0.138   0.805   0.707   0.178   0.685 1
  30.045  87.899  75.042  29.884  87.731  75.045  29.974  87.971  75.349
0.86  0.86  0.86 7
  -0.594   0.703  -0.391  -0.708   0.611  -0.354  -0.663   0.708  -0.244 1
  29.974  87.971  75.349  29.884  87.731  75.045  29.803  87.789  75.350
0.86  0.86  0.86 7
  -0.663   0.708  -0.244  -0.708   0.611  -0.354  -0.752   0.630  -0.194 1
  30.224  88.044  75.056  30.045  87.899  75.042  30.168  88.124  75.356
0.86  0.86  0.86 7
  -0.507   0.767  -0.394  -0.594   0.703  -0.391  -0.535   0.819  -0.205 1
  30.168  88.124  75.356  30.045  87.899  75.042  29.974  87.971  75.349
0.86  0.86  0.86 7
  -0.535   0.819  -0.205  -0.594   0.703  -0.391  -0.663   0.708  -0.244 1
  32.220  88.111  75.383  32.422  87.998  75.437  32.384  88.121  75.226
0.86  0.86  0.86 7
   0.365   0.887   0.283   0.422   0.773   0.474   0.201   0.855   0.477 1
  32.384  88.121  75.226  32.422  87.998  75.437  32.708  87.912  75.377
0.86  0.86  0.86 7
   0.201   0.855   0.477   0.422   0.773   0.474   0.296   0.698   0.652 1
  32.384  88.121  75.226  32.708  87.912  75.377  32.706  88.076  75.207
0.86  0.86  0.86 7
   0.201   0.855   0.477   0.296   0.698   0.652   0.154   0.757   0.635 1
  32.706  88.076  75.207  32.708  87.912  75.377  33.016  87.862  75.303
0.86  0.86  0.86 7
   0.154   0.757   0.635   0.296   0.698   0.652   0.214   0.589   0.779 1
  32.706  88.076  75.207  33.016  87.862  75.303  33.033  88.056  75.174
0.86  0.86  0.86 7
   0.154   0.757   0.635   0.214   0.589   0.779   0.123   0.651   0.749 1
  33.202  87.728  75.356  33.388  87.773  75.270  33.016  87.862  75.303
0.86  0.86  0.86 7
   0.275   0.451   0.849   0.273   0.455   0.848   0.214   0.589   0.779 1
  33.016  87.862  75.303  33.388  87.773  75.270  33.033  88.056  75.174
0.86  0.86  0.86 7
   0.214   0.589   0.779   0.273   0.455   0.848   0.123   0.651   0.749 1
  33.033  88.056  75.174  33.388  87.773  75.270  33.348  88.026  75.132
0.86  0.86  0.86 7
   0.123   0.651   0.749   0.273   0.455   0.848   0.190   0.598   0.778 1
  33.348  88.026  75.132  33.388  87.773  75.270  33.537  88.071  75.035
0.86  0.86  0.86 7
   0.190   0.598   0.778   0.273   0.455   0.848   0.307   0.607   0.733 1
  33.537  88.071  75.035  33.388  87.773  75.270  33.720  87.922  75.060
0.86  0.86  0.86 7
   0.307   0.607   0.733   0.273   0.455   0.848   0.421   0.516   0.746 1
  33.720  87.922  75.060  33.388  87.773  75.270  33.696  87.728  75.184
0.86  0.86  0.86 7
   0.421   0.516   0.746   0.273   0.455   0.848   0.389   0.381   0.839 1
  33.720  87.922  75.060  33.696  87.728  75.184  33.886  87.754  75.059
0.86  0.86  0.86 7
   0.421   0.516   0.746   0.389   0.381   0.839   0.524   0.413   0.745 1
  30.395  88.155  75.073  30.224  88.044  75.056  30.371  88.240  75.370
0.86  0.86  0.86 7
  -0.366   0.854  -0.370  -0.507   0.767  -0.394  -0.401   0.894  -0.199 1
  30.371  88.240  75.370  30.224  88.044  75.056  30.168  88.124  75.356
0.86  0.86  0.86 7
  -0.401   0.894  -0.199  -0.507   0.767  -0.394  -0.535   0.819  -0.205 1
  30.705  88.236  75.038  30.395  88.155  75.073  30.680  88.338  75.345
0.86  0.86  0.86 7
  -0.173   0.889  -0.423  -0.366   0.854  -0.370  -0.199   0.957  -0.209 1
  30.680  88.338  75.345  30.395  88.155  75.073  30.371  88.240  75.370
0.86  0.86  0.86 7
  -0.199   0.957  -0.209  -0.366   0.854  -0.370  -0.401   0.894  -0.199 1
  31.038  88.265  75.024  30.705  88.236  75.038  31.038  88.376  75.343
0.86  0.86  0.86 7
  -0.023   0.915  -0.403  -0.173   0.889  -0.423   0.040   0.973  -0.229 1
  31.038  88.376  75.343  30.705  88.236  75.038  30.680  88.338  75.345
0.86  0.86  0.86 7
   0.040   0.973  -0.229  -0.173   0.889  -0.423  -0.199   0.957  -0.209 1
  31.371  88.260  75.031  31.038  88.265  75.024  31.395  88.333  75.347
0.86  0.86  0.86 7
   0.035   0.959  -0.281  -0.023   0.915  -0.403   0.179   0.968  -0.173 1
  31.395  88.333  75.347  31.038  88.265  75.024  31.038  88.376  75.343
0.86  0.86  0.86 7
   0.179   0.968  -0.173  -0.023   0.915  -0.403   0.040   0.973  -0.229 1
  31.705  88.253  75.036  31.371  88.260  75.031  31.709  88.258  75.370
0.86  0.86  0.86 7
   0.018   0.998  -0.066   0.035   0.959  -0.281   0.220   0.975  -0.019 1
  31.709  88.258  75.370  31.371  88.260  75.031  31.395  88.333  75.347
0.86  0.86  0.86 7
   0.220   0.975  -0.019   0.035   0.959  -0.281   0.179   0.968  -0.173 1
  32.038  88.241  75.037  31.705  88.253  75.036  32.027  88.194  75.358
0.86  0.86  0.86 7
   0.078   0.982   0.170   0.018   0.998  -0.066   0.238   0.962   0.135 1
  32.027  88.194  75.358  31.705  88.253  75.036  31.709  88.258  75.370
0.86  0.86  0.86 7
   0.238   0.962   0.135   0.018   0.998  -0.066   0.220   0.975  -0.019 1
  32.371  88.236  75.036  32.038  88.241  75.037  32.384  88.121  75.226
0.86  0.86  0.86 7
   0.040   0.926   0.374   0.078   0.982   0.170   0.201   0.855   0.477 1
  32.384  88.121  75.226  32.038  88.241  75.037  32.220  88.111  75.383
0.86  0.86  0.86 7
   0.201   0.855   0.477   0.078   0.982   0.170   0.365   0.887   0.283 1
  32.220  88.111  75.383  32.038  88.241  75.037  32.027  88.194  75.358
0.86  0.86  0.86 7
   0.365   0.887   0.283   0.078   0.982   0.170   0.238   0.962   0.135 1
  32.704  88.203  75.010  32.371  88.236  75.036  32.706  88.076  75.207
0.86  0.86  0.86 7
   0.014   0.831   0.556   0.040   0.926   0.374   0.154   0.757   0.635 1
  32.706  88.076  75.207  32.371  88.236  75.036  32.384  88.121  75.226
0.86  0.86  0.86 7
   0.154   0.757   0.635   0.040   0.926   0.374   0.201   0.855   0.477 1
  33.038  88.212  75.009  32.704  88.203  75.010  33.033  88.056  75.174
0.86  0.86  0.86 7
   0.039   0.727   0.685   0.014   0.831   0.556   0.123   0.651   0.749 1
  33.033  88.056  75.174  32.704  88.203  75.010  32.706  88.076  75.207
0.86  0.86  0.86 7
   0.123   0.651   0.749   0.014   0.831   0.556   0.154   0.757   0.635 1
  33.353  88.193  74.990  33.038  88.212  75.009  33.348  88.026  75.132
0.86  0.86  0.86 7
   0.188   0.699   0.690   0.039   0.727   0.685   0.190   0.598   0.778 1
  33.348  88.026  75.132  33.038  88.212  75.009  33.033  88.056  75.174
0.86  0.86  0.86 7
   0.190   0.598   0.778   0.039   0.727   0.685   0.123   0.651   0.749 1
  33.353  88.193  74.990  33.348  88.026  75.132  33.537  88.071  75.035
0.86  0.86  0.86 7
   0.188   0.699   0.690   0.190   0.598   0.778   0.307   0.607   0.733 1
  28.364  83.386  75.539  28.211  83.421  75.366  28.411  83.332  75.370
0.86  0.86  0.86 7
  -0.383  -0.886   0.262  -0.472  -0.868   0.151  -0.301  -0.941   0.153 1
  28.411  83.332  75.370  28.708  83.255  75.366  28.729  83.323  75.667
0.86  0.86  0.86 7
  -0.301  -0.941   0.153  -0.122  -0.984   0.132  -0.080  -0.948   0.307 1
  28.411  83.332  75.370  28.729  83.323  75.667  28.532  83.383  75.709
0.86  0.86  0.86 7
  -0.301  -0.941   0.153  -0.080  -0.948   0.307  -0.278  -0.883   0.377 1
  28.411  83.332  75.370  28.532  83.383  75.709  28.364  83.386  75.539
0.86  0.86  0.86 7
  -0.301  -0.941   0.153  -0.278  -0.883   0.377  -0.383  -0.886   0.262 1
  28.708  83.255  75.366  29.038  83.239  75.370  29.006  83.346  75.658
0.86  0.86  0.86 7
  -0.122  -0.984   0.132   0.030  -0.969   0.246   0.108  -0.943   0.315 1
  28.708  83.255  75.366  29.006  83.346  75.658  28.729  83.323  75.667
0.86  0.86  0.86 7
  -0.122  -0.984   0.132   0.108  -0.943   0.315  -0.080  -0.948   0.307 1
  29.038  83.239  75.370  29.371  83.266  75.364  29.372  83.358  75.561
0.86  0.86  0.86 7
   0.030  -0.969   0.246  -0.067  -0.934   0.351   0.021  -0.914   0.405 1
  29.038  83.239  75.370  29.372  83.358  75.561  29.205  83.407  75.703
0.86  0.86  0.86 7
   0.030  -0.969   0.246   0.021  -0.914   0.405   0.151  -0.914   0.377 1
  29.038  83.239  75.370  29.205  83.407  75.703  29.006  83.346  75.658
0.86  0.86  0.86 7
   0.030  -0.969   0.246   0.151  -0.914   0.377   0.108  -0.943   0.315 1
  29.371  83.266  75.364  29.702  83.227  75.373  29.736  83.352  75.656
0.86  0.86  0.86 7
  -0.067  -0.934   0.351  -0.205  -0.901   0.383  -0.154  -0.869   0.470 1
  29.371  83.266  75.364  29.736  83.352  75.656  29.538  83.410  75.702
0.86  0.86  0.86 7
  -0.067  -0.934   0.351  -0.154  -0.869   0.470  -0.084  -0.886   0.456 1
  29.371  83.266  75.364  29.538  83.410  75.702  29.372  83.358  75.561
0.86  0.86  0.86 7
  -0.067  -0.934   0.351  -0.084  -0.886   0.456   0.021  -0.914   0.405 1
  29.702  83.227  75.373  30.016  83.152  75.414  30.045  83.289  75.675
0.86  0.86  0.86 7
  -0.205  -0.901   0.383  -0.155  -0.892   0.424  -0.137  -0.838   0.528 1
  29.702  83.227  75.373  30.045  83.289  75.675  29.736  83.352  75.656
0.86  0.86  0.86 7
  -0.205  -0.901   0.383  -0.137  -0.838   0.528  -0.154  -0.869   0.470 1
  30.016  83.152  75.414  30.371  83.131  75.424  30.371  83.272  75.680
0.86  0.86  0.86 7
  -0.155  -0.892   0.424   0.036  -0.901   0.432   0.038  -0.839   0.544 1
  30.016  83.152  75.414  30.371  83.272  75.680  30.045  83.289  75.675
0.86  0.86  0.86 7
  -0.155  -0.892   0.424   0.038  -0.839   0.544  -0.137  -0.838   0.528 1
  30.371  83.131  75.424  30.720  83.176  75.402  30.682  83.307  75.659
0.86  0.86  0.86 7
   0.036  -0.901   0.432   0.243  -0.873   0.422   0.199  -0.829   0.522 1
  30.371  83.131  75.424  30.682  83.307  75.659  30.371  83.272  75.680
0.86  0.86  0.86 7
   0.036  -0.901   0.432   0.199  -0.829   0.522   0.038  -0.839   0.544 1
  30.720  83.176  75.402  31.025  83.270  75.361  31.050  83.389  75.548
0.86  0.86  0.86 7
   0.243  -0.873   0.422   0.401  -0.824   0.400   0.417  -0.770   0.482 1
  30.720  83.176  75.402  31.050  83.389  75.548  30.872  83.406  75.704
0.86  0.86  0.86 7
   0.243  -0.873   0.422   0.417  -0.770   0.482   0.336  -0.730   0.595 1
  30.720  83.176  75.402  30.872  83.406  75.704  30.682  83.307  75.659
0.86  0.86  0.86 7
   0.243  -0.873   0.422   0.336  -0.730   0.595   0.199  -0.829   0.522 1
  31.214  83.396  75.375  31.050  83.389  75.548  31.025  83.270  75.361
0.86  0.86  0.86 7
   0.542  -0.724   0.427   0.417  -0.770   0.482   0.401  -0.824   0.400 1
  27.837  83.706  75.381  28.020  83.548  75.377  27.890  83.762  75.692
0.86  0.86  0.86 7
  -0.701  -0.700   0.139  -0.594  -0.792   0.136  -0.673  -0.643   0.366 1
  27.890  83.762  75.692  28.020  83.548  75.377  28.064  83.612  75.690
0.86  0.86  0.86 7
  -0.673  -0.643   0.366  -0.594  -0.792   0.136  -0.522  -0.775   0.355 1
  28.020  83.548  75.377  28.211  83.421  75.366  28.064  83.612  75.690
0.86  0.86  0.86 7
  -0.594  -0.792   0.136  -0.472  -0.868   0.151  -0.522  -0.775   0.355 1
  28.327  83.484  75.748  28.064  83.612  75.690  28.211  83.421  75.366
0.86  0.86  0.86 7
  -0.428  -0.827   0.364  -0.522  -0.775   0.355  -0.472  -0.868   0.151 1
  28.327  83.484  75.748  28.211  83.421  75.366  28.364  83.386  75.539
0.86  0.86  0.86 7
  -0.428  -0.827   0.364  -0.472  -0.868   0.151  -0.383  -0.886   0.262 1
  28.532  83.383  75.709  28.327  83.484  75.748  28.364  83.386  75.539
0.86  0.86  0.86 7
  -0.278  -0.883   0.377  -0.428  -0.827   0.364  -0.383  -0.886   0.262 1
  29.372  83.435  75.749  29.205  83.407  75.703  29.372  83.358  75.561
0.86  0.86  0.86 7
   0.008  -0.920   0.392   0.151  -0.914   0.377   0.021  -0.914   0.405 1
  29.538  83.410  75.702  29.372  83.435  75.749  29.372  83.358  75.561
0.86  0.86  0.86 7
  -0.084  -0.886   0.456   0.008  -0.920   0.392   0.021  -0.914   0.405 1
  31.062  83.537  75.739  30.872  83.406  75.704  31.050  83.389  75.548
0.86  0.86  0.86 7
   0.467  -0.679   0.567   0.336  -0.730   0.595   0.417  -0.770   0.482 1
  31.214  83.396  75.375  31.399  83.550  75.384  31.415  83.703  75.573
0.86  0.86  0.86 7
   0.542  -0.724   0.427   0.608  -0.681   0.407   0.624  -0.603   0.497 1
  31.214  83.396  75.375  31.415  83.703  75.573  31.247  83.698  75.754
0.86  0.86  0.86 7
   0.542  -0.724   0.427   0.624  -0.603   0.497   0.553  -0.559   0.618 1
  31.214  83.396  75.375  31.247  83.698  75.754  31.062  83.537  75.739
0.86  0.86  0.86 7
   0.542  -0.724   0.427   0.553  -0.559   0.618   0.467  -0.679   0.567 1
  31.214  83.396  75.375  31.062  83.537  75.739  31.050  83.389  75.548
0.86  0.86  0.86 7
   0.542  -0.724   0.427   0.467  -0.679   0.567   0.417  -0.770   0.482 1
  31.561  83.726  75.380  31.415  83.703  75.573  31.399  83.550  75.384
0.86  0.86  0.86 7
   0.722  -0.522   0.455   0.624  -0.603   0.497   0.608  -0.681   0.407 1
  27.558  84.084  75.367  27.680  83.888  75.377  27.624  84.110  75.679
0.86  0.86  0.86 7
  -0.883  -0.450   0.134  -0.797  -0.588   0.135  -0.839  -0.424   0.341 1
  27.624  84.110  75.679  27.680  83.888  75.377  27.740  83.936  75.685
0.86  0.86  0.86 7
  -0.839  -0.424   0.341  -0.797  -0.588   0.135  -0.754  -0.577   0.314 1
  27.680  83.888  75.377  27.837  83.706  75.381  27.740  83.936  75.685
0.86  0.86  0.86 7
  -0.797  -0.588   0.135  -0.701  -0.700   0.139  -0.754  -0.577   0.314 1
  27.740  83.936  75.685  27.837  83.706  75.381  27.890  83.762  75.692
0.86  0.86  0.86 7
  -0.754  -0.577   0.314  -0.701  -0.700   0.139  -0.673  -0.643   0.366 1
  31.414  83.870  75.739  31.247  83.698  75.754  31.415  83.703  75.573
0.86  0.86  0.86 7
   0.695  -0.457   0.555   0.553  -0.559   0.618   0.624  -0.603   0.497 1
  31.561  83.726  75.380  31.693  83.911  75.363  31.685  84.072  75.518
0.86  0.86  0.86 7
   0.722  -0.522   0.455   0.745  -0.478   0.465   0.771  -0.276   0.574 1
  31.561  83.726  75.380  31.685  84.072  75.518  31.537  84.073  75.702
0.86  0.86  0.86 7
   0.722  -0.522   0.455   0.771  -0.276   0.574   0.789  -0.264   0.555 1
  31.561  83.726  75.380  31.537  84.073  75.702  31.414  83.870  75.739
0.86  0.86  0.86 7
   0.722  -0.522   0.455   0.789  -0.264   0.555   0.695  -0.457   0.555 1
  31.561  83.726  75.380  31.414  83.870  75.739  31.415  83.703  75.573
0.86  0.86  0.86 7
   0.722  -0.522   0.455   0.695  -0.457   0.555   0.624  -0.603   0.497 1
  31.818  84.109  75.334  31.685  84.072  75.518  31.693  83.911  75.363
0.86  0.86  0.86 7
   0.755  -0.338   0.561   0.771  -0.276   0.574   0.745  -0.478   0.465 1
  27.439  84.381  75.395  27.558  84.084  75.367  27.519  84.402  75.713
0.86  0.86  0.86 7
  -0.951  -0.273   0.146  -0.883  -0.450   0.134  -0.901  -0.262   0.346 1
  27.519  84.402  75.713  27.558  84.084  75.367  27.624  84.110  75.679
0.86  0.86  0.86 7
  -0.901  -0.262   0.346  -0.883  -0.450   0.134  -0.839  -0.424   0.341 1
  31.537  84.073  75.702  31.685  84.072  75.518  31.561  84.400  75.719
0.86  0.86  0.86 7
   0.789  -0.264   0.555   0.771  -0.276   0.574   0.800  -0.199   0.566 1
  31.561  84.400  75.719  31.685  84.072  75.518  31.707  84.406  75.539
0.86  0.86  0.86 7
   0.800  -0.199   0.566   0.771  -0.276   0.574   0.727  -0.213   0.652 1
  31.818  84.109  75.334  31.882  84.403  75.384  31.707  84.406  75.539
0.86  0.86  0.86 7
   0.755  -0.338   0.561   0.614  -0.339   0.713   0.727  -0.213   0.652 1
  31.818  84.109  75.334  31.707  84.406  75.539  31.685  84.072  75.518
0.86  0.86  0.86 7
   0.755  -0.338   0.561   0.727  -0.213   0.652   0.771  -0.276   0.574 1
  27.380  84.740  75.402  27.439  84.381  75.395  27.469  84.740  75.738
0.86  0.86  0.86 7
  -0.987  -0.037   0.156  -0.951  -0.273   0.146  -0.933  -0.059   0.354 1
  27.469  84.740  75.738  27.439  84.381  75.395  27.519  84.402  75.713
0.86  0.86  0.86 7
  -0.933  -0.059   0.354  -0.951  -0.273   0.146  -0.901  -0.262   0.346 1
  31.664  84.592  75.672  31.561  84.400  75.719  31.707  84.406  75.539
0.86  0.86  0.86 7
   0.713  -0.349   0.608   0.800  -0.199   0.566   0.727  -0.213   0.652 1
  31.882  84.403  75.384  32.026  84.582  75.349  31.995  84.781  75.475
0.86  0.86  0.86 7
   0.614  -0.339   0.713   0.569  -0.330   0.753   0.536  -0.411   0.737 1
  31.882  84.403  75.384  31.995  84.781  75.475  31.807  84.788  75.643
0.86  0.86  0.86 7
   0.614  -0.339   0.713   0.536  -0.411   0.737   0.658  -0.370   0.655 1
  31.882  84.403  75.384  31.807  84.788  75.643  31.664  84.592  75.672
0.86  0.86  0.86 7
   0.614  -0.339   0.713   0.658  -0.370   0.655   0.713  -0.349   0.608 1
  31.882  84.403  75.384  31.664  84.592  75.672  31.707  84.406  75.539
0.86  0.86  0.86 7
   0.614  -0.339   0.713   0.713  -0.349   0.608   0.727  -0.213   0.652 1
  32.194  84.753  75.346  31.995  84.781  75.475  32.026  84.582  75.349
0.86  0.86  0.86 7
   0.363  -0.489   0.793   0.536  -0.411   0.737   0.569  -0.330   0.753 1
  27.399  85.104  75.385  27.380  84.740  75.402  27.486  85.086  75.730
0.86  0.86  0.86 7
  -0.973   0.177   0.148  -0.987  -0.037   0.156  -0.918   0.172   0.358 1
  27.486  85.086  75.730  27.380  84.740  75.402  27.469  84.740  75.738
0.86  0.86  0.86 7
  -0.918   0.172   0.358  -0.987  -0.037   0.156  -0.933  -0.059   0.354 1
  31.807  84.788  75.643  31.995  84.781  75.475  31.888  85.063  75.724
0.86  0.86  0.86 7
   0.658  -0.370   0.655   0.536  -0.411   0.737   0.584  -0.455   0.672 1
  31.888  85.063  75.724  31.995  84.781  75.475  32.070  85.048  75.595
0.86  0.86  0.86 7
   0.584  -0.455   0.672   0.536  -0.411   0.737   0.404  -0.465   0.787 1
  32.194  84.753  75.346  32.373  84.902  75.376  32.359  85.091  75.494
0.86  0.86  0.86 7
   0.363  -0.489   0.793   0.203  -0.506   0.838   0.257  -0.479   0.840 1
  32.194  84.753  75.346  32.359  85.091  75.494  32.070  85.048  75.595
0.86  0.86  0.86 7
   0.363  -0.489   0.793   0.257  -0.479   0.840   0.404  -0.465   0.787 1
  32.194  84.753  75.346  32.070  85.048  75.595  31.995  84.781  75.475
0.86  0.86  0.86 7
   0.363  -0.489   0.793   0.404  -0.465   0.787   0.536  -0.411   0.737 1
  32.373  84.902  75.376  32.695  84.931  75.335  32.679  85.111  75.448
0.86  0.86  0.86 7
   0.203  -0.506   0.838   0.214  -0.543   0.812   0.191  -0.464   0.865 1
  32.373  84.902  75.376  32.679  85.111  75.448  32.359  85.091  75.494
0.86  0.86  0.86 7
   0.203  -0.506   0.838   0.191  -0.464   0.865   0.257  -0.479   0.840 1
  32.872  85.072  75.372  32.679  85.111  75.448  32.695  84.931  75.335
0.86  0.86  0.86 7
   0.291  -0.461   0.838   0.191  -0.464   0.865   0.214  -0.543   0.812 1
  27.491  85.430  75.382  27.399  85.104  75.385  27.563  85.396  75.696
0.86  0.86  0.86 7
  -0.915   0.372   0.155  -0.973   0.177   0.148  -0.894   0.323   0.310 1
  27.563  85.396  75.696  27.399  85.104  75.385  27.486  85.086  75.730
0.86  0.86  0.86 7
  -0.894   0.323   0.310  -0.973   0.177   0.148  -0.918   0.172   0.358 1
  32.043  85.234  75.711  31.888  85.063  75.724  32.070  85.048  75.595
0.86  0.86  0.86 7
   0.477  -0.486   0.732   0.584  -0.455   0.672   0.404  -0.465   0.787 1
  32.043  85.234  75.711  32.070  85.048  75.595  32.216  85.387  75.726
0.86  0.86  0.86 7
   0.477  -0.486   0.732   0.404  -0.465   0.787   0.368  -0.608   0.703 1
  32.216  85.387  75.726  32.070  85.048  75.595  32.396  85.344  75.625
0.86  0.86  0.86 7
   0.368  -0.608   0.703   0.404  -0.465   0.787   0.312  -0.506   0.804 1
  32.396  85.344  75.625  32.070  85.048  75.595  32.359  85.091  75.494
0.86  0.86  0.86 7
   0.312  -0.506   0.804   0.404  -0.465   0.787   0.257  -0.479   0.840 1
  32.396  85.344  75.625  32.359  85.091  75.494  32.711  85.393  75.562
0.86  0.86  0.86 7
   0.312  -0.506   0.804   0.257  -0.479   0.840   0.315  -0.369   0.874 1
  32.711  85.393  75.562  32.359  85.091  75.494  32.679  85.111  75.448
0.86  0.86  0.86 7
   0.315  -0.369   0.874   0.257  -0.479   0.840   0.191  -0.464   0.865 1
  32.872  85.072  75.372  33.046  85.234  75.384  33.009  85.426  75.468
0.86  0.86  0.86 7
   0.291  -0.461   0.838   0.382  -0.375   0.845   0.344  -0.275   0.898 1
  32.872  85.072  75.372  33.009  85.426  75.468  32.711  85.393  75.562
0.86  0.86  0.86 7
   0.291  -0.461   0.838   0.344  -0.275   0.898   0.315  -0.369   0.874 1
  32.872  85.072  75.372  32.711  85.393  75.562  32.679  85.111  75.448
0.86  0.86  0.86 7
   0.291  -0.461   0.838   0.315  -0.369   0.874   0.191  -0.464   0.865 1
  33.205  85.406  75.370  33.009  85.426  75.468  33.046  85.234  75.384
0.86  0.86  0.86 7
   0.479  -0.273   0.834   0.344  -0.275   0.898   0.382  -0.375   0.845 1
  27.619  85.686  75.369  27.491  85.430  75.382  27.699  85.744  75.538
0.86  0.86  0.86 7
  -0.847   0.523   0.097  -0.915   0.372   0.155  -0.792   0.560   0.243 1
  27.699  85.744  75.538  27.491  85.430  75.382  27.671  85.601  75.720
0.86  0.86  0.86 7
  -0.792   0.560   0.243  -0.915   0.372   0.155  -0.792   0.481   0.376 1
  27.671  85.601  75.720  27.491  85.430  75.382  27.563  85.396  75.696
0.86  0.86  0.86 7
  -0.792   0.481   0.376  -0.915   0.372   0.155  -0.894   0.323   0.310 1
  27.671  85.601  75.720  27.820  85.791  75.738  27.699  85.744  75.538
0.86  0.86  0.86 7
  -0.792   0.481   0.376  -0.689   0.626   0.365  -0.792   0.560   0.243 1
  32.410  85.526  75.767  32.216  85.387  75.726  32.396  85.344  75.625
0.86  0.86  0.86 7
   0.402  -0.549   0.733   0.368  -0.608   0.703   0.312  -0.506   0.804 1
  32.410  85.526  75.767  32.396  85.344  75.625  32.682  85.590  75.665
0.86  0.86  0.86 7
   0.402  -0.549   0.733   0.312  -0.506   0.804   0.395  -0.413   0.821 1
  32.682  85.590  75.665  32.396  85.344  75.625  32.711  85.393  75.562
0.86  0.86  0.86 7
   0.395  -0.413   0.821   0.312  -0.506   0.804   0.315  -0.369   0.874 1
  32.682  85.590  75.665  32.711  85.393  75.562  32.829  85.739  75.646
0.86  0.86  0.86 7
   0.395  -0.413   0.821   0.315  -0.369   0.874   0.513  -0.260   0.818 1
  32.829  85.739  75.646  32.711  85.393  75.562  33.031  85.740  75.522
0.86  0.86  0.86 7
   0.513  -0.260   0.818   0.315  -0.369   0.874   0.468  -0.159   0.869 1
  33.031  85.740  75.522  32.711  85.393  75.562  33.009  85.426  75.468
0.86  0.86  0.86 7
   0.468  -0.159   0.869   0.315  -0.369   0.874   0.344  -0.275   0.898 1
  33.205  85.406  75.370  33.231  85.740  75.423  33.031  85.740  75.522
0.86  0.86  0.86 7
   0.479  -0.273   0.834   0.516  -0.091   0.852   0.468  -0.159   0.869 1
  33.205  85.406  75.370  33.031  85.740  75.522  33.009  85.426  75.468
0.86  0.86  0.86 7
   0.479  -0.273   0.834   0.468  -0.159   0.869   0.344  -0.275   0.898 1
  27.699  85.744  75.538  27.757  85.862  75.361  27.619  85.686  75.369
0.86  0.86  0.86 7
  -0.792   0.560   0.243  -0.733   0.662   0.155  -0.847   0.523   0.097 1
  27.915  86.021  75.361  27.757  85.862  75.361  28.032  86.080  75.538
0.86  0.86  0.86 7
  -0.673   0.732   0.103  -0.733   0.662   0.155  -0.614   0.751   0.243 1
  28.032  86.080  75.538  27.757  85.862  75.361  27.986  85.958  75.738
0.86  0.86  0.86 7
  -0.614   0.751   0.243  -0.733   0.662   0.155  -0.587   0.709   0.390 1
  27.986  85.958  75.738  27.757  85.862  75.361  27.820  85.791  75.738
0.86  0.86  0.86 7
  -0.587   0.709   0.390  -0.733   0.662   0.155  -0.689   0.626   0.365 1
  27.820  85.791  75.738  27.757  85.862  75.361  27.699  85.744  75.538
0.86  0.86  0.86 7
  -0.689   0.626   0.365  -0.733   0.662   0.155  -0.792   0.560   0.243 1
  27.986  85.958  75.738  28.175  86.108  75.721  28.032  86.080  75.538
0.86  0.86  0.86 7
  -0.587   0.709   0.390  -0.484   0.807   0.339  -0.614   0.751   0.243 1
  32.829  85.739  75.646  33.031  85.740  75.522  32.853  86.081  75.679
0.86  0.86  0.86 7
   0.513  -0.260   0.818   0.468  -0.159   0.869   0.644  -0.079   0.761 1
  32.853  86.081  75.679  33.031  85.740  75.522  33.037  86.073  75.535
0.86  0.86  0.86 7
   0.644  -0.079   0.761   0.468  -0.159   0.869   0.563  -0.014   0.826 1
  33.231  85.740  75.423  33.229  86.073  75.419  33.037  86.073  75.535
0.86  0.86  0.86 7
   0.516  -0.091   0.852   0.541   0.012   0.841   0.563  -0.014   0.826 1
  33.231  85.740  75.423  33.037  86.073  75.535  33.031  85.740  75.522
0.86  0.86  0.86 7
   0.516  -0.091   0.852   0.563  -0.014   0.826   0.468  -0.159   0.869 1
  28.032  86.080  75.538  28.091  86.161  75.369  27.915  86.021  75.361
0.86  0.86  0.86 7
  -0.614   0.751   0.243  -0.527   0.839   0.138  -0.673   0.732   0.103 1
  28.346  86.291  75.383  28.091  86.161  75.369  28.380  86.218  75.697
0.86  0.86  0.86 7
  -0.414   0.898   0.148  -0.527   0.839   0.138  -0.381   0.858   0.345 1
  28.380  86.218  75.697  28.091  86.161  75.369  28.175  86.108  75.721
0.86  0.86  0.86 7
  -0.381   0.858   0.345  -0.527   0.839   0.138  -0.484   0.807   0.339 1
  28.175  86.108  75.721  28.091  86.161  75.369  28.032  86.080  75.538
0.86  0.86  0.86 7
  -0.484   0.807   0.339  -0.527   0.839   0.138  -0.614   0.751   0.243 1
  28.552  86.374  75.361  28.346  86.291  75.383  28.703  86.410  75.537
0.86  0.86  0.86 7
  -0.371   0.927   0.061  -0.414   0.898   0.148  -0.421   0.882   0.211 1
  28.703  86.410  75.537  28.346  86.291  75.383  28.666  86.314  75.741
0.86  0.86  0.86 7
  -0.421   0.882   0.211  -0.414   0.898   0.148  -0.451   0.829   0.331 1
  28.666  86.314  75.741  28.346  86.291  75.383  28.380  86.218  75.697
0.86  0.86  0.86 7
  -0.451   0.829   0.331  -0.414   0.898   0.148  -0.381   0.858   0.345 1
  28.666  86.314  75.741  28.847  86.438  75.722  28.703  86.410  75.537
0.86  0.86  0.86 7
  -0.451   0.829   0.331  -0.553   0.783   0.285  -0.421   0.882   0.211 1
  32.853  86.081  75.679  33.037  86.073  75.535  32.856  86.406  75.688
0.86  0.86  0.86 7
   0.644  -0.079   0.761   0.563  -0.014   0.826   0.709  -0.062   0.702 1
  32.856  86.406  75.688  33.037  86.073  75.535  33.035  86.406  75.532
0.86  0.86  0.86 7
   0.709  -0.062   0.702   0.563  -0.014   0.826   0.590  -0.050   0.806 1
  33.229  86.073  75.419  33.227  86.407  75.415  33.035  86.406  75.532
0.86  0.86  0.86 7
   0.541   0.012   0.841   0.489  -0.077   0.869   0.590  -0.050   0.806 1
  33.229  86.073  75.419  33.035  86.406  75.532  33.037  86.073  75.535
0.86  0.86  0.86 7
   0.541   0.012   0.841   0.590  -0.050   0.806   0.563  -0.014   0.826 1
  28.703  86.410  75.537  28.753  86.462  75.370  28.552  86.374  75.361
0.86  0.86  0.86 7
  -0.421   0.882   0.211  -0.454   0.889   0.069  -0.371   0.927   0.061 1
  29.012  86.609  75.370  28.753  86.462  75.370  29.019  86.591  75.709
0.86  0.86  0.86 7
  -0.595   0.803  -0.022  -0.454   0.889   0.069  -0.664   0.713   0.225 1
  29.019  86.591  75.709  28.753  86.462  75.370  28.847  86.438  75.722
0.86  0.86  0.86 7
  -0.664   0.713   0.225  -0.454   0.889   0.069  -0.553   0.783   0.285 1
  28.847  86.438  75.722  28.753  86.462  75.370  28.703  86.410  75.537
0.86  0.86  0.86 7
  -0.553   0.783   0.285  -0.454   0.889   0.069  -0.421   0.882   0.211 1
  29.186  86.758  75.370  29.012  86.609  75.370  29.174  86.770  75.703
0.86  0.86  0.86 7
  -0.709   0.702  -0.058  -0.595   0.803  -0.022  -0.754   0.641   0.141 1
  29.174  86.770  75.703  29.012  86.609  75.370  29.019  86.591  75.709
0.86  0.86  0.86 7
  -0.754   0.641   0.141  -0.595   0.803  -0.022  -0.664   0.713   0.225 1
  32.856  86.406  75.688  33.035  86.406  75.532  32.882  86.736  75.714
0.86  0.86  0.86 7
   0.709  -0.062   0.702   0.590  -0.050   0.806   0.710  -0.100   0.697 1
  32.882  86.736  75.714  33.035  86.406  75.532  33.056  86.732  75.562
0.86  0.86  0.86 7
   0.710  -0.100   0.697   0.590  -0.050   0.806   0.560  -0.112   0.821 1
  33.227  86.407  75.415  33.368  86.574  75.362  33.321  86.773  75.421
0.86  0.86  0.86 7
   0.489  -0.077   0.869   0.376  -0.141   0.916   0.422  -0.139   0.896 1
  33.227  86.407  75.415  33.321  86.773  75.421  33.056  86.732  75.562
0.86  0.86  0.86 7
   0.489  -0.077   0.869   0.422  -0.139   0.896   0.560  -0.112   0.821 1
  33.227  86.407  75.415  33.056  86.732  75.562  33.035  86.406  75.532
0.86  0.86  0.86 7
   0.489  -0.077   0.869   0.560  -0.112   0.821   0.590  -0.050   0.806 1
  33.531  86.746  75.343  33.321  86.773  75.421  33.368  86.574  75.362
0.86  0.86  0.86 7
   0.334  -0.144   0.931   0.422  -0.139   0.896   0.376  -0.141   0.916 1
  29.333  86.933  75.370  29.186  86.758  75.370  29.318  86.944  75.703
0.86  0.86  0.86 7
  -0.809   0.583  -0.068  -0.709   0.702  -0.058  -0.828   0.556   0.074 1
  29.318  86.944  75.703  29.186  86.758  75.370  29.174  86.770  75.703
0.86  0.86  0.86 7
  -0.828   0.556   0.074  -0.709   0.702  -0.058  -0.754   0.641   0.141 1
  29.445  87.120  75.370  29.333  86.933  75.370  29.428  87.128  75.703
0.86  0.86  0.86 7
  -0.871   0.477  -0.120  -0.809   0.583  -0.068  -0.902   0.430   0.037 1
  29.428  87.128  75.703  29.333  86.933  75.370  29.318  86.944  75.703
0.86  0.86  0.86 7
  -0.902   0.430   0.037  -0.809   0.583  -0.068  -0.828   0.556   0.074 1
  32.882  86.736  75.714  33.056  86.732  75.562  32.904  87.073  75.737
0.86  0.86  0.86 7
   0.710  -0.100   0.697   0.560  -0.112   0.821   0.692   0.074   0.718 1
  32.904  87.073  75.737  33.056  86.732  75.562  33.078  87.073  75.593
0.86  0.86  0.86 7
   0.692   0.074   0.718   0.560  -0.112   0.821   0.536   0.076   0.841 1
  33.078  87.073  75.593  33.056  86.732  75.562  33.335  87.073  75.451
0.86  0.86  0.86 7
   0.536   0.076   0.841   0.560  -0.112   0.821   0.405  -0.052   0.913 1
  33.335  87.073  75.451  33.056  86.732  75.562  33.321  86.773  75.421
0.86  0.86  0.86 7
   0.405  -0.052   0.913   0.560  -0.112   0.821   0.422  -0.139   0.896 1
  33.531  86.746  75.343  33.541  87.073  75.382  33.335  87.073  75.451
0.86  0.86  0.86 7
   0.334  -0.144   0.931   0.354  -0.022   0.935   0.405  -0.052   0.913 1
  33.531  86.746  75.343  33.335  87.073  75.451  33.321  86.773  75.421
0.86  0.86  0.86 7
   0.334  -0.144   0.931   0.405  -0.052   0.913   0.422  -0.139   0.896 1
  29.567  87.394  75.378  29.445  87.120  75.370  29.535  87.408  75.703
0.86  0.86  0.86 7
  -0.885   0.429  -0.182  -0.871   0.477  -0.120  -0.914   0.407   0.006 1
  29.535  87.408  75.703  29.445  87.120  75.370  29.428  87.128  75.703
0.86  0.86  0.86 7
  -0.914   0.407   0.006  -0.871   0.477  -0.120  -0.902   0.430   0.037 1
  32.904  87.073  75.737  33.078  87.073  75.593  32.852  87.395  75.681
0.86  0.86  0.86 7
   0.692   0.074   0.718   0.536   0.076   0.841   0.618   0.299   0.727 1
  32.852  87.395  75.681  33.078  87.073  75.593  33.041  87.408  75.541
0.86  0.86  0.86 7
   0.618   0.299   0.727   0.536   0.076   0.841   0.433   0.332   0.838 1
  33.041  87.408  75.541  33.078  87.073  75.593  33.326  87.376  75.432
0.86  0.86  0.86 7
   0.433   0.332   0.838   0.536   0.076   0.841   0.365   0.162   0.917 1
  33.326  87.376  75.432  33.078  87.073  75.593  33.335  87.073  75.451
0.86  0.86  0.86 7
   0.365   0.162   0.917   0.536   0.076   0.841   0.405  -0.052   0.913 1
  33.541  87.073  75.382  33.534  87.403  75.355  33.326  87.376  75.432
0.86  0.86  0.86 7
   0.354  -0.022   0.935   0.353   0.180   0.918   0.365   0.162   0.917 1
  33.541  87.073  75.382  33.326  87.376  75.432  33.335  87.073  75.451
0.86  0.86  0.86 7
   0.354  -0.022   0.935   0.365   0.162   0.917   0.405  -0.052   0.913 1
  29.668  87.599  75.360  29.567  87.394  75.378  29.633  87.609  75.703
0.86  0.86  0.86 7
  -0.850   0.489  -0.197  -0.885   0.429  -0.182  -0.864   0.503  -0.002 1
  29.633  87.609  75.703  29.567  87.394  75.378  29.535  87.408  75.703
0.86  0.86  0.86 7
  -0.864   0.503  -0.002  -0.885   0.429  -0.182  -0.914   0.407   0.006 1
  29.803  87.789  75.350  29.668  87.599  75.360  29.770  87.812  75.703
0.86  0.86  0.86 7
  -0.752   0.630  -0.194  -0.850   0.489  -0.197  -0.772   0.635   0.017 1
  29.770  87.812  75.703  29.668  87.599  75.360  29.633  87.609  75.703
0.86  0.86  0.86 7
  -0.772   0.635   0.017  -0.850   0.489  -0.197  -0.864   0.503  -0.002 1
  32.534  87.734  75.700  32.703  87.571  75.701  32.709  87.748  75.543
0.86  0.86  0.86 7
   0.545   0.662   0.514   0.617   0.510   0.600   0.442   0.594   0.672 1
  32.852  87.395  75.681  33.041  87.408  75.541  32.703  87.571  75.701
0.86  0.86  0.86 7
   0.618   0.299   0.727   0.433   0.332   0.838   0.617   0.510   0.600 1
  32.703  87.571  75.701  33.041  87.408  75.541  32.709  87.748  75.543
0.86  0.86  0.86 7
   0.617   0.510   0.600   0.433   0.332   0.838   0.442   0.594   0.672 1
  32.709  87.748  75.543  33.041  87.408  75.541  33.004  87.676  75.444
0.86  0.86  0.86 7
   0.442   0.594   0.672   0.433   0.332   0.838   0.310   0.514   0.800 1
  33.004  87.676  75.444  33.041  87.408  75.541  33.202  87.728  75.356
0.86  0.86  0.86 7
   0.310   0.514   0.800   0.433   0.332   0.838   0.275   0.451   0.849 1
  33.202  87.728  75.356  33.041  87.408  75.541  33.368  87.569  75.356
0.86  0.86  0.86 7
   0.275   0.451   0.849   0.433   0.332   0.838   0.337   0.322   0.885 1
  33.368  87.569  75.356  33.041  87.408  75.541  33.326  87.376  75.432
0.86  0.86  0.86 7
   0.337   0.322   0.885   0.433   0.332   0.838   0.365   0.162   0.917 1
  33.368  87.569  75.356  33.326  87.376  75.432  33.534  87.403  75.355
0.86  0.86  0.86 7
   0.337   0.322   0.885   0.365   0.162   0.917   0.353   0.180   0.918 1
  29.974  87.971  75.349  29.803  87.789  75.350  30.041  88.069  75.537
0.86  0.86  0.86 7
  -0.663   0.708  -0.244  -0.752   0.630  -0.194  -0.640   0.761  -0.110 1
  30.041  88.069  75.537  29.803  87.789  75.350  29.945  87.999  75.703
0.86  0.86  0.86 7
  -0.640   0.761  -0.110  -0.752   0.630  -0.194  -0.687   0.727  -0.022 1
  29.945  87.999  75.703  29.803  87.789  75.350  29.770  87.812  75.703
0.86  0.86  0.86 7
  -0.687   0.727  -0.022  -0.752   0.630  -0.194  -0.772   0.635   0.017 1
  30.041  88.069  75.537  30.168  88.124  75.356  29.974  87.971  75.349
0.86  0.86  0.86 7
  -0.640   0.761  -0.110  -0.535   0.819  -0.205  -0.663   0.708  -0.244 1
  32.422  87.998  75.437  32.220  88.111  75.383  32.165  88.025  75.679
0.86  0.86  0.86 7
   0.422   0.773   0.474   0.365   0.887   0.283   0.496   0.813   0.306 1
  32.422  87.998  75.437  32.165  88.025  75.679  32.354  87.889  75.690
0.86  0.86  0.86 7
   0.422   0.773   0.474   0.496   0.813   0.306   0.597   0.713   0.367 1
  32.708  87.912  75.377  32.422  87.998  75.437  32.709  87.748  75.543
0.86  0.86  0.86 7
   0.296   0.698   0.652   0.422   0.773   0.474   0.442   0.594   0.672 1
  32.709  87.748  75.543  32.422  87.998  75.437  32.534  87.734  75.700
0.86  0.86  0.86 7
   0.442   0.594   0.672   0.422   0.773   0.474   0.545   0.662   0.514 1
  32.534  87.734  75.700  32.422  87.998  75.437  32.354  87.889  75.690
0.86  0.86  0.86 7
   0.545   0.662   0.514   0.422   0.773   0.474   0.597   0.713   0.367 1
  33.016  87.862  75.303  32.708  87.912  75.377  33.004  87.676  75.444
0.86  0.86  0.86 7
   0.214   0.589   0.779   0.296   0.698   0.652   0.310   0.514   0.800 1
  33.004  87.676  75.444  32.708  87.912  75.377  32.709  87.748  75.543
0.86  0.86  0.86 7
   0.310   0.514   0.800   0.296   0.698   0.652   0.442   0.594   0.672 1
  33.016  87.862  75.303  33.004  87.676  75.444  33.202  87.728  75.356
0.86  0.86  0.86 7
   0.214   0.589   0.779   0.310   0.514   0.800   0.275   0.451   0.849 1
  29.945  87.999  75.703  30.110  88.131  75.703  30.041  88.069  75.537
0.86  0.86  0.86 7
  -0.687   0.727  -0.022  -0.539   0.842   0.012  -0.640   0.761  -0.110 1
  30.371  88.240  75.370  30.168  88.124  75.356  30.355  88.272  75.703
0.86  0.86  0.86 7
  -0.401   0.894  -0.199  -0.535   0.819  -0.205  -0.408   0.913   0.000 1
  30.110  88.131  75.703  30.355  88.272  75.703  30.168  88.124  75.356
0.86  0.86  0.86 7
  -0.539   0.842   0.012  -0.408   0.913   0.000  -0.535   0.819  -0.205 1
  30.110  88.131  75.703  30.168  88.124  75.356  30.041  88.069  75.537
0.86  0.86  0.86 7
  -0.539   0.842   0.012  -0.535   0.819  -0.205  -0.640   0.761  -0.110 1
  30.680  88.338  75.345  30.371  88.240  75.370  30.677  88.380  75.703
0.86  0.86  0.86 7
  -0.199   0.957  -0.209  -0.401   0.894  -0.199  -0.219   0.975   0.030 1
  30.677  88.380  75.703  30.371  88.240  75.370  30.355  88.272  75.703
0.86  0.86  0.86 7
  -0.219   0.975   0.030  -0.401   0.894  -0.199  -0.408   0.913   0.000 1
  31.038  88.376  75.343  30.680  88.338  75.345  31.038  88.409  75.536
0.86  0.86  0.86 7
   0.040   0.973  -0.229  -0.199   0.957  -0.209  -0.009   0.993  -0.115 1
  31.038  88.409  75.536  30.680  88.338  75.345  30.871  88.411  75.703
0.86  0.86  0.86 7
  -0.009   0.993  -0.115  -0.199   0.957  -0.209  -0.105   0.994  -0.019 1
  30.871  88.411  75.703  30.680  88.338  75.345  30.677  88.380  75.703
0.86  0.86  0.86 7
  -0.105   0.994  -0.019  -0.199   0.957  -0.209  -0.219   0.975   0.030 1
  31.395  88.333  75.347  31.038  88.376  75.343  31.398  88.375  75.703
0.86  0.86  0.86 7
   0.179   0.968  -0.173   0.040   0.973  -0.229   0.220   0.975   0.031 1
  31.398  88.375  75.703  31.038  88.376  75.343  31.205  88.408  75.703
0.86  0.86  0.86 7
   0.220   0.975   0.031   0.040   0.973  -0.229   0.126   0.991  -0.035 1
  31.205  88.408  75.703  31.038  88.376  75.343  31.038  88.409  75.536
0.86  0.86  0.86 7
   0.126   0.991  -0.035   0.040   0.973  -0.229  -0.009   0.993  -0.115 1
  31.709  88.258  75.370  31.395  88.333  75.347  31.716  88.261  75.703
0.86  0.86  0.86 7
   0.220   0.975  -0.019   0.179   0.968  -0.173   0.392   0.918   0.059 1
  31.716  88.261  75.703  31.395  88.333  75.347  31.398  88.375  75.703
0.86  0.86  0.86 7
   0.392   0.918   0.059   0.179   0.968  -0.173   0.220   0.975   0.031 1
  32.027  88.194  75.358  31.709  88.258  75.370  31.974  88.144  75.672
0.86  0.86  0.86 7
   0.238   0.962   0.135   0.220   0.975  -0.019   0.407   0.893   0.191 1
  31.974  88.144  75.672  31.709  88.258  75.370  31.716  88.261  75.703
0.86  0.86  0.86 7
   0.407   0.893   0.191   0.220   0.975  -0.019   0.392   0.918   0.059 1
  32.220  88.111  75.383  32.027  88.194  75.358  31.974  88.144  75.672
0.86  0.86  0.86 7
   0.365   0.887   0.283   0.238   0.962   0.135   0.407   0.893   0.191 1
  32.220  88.111  75.383  31.974  88.144  75.672  32.165  88.025  75.679
0.86  0.86  0.86 7
   0.365   0.887   0.283   0.407   0.893   0.191   0.496   0.813   0.306 1
  30.871  88.411  75.703  31.038  88.418  75.703  31.038  88.409  75.536
0.86  0.86  0.86 7
  -0.105   0.994  -0.019   0.008   1.000  -0.002  -0.009   0.993  -0.115 1
  31.038  88.418  75.703  31.205  88.408  75.703  31.038  88.409  75.536
0.86  0.86  0.86 7
   0.008   1.000  -0.002   0.126   0.991  -0.035  -0.009   0.993  -0.115 1
  28.707  83.414  75.867  28.532  83.383  75.709  28.729  83.323  75.667
0.86  0.86  0.86 7
  -0.103  -0.884   0.457  -0.278  -0.883   0.377  -0.080  -0.948   0.307 1
  28.729  83.323  75.667  29.006  83.346  75.658  29.034  83.423  75.866
0.86  0.86  0.86 7
  -0.080  -0.948   0.307   0.108  -0.943   0.315   0.133  -0.914   0.382 1
  28.729  83.323  75.667  29.034  83.423  75.866  28.707  83.414  75.867
0.86  0.86  0.86 7
  -0.080  -0.948   0.307   0.133  -0.914   0.382  -0.103  -0.884   0.457 1
  29.205  83.407  75.703  29.034  83.423  75.866  29.006  83.346  75.658
0.86  0.86  0.86 7
   0.151  -0.914   0.377   0.133  -0.914   0.382   0.108  -0.943   0.315 1
  29.704  83.455  75.836  29.538  83.410  75.702  29.736  83.352  75.656
0.86  0.86  0.86 7
  -0.129  -0.812   0.570  -0.084  -0.886   0.456  -0.154  -0.869   0.470 1
  29.736  83.352  75.656  30.045  83.289  75.675  30.043  83.424  75.857
0.86  0.86  0.86 7
  -0.154  -0.869   0.470  -0.137  -0.838   0.528  -0.089  -0.771   0.631 1
  29.736  83.352  75.656  30.043  83.424  75.857  29.704  83.455  75.836
0.86  0.86  0.86 7
  -0.154  -0.869   0.470  -0.089  -0.771   0.631  -0.129  -0.812   0.570 1
  30.045  83.289  75.675  30.371  83.272  75.680  30.371  83.412  75.864
0.86  0.86  0.86 7
  -0.137  -0.838   0.528   0.038  -0.839   0.544   0.045  -0.753   0.657 1
  30.045  83.289  75.675  30.371  83.412  75.864  30.043  83.424  75.857
0.86  0.86  0.86 7
  -0.137  -0.838   0.528   0.045  -0.753   0.657  -0.089  -0.771   0.631 1
  30.371  83.272  75.680  30.682  83.307  75.659  30.692  83.443  75.833
0.86  0.86  0.86 7
   0.038  -0.839   0.544   0.199  -0.829   0.522   0.203  -0.745   0.635 1
  30.371  83.272  75.680  30.692  83.443  75.833  30.371  83.412  75.864
0.86  0.86  0.86 7
   0.038  -0.839   0.544   0.203  -0.745   0.635   0.045  -0.753   0.657 1
  30.872  83.406  75.704  30.692  83.443  75.833  30.682  83.307  75.659
0.86  0.86  0.86 7
   0.336  -0.730   0.595   0.203  -0.745   0.635   0.199  -0.829   0.522 1
  28.034  83.734  75.873  27.890  83.762  75.692  28.064  83.612  75.690
0.86  0.86  0.86 7
  -0.577  -0.680   0.453  -0.673  -0.643   0.366  -0.522  -0.775   0.355 1
  28.064  83.612  75.690  28.327  83.484  75.748  28.383  83.606  76.015
0.86  0.86  0.86 7
  -0.522  -0.775   0.355  -0.428  -0.827   0.364  -0.351  -0.775   0.526 1
  28.064  83.612  75.690  28.383  83.606  76.015  28.200  83.733  76.041
0.86  0.86  0.86 7
  -0.522  -0.775   0.355  -0.351  -0.775   0.526  -0.476  -0.655   0.588 1
  28.064  83.612  75.690  28.200  83.733  76.041  28.034  83.734  75.873
0.86  0.86  0.86 7
  -0.522  -0.775   0.355  -0.476  -0.655   0.588  -0.577  -0.680   0.453 1
  28.327  83.484  75.748  28.532  83.383  75.709  28.383  83.606  76.015
0.86  0.86  0.86 7
  -0.428  -0.827   0.364  -0.278  -0.883   0.377  -0.351  -0.775   0.526 1
  28.694  83.537  76.062  28.383  83.606  76.015  28.532  83.383  75.709
0.86  0.86  0.86 7
  -0.167  -0.803   0.573  -0.351  -0.775   0.526  -0.278  -0.883   0.377 1
  28.694  83.537  76.062  28.532  83.383  75.709  28.707  83.414  75.867
0.86  0.86  0.86 7
  -0.167  -0.803   0.573  -0.278  -0.883   0.377  -0.103  -0.884   0.457 1
  28.694  83.537  76.062  28.707  83.414  75.867  29.038  83.522  76.073
0.86  0.86  0.86 7
  -0.167  -0.803   0.573  -0.103  -0.884   0.457   0.100  -0.845   0.526 1
  29.038  83.522  76.073  28.707  83.414  75.867  29.034  83.423  75.866
0.86  0.86  0.86 7
   0.100  -0.845   0.526  -0.103  -0.884   0.457   0.133  -0.914   0.382 1
  29.205  83.407  75.703  29.372  83.435  75.749  29.374  83.565  76.042
0.86  0.86  0.86 7
   0.151  -0.914   0.377   0.008  -0.920   0.392   0.096  -0.853   0.512 1
  29.205  83.407  75.703  29.374  83.565  76.042  29.038  83.522  76.073
0.86  0.86  0.86 7
   0.151  -0.914   0.377   0.096  -0.853   0.512   0.100  -0.845   0.526 1
  29.205  83.407  75.703  29.038  83.522  76.073  29.034  83.423  75.866
0.86  0.86  0.86 7
   0.151  -0.914   0.377   0.100  -0.845   0.526   0.133  -0.914   0.382 1
  29.372  83.435  75.749  29.538  83.410  75.702  29.374  83.565  76.042
0.86  0.86  0.86 7
   0.008  -0.920   0.392  -0.084  -0.886   0.456   0.096  -0.853   0.512 1
  29.705  83.594  76.022  29.374  83.565  76.042  29.538  83.410  75.702
0.86  0.86  0.86 7
   0.007  -0.770   0.637   0.096  -0.853   0.512  -0.084  -0.886   0.456 1
  29.705  83.594  76.022  29.538  83.410  75.702  29.704  83.455  75.836
0.86  0.86  0.86 7
   0.007  -0.770   0.637  -0.084  -0.886   0.456  -0.129  -0.812   0.570 1
  29.705  83.594  76.022  29.704  83.455  75.836  30.038  83.587  76.023
0.86  0.86  0.86 7
   0.007  -0.770   0.637  -0.129  -0.812   0.570  -0.040  -0.673   0.739 1
  30.038  83.587  76.023  29.704  83.455  75.836  30.043  83.424  75.857
0.86  0.86  0.86 7
  -0.040  -0.673   0.739  -0.129  -0.812   0.570  -0.089  -0.771   0.631 1
  30.038  83.587  76.023  30.043  83.424  75.857  30.371  83.579  76.031
0.86  0.86  0.86 7
  -0.040  -0.673   0.739  -0.089  -0.771   0.631   0.050  -0.652   0.756 1
  30.371  83.579  76.031  30.043  83.424  75.857  30.371  83.412  75.864
0.86  0.86  0.86 7
   0.050  -0.652   0.756  -0.089  -0.771   0.631   0.045  -0.753   0.657 1
  30.371  83.579  76.031  30.371  83.412  75.864  30.692  83.610  76.000
0.86  0.86  0.86 7
   0.050  -0.652   0.756   0.045  -0.753   0.657   0.228  -0.651   0.724 1
  30.692  83.610  76.000  30.371  83.412  75.864  30.692  83.443  75.833
0.86  0.86  0.86 7
   0.228  -0.651   0.724   0.045  -0.753   0.657   0.203  -0.745   0.635 1
  30.872  83.406  75.704  31.062  83.537  75.739  31.062  83.704  75.905
0.86  0.86  0.86 7
   0.336  -0.730   0.595   0.467  -0.679   0.567   0.423  -0.595   0.684 1
  30.872  83.406  75.704  31.062  83.704  75.905  30.871  83.741  76.035
0.86  0.86  0.86 7
   0.336  -0.730   0.595   0.423  -0.595   0.684   0.332  -0.545   0.770 1
  30.872  83.406  75.704  30.871  83.741  76.035  30.692  83.610  76.000
0.86  0.86  0.86 7
   0.336  -0.730   0.595   0.332  -0.545   0.770   0.228  -0.651   0.724 1
  30.872  83.406  75.704  30.692  83.610  76.000  30.692  83.443  75.833
0.86  0.86  0.86 7
   0.336  -0.730   0.595   0.228  -0.651   0.724   0.203  -0.745   0.635 1
  31.247  83.698  75.754  31.062  83.704  75.905  31.062  83.537  75.739
0.86  0.86  0.86 7
   0.553  -0.559   0.618   0.423  -0.595   0.684   0.467  -0.679   0.567 1
  27.726  84.087  75.856  27.624  84.110  75.679  27.740  83.936  75.685
0.86  0.86  0.86 7
  -0.747  -0.491   0.448  -0.839  -0.424   0.341  -0.754  -0.577   0.314 1
  27.740  83.936  75.685  27.890  83.762  75.692  27.726  84.087  75.856
0.86  0.86  0.86 7
  -0.754  -0.577   0.314  -0.673  -0.643   0.366  -0.747  -0.491   0.448 1
  27.726  84.087  75.856  27.890  83.762  75.692  27.864  84.068  76.041
0.86  0.86  0.86 7
  -0.747  -0.491   0.448  -0.673  -0.643   0.366  -0.680  -0.448   0.581 1
  27.864  84.068  76.041  27.890  83.762  75.692  28.021  83.890  76.050
0.86  0.86  0.86 7
  -0.680  -0.448   0.581  -0.673  -0.643   0.366  -0.604  -0.582   0.545 1
  28.021  83.890  76.050  27.890  83.762  75.692  28.034  83.734  75.873
0.86  0.86  0.86 7
  -0.604  -0.582   0.545  -0.673  -0.643   0.366  -0.577  -0.680   0.453 1
  28.200  83.733  76.041  28.021  83.890  76.050  28.034  83.734  75.873
0.86  0.86  0.86 7
  -0.476  -0.655   0.588  -0.604  -0.582   0.545  -0.577  -0.680   0.453 1
  31.047  83.897  76.051  30.871  83.741  76.035  31.062  83.704  75.905
0.86  0.86  0.86 7
   0.462  -0.473   0.750   0.332  -0.545   0.770   0.423  -0.595   0.684 1
  31.247  83.698  75.754  31.414  83.870  75.739  31.395  84.061  75.890
0.86  0.86  0.86 7
   0.553  -0.559   0.618   0.695  -0.457   0.555   0.673  -0.325   0.664 1
  31.247  83.698  75.754  31.395  84.061  75.890  31.210  84.070  76.043
0.86  0.86  0.86 7
   0.553  -0.559   0.618   0.673  -0.325   0.664   0.532  -0.361   0.766 1
  31.247  83.698  75.754  31.210  84.070  76.043  31.047  83.897  76.051
0.86  0.86  0.86 7
   0.553  -0.559   0.618   0.532  -0.361   0.766   0.462  -0.473   0.750 1
  31.247  83.698  75.754  31.047  83.897  76.051  31.062  83.704  75.905
0.86  0.86  0.86 7
   0.553  -0.559   0.618   0.462  -0.473   0.750   0.423  -0.595   0.684 1
  31.537  84.073  75.702  31.395  84.061  75.890  31.414  83.870  75.739
0.86  0.86  0.86 7
   0.789  -0.264   0.555   0.673  -0.325   0.664   0.695  -0.457   0.555 1
  27.519  84.402  75.713  27.624  84.110  75.679  27.639  84.440  75.969
0.86  0.86  0.86 7
  -0.901  -0.262   0.346  -0.839  -0.424   0.341  -0.830  -0.238   0.504 1
  27.639  84.440  75.969  27.624  84.110  75.679  27.735  84.255  76.011
0.86  0.86  0.86 7
  -0.830  -0.238   0.504  -0.839  -0.424   0.341  -0.779  -0.357   0.515 1
  27.735  84.255  76.011  27.624  84.110  75.679  27.726  84.087  75.856
0.86  0.86  0.86 7
  -0.779  -0.357   0.515  -0.839  -0.424   0.341  -0.747  -0.491   0.448 1
  27.864  84.068  76.041  27.735  84.255  76.011  27.726  84.087  75.856
0.86  0.86  0.86 7
  -0.680  -0.448   0.581  -0.779  -0.357   0.515  -0.747  -0.491   0.448 1
  31.210  84.070  76.043  31.395  84.061  75.890  31.260  84.384  76.114
0.86  0.86  0.86 7
   0.532  -0.361   0.766   0.673  -0.325   0.664   0.601  -0.201   0.773 1
  31.260  84.384  76.114  31.395  84.061  75.890  31.453  84.388  75.908
0.86  0.86  0.86 7
   0.601  -0.201   0.773   0.673  -0.325   0.664   0.797  -0.146   0.586 1
  31.537  84.073  75.702  31.561  84.400  75.719  31.453  84.388  75.908
0.86  0.86  0.86 7
   0.789  -0.264   0.555   0.800  -0.199   0.566   0.797  -0.146   0.586 1
  31.537  84.073  75.702  31.453  84.388  75.908  31.395  84.061  75.890
0.86  0.86  0.86 7
   0.789  -0.264   0.555   0.797  -0.146   0.586   0.673  -0.325   0.664 1
  27.469  84.740  75.738  27.519  84.402  75.713  27.601  84.740  75.995
0.86  0.86  0.86 7
  -0.933  -0.059   0.354  -0.901  -0.262   0.346  -0.852  -0.062   0.520 1
  27.601  84.740  75.995  27.519  84.402  75.713  27.639  84.440  75.969
0.86  0.86  0.86 7
  -0.852  -0.062   0.520  -0.901  -0.262   0.346  -0.830  -0.238   0.504 1
  31.383  84.571  76.050  31.260  84.384  76.114  31.453  84.388  75.908
0.86  0.86  0.86 7
   0.731  -0.193   0.654   0.601  -0.201   0.773   0.797  -0.146   0.586 1
  31.561  84.400  75.719  31.664  84.592  75.672  31.648  84.762  75.827
0.86  0.86  0.86 7
   0.800  -0.199   0.566   0.713  -0.349   0.608   0.744  -0.342   0.574 1
  31.561  84.400  75.719  31.648  84.762  75.827  31.498  84.755  75.997
0.86  0.86  0.86 7
   0.800  -0.199   0.566   0.744  -0.342   0.574   0.679  -0.310   0.665 1
  31.561  84.400  75.719  31.498  84.755  75.997  31.383  84.571  76.050
0.86  0.86  0.86 7
   0.800  -0.199   0.566   0.679  -0.310   0.665   0.731  -0.193   0.654 1
  31.561  84.400  75.719  31.383  84.571  76.050  31.453  84.388  75.908
0.86  0.86  0.86 7
   0.800  -0.199   0.566   0.731  -0.193   0.654   0.797  -0.146   0.586 1
  31.807  84.788  75.643  31.648  84.762  75.827  31.664  84.592  75.672
0.86  0.86  0.86 7
   0.658  -0.370   0.655   0.744  -0.342   0.574   0.713  -0.349   0.608 1
  27.486  85.086  75.730  27.469  84.740  75.738  27.608  85.050  75.990
0.86  0.86  0.86 7
  -0.918   0.172   0.358  -0.933  -0.059   0.354  -0.856   0.108   0.505 1
  27.608  85.050  75.990  27.469  84.740  75.738  27.601  84.740  75.995
0.86  0.86  0.86 7
  -0.856   0.108   0.505  -0.933  -0.059   0.354  -0.852  -0.062   0.520 1
  31.498  84.755  75.997  31.648  84.762  75.827  31.568  85.054  76.073
0.86  0.86  0.86 7
   0.679  -0.310   0.665   0.744  -0.342   0.574   0.667  -0.426   0.612 1
  31.568  85.054  76.073  31.648  84.762  75.827  31.722  85.064  75.885
0.86  0.86  0.86 7
   0.667  -0.426   0.612   0.744  -0.342   0.574   0.691  -0.384   0.612 1
  31.807  84.788  75.643  31.888  85.063  75.724  31.722  85.064  75.885
0.86  0.86  0.86 7
   0.658  -0.370   0.655   0.584  -0.455   0.672   0.691  -0.384   0.612 1
  31.807  84.788  75.643  31.722  85.064  75.885  31.648  84.762  75.827
0.86  0.86  0.86 7
   0.658  -0.370   0.655   0.691  -0.384   0.612   0.744  -0.342   0.574 1
  27.563  85.396  75.696  27.486  85.086  75.730  27.669  85.430  75.894
0.86  0.86  0.86 7
  -0.894   0.323   0.310  -0.918   0.172   0.358  -0.814   0.355   0.459 1
  27.669  85.430  75.894  27.486  85.086  75.730  27.693  85.245  76.046
0.86  0.86  0.86 7
  -0.814   0.355   0.459  -0.918   0.172   0.358  -0.760   0.268   0.592 1
  27.693  85.245  76.046  27.486  85.086  75.730  27.608  85.050  75.990
0.86  0.86  0.86 7
  -0.760   0.268   0.592  -0.918   0.172   0.358  -0.856   0.108   0.505 1
  27.693  85.245  76.046  27.816  85.443  76.092  27.669  85.430  75.894
0.86  0.86  0.86 7
  -0.760   0.268   0.592  -0.698   0.423   0.577  -0.814   0.355   0.459 1
  31.707  85.238  76.038  31.568  85.054  76.073  31.722  85.064  75.885
0.86  0.86  0.86 7
   0.673  -0.498   0.547   0.667  -0.426   0.612   0.691  -0.384   0.612 1
  31.888  85.063  75.724  32.043  85.234  75.711  32.033  85.413  75.863
0.86  0.86  0.86 7
   0.584  -0.455   0.672   0.477  -0.486   0.732   0.509  -0.590   0.627 1
  31.888  85.063  75.724  32.033  85.413  75.863  31.862  85.416  76.029
0.86  0.86  0.86 7
   0.584  -0.455   0.672   0.509  -0.590   0.627   0.590  -0.627   0.509 1
  31.888  85.063  75.724  31.862  85.416  76.029  31.707  85.238  76.038
0.86  0.86  0.86 7
   0.584  -0.455   0.672   0.590  -0.627   0.509   0.673  -0.498   0.547 1
  31.888  85.063  75.724  31.707  85.238  76.038  31.722  85.064  75.885
0.86  0.86  0.86 7
   0.584  -0.455   0.672   0.673  -0.498   0.547   0.691  -0.384   0.612 1
  32.216  85.387  75.726  32.033  85.413  75.863  32.043  85.234  75.711
0.86  0.86  0.86 7
   0.368  -0.608   0.703   0.509  -0.590   0.627   0.477  -0.486   0.732 1
  27.669  85.430  75.894  27.671  85.601  75.720  27.563  85.396  75.696
0.86  0.86  0.86 7
  -0.814   0.355   0.459  -0.792   0.481   0.376  -0.894   0.323   0.310 1
  27.820  85.791  75.738  27.671  85.601  75.720  27.915  85.696  76.002
0.86  0.86  0.86 7
  -0.689   0.626   0.365  -0.792   0.481   0.376  -0.666   0.537   0.518 1
  27.816  85.443  76.092  27.915  85.696  76.002  27.671  85.601  75.720
0.86  0.86  0.86 7
  -0.698   0.423   0.577  -0.666   0.537   0.518  -0.792   0.481   0.376 1
  27.816  85.443  76.092  27.671  85.601  75.720  27.669  85.430  75.894
0.86  0.86  0.86 7
  -0.698   0.423   0.577  -0.792   0.481   0.376  -0.814   0.355   0.459 1
  32.041  85.568  76.040  31.862  85.416  76.029  32.033  85.413  75.863
0.86  0.86  0.86 7
   0.457  -0.719   0.524   0.590  -0.627   0.509   0.509  -0.590   0.627 1
  32.216  85.387  75.726  32.410  85.526  75.767  32.405  85.690  75.917
0.86  0.86  0.86 7
   0.368  -0.608   0.703   0.402  -0.549   0.733   0.576  -0.468   0.670 1
  32.216  85.387  75.726  32.405  85.690  75.917  32.241  85.697  76.070
0.86  0.86  0.86 7
   0.368  -0.608   0.703   0.576  -0.468   0.670   0.588  -0.585   0.559 1
  32.216  85.387  75.726  32.241  85.697  76.070  32.041  85.568  76.040
0.86  0.86  0.86 7
   0.368  -0.608   0.703   0.588  -0.585   0.559   0.457  -0.719   0.524 1
  32.216  85.387  75.726  32.041  85.568  76.040  32.033  85.413  75.863
0.86  0.86  0.86 7
   0.368  -0.608   0.703   0.457  -0.719   0.524   0.509  -0.590   0.627 1
  32.410  85.526  75.767  32.682  85.590  75.665  32.634  85.775  75.766
0.86  0.86  0.86 7
   0.402  -0.549   0.733   0.395  -0.413   0.821   0.508  -0.352   0.786 1
  32.410  85.526  75.767  32.634  85.775  75.766  32.405  85.690  75.917
0.86  0.86  0.86 7
   0.402  -0.549   0.733   0.508  -0.352   0.786   0.576  -0.468   0.670 1
  32.829  85.739  75.646  32.634  85.775  75.766  32.682  85.590  75.665
0.86  0.86  0.86 7
   0.513  -0.260   0.818   0.508  -0.352   0.786   0.395  -0.413   0.821 1
  27.986  85.958  75.738  27.820  85.791  75.738  28.082  85.863  76.002
0.86  0.86  0.86 7
  -0.587   0.709   0.390  -0.689   0.626   0.365  -0.546   0.649   0.529 1
  28.082  85.863  76.002  27.820  85.791  75.738  27.915  85.696  76.002
0.86  0.86  0.86 7
  -0.546   0.649   0.529  -0.689   0.626   0.365  -0.666   0.537   0.518 1
  28.175  86.108  75.721  27.986  85.958  75.738  28.346  86.111  75.895
0.86  0.86  0.86 7
  -0.484   0.807   0.339  -0.587   0.709   0.390  -0.409   0.781   0.473 1
  28.346  86.111  75.895  27.986  85.958  75.738  28.334  85.963  76.093
0.86  0.86  0.86 7
  -0.409   0.781   0.473  -0.587   0.709   0.390  -0.358   0.685   0.634 1
  28.334  85.963  76.093  27.986  85.958  75.738  28.082  85.863  76.002
0.86  0.86  0.86 7
  -0.358   0.685   0.634  -0.587   0.709   0.390  -0.546   0.649   0.529 1
  28.334  85.963  76.093  28.531  86.087  76.048  28.346  86.111  75.895
0.86  0.86  0.86 7
  -0.358   0.685   0.634  -0.335   0.765   0.550  -0.409   0.781   0.473 1
  32.385  85.900  76.048  32.241  85.697  76.070  32.405  85.690  75.917
0.86  0.86  0.86 7
   0.662  -0.410   0.628   0.588  -0.585   0.559   0.576  -0.468   0.670 1
  32.385  85.900  76.048  32.405  85.690  75.917  32.524  86.084  76.023
0.86  0.86  0.86 7
   0.662  -0.410   0.628   0.576  -0.468   0.670   0.740  -0.352   0.574 1
  32.524  86.084  76.023  32.405  85.690  75.917  32.673  86.084  75.840
0.86  0.86  0.86 7
   0.740  -0.352   0.574   0.576  -0.468   0.670   0.683  -0.222   0.696 1
  32.673  86.084  75.840  32.405  85.690  75.917  32.634  85.775  75.766
0.86  0.86  0.86 7
   0.683  -0.222   0.696   0.576  -0.468   0.670   0.508  -0.352   0.786 1
  32.829  85.739  75.646  32.853  86.081  75.679  32.673  86.084  75.840
0.86  0.86  0.86 7
   0.513  -0.260   0.818   0.644  -0.079   0.761   0.683  -0.222   0.696 1
  32.829  85.739  75.646  32.673  86.084  75.840  32.634  85.775  75.766
0.86  0.86  0.86 7
   0.513  -0.260   0.818   0.683  -0.222   0.696   0.508  -0.352   0.786 1
  28.346  86.111  75.895  28.380  86.218  75.697  28.175  86.108  75.721
0.86  0.86  0.86 7
  -0.409   0.781   0.473  -0.381   0.858   0.345  -0.484   0.807   0.339 1
  28.666  86.314  75.741  28.380  86.218  75.697  28.724  86.211  76.018
0.86  0.86  0.86 7
  -0.451   0.829   0.331  -0.381   0.858   0.345  -0.412   0.701   0.582 1
  28.724  86.211  76.018  28.380  86.218  75.697  28.531  86.087  76.048
0.86  0.86  0.86 7
  -0.412   0.701   0.582  -0.381   0.858   0.345  -0.335   0.765   0.550 1
  28.531  86.087  76.048  28.380  86.218  75.697  28.346  86.111  75.895
0.86  0.86  0.86 7
  -0.335   0.765   0.550  -0.381   0.858   0.345  -0.409   0.781   0.473 1
  28.847  86.438  75.722  28.666  86.314  75.741  28.915  86.356  76.012
0.86  0.86  0.86 7
  -0.553   0.783   0.285  -0.451   0.829   0.331  -0.548   0.719   0.426 1
  28.915  86.356  76.012  28.666  86.314  75.741  28.724  86.211  76.018
0.86  0.86  0.86 7
  -0.548   0.719   0.426  -0.451   0.829   0.331  -0.412   0.701   0.582 1
  32.524  86.084  76.023  32.673  86.084  75.840  32.584  86.393  76.069
0.86  0.86  0.86 7
   0.740  -0.352   0.574   0.683  -0.222   0.696   0.845  -0.167   0.508 1
  32.584  86.393  76.069  32.673  86.084  75.840  32.706  86.406  75.871
0.86  0.86  0.86 7
   0.845  -0.167   0.508   0.683  -0.222   0.696   0.798  -0.107   0.593 1
  32.853  86.081  75.679  32.856  86.406  75.688  32.706  86.406  75.871
0.86  0.86  0.86 7
   0.644  -0.079   0.761   0.709  -0.062   0.702   0.798  -0.107   0.593 1
  32.853  86.081  75.679  32.706  86.406  75.871  32.673  86.084  75.840
0.86  0.86  0.86 7
   0.644  -0.079   0.761   0.798  -0.107   0.593   0.683  -0.222   0.696 1
  29.019  86.591  75.709  28.847  86.438  75.722  29.090  86.518  75.994
0.86  0.86  0.86 7
  -0.664   0.713   0.225  -0.553   0.783   0.285  -0.630   0.625   0.461 1
  29.090  86.518  75.994  28.847  86.438  75.722  28.915  86.356  76.012
0.86  0.86  0.86 7
  -0.630   0.625   0.461  -0.553   0.783   0.285  -0.548   0.719   0.426 1
  29.174  86.770  75.703  29.019  86.591  75.709  29.255  86.705  76.002
0.86  0.86  0.86 7
  -0.754   0.641   0.141  -0.664   0.713   0.225  -0.749   0.556   0.361 1
  29.255  86.705  76.002  29.019  86.591  75.709  29.090  86.518  75.994
0.86  0.86  0.86 7
  -0.749   0.556   0.361  -0.664   0.713   0.225  -0.630   0.625   0.461 1
  32.584  86.393  76.069  32.706  86.406  75.871  32.625  86.718  76.078
0.86  0.86  0.86 7
   0.845  -0.167   0.508   0.798  -0.107   0.593   0.875  -0.046   0.481 1
  32.625  86.718  76.078  32.706  86.406  75.871  32.735  86.731  75.891
0.86  0.86  0.86 7
   0.875  -0.046   0.481   0.798  -0.107   0.593   0.802  -0.078   0.592 1
  32.856  86.406  75.688  32.882  86.736  75.714  32.735  86.731  75.891
0.86  0.86  0.86 7
   0.709  -0.062   0.702   0.710  -0.100   0.697   0.802  -0.078   0.592 1
  32.856  86.406  75.688  32.735  86.731  75.891  32.706  86.406  75.871
0.86  0.86  0.86 7
   0.709  -0.062   0.702   0.802  -0.078   0.592   0.798  -0.107   0.593 1
  29.318  86.944  75.703  29.174  86.770  75.703  29.382  86.902  76.030
0.86  0.86  0.86 7
  -0.828   0.556   0.074  -0.754   0.641   0.141  -0.826   0.426   0.370 1
  29.382  86.902  76.030  29.174  86.770  75.703  29.255  86.705  76.002
0.86  0.86  0.86 7
  -0.826   0.426   0.370  -0.754   0.641   0.141  -0.749   0.556   0.361 1
  29.428  87.128  75.703  29.318  86.944  75.703  29.469  87.090  76.072
0.86  0.86  0.86 7
  -0.902   0.430   0.037  -0.828   0.556   0.074  -0.900   0.351   0.258 1
  29.469  87.090  76.072  29.318  86.944  75.703  29.382  86.902  76.030
0.86  0.86  0.86 7
  -0.900   0.351   0.258  -0.828   0.556   0.074  -0.826   0.426   0.370 1
  32.625  86.718  76.078  32.735  86.731  75.891  32.611  87.094  76.088
0.86  0.86  0.86 7
   0.875  -0.046   0.481   0.802  -0.078   0.592   0.845   0.157   0.511 1
  32.611  87.094  76.088  32.735  86.731  75.891  32.756  87.073  75.908
0.86  0.86  0.86 7
   0.845   0.157   0.511   0.802  -0.078   0.592   0.767   0.100   0.633 1
  32.882  86.736  75.714  32.904  87.073  75.737  32.756  87.073  75.908
0.86  0.86  0.86 7
   0.710  -0.100   0.697   0.692   0.074   0.718   0.767   0.100   0.633 1
  32.882  86.736  75.714  32.756  87.073  75.908  32.735  86.731  75.891
0.86  0.86  0.86 7
   0.710  -0.100   0.697   0.767   0.100   0.633   0.802  -0.078   0.592 1
  29.535  87.408  75.703  29.428  87.128  75.703  29.566  87.394  76.029
0.86  0.86  0.86 7
  -0.914   0.407   0.006  -0.902   0.430   0.037  -0.903   0.378   0.203 1
  29.566  87.394  76.029  29.428  87.128  75.703  29.469  87.090  76.072
0.86  0.86  0.86 7
  -0.903   0.378   0.203  -0.902   0.430   0.037  -0.900   0.351   0.258 1
  32.611  87.094  76.088  32.756  87.073  75.908  32.533  87.403  76.034
0.86  0.86  0.86 7
   0.845   0.157   0.511   0.767   0.100   0.633   0.758   0.365   0.540 1
  32.533  87.403  76.034  32.756  87.073  75.908  32.683  87.396  75.853
0.86  0.86  0.86 7
   0.758   0.365   0.540   0.767   0.100   0.633   0.706   0.332   0.626 1
  32.904  87.073  75.737  32.852  87.395  75.681  32.683  87.396  75.853
0.86  0.86  0.86 7
   0.692   0.074   0.718   0.618   0.299   0.727   0.706   0.332   0.626 1
  32.904  87.073  75.737  32.683  87.396  75.853  32.756  87.073  75.908
0.86  0.86  0.86 7
   0.692   0.074   0.718   0.706   0.332   0.626   0.767   0.100   0.633 1
  29.633  87.609  75.703  29.535  87.408  75.703  29.667  87.600  76.047
0.86  0.86  0.86 7
  -0.864   0.503  -0.002  -0.914   0.407   0.006  -0.847   0.492   0.202 1
  29.667  87.600  76.047  29.535  87.408  75.703  29.566  87.394  76.029
0.86  0.86  0.86 7
  -0.847   0.492   0.202  -0.914   0.407   0.006  -0.903   0.378   0.203 1
  29.770  87.812  75.703  29.633  87.609  75.703  29.802  87.790  76.057
0.86  0.86  0.86 7
  -0.772   0.635   0.017  -0.864   0.503  -0.002  -0.762   0.615   0.206 1
  29.802  87.790  76.057  29.633  87.609  75.703  29.667  87.600  76.047
0.86  0.86  0.86 7
  -0.762   0.615   0.206  -0.864   0.503  -0.002  -0.847   0.492   0.202 1
  32.255  87.789  76.053  32.401  87.598  76.052  32.379  87.749  75.875
0.86  0.86  0.86 7
   0.711   0.616   0.340   0.745   0.519   0.420   0.648   0.627   0.432 1
  32.703  87.571  75.701  32.534  87.734  75.700  32.379  87.749  75.875
0.86  0.86  0.86 7
   0.617   0.510   0.600   0.545   0.662   0.514   0.648   0.627   0.432 1
  32.703  87.571  75.701  32.379  87.749  75.875  32.401  87.598  76.052
0.86  0.86  0.86 7
   0.617   0.510   0.600   0.648   0.627   0.432   0.745   0.519   0.420 1
  32.703  87.571  75.701  32.401  87.598  76.052  32.533  87.403  76.034
0.86  0.86  0.86 7
   0.617   0.510   0.600   0.745   0.519   0.420   0.758   0.365   0.540 1
  32.703  87.571  75.701  32.533  87.403  76.034  32.683  87.396  75.853
0.86  0.86  0.86 7
   0.617   0.510   0.600   0.758   0.365   0.540   0.706   0.332   0.626 1
  32.703  87.571  75.701  32.683  87.396  75.853  32.852  87.395  75.681
0.86  0.86  0.86 7
   0.617   0.510   0.600   0.706   0.332   0.626   0.618   0.299   0.727 1
  29.945  87.999  75.703  29.770  87.812  75.703  30.041  88.070  75.869
0.86  0.86  0.86 7
  -0.687   0.727  -0.022  -0.772   0.635   0.017  -0.640   0.760   0.109 1
  30.041  88.070  75.869  29.770  87.812  75.703  29.973  87.972  76.058
0.86  0.86  0.86 7
  -0.640   0.760   0.109  -0.772   0.635   0.017  -0.656   0.722   0.219 1
  29.973  87.972  76.058  29.770  87.812  75.703  29.802  87.790  76.057
0.86  0.86  0.86 7
  -0.656   0.722   0.219  -0.772   0.635   0.017  -0.762   0.615   0.206 1
  29.973  87.972  76.058  30.168  88.125  76.052  30.041  88.070  75.869
0.86  0.86  0.86 7
  -0.656   0.722   0.219  -0.527   0.823   0.211  -0.640   0.760   0.109 1
  31.900  88.114  76.048  32.091  87.960  76.054  32.032  88.063  75.869
0.86  0.86  0.86 7
   0.529   0.820   0.220   0.623   0.726   0.293   0.527   0.823   0.210 1
  32.354  87.889  75.690  32.165  88.025  75.679  32.032  88.063  75.869
0.86  0.86  0.86 7
   0.597   0.713   0.367   0.496   0.813   0.306   0.527   0.823   0.210 1
  32.354  87.889  75.690  32.032  88.063  75.869  32.091  87.960  76.054
0.86  0.86  0.86 7
   0.597   0.713   0.367   0.527   0.823   0.210   0.623   0.726   0.293 1
  32.354  87.889  75.690  32.091  87.960  76.054  32.255  87.789  76.053
0.86  0.86  0.86 7
   0.597   0.713   0.367   0.623   0.726   0.293   0.711   0.616   0.340 1
  32.354  87.889  75.690  32.255  87.789  76.053  32.379  87.749  75.875
0.86  0.86  0.86 7
   0.597   0.713   0.367   0.711   0.616   0.340   0.648   0.627   0.432 1
  32.354  87.889  75.690  32.379  87.749  75.875  32.534  87.734  75.700
0.86  0.86  0.86 7
   0.597   0.713   0.367   0.648   0.627   0.432   0.545   0.662   0.514 1
  30.041  88.070  75.869  30.110  88.131  75.703  29.945  87.999  75.703
0.86  0.86  0.86 7
  -0.640   0.760   0.109  -0.539   0.842   0.012  -0.687   0.727  -0.022 1
  30.355  88.272  75.703  30.110  88.131  75.703  30.371  88.241  76.037
0.86  0.86  0.86 7
  -0.408   0.913   0.000  -0.539   0.842   0.012  -0.394   0.898   0.196 1
  30.371  88.241  76.037  30.110  88.131  75.703  30.168  88.125  76.052
0.86  0.86  0.86 7
  -0.394   0.898   0.196  -0.539   0.842   0.012  -0.527   0.823   0.211 1
  30.168  88.125  76.052  30.110  88.131  75.703  30.041  88.070  75.869
0.86  0.86  0.86 7
  -0.527   0.823   0.211  -0.539   0.842   0.012  -0.640   0.760   0.109 1
  30.677  88.380  75.703  30.355  88.272  75.703  30.680  88.340  76.062
0.86  0.86  0.86 7
  -0.219   0.975   0.030  -0.408   0.913   0.000  -0.210   0.954   0.216 1
  30.680  88.340  76.062  30.355  88.272  75.703  30.371  88.241  76.037
0.86  0.86  0.86 7
  -0.210   0.954   0.216  -0.408   0.913   0.000  -0.394   0.898   0.196 1
  30.871  88.411  75.703  30.677  88.380  75.703  31.038  88.410  75.870
0.86  0.86  0.86 7
  -0.105   0.994  -0.019  -0.219   0.975   0.030   0.008   0.992   0.124 1
  31.038  88.410  75.870  30.677  88.380  75.703  31.038  88.378  76.064
0.86  0.86  0.86 7
   0.008   0.992   0.124  -0.219   0.975   0.030   0.023   0.976   0.218 1
  31.038  88.378  76.064  30.677  88.380  75.703  30.680  88.340  76.062
0.86  0.86  0.86 7
   0.023   0.976   0.218  -0.219   0.975   0.030  -0.210   0.954   0.216 1
  31.398  88.375  75.703  31.205  88.408  75.703  31.038  88.410  75.870
0.86  0.86  0.86 7
   0.220   0.975   0.031   0.126   0.991  -0.035   0.008   0.992   0.124 1
  31.398  88.375  75.703  31.038  88.410  75.870  31.038  88.378  76.064
0.86  0.86  0.86 7
   0.220   0.975   0.031   0.008   0.992   0.124   0.023   0.976   0.218 1
  31.398  88.375  75.703  31.038  88.378  76.064  31.395  88.334  76.060
0.86  0.86  0.86 7
   0.220   0.975   0.031   0.023   0.976   0.218   0.238   0.944   0.228 1
  31.716  88.261  75.703  31.398  88.375  75.703  31.700  88.231  76.035
0.86  0.86  0.86 7
   0.392   0.918   0.059   0.220   0.975   0.031   0.395   0.902   0.173 1
  31.700  88.231  76.035  31.398  88.375  75.703  31.395  88.334  76.060
0.86  0.86  0.86 7
   0.395   0.902   0.173   0.220   0.975   0.031   0.238   0.944   0.228 1
  31.974  88.144  75.672  31.716  88.261  75.703  32.032  88.063  75.869
0.86  0.86  0.86 7
   0.407   0.893   0.191   0.392   0.918   0.059   0.527   0.823   0.210 1
  32.032  88.063  75.869  31.716  88.261  75.703  31.900  88.114  76.048
0.86  0.86  0.86 7
   0.527   0.823   0.210   0.392   0.918   0.059   0.529   0.820   0.220 1
  31.900  88.114  76.048  31.716  88.261  75.703  31.700  88.231  76.035
0.86  0.86  0.86 7
   0.529   0.820   0.220   0.392   0.918   0.059   0.395   0.902   0.173 1
  31.974  88.144  75.672  32.032  88.063  75.869  32.165  88.025  75.679
0.86  0.86  0.86 7
   0.407   0.893   0.191   0.527   0.823   0.210   0.496   0.813   0.306 1
  31.038  88.410  75.870  31.038  88.418  75.703  30.871  88.411  75.703
0.86  0.86  0.86 7
   0.008   0.992   0.124   0.008   1.000  -0.002  -0.105   0.994  -0.019 1
  31.038  88.418  75.703  31.038  88.410  75.870  31.205  88.408  75.703
0.86  0.86  0.86 7
   0.008   1.000  -0.002   0.008   0.992   0.124   0.126   0.991  -0.035 1
  28.379  83.756  76.190  28.200  83.733  76.041  28.383  83.606  76.015
0.86  0.86  0.86 7
  -0.337  -0.662   0.670  -0.476  -0.655   0.588  -0.351  -0.775   0.526 1
  28.383  83.606  76.015  28.694  83.537  76.062  28.689  83.694  76.249
0.86  0.86  0.86 7
  -0.351  -0.775   0.526  -0.167  -0.803   0.573  -0.161  -0.707   0.688 1
  28.383  83.606  76.015  28.689  83.694  76.249  28.379  83.756  76.190
0.86  0.86  0.86 7
  -0.351  -0.775   0.526  -0.161  -0.707   0.688  -0.337  -0.662   0.670 1
  28.694  83.537  76.062  29.038  83.522  76.073  29.038  83.679  76.264
0.86  0.86  0.86 7
  -0.167  -0.803   0.573   0.100  -0.845   0.526   0.050  -0.717   0.695 1
  28.694  83.537  76.062  29.038  83.679  76.264  28.689  83.694  76.249
0.86  0.86  0.86 7
  -0.167  -0.803   0.573   0.050  -0.717   0.695  -0.161  -0.707   0.688 1
  29.038  83.522  76.073  29.374  83.565  76.042  29.379  83.718  76.225
0.86  0.86  0.86 7
   0.100  -0.845   0.526   0.096  -0.853   0.512   0.203  -0.658   0.725 1
  29.038  83.522  76.073  29.379  83.718  76.225  29.038  83.679  76.264
0.86  0.86  0.86 7
   0.100  -0.845   0.526   0.203  -0.658   0.725   0.050  -0.717   0.695 1
  29.374  83.565  76.042  29.705  83.594  76.022  29.702  83.746  76.194
0.86  0.86  0.86 7
   0.096  -0.853   0.512   0.007  -0.770   0.637   0.121  -0.613   0.781 1
  29.374  83.565  76.042  29.702  83.746  76.194  29.379  83.718  76.225
0.86  0.86  0.86 7
   0.096  -0.853   0.512   0.121  -0.613   0.781   0.203  -0.658   0.725 1
  29.705  83.594  76.022  30.038  83.587  76.023  30.038  83.771  76.159
0.86  0.86  0.86 7
   0.007  -0.770   0.637  -0.040  -0.673   0.739   0.023  -0.562   0.827 1
  29.705  83.594  76.022  30.038  83.771  76.159  29.702  83.746  76.194
0.86  0.86  0.86 7
   0.007  -0.770   0.637   0.023  -0.562   0.827   0.121  -0.613   0.781 1
  30.038  83.587  76.023  30.371  83.579  76.031  30.371  83.765  76.168
0.86  0.86  0.86 7
  -0.040  -0.673   0.739   0.050  -0.652   0.756   0.053  -0.531   0.846 1
  30.038  83.587  76.023  30.371  83.765  76.168  30.038  83.771  76.159
0.86  0.86  0.86 7
  -0.040  -0.673   0.739   0.053  -0.531   0.846   0.023  -0.562   0.827 1
  30.371  83.579  76.031  30.692  83.610  76.000  30.681  83.787  76.132
0.86  0.86  0.86 7
   0.050  -0.652   0.756   0.228  -0.651   0.724   0.196  -0.535   0.822 1
  30.371  83.579  76.031  30.681  83.787  76.132  30.371  83.765  76.168
0.86  0.86  0.86 7
   0.050  -0.652   0.756   0.196  -0.535   0.822   0.053  -0.531   0.846 1
  30.871  83.741  76.035  30.681  83.787  76.132  30.692  83.610  76.000
0.86  0.86  0.86 7
   0.332  -0.545   0.770   0.196  -0.535   0.822   0.228  -0.651   0.724 1
  28.031  84.067  76.211  27.864  84.068  76.041  28.021  83.890  76.050
0.86  0.86  0.86 7
  -0.557  -0.496   0.666  -0.680  -0.448   0.581  -0.604  -0.582   0.545 1
  28.021  83.890  76.050  28.200  83.733  76.041  28.031  84.067  76.211
0.86  0.86  0.86 7
  -0.604  -0.582   0.545  -0.476  -0.655   0.588  -0.557  -0.496   0.666 1
  28.031  84.067  76.211  28.200  83.733  76.041  28.214  84.083  76.355
0.86  0.86  0.86 7
  -0.557  -0.496   0.666  -0.476  -0.655   0.588  -0.472  -0.451   0.758 1
  28.214  84.083  76.355  28.200  83.733  76.041  28.384  83.928  76.344
0.86  0.86  0.86 7
  -0.472  -0.451   0.758  -0.476  -0.655   0.588  -0.360  -0.564   0.743 1
  28.384  83.928  76.344  28.200  83.733  76.041  28.379  83.756  76.190
0.86  0.86  0.86 7
  -0.360  -0.564   0.743  -0.476  -0.655   0.588  -0.337  -0.662   0.670 1
  28.384  83.928  76.344  28.379  83.756  76.190  28.693  83.877  76.411
0.86  0.86  0.86 7
  -0.360  -0.564   0.743  -0.337  -0.662   0.670  -0.162  -0.595   0.787 1
  28.693  83.877  76.411  28.379  83.756  76.190  28.689  83.694  76.249
0.86  0.86  0.86 7
  -0.162  -0.595   0.787  -0.337  -0.662   0.670  -0.161  -0.707   0.688 1
  28.693  83.877  76.411  28.689  83.694  76.249  29.038  83.865  76.428
0.86  0.86  0.86 7
  -0.162  -0.595   0.787  -0.161  -0.707   0.688   0.048  -0.605   0.795 1
  29.038  83.865  76.428  28.689  83.694  76.249  29.038  83.679  76.264
0.86  0.86  0.86 7
   0.048  -0.605   0.795  -0.161  -0.707   0.688   0.050  -0.717   0.695 1
  29.038  83.865  76.428  29.038  83.679  76.264  29.375  83.896  76.384
0.86  0.86  0.86 7
   0.048  -0.605   0.795   0.050  -0.717   0.695   0.254  -0.598   0.760 1
  29.375  83.896  76.384  29.038  83.679  76.264  29.379  83.718  76.225
0.86  0.86  0.86 7
   0.254  -0.598   0.760   0.050  -0.717   0.695   0.203  -0.658   0.725 1
  29.375  83.896  76.384  29.379  83.718  76.225  29.553  84.052  76.406
0.86  0.86  0.86 7
   0.254  -0.598   0.760   0.203  -0.658   0.725   0.338  -0.387   0.858 1
  29.553  84.052  76.406  29.379  83.718  76.225  29.735  84.013  76.324
0.86  0.86  0.86 7
   0.338  -0.387   0.858   0.203  -0.658   0.725   0.170  -0.425   0.889 1
  29.735  84.013  76.324  29.379  83.718  76.225  29.702  83.746  76.194
0.86  0.86  0.86 7
   0.170  -0.425   0.889   0.203  -0.658   0.725   0.121  -0.613   0.781 1
  29.735  84.013  76.324  29.702  83.746  76.194  30.038  84.027  76.295
0.86  0.86  0.86 7
   0.170  -0.425   0.889   0.121  -0.613   0.781   0.046  -0.407   0.912 1
  30.038  84.027  76.295  29.702  83.746  76.194  30.038  83.771  76.159
0.86  0.86  0.86 7
   0.046  -0.407   0.912   0.121  -0.613   0.781   0.023  -0.562   0.827 1
  30.038  84.027  76.295  30.038  83.771  76.159  30.371  84.022  76.305
0.86  0.86  0.86 7
   0.046  -0.407   0.912   0.023  -0.562   0.827   0.079  -0.379   0.922 1
  30.371  84.022  76.305  30.038  83.771  76.159  30.371  83.765  76.168
0.86  0.86  0.86 7
   0.079  -0.379   0.922   0.023  -0.562   0.827   0.053  -0.531   0.846 1
  30.371  84.022  76.305  30.371  83.765  76.168  30.719  84.045  76.260
0.86  0.86  0.86 7
   0.079  -0.379   0.922   0.053  -0.531   0.846   0.248  -0.380   0.891 1
  30.719  84.045  76.260  30.371  83.765  76.168  30.681  83.787  76.132
0.86  0.86  0.86 7
   0.248  -0.380   0.891   0.053  -0.531   0.846   0.196  -0.535   0.822 1
  30.871  83.741  76.035  31.047  83.897  76.051  31.021  84.084  76.164
0.86  0.86  0.86 7
   0.332  -0.545   0.770   0.462  -0.473   0.750   0.395  -0.366   0.843 1
  30.871  83.741  76.035  31.021  84.084  76.164  30.719  84.045  76.260
0.86  0.86  0.86 7
   0.332  -0.545   0.770   0.395  -0.366   0.843   0.248  -0.380   0.891 1
  30.871  83.741  76.035  30.719  84.045  76.260  30.681  83.787  76.132
0.86  0.86  0.86 7
   0.332  -0.545   0.770   0.248  -0.380   0.891   0.196  -0.535   0.822 1
  31.210  84.070  76.043  31.021  84.084  76.164  31.047  83.897  76.051
0.86  0.86  0.86 7
   0.532  -0.361   0.766   0.395  -0.366   0.843   0.462  -0.473   0.750 1
  27.765  84.430  76.143  27.639  84.440  75.969  27.735  84.255  76.011
0.86  0.86  0.86 7
  -0.729  -0.248   0.638  -0.830  -0.238   0.504  -0.779  -0.357   0.515 1
  27.735  84.255  76.011  27.864  84.068  76.041  27.765  84.430  76.143
0.86  0.86  0.86 7
  -0.779  -0.357   0.515  -0.680  -0.448   0.581  -0.729  -0.248   0.638 1
  27.765  84.430  76.143  27.864  84.068  76.041  27.930  84.430  76.311
0.86  0.86  0.86 7
  -0.729  -0.248   0.638  -0.680  -0.448   0.581  -0.640  -0.248   0.727 1
  27.930  84.430  76.311  27.864  84.068  76.041  28.060  84.253  76.344
0.86  0.86  0.86 7
  -0.640  -0.248   0.727  -0.680  -0.448   0.581  -0.582  -0.361   0.729 1
  28.060  84.253  76.344  27.864  84.068  76.041  28.031  84.067  76.211
0.86  0.86  0.86 7
  -0.582  -0.361   0.729  -0.680  -0.448   0.581  -0.557  -0.496   0.666 1
  28.214  84.083  76.355  28.060  84.253  76.344  28.031  84.067  76.211
0.86  0.86  0.86 7
  -0.472  -0.451   0.758  -0.582  -0.361   0.729  -0.557  -0.496   0.666 1
  29.716  84.235  76.417  29.553  84.052  76.406  29.735  84.013  76.324
0.86  0.86  0.86 7
   0.169  -0.258   0.951   0.338  -0.387   0.858   0.170  -0.425   0.889 1
  29.716  84.235  76.417  29.735  84.013  76.324  30.038  84.239  76.378
0.86  0.86  0.86 7
   0.169  -0.258   0.951   0.170  -0.425   0.889   0.053  -0.282   0.958 1
  30.038  84.239  76.378  29.735  84.013  76.324  30.038  84.027  76.295
0.86  0.86  0.86 7
   0.053  -0.282   0.958   0.170  -0.425   0.889   0.046  -0.407   0.912 1
  30.038  84.239  76.378  30.038  84.027  76.295  30.371  84.238  76.378
0.86  0.86  0.86 7
   0.053  -0.282   0.958   0.046  -0.407   0.912   0.049  -0.292   0.955 1
  30.371  84.238  76.378  30.038  84.027  76.295  30.371  84.022  76.305
0.86  0.86  0.86 7
   0.049  -0.292   0.955   0.046  -0.407   0.912   0.079  -0.379   0.922 1
  30.371  84.238  76.378  30.371  84.022  76.305  30.541  84.400  76.399
0.86  0.86  0.86 7
   0.049  -0.292   0.955   0.079  -0.379   0.922   0.154  -0.188   0.970 1
  30.541  84.400  76.399  30.371  84.022  76.305  30.742  84.370  76.352
0.86  0.86  0.86 7
   0.154  -0.188   0.970   0.079  -0.379   0.922   0.264  -0.212   0.941 1
  30.742  84.370  76.352  30.371  84.022  76.305  30.719  84.045  76.260
0.86  0.86  0.86 7
   0.264  -0.212   0.941   0.079  -0.379   0.922   0.248  -0.380   0.891 1
  30.742  84.370  76.352  30.719  84.045  76.260  31.055  84.398  76.238
0.86  0.86  0.86 7
   0.264  -0.212   0.941   0.248  -0.380   0.891   0.424  -0.222   0.878 1
  31.055  84.398  76.238  30.719  84.045  76.260  31.021  84.084  76.164
0.86  0.86  0.86 7
   0.424  -0.222   0.878   0.248  -0.380   0.891   0.395  -0.366   0.843 1
  31.210  84.070  76.043  31.260  84.384  76.114  31.055  84.398  76.238
0.86  0.86  0.86 7
   0.532  -0.361   0.766   0.601  -0.201   0.773   0.424  -0.222   0.878 1
  31.210  84.070  76.043  31.055  84.398  76.238  31.021  84.084  76.164
0.86  0.86  0.86 7
   0.532  -0.361   0.766   0.424  -0.222   0.878   0.395  -0.366   0.843 1
  27.601  84.740  75.995  27.639  84.440  75.969  27.735  84.740  76.182
0.86  0.86  0.86 7
  -0.852  -0.062   0.520  -0.830  -0.238   0.504  -0.765  -0.056   0.642 1
  27.735  84.740  76.182  27.639  84.440  75.969  27.765  84.430  76.143
0.86  0.86  0.86 7
  -0.765  -0.056   0.642  -0.830  -0.238   0.504  -0.729  -0.248   0.638 1
  27.735  84.740  76.182  27.765  84.430  76.143  27.896  84.740  76.346
0.86  0.86  0.86 7
  -0.765  -0.056   0.642  -0.729  -0.248   0.638  -0.662  -0.060   0.747 1
  27.896  84.740  76.346  27.765  84.430  76.143  27.930  84.430  76.311
0.86  0.86  0.86 7
  -0.662  -0.060   0.747  -0.729  -0.248   0.638  -0.640  -0.248   0.727 1
  30.708  84.571  76.387  30.541  84.400  76.399  30.742  84.370  76.352
0.86  0.86  0.86 7
   0.233  -0.155   0.960   0.154  -0.188   0.970   0.264  -0.212   0.941 1
  30.708  84.571  76.387  30.742  84.370  76.352  30.872  84.739  76.374
0.86  0.86  0.86 7
   0.233  -0.155   0.960   0.264  -0.212   0.941   0.293  -0.224   0.930 1
  30.872  84.739  76.374  30.742  84.370  76.352  31.076  84.720  76.279
0.86  0.86  0.86 7
   0.293  -0.224   0.930   0.264  -0.212   0.941   0.435  -0.254   0.864 1
  31.076  84.720  76.279  30.742  84.370  76.352  31.055  84.398  76.238
0.86  0.86  0.86 7
   0.435  -0.254   0.864   0.264  -0.212   0.941   0.424  -0.222   0.878 1
  31.260  84.384  76.114  31.383  84.571  76.050  31.329  84.760  76.139
0.86  0.86  0.86 7
   0.601  -0.201   0.773   0.731  -0.193   0.654   0.576  -0.246   0.779 1
  31.260  84.384  76.114  31.329  84.760  76.139  31.076  84.720  76.279
0.86  0.86  0.86 7
   0.601  -0.201   0.773   0.576  -0.246   0.779   0.435  -0.254   0.864 1
  31.260  84.384  76.114  31.076  84.720  76.279  31.055  84.398  76.238
0.86  0.86  0.86 7
   0.601  -0.201   0.773   0.435  -0.254   0.864   0.424  -0.222   0.878 1
  31.498  84.755  75.997  31.329  84.760  76.139  31.383  84.571  76.050
0.86  0.86  0.86 7
   0.679  -0.310   0.665   0.576  -0.246   0.779   0.731  -0.193   0.654 1
  27.608  85.050  75.990  27.601  84.740  75.995  27.745  85.061  76.174
0.86  0.86  0.86 7
  -0.856   0.108   0.505  -0.852  -0.062   0.520  -0.767   0.114   0.631 1
  27.745  85.061  76.174  27.601  84.740  75.995  27.735  84.740  76.182
0.86  0.86  0.86 7
  -0.767   0.114   0.631  -0.852  -0.062   0.520  -0.765  -0.056   0.642 1
  27.745  85.061  76.174  27.735  84.740  76.182  27.905  85.062  76.336
0.86  0.86  0.86 7
  -0.767   0.114   0.631  -0.765  -0.056   0.642  -0.675   0.144   0.723 1
  27.905  85.062  76.336  27.735  84.740  76.182  27.896  84.740  76.346
0.86  0.86  0.86 7
  -0.675   0.144   0.723  -0.765  -0.056   0.642  -0.662  -0.060   0.747 1
  31.037  84.908  76.365  30.872  84.739  76.374  31.076  84.720  76.279
0.86  0.86  0.86 7
   0.330  -0.307   0.893   0.293  -0.224   0.930   0.435  -0.254   0.864 1
  31.037  84.908  76.365  31.076  84.720  76.279  31.203  85.075  76.367
0.86  0.86  0.86 7
   0.330  -0.307   0.893   0.435  -0.254   0.864   0.364  -0.434   0.824 1
  31.203  85.075  76.367  31.076  84.720  76.279  31.392  85.053  76.235
0.86  0.86  0.86 7
   0.364  -0.434   0.824   0.435  -0.254   0.864   0.554  -0.391   0.735 1
  31.392  85.053  76.235  31.076  84.720  76.279  31.329  84.760  76.139
0.86  0.86  0.86 7
   0.554  -0.391   0.735   0.435  -0.254   0.864   0.576  -0.246   0.779 1
  31.498  84.755  75.997  31.568  85.054  76.073  31.392  85.053  76.235
0.86  0.86  0.86 7
   0.679  -0.310   0.665   0.667  -0.426   0.612   0.554  -0.391   0.735 1
  31.498  84.755  75.997  31.392  85.053  76.235  31.329  84.760  76.139
0.86  0.86  0.86 7
   0.679  -0.310   0.665   0.554  -0.391   0.735   0.576  -0.246   0.779 1
  27.745  85.061  76.174  27.693  85.245  76.046  27.608  85.050  75.990
0.86  0.86  0.86 7
  -0.767   0.114   0.631  -0.760   0.268   0.592  -0.856   0.108   0.505 1
  27.816  85.443  76.092  27.693  85.245  76.046  27.982  85.444  76.259
0.86  0.86  0.86 7
  -0.698   0.423   0.577  -0.760   0.268   0.592  -0.585   0.411   0.699 1
  27.982  85.444  76.259  27.693  85.245  76.046  28.025  85.247  76.385
0.86  0.86  0.86 7
  -0.585   0.411   0.699  -0.760   0.268   0.592  -0.567   0.266   0.780 1
  28.025  85.247  76.385  27.693  85.245  76.046  27.905  85.062  76.336
0.86  0.86  0.86 7
  -0.567   0.266   0.780  -0.760   0.268   0.592  -0.675   0.144   0.723 1
  27.905  85.062  76.336  27.693  85.245  76.046  27.745  85.061  76.174
0.86  0.86  0.86 7
  -0.675   0.144   0.723  -0.760   0.268   0.592  -0.767   0.114   0.631 1
  28.025  85.247  76.385  28.176  85.435  76.413  27.982  85.444  76.259
0.86  0.86  0.86 7
  -0.567   0.266   0.780  -0.492   0.389   0.779  -0.585   0.411   0.699 1
  31.372  85.239  76.371  31.203  85.075  76.367  31.392  85.053  76.235
0.86  0.86  0.86 7
   0.511  -0.519   0.685   0.364  -0.434   0.824   0.554  -0.391   0.735 1
  31.568  85.054  76.073  31.707  85.238  76.038  31.713  85.396  76.213
0.86  0.86  0.86 7
   0.667  -0.426   0.612   0.673  -0.498   0.547   0.649  -0.568   0.506 1
  31.568  85.054  76.073  31.713  85.396  76.213  31.548  85.396  76.378
0.86  0.86  0.86 7
   0.667  -0.426   0.612   0.649  -0.568   0.506   0.478  -0.633   0.609 1
  31.568  85.054  76.073  31.548  85.396  76.378  31.372  85.239  76.371
0.86  0.86  0.86 7
   0.667  -0.426   0.612   0.478  -0.633   0.609   0.511  -0.519   0.685 1
  31.568  85.054  76.073  31.372  85.239  76.371  31.392  85.053  76.235
0.86  0.86  0.86 7
   0.667  -0.426   0.612   0.511  -0.519   0.685   0.554  -0.391   0.735 1
  31.862  85.416  76.029  31.713  85.396  76.213  31.707  85.238  76.038
0.86  0.86  0.86 7
   0.590  -0.627   0.509   0.649  -0.568   0.506   0.673  -0.498   0.547 1
  27.915  85.696  76.002  27.816  85.443  76.092  28.080  85.706  76.162
0.86  0.86  0.86 7
  -0.666   0.537   0.518  -0.698   0.423   0.577  -0.560   0.525   0.641 1
  28.080  85.706  76.162  27.816  85.443  76.092  27.982  85.444  76.259
0.86  0.86  0.86 7
  -0.560   0.525   0.641  -0.698   0.423   0.577  -0.585   0.411   0.699 1
  28.080  85.706  76.162  27.982  85.444  76.259  28.333  85.797  76.261
0.86  0.86  0.86 7
  -0.560   0.525   0.641  -0.585   0.411   0.699  -0.291   0.600   0.745 1
  28.333  85.797  76.261  27.982  85.444  76.259  28.347  85.603  76.412
0.86  0.86  0.86 7
  -0.291   0.600   0.745  -0.585   0.411   0.699  -0.250   0.553   0.795 1
  28.347  85.603  76.412  27.982  85.444  76.259  28.176  85.435  76.413
0.86  0.86  0.86 7
  -0.250   0.553   0.795  -0.585   0.411   0.699  -0.492   0.389   0.779 1
  28.333  85.797  76.261  28.347  85.603  76.412  28.704  85.596  76.403
0.86  0.86  0.86 7
  -0.291   0.600   0.745  -0.250   0.553   0.795  -0.061   0.595   0.802 1
  28.333  85.797  76.261  28.704  85.596  76.403  28.704  85.783  76.292
0.86  0.86  0.86 7
  -0.291   0.600   0.745  -0.061   0.595   0.802  -0.130   0.482   0.866 1
  28.704  85.783  76.292  28.704  85.596  76.403  29.019  85.619  76.435
0.86  0.86  0.86 7
  -0.130   0.482   0.866  -0.061   0.595   0.802  -0.195   0.528   0.827 1
  28.704  85.783  76.292  29.019  85.619  76.435  29.007  85.799  76.324
0.86  0.86  0.86 7
  -0.130   0.482   0.866  -0.195   0.528   0.827  -0.255   0.389   0.885 1
  29.019  85.619  76.435  29.189  85.761  76.407  29.007  85.799  76.324
0.86  0.86  0.86 7
  -0.195   0.528   0.827  -0.358   0.461   0.812  -0.255   0.389   0.885 1
  31.723  85.545  76.388  31.548  85.396  76.378  31.713  85.396  76.213
0.86  0.86  0.86 7
   0.549  -0.685   0.479   0.478  -0.633   0.609   0.649  -0.568   0.506 1
  31.862  85.416  76.029  32.041  85.568  76.040  32.067  85.689  76.226
0.86  0.86  0.86 7
   0.590  -0.627   0.509   0.457  -0.719   0.524   0.535  -0.708   0.461 1
  31.862  85.416  76.029  32.067  85.689  76.226  31.912  85.682  76.403
0.86  0.86  0.86 7
   0.590  -0.627   0.509   0.535  -0.708   0.461   0.549  -0.661   0.512 1
  31.862  85.416  76.029  31.912  85.682  76.403  31.723  85.545  76.388
0.86  0.86  0.86 7
   0.590  -0.627   0.509   0.549  -0.661   0.512   0.549  -0.685   0.479 1
  31.862  85.416  76.029  31.723  85.545  76.388  31.713  85.396  76.213
0.86  0.86  0.86 7
   0.590  -0.627   0.509   0.549  -0.685   0.479   0.649  -0.568   0.506 1
  32.241  85.697  76.070  32.067  85.689  76.226  32.041  85.568  76.040
0.86  0.86  0.86 7
   0.588  -0.585   0.559   0.535  -0.708   0.461   0.457  -0.719   0.524 1
  28.080  85.706  76.162  28.082  85.863  76.002  27.915  85.696  76.002
0.86  0.86  0.86 7
  -0.560   0.525   0.641  -0.546   0.649   0.529  -0.666   0.537   0.518 1
  28.334  85.963  76.093  28.082  85.863  76.002  28.333  85.797  76.261
0.86  0.86  0.86 7
  -0.358   0.685   0.634  -0.546   0.649   0.529  -0.291   0.600   0.745 1
  28.333  85.797  76.261  28.082  85.863  76.002  28.080  85.706  76.162
0.86  0.86  0.86 7
  -0.291   0.600   0.745  -0.546   0.649   0.529  -0.560   0.525   0.641 1
  28.531  86.087  76.048  28.334  85.963  76.093  28.717  86.049  76.183
0.86  0.86  0.86 7
  -0.335   0.765   0.550  -0.358   0.685   0.634  -0.259   0.585   0.769 1
  28.704  85.783  76.292  28.717  86.049  76.183  28.334  85.963  76.093
0.86  0.86  0.86 7
  -0.130   0.482   0.866  -0.259   0.585   0.769  -0.358   0.685   0.634 1
  28.704  85.783  76.292  28.334  85.963  76.093  28.333  85.797  76.261
0.86  0.86  0.86 7
  -0.130   0.482   0.866  -0.358   0.685   0.634  -0.291   0.600   0.745 1
  28.717  86.049  76.183  28.704  85.783  76.292  29.032  86.079  76.228
0.86  0.86  0.86 7
  -0.259   0.585   0.769  -0.130   0.482   0.866  -0.308   0.357   0.882 1
  29.032  86.079  76.228  28.704  85.783  76.292  29.007  85.799  76.324
0.86  0.86  0.86 7
  -0.308   0.357   0.882  -0.130   0.482   0.866  -0.255   0.389   0.885 1
  29.032  86.079  76.228  29.007  85.799  76.324  29.309  86.103  76.327
0.86  0.86  0.86 7
  -0.308   0.357   0.882  -0.255   0.389   0.885  -0.430   0.209   0.878 1
  29.309  86.103  76.327  29.007  85.799  76.324  29.349  85.923  76.408
0.86  0.86  0.86 7
  -0.430   0.209   0.878  -0.255   0.389   0.885  -0.424   0.320   0.847 1
  29.349  85.923  76.408  29.007  85.799  76.324  29.189  85.761  76.407
0.86  0.86  0.86 7
  -0.424   0.320   0.847  -0.255   0.389   0.885  -0.358   0.461   0.812 1
  29.349  85.923  76.408  29.489  86.092  76.439  29.309  86.103  76.327
0.86  0.86  0.86 7
  -0.424   0.320   0.847  -0.587   0.194   0.786  -0.430   0.209   0.878 1
  32.093  85.852  76.406  31.912  85.682  76.403  32.067  85.689  76.226
0.86  0.86  0.86 7
   0.612  -0.597   0.520   0.549  -0.661   0.512   0.535  -0.708   0.461 1
  32.241  85.697  76.070  32.385  85.900  76.048  32.371  86.073  76.203
0.86  0.86  0.86 7
   0.588  -0.585   0.559   0.662  -0.410   0.628   0.732  -0.449   0.513 1
  32.241  85.697  76.070  32.371  86.073  76.203  32.246  86.045  76.397
0.86  0.86  0.86 7
   0.588  -0.585   0.559   0.732  -0.449   0.513   0.750  -0.427   0.505 1
  32.241  85.697  76.070  32.246  86.045  76.397  32.093  85.852  76.406
0.86  0.86  0.86 7
   0.588  -0.585   0.559   0.750  -0.427   0.505   0.612  -0.597   0.520 1
  32.241  85.697  76.070  32.093  85.852  76.406  32.067  85.689  76.226
0.86  0.86  0.86 7
   0.588  -0.585   0.559   0.612  -0.597   0.520   0.535  -0.708   0.461 1
  32.524  86.084  76.023  32.371  86.073  76.203  32.385  85.900  76.048
0.86  0.86  0.86 7
   0.740  -0.352   0.574   0.732  -0.449   0.513   0.662  -0.410   0.628 1
  28.717  86.049  76.183  28.724  86.211  76.018  28.531  86.087  76.048
0.86  0.86  0.86 7
  -0.259   0.585   0.769  -0.412   0.701   0.582  -0.335   0.765   0.550 1
  28.915  86.356  76.012  28.724  86.211  76.018  29.071  86.370  76.151
0.86  0.86  0.86 7
  -0.548   0.719   0.426  -0.412   0.701   0.582  -0.506   0.534   0.677 1
  29.032  86.079  76.228  29.071  86.370  76.151  28.724  86.211  76.018
0.86  0.86  0.86 7
  -0.308   0.357   0.882  -0.506   0.534   0.677  -0.412   0.701   0.582 1
  29.032  86.079  76.228  28.724  86.211  76.018  28.717  86.049  76.183
0.86  0.86  0.86 7
  -0.308   0.357   0.882  -0.412   0.701   0.582  -0.259   0.585   0.769 1
  29.071  86.370  76.151  29.032  86.079  76.228  29.324  86.406  76.298
0.86  0.86  0.86 7
  -0.506   0.534   0.677  -0.308   0.357   0.882  -0.558   0.283   0.780 1
  29.324  86.406  76.298  29.032  86.079  76.228  29.309  86.103  76.327
0.86  0.86  0.86 7
  -0.558   0.283   0.780  -0.308   0.357   0.882  -0.430   0.209   0.878 1
  29.324  86.406  76.298  29.309  86.103  76.327  29.509  86.406  76.410
0.86  0.86  0.86 7
  -0.558   0.283   0.780  -0.430   0.209   0.878  -0.618   0.075   0.782 1
  29.509  86.406  76.410  29.309  86.103  76.327  29.489  86.092  76.439
0.86  0.86  0.86 7
  -0.618   0.075   0.782  -0.430   0.209   0.878  -0.587   0.194   0.786 1
  32.366  86.242  76.367  32.246  86.045  76.397  32.371  86.073  76.203
0.86  0.86  0.86 7
   0.786  -0.371   0.494   0.750  -0.427   0.505   0.732  -0.449   0.513 1
  32.524  86.084  76.023  32.584  86.393  76.069  32.447  86.432  76.331
0.86  0.86  0.86 7
   0.740  -0.352   0.574   0.845  -0.167   0.508   0.860  -0.205   0.468 1
  32.524  86.084  76.023  32.447  86.432  76.331  32.366  86.242  76.367
0.86  0.86  0.86 7
   0.740  -0.352   0.574   0.860  -0.205   0.468   0.786  -0.371   0.494 1
  32.524  86.084  76.023  32.366  86.242  76.367  32.371  86.073  76.203
0.86  0.86  0.86 7
   0.740  -0.352   0.574   0.786  -0.371   0.494   0.732  -0.449   0.513 1
  29.071  86.370  76.151  29.090  86.518  75.994  28.915  86.356  76.012
0.86  0.86  0.86 7
  -0.506   0.534   0.677  -0.630   0.625   0.461  -0.548   0.719   0.426 1
  29.255  86.705  76.002  29.090  86.518  75.994  29.381  86.734  76.199
0.86  0.86  0.86 7
  -0.749   0.556   0.361  -0.630   0.625   0.461  -0.731   0.445   0.517 1
  29.324  86.406  76.298  29.381  86.734  76.199  29.090  86.518  75.994
0.86  0.86  0.86 7
  -0.558   0.283   0.780  -0.731   0.445   0.517  -0.630   0.625   0.461 1
  29.324  86.406  76.298  29.090  86.518  75.994  29.071  86.370  76.151
0.86  0.86  0.86 7
  -0.558   0.283   0.780  -0.630   0.625   0.461  -0.506   0.534   0.677 1
  29.381  86.734  76.199  29.324  86.406  76.298  29.526  86.743  76.379
0.86  0.86  0.86 7
  -0.731   0.445   0.517  -0.558   0.283   0.780  -0.780   0.218   0.586 1
  29.526  86.743  76.379  29.324  86.406  76.298  29.509  86.406  76.410
0.86  0.86  0.86 7
  -0.780   0.218   0.586  -0.558   0.283   0.780  -0.618   0.075   0.782 1
  32.584  86.393  76.069  32.625  86.718  76.078  32.492  86.740  76.347
0.86  0.86  0.86 7
   0.845  -0.167   0.508   0.875  -0.046   0.481   0.886  -0.048   0.461 1
  32.584  86.393  76.069  32.492  86.740  76.347  32.447  86.432  76.331
0.86  0.86  0.86 7
   0.845  -0.167   0.508   0.886  -0.048   0.461   0.860  -0.205   0.468 1
  29.381  86.734  76.199  29.382  86.902  76.030  29.255  86.705  76.002
0.86  0.86  0.86 7
  -0.731   0.445   0.517  -0.826   0.426   0.370  -0.749   0.556   0.361 1
  29.469  87.090  76.072  29.382  86.902  76.030  29.577  87.062  76.353
0.86  0.86  0.86 7
  -0.900   0.351   0.258  -0.826   0.426   0.370  -0.873   0.238   0.426 1
  29.526  86.743  76.379  29.577  87.062  76.353  29.382  86.902  76.030
0.86  0.86  0.86 7
  -0.780   0.218   0.586  -0.873   0.238   0.426  -0.826   0.426   0.370 1
  29.526  86.743  76.379  29.382  86.902  76.030  29.381  86.734  76.199
0.86  0.86  0.86 7
  -0.780   0.218   0.586  -0.826   0.426   0.370  -0.731   0.445   0.517 1
  32.625  86.718  76.078  32.611  87.094  76.088  32.478  87.056  76.344
0.86  0.86  0.86 7
   0.875  -0.046   0.481   0.845   0.157   0.511   0.881   0.099   0.463 1
  32.625  86.718  76.078  32.478  87.056  76.344  32.492  86.740  76.347
0.86  0.86  0.86 7
   0.875  -0.046   0.481   0.881   0.099   0.463   0.886  -0.048   0.461 1
  29.566  87.394  76.029  29.469  87.090  76.072  29.652  87.374  76.321
0.86  0.86  0.86 7
  -0.903   0.378   0.203  -0.900   0.351   0.258  -0.872   0.330   0.363 1
  29.652  87.374  76.321  29.469  87.090  76.072  29.577  87.062  76.353
0.86  0.86  0.86 7
  -0.872   0.330   0.363  -0.900   0.351   0.258  -0.873   0.238   0.426 1
  32.307  87.458  76.421  32.408  87.255  76.391  32.415  87.431  76.222
0.86  0.86  0.86 7
   0.777   0.432   0.457   0.832   0.282   0.478   0.823   0.387   0.415 1
  32.611  87.094  76.088  32.533  87.403  76.034  32.415  87.431  76.222
0.86  0.86  0.86 7
   0.845   0.157   0.511   0.758   0.365   0.540   0.823   0.387   0.415 1
  32.611  87.094  76.088  32.415  87.431  76.222  32.408  87.255  76.391
0.86  0.86  0.86 7
   0.845   0.157   0.511   0.823   0.387   0.415   0.832   0.282   0.478 1
  32.611  87.094  76.088  32.408  87.255  76.391  32.478  87.056  76.344
0.86  0.86  0.86 7
   0.845   0.157   0.511   0.832   0.282   0.478   0.881   0.099   0.463 1
  29.667  87.600  76.047  29.566  87.394  76.029  29.744  87.547  76.344
0.86  0.86  0.86 7
  -0.847   0.492   0.202  -0.903   0.378   0.203  -0.782   0.461   0.420 1
  29.744  87.547  76.344  29.566  87.394  76.029  29.652  87.374  76.321
0.86  0.86  0.86 7
  -0.782   0.461   0.420  -0.903   0.378   0.203  -0.872   0.330   0.363 1
  29.802  87.790  76.057  29.667  87.600  76.047  29.881  87.733  76.363
0.86  0.86  0.86 7
  -0.762   0.615   0.206  -0.847   0.492   0.202  -0.730   0.571   0.375 1
  29.881  87.733  76.363  29.667  87.600  76.047  29.744  87.547  76.344
0.86  0.86  0.86 7
  -0.730   0.571   0.375  -0.847   0.492   0.202  -0.782   0.461   0.420 1
  32.401  87.598  76.052  32.255  87.789  76.053  32.181  87.724  76.354
0.86  0.86  0.86 7
   0.745   0.519   0.420   0.711   0.616   0.340   0.731   0.559   0.391 1
  32.401  87.598  76.052  32.181  87.724  76.354  32.307  87.458  76.421
0.86  0.86  0.86 7
   0.745   0.519   0.420   0.731   0.559   0.391   0.777   0.432   0.457 1
  32.401  87.598  76.052  32.307  87.458  76.421  32.415  87.431  76.222
0.86  0.86  0.86 7
   0.745   0.519   0.420   0.777   0.432   0.457   0.823   0.387   0.415 1
  32.401  87.598  76.052  32.415  87.431  76.222  32.533  87.403  76.034
0.86  0.86  0.86 7
   0.745   0.519   0.420   0.823   0.387   0.415   0.758   0.365   0.540 1
  29.973  87.972  76.058  29.802  87.790  76.057  30.043  87.901  76.366
0.86  0.86  0.86 7
  -0.656   0.722   0.219  -0.762   0.615   0.206  -0.589   0.683   0.432 1
  30.043  87.901  76.366  29.802  87.790  76.057  29.881  87.733  76.363
0.86  0.86  0.86 7
  -0.589   0.683   0.432  -0.762   0.615   0.206  -0.730   0.571   0.375 1
  30.168  88.125  76.052  29.973  87.972  76.058  30.222  88.047  76.352
0.86  0.86  0.86 7
  -0.527   0.823   0.211  -0.656   0.722   0.219  -0.529   0.759   0.379 1
  30.222  88.047  76.352  29.973  87.972  76.058  30.043  87.901  76.366
0.86  0.86  0.86 7
  -0.529   0.759   0.379  -0.656   0.722   0.219  -0.589   0.683   0.432 1
  32.091  87.960  76.054  31.900  88.114  76.048  31.847  88.037  76.346
0.86  0.86  0.86 7
   0.623   0.726   0.293   0.529   0.820   0.220   0.539   0.753   0.377 1
  32.091  87.960  76.054  31.847  88.037  76.346  32.023  87.891  76.358
0.86  0.86  0.86 7
   0.623   0.726   0.293   0.539   0.753   0.377   0.596   0.678   0.430 1
  32.255  87.789  76.053  32.091  87.960  76.054  32.023  87.891  76.358
0.86  0.86  0.86 7
   0.711   0.616   0.340   0.623   0.726   0.293   0.596   0.678   0.430 1
  32.255  87.789  76.053  32.023  87.891  76.358  32.181  87.724  76.354
0.86  0.86  0.86 7
   0.711   0.616   0.340   0.596   0.678   0.430   0.731   0.559   0.391 1
  30.371  88.241  76.037  30.168  88.125  76.052  30.395  88.158  76.335
0.86  0.86  0.86 7
  -0.394   0.898   0.196  -0.527   0.823   0.211  -0.378   0.844   0.381 1
  30.395  88.158  76.335  30.168  88.125  76.052  30.222  88.047  76.352
0.86  0.86  0.86 7
  -0.378   0.844   0.381  -0.527   0.823   0.211  -0.529   0.759   0.379 1
  30.680  88.340  76.062  30.371  88.241  76.037  30.705  88.239  76.370
0.86  0.86  0.86 7
  -0.210   0.954   0.216  -0.394   0.898   0.196  -0.193   0.897   0.397 1
  30.705  88.239  76.370  30.371  88.241  76.037  30.395  88.158  76.335
0.86  0.86  0.86 7
  -0.193   0.897   0.397  -0.394   0.898   0.196  -0.378   0.844   0.381 1
  31.038  88.378  76.064  30.680  88.340  76.062  31.038  88.268  76.384
0.86  0.86  0.86 7
   0.023   0.976   0.218  -0.210   0.954   0.216   0.008   0.913   0.408 1
  31.038  88.268  76.384  30.680  88.340  76.062  30.705  88.239  76.370
0.86  0.86  0.86 7
   0.008   0.913   0.408  -0.210   0.954   0.216  -0.193   0.897   0.397 1
  31.395  88.334  76.060  31.038  88.378  76.064  31.370  88.234  76.367
0.86  0.86  0.86 7
   0.238   0.944   0.228   0.023   0.976   0.218   0.204   0.891   0.407 1
  31.370  88.234  76.367  31.038  88.378  76.064  31.038  88.268  76.384
0.86  0.86  0.86 7
   0.204   0.891   0.407   0.023   0.976   0.218   0.008   0.913   0.408 1
  31.700  88.231  76.035  31.395  88.334  76.060  31.666  88.149  76.344
0.86  0.86  0.86 7
   0.395   0.902   0.173   0.238   0.944   0.228   0.391   0.847   0.359 1
  31.666  88.149  76.344  31.395  88.334  76.060  31.370  88.234  76.367
0.86  0.86  0.86 7
   0.391   0.847   0.359   0.238   0.944   0.228   0.204   0.891   0.407 1
  31.900  88.114  76.048  31.700  88.231  76.035  31.666  88.149  76.344
0.86  0.86  0.86 7
   0.529   0.820   0.220   0.395   0.902   0.173   0.391   0.847   0.359 1
  31.900  88.114  76.048  31.666  88.149  76.344  31.847  88.037  76.346
0.86  0.86  0.86 7
   0.529   0.820   0.220   0.391   0.847   0.359   0.539   0.753   0.377 1
  28.393  84.115  76.473  28.214  84.083  76.355  28.384  83.928  76.344
0.86  0.86  0.86 7
  -0.333  -0.428   0.840  -0.472  -0.451   0.758  -0.360  -0.564   0.743 1
  28.384  83.928  76.344  28.693  83.877  76.411  28.704  84.072  76.539
0.86  0.86  0.86 7
  -0.360  -0.564   0.743  -0.162  -0.595   0.787  -0.156  -0.462   0.873 1
  28.384  83.928  76.344  28.704  84.072  76.539  28.393  84.115  76.473
0.86  0.86  0.86 7
  -0.360  -0.564   0.743  -0.156  -0.462   0.873  -0.333  -0.428   0.840 1
  28.693  83.877  76.411  29.038  83.865  76.428  29.038  84.064  76.556
0.86  0.86  0.86 7
  -0.162  -0.595   0.787   0.048  -0.605   0.795   0.073  -0.437   0.897 1
  28.693  83.877  76.411  29.038  84.064  76.556  28.704  84.072  76.539
0.86  0.86  0.86 7
  -0.162  -0.595   0.787   0.073  -0.437   0.897  -0.156  -0.462   0.873 1
  29.038  83.865  76.428  29.375  83.896  76.384  29.364  84.088  76.514
0.86  0.86  0.86 7
   0.048  -0.605   0.795   0.254  -0.598   0.760   0.256  -0.408   0.877 1
  29.038  83.865  76.428  29.364  84.088  76.514  29.038  84.064  76.556
0.86  0.86  0.86 7
   0.048  -0.605   0.795   0.256  -0.408   0.877   0.073  -0.437   0.897 1
  29.553  84.052  76.406  29.364  84.088  76.514  29.375  83.896  76.384
0.86  0.86  0.86 7
   0.338  -0.387   0.858   0.256  -0.408   0.877   0.254  -0.598   0.760 1
  28.100  84.438  76.443  27.930  84.430  76.311  28.060  84.253  76.344
0.86  0.86  0.86 7
  -0.508  -0.243   0.827  -0.640  -0.248   0.727  -0.582  -0.361   0.729 1
  28.060  84.253  76.344  28.214  84.083  76.355  28.100  84.438  76.443
0.86  0.86  0.86 7
  -0.582  -0.361   0.729  -0.472  -0.451   0.758  -0.508  -0.243   0.827 1
  28.354  84.398  76.571  28.100  84.438  76.443  28.214  84.083  76.355
0.86  0.86  0.86 7
  -0.369  -0.251   0.895  -0.508  -0.243   0.827  -0.472  -0.451   0.758 1
  28.354  84.398  76.571  28.214  84.083  76.355  28.393  84.115  76.473
0.86  0.86  0.86 7
  -0.369  -0.251   0.895  -0.472  -0.451   0.758  -0.333  -0.428   0.840 1
  28.354  84.398  76.571  28.393  84.115  76.473  28.674  84.375  76.660
0.86  0.86  0.86 7
  -0.369  -0.251   0.895  -0.333  -0.428   0.840  -0.164  -0.298   0.940 1
  28.674  84.375  76.660  28.393  84.115  76.473  28.704  84.072  76.539
0.86  0.86  0.86 7
  -0.164  -0.298   0.940  -0.333  -0.428   0.840  -0.156  -0.462   0.873 1
  28.674  84.375  76.660  28.704  84.072  76.539  29.038  84.359  76.679
0.86  0.86  0.86 7
  -0.164  -0.298   0.940  -0.156  -0.462   0.873   0.165  -0.297   0.941 1
  29.038  84.359  76.679  28.704  84.072  76.539  29.038  84.064  76.556
0.86  0.86  0.86 7
   0.165  -0.297   0.941  -0.156  -0.462   0.873   0.073  -0.437   0.897 1
  29.038  84.359  76.679  29.038  84.064  76.556  29.391  84.397  76.572
0.86  0.86  0.86 7
   0.165  -0.297   0.941   0.073  -0.437   0.897   0.329  -0.201   0.923 1
  29.391  84.397  76.572  29.038  84.064  76.556  29.364  84.088  76.514
0.86  0.86  0.86 7
   0.329  -0.201   0.923   0.073  -0.437   0.897   0.256  -0.408   0.877 1
  29.553  84.052  76.406  29.716  84.235  76.417  29.683  84.426  76.460
0.86  0.86  0.86 7
   0.338  -0.387   0.858   0.169  -0.258   0.951   0.213  -0.176   0.961 1
  29.553  84.052  76.406  29.683  84.426  76.460  29.391  84.397  76.572
0.86  0.86  0.86 7
   0.338  -0.387   0.858   0.213  -0.176   0.961   0.329  -0.201   0.923 1
  29.553  84.052  76.406  29.391  84.397  76.572  29.364  84.088  76.514
0.86  0.86  0.86 7
   0.338  -0.387   0.858   0.329  -0.201   0.923   0.256  -0.408   0.877 1
  29.716  84.235  76.417  30.038  84.239  76.378  30.037  84.438  76.414
0.86  0.86  0.86 7
   0.169  -0.258   0.951   0.053  -0.282   0.958   0.064  -0.146   0.987 1
  29.716  84.235  76.417  30.037  84.438  76.414  29.683  84.426  76.460
0.86  0.86  0.86 7
   0.169  -0.258   0.951   0.064  -0.146   0.987   0.213  -0.176   0.961 1
  30.038  84.239  76.378  30.371  84.238  76.378  30.372  84.435  76.423
0.86  0.86  0.86 7
   0.053  -0.282   0.958   0.049  -0.292   0.955   0.033  -0.144   0.989 1
  30.038  84.239  76.378  30.372  84.435  76.423  30.037  84.438  76.414
0.86  0.86  0.86 7
   0.053  -0.282   0.958   0.033  -0.144   0.989   0.064  -0.146   0.987 1
  30.541  84.400  76.399  30.372  84.435  76.423  30.371  84.238  76.378
0.86  0.86  0.86 7
   0.154  -0.188   0.970   0.033  -0.144   0.989   0.049  -0.292   0.955 1
  27.896  84.740  76.346  27.930  84.430  76.311  28.075  84.740  76.482
0.86  0.86  0.86 7
  -0.662  -0.060   0.747  -0.640  -0.248   0.727  -0.539  -0.058   0.840 1
  28.075  84.740  76.482  27.930  84.430  76.311  28.100  84.438  76.443
0.86  0.86  0.86 7
  -0.539  -0.058   0.840  -0.640  -0.248   0.727  -0.508  -0.243   0.827 1
  28.075  84.740  76.482  28.100  84.438  76.443  28.329  84.740  76.621
0.86  0.86  0.86 7
  -0.539  -0.058   0.840  -0.508  -0.243   0.827  -0.406  -0.056   0.912 1
  28.329  84.740  76.621  28.100  84.438  76.443  28.354  84.398  76.571
0.86  0.86  0.86 7
  -0.406  -0.056   0.912  -0.508  -0.243   0.827  -0.369  -0.251   0.895 1
  28.329  84.740  76.621  28.354  84.398  76.571  28.541  84.740  76.693
0.86  0.86  0.86 7
  -0.406  -0.056   0.912  -0.369  -0.251   0.895  -0.265  -0.059   0.962 1
  28.541  84.740  76.693  28.354  84.398  76.571  28.703  84.572  76.711
0.86  0.86  0.86 7
  -0.265  -0.059   0.962  -0.369  -0.251   0.895  -0.156  -0.167   0.974 1
  28.703  84.572  76.711  28.354  84.398  76.571  28.674  84.375  76.660
0.86  0.86  0.86 7
  -0.156  -0.167   0.974  -0.369  -0.251   0.895  -0.164  -0.298   0.940 1
  28.703  84.572  76.711  28.674  84.375  76.660  29.038  84.570  76.729
0.86  0.86  0.86 7
  -0.156  -0.167   0.974  -0.164  -0.298   0.940   0.031  -0.184   0.982 1
  29.038  84.570  76.729  28.674  84.375  76.660  29.038  84.359  76.679
0.86  0.86  0.86 7
   0.031  -0.184   0.982  -0.164  -0.298   0.940   0.165  -0.297   0.941 1
  29.038  84.570  76.729  29.038  84.359  76.679  29.208  84.740  76.730
0.86  0.86  0.86 7
   0.031  -0.184   0.982   0.165  -0.297   0.941   0.270  -0.092   0.959 1
  29.208  84.740  76.730  29.038  84.359  76.679  29.408  84.722  76.607
0.86  0.86  0.86 7
   0.270  -0.092   0.959   0.165  -0.297   0.941   0.366  -0.146   0.919 1
  29.408  84.722  76.607  29.038  84.359  76.679  29.391  84.397  76.572
0.86  0.86  0.86 7
   0.366  -0.146   0.919   0.165  -0.297   0.941   0.329  -0.201   0.923 1
  29.408  84.722  76.607  29.391  84.397  76.572  29.695  84.749  76.502
0.86  0.86  0.86 7
   0.366  -0.146   0.919   0.329  -0.201   0.923   0.248  -0.170   0.954 1
  29.695  84.749  76.502  29.391  84.397  76.572  29.683  84.426  76.460
0.86  0.86  0.86 7
   0.248  -0.170   0.954   0.329  -0.201   0.923   0.213  -0.176   0.961 1
  29.695  84.749  76.502  29.683  84.426  76.460  30.038  84.759  76.460
0.86  0.86  0.86 7
   0.248  -0.170   0.954   0.213  -0.176   0.961   0.103  -0.153   0.983 1
  30.038  84.759  76.460  29.683  84.426  76.460  30.037  84.438  76.414
0.86  0.86  0.86 7
   0.103  -0.153   0.983   0.213  -0.176   0.961   0.064  -0.146   0.987 1
  30.038  84.759  76.460  30.037  84.438  76.414  30.371  84.740  76.438
0.86  0.86  0.86 7
   0.103  -0.153   0.983   0.064  -0.146   0.987   0.034  -0.114   0.993 1
  30.371  84.740  76.438  30.037  84.438  76.414  30.372  84.435  76.423
0.86  0.86  0.86 7
   0.034  -0.114   0.993   0.064  -0.146   0.987   0.033  -0.144   0.989 1
  30.541  84.400  76.399  30.708  84.571  76.387  30.678  84.768  76.431
0.86  0.86  0.86 7
   0.154  -0.188   0.970   0.233  -0.155   0.960   0.166  -0.177   0.970 1
  30.541  84.400  76.399  30.678  84.768  76.431  30.371  84.740  76.438
0.86  0.86  0.86 7
   0.154  -0.188   0.970   0.166  -0.177   0.970   0.034  -0.114   0.993 1
  30.541  84.400  76.399  30.371  84.740  76.438  30.372  84.435  76.423
0.86  0.86  0.86 7
   0.154  -0.188   0.970   0.034  -0.114   0.993   0.033  -0.144   0.989 1
  30.872  84.739  76.374  30.678  84.768  76.431  30.708  84.571  76.387
0.86  0.86  0.86 7
   0.293  -0.224   0.930   0.166  -0.177   0.970   0.233  -0.155   0.960 1
  27.905  85.062  76.336  27.896  84.740  76.346  28.079  85.053  76.475
0.86  0.86  0.86 7
  -0.675   0.144   0.723  -0.662  -0.060   0.747  -0.553   0.109   0.826 1
  28.079  85.053  76.475  27.896  84.740  76.346  28.075  84.740  76.482
0.86  0.86  0.86 7
  -0.553   0.109   0.826  -0.662  -0.060   0.747  -0.539  -0.058   0.840 1
  28.079  85.053  76.475  28.075  84.740  76.482  28.338  85.090  76.604
0.86  0.86  0.86 7
  -0.553   0.109   0.826  -0.539  -0.058   0.840  -0.382   0.224   0.897 1
  28.338  85.090  76.604  28.075  84.740  76.482  28.329  84.740  76.621
0.86  0.86  0.86 7
  -0.382   0.224   0.897  -0.539  -0.058   0.840  -0.406  -0.056   0.912 1
  28.338  85.090  76.604  28.329  84.740  76.621  28.541  85.070  76.683
0.86  0.86  0.86 7
  -0.382   0.224   0.897  -0.406  -0.056   0.912  -0.283   0.125   0.951 1
  28.541  85.070  76.683  28.329  84.740  76.621  28.541  84.740  76.693
0.86  0.86  0.86 7
  -0.283   0.125   0.951  -0.406  -0.056   0.912  -0.265  -0.059   0.962 1
  29.208  84.740  76.730  29.408  84.722  76.607  29.206  85.075  76.714
0.86  0.86  0.86 7
   0.270  -0.092   0.959   0.366  -0.146   0.919   0.252   0.098   0.963 1
  29.206  85.075  76.714  29.408  84.722  76.607  29.403  85.104  76.664
0.86  0.86  0.86 7
   0.252   0.098   0.963   0.366  -0.146   0.919   0.185   0.120   0.975 1
  29.403  85.104  76.664  29.408  84.722  76.607  29.714  85.073  76.573
0.86  0.86  0.86 7
   0.185   0.120   0.975   0.366  -0.146   0.919   0.213  -0.130   0.968 1
  29.714  85.073  76.573  29.408  84.722  76.607  29.695  84.749  76.502
0.86  0.86  0.86 7
   0.213  -0.130   0.968   0.366  -0.146   0.919   0.248  -0.170   0.954 1
  29.714  85.073  76.573  29.695  84.749  76.502  30.034  85.077  76.522
0.86  0.86  0.86 7
   0.213  -0.130   0.968   0.248  -0.170   0.954   0.100  -0.205   0.974 1
  30.034  85.077  76.522  29.695  84.749  76.502  30.038  84.759  76.460
0.86  0.86  0.86 7
   0.100  -0.205   0.974   0.248  -0.170   0.954   0.103  -0.153   0.983 1
  30.034  85.077  76.522  30.038  84.759  76.460  30.371  85.087  76.482
0.86  0.86  0.86 7
   0.100  -0.205   0.974   0.103  -0.153   0.983   0.027  -0.250   0.968 1
  30.371  85.087  76.482  30.038  84.759  76.460  30.371  84.740  76.438
0.86  0.86  0.86 7
   0.027  -0.250   0.968   0.103  -0.153   0.983   0.034  -0.114   0.993 1
  30.371  85.087  76.482  30.371  84.740  76.438  30.705  85.082  76.498
0.86  0.86  0.86 7
   0.027  -0.250   0.968   0.034  -0.114   0.993   0.100  -0.282   0.954 1
  30.705  85.082  76.498  30.371  84.740  76.438  30.678  84.768  76.431
0.86  0.86  0.86 7
   0.100  -0.282   0.954   0.034  -0.114   0.993   0.166  -0.177   0.970 1
  30.872  84.739  76.374  31.037  84.908  76.365  31.010  85.114  76.439
0.86  0.86  0.86 7
   0.293  -0.224   0.930   0.330  -0.307   0.893   0.254  -0.354   0.900 1
  30.872  84.739  76.374  31.010  85.114  76.439  30.705  85.082  76.498
0.86  0.86  0.86 7
   0.293  -0.224   0.930   0.254  -0.354   0.900   0.100  -0.282   0.954 1
  30.872  84.739  76.374  30.705  85.082  76.498  30.678  84.768  76.431
0.86  0.86  0.86 7
   0.293  -0.224   0.930   0.100  -0.282   0.954   0.166  -0.177   0.970 1
  31.203  85.075  76.367  31.010  85.114  76.439  31.037  84.908  76.365
0.86  0.86  0.86 7
   0.364  -0.434   0.824   0.254  -0.354   0.900   0.330  -0.307   0.893 1
  28.079  85.053  76.475  28.025  85.247  76.385  27.905  85.062  76.336
0.86  0.86  0.86 7
  -0.553   0.109   0.826  -0.567   0.266   0.780  -0.675   0.144   0.723 1
  28.176  85.435  76.413  28.025  85.247  76.385  28.375  85.403  76.529
0.86  0.86  0.86 7
  -0.492   0.389   0.779  -0.567   0.266   0.780  -0.305   0.340   0.890 1
  28.338  85.090  76.604  28.375  85.403  76.529  28.025  85.247  76.385
0.86  0.86  0.86 7
  -0.382   0.224   0.897  -0.305   0.340   0.890  -0.567   0.266   0.780 1
  28.338  85.090  76.604  28.025  85.247  76.385  28.079  85.053  76.475
0.86  0.86  0.86 7
  -0.382   0.224   0.897  -0.567   0.266   0.780  -0.553   0.109   0.826 1
  28.375  85.403  76.529  28.338  85.090  76.604  28.704  85.420  76.551
0.86  0.86  0.86 7
  -0.305   0.340   0.890  -0.382   0.224   0.897  -0.113   0.526   0.843 1
  28.704  85.420  76.551  28.338  85.090  76.604  28.707  85.237  76.683
0.86  0.86  0.86 7
  -0.113   0.526   0.843  -0.382   0.224   0.897  -0.169   0.355   0.919 1
  28.707  85.237  76.683  28.338  85.090  76.604  28.541  85.070  76.683
0.86  0.86  0.86 7
  -0.169   0.355   0.919  -0.382   0.224   0.897  -0.283   0.125   0.951 1
  28.704  85.420  76.551  28.707  85.237  76.683  29.038  85.238  76.695
0.86  0.86  0.86 7
  -0.113   0.526   0.843  -0.169   0.355   0.919   0.061   0.388   0.919 1
  28.704  85.420  76.551  29.038  85.238  76.695  29.023  85.448  76.579
0.86  0.86  0.86 7
  -0.113   0.526   0.843   0.061   0.388   0.919  -0.036   0.520   0.853 1
  29.206  85.075  76.714  29.403  85.104  76.664  29.038  85.238  76.695
0.86  0.86  0.86 7
   0.252   0.098   0.963   0.185   0.120   0.975   0.061   0.388   0.919 1
  29.038  85.238  76.695  29.403  85.104  76.664  29.023  85.448  76.579
0.86  0.86  0.86 7
   0.061   0.388   0.919   0.185   0.120   0.975  -0.036   0.520   0.853 1
  29.023  85.448  76.579  29.403  85.104  76.664  29.372  85.425  76.609
0.86  0.86  0.86 7
  -0.036   0.520   0.853   0.185   0.120   0.975  -0.083   0.250   0.965 1
  29.372  85.425  76.609  29.403  85.104  76.664  29.706  85.407  76.585
0.86  0.86  0.86 7
  -0.083   0.250   0.965   0.185   0.120   0.975   0.067  -0.035   0.997 1
  29.706  85.407  76.585  29.403  85.104  76.664  29.714  85.073  76.573
0.86  0.86  0.86 7
   0.067  -0.035   0.997   0.185   0.120   0.975   0.213  -0.130   0.968 1
  29.706  85.407  76.585  29.714  85.073  76.573  30.038  85.399  76.566
0.86  0.86  0.86 7
   0.067  -0.035   0.997   0.213  -0.130   0.968  -0.039  -0.208   0.977 1
  30.038  85.399  76.566  29.714  85.073  76.573  30.034  85.077  76.522
0.86  0.86  0.86 7
  -0.039  -0.208   0.977   0.213  -0.130   0.968   0.100  -0.205   0.974 1
  30.038  85.399  76.566  30.034  85.077  76.522  30.371  85.378  76.592
0.86  0.86  0.86 7
  -0.039  -0.208   0.977   0.100  -0.205   0.974  -0.052  -0.336   0.941 1
  30.371  85.378  76.592  30.034  85.077  76.522  30.371  85.087  76.482
0.86  0.86  0.86 7
  -0.052  -0.336   0.941   0.100  -0.205   0.974   0.027  -0.250   0.968 1
  30.371  85.378  76.592  30.371  85.087  76.482  30.705  85.373  76.604
0.86  0.86  0.86 7
  -0.052  -0.336   0.941   0.027  -0.250   0.968   0.000  -0.456   0.890 1
  30.705  85.373  76.604  30.371  85.087  76.482  30.705  85.082  76.498
0.86  0.86  0.86 7
   0.000  -0.456   0.890   0.027  -0.250   0.968   0.100  -0.282   0.954 1
  30.705  85.373  76.604  30.705  85.082  76.498  31.049  85.379  76.575
0.86  0.86  0.86 7
   0.000  -0.456   0.890   0.100  -0.282   0.954   0.167  -0.536   0.828 1
  31.049  85.379  76.575  30.705  85.082  76.498  31.010  85.114  76.439
0.86  0.86  0.86 7
   0.167  -0.536   0.828   0.100  -0.282   0.954   0.254  -0.354   0.900 1
  31.203  85.075  76.367  31.372  85.239  76.371  31.362  85.418  76.525
0.86  0.86  0.86 7
   0.364  -0.434   0.824   0.511  -0.519   0.685   0.372  -0.581   0.724 1
  31.203  85.075  76.367  31.362  85.418  76.525  31.049  85.379  76.575
0.86  0.86  0.86 7
   0.364  -0.434   0.824   0.372  -0.581   0.724   0.167  -0.536   0.828 1
  31.203  85.075  76.367  31.049  85.379  76.575  31.010  85.114  76.439
0.86  0.86  0.86 7
   0.364  -0.434   0.824   0.167  -0.536   0.828   0.254  -0.354   0.900 1
  31.548  85.396  76.378  31.362  85.418  76.525  31.372  85.239  76.371
0.86  0.86  0.86 7
   0.478  -0.633   0.609   0.372  -0.581   0.724   0.511  -0.519   0.685 1
  28.375  85.403  76.529  28.347  85.603  76.412  28.176  85.435  76.413
0.86  0.86  0.86 7
  -0.305   0.340   0.890  -0.250   0.553   0.795  -0.492   0.389   0.779 1
  28.704  85.596  76.403  28.347  85.603  76.412  28.704  85.420  76.551
0.86  0.86  0.86 7
  -0.061   0.595   0.802  -0.250   0.553   0.795  -0.113   0.526   0.843 1
  28.704  85.420  76.551  28.347  85.603  76.412  28.375  85.403  76.529
0.86  0.86  0.86 7
  -0.113   0.526   0.843  -0.250   0.553   0.795  -0.305   0.340   0.890 1
  29.019  85.619  76.435  28.704  85.596  76.403  29.023  85.448  76.579
0.86  0.86  0.86 7
  -0.195   0.528   0.827  -0.061   0.595   0.802  -0.036   0.520   0.853 1
  29.023  85.448  76.579  28.704  85.596  76.403  28.704  85.420  76.551
0.86  0.86  0.86 7
  -0.036   0.520   0.853  -0.061   0.595   0.802  -0.113   0.526   0.843 1
  29.189  85.761  76.407  29.019  85.619  76.435  29.378  85.733  76.527
0.86  0.86  0.86 7
  -0.358   0.461   0.812  -0.195   0.528   0.827  -0.316   0.410   0.856 1
  29.372  85.425  76.609  29.378  85.733  76.527  29.019  85.619  76.435
0.86  0.86  0.86 7
  -0.083   0.250   0.965  -0.316   0.410   0.856  -0.195   0.528   0.827 1
  29.372  85.425  76.609  29.019  85.619  76.435  29.023  85.448  76.579
0.86  0.86  0.86 7
  -0.083   0.250   0.965  -0.195   0.528   0.827  -0.036   0.520   0.853 1
  29.378  85.733  76.527  29.372  85.425  76.609  29.691  85.741  76.599
0.86  0.86  0.86 7
  -0.316   0.410   0.856  -0.083   0.250   0.965  -0.233   0.030   0.972 1
  29.691  85.741  76.599  29.372  85.425  76.609  29.706  85.407  76.585
0.86  0.86  0.86 7
  -0.233   0.030   0.972  -0.083   0.250   0.965   0.067  -0.035   0.997 1
  29.691  85.741  76.599  29.706  85.407  76.585  30.016  85.717  76.643
0.86  0.86  0.86 7
  -0.233   0.030   0.972   0.067  -0.035   0.997  -0.153  -0.216   0.964 1
  30.016  85.717  76.643  29.706  85.407  76.585  30.038  85.399  76.566
0.86  0.86  0.86 7
  -0.153  -0.216   0.964   0.067  -0.035   0.997  -0.039  -0.208   0.977 1
  30.016  85.717  76.643  30.038  85.399  76.566  30.205  85.740  76.702
0.86  0.86  0.86 7
  -0.153  -0.216   0.964  -0.039  -0.208   0.977  -0.248  -0.349   0.904 1
  30.205  85.740  76.702  30.038  85.399  76.566  30.381  85.589  76.665
0.86  0.86  0.86 7
  -0.248  -0.349   0.904  -0.039  -0.208   0.977  -0.175  -0.412   0.894 1
  30.381  85.589  76.665  30.038  85.399  76.566  30.371  85.378  76.592
0.86  0.86  0.86 7
  -0.175  -0.412   0.894  -0.039  -0.208   0.977  -0.052  -0.336   0.941 1
  30.381  85.589  76.665  30.371  85.378  76.592  30.705  85.563  76.717
0.86  0.86  0.86 7
  -0.175  -0.412   0.894  -0.052  -0.336   0.941  -0.089  -0.543   0.835 1
  30.705  85.563  76.717  30.371  85.378  76.592  30.705  85.373  76.604
0.86  0.86  0.86 7
  -0.089  -0.543   0.835  -0.052  -0.336   0.941   0.000  -0.456   0.890 1
  30.705  85.563  76.717  30.705  85.373  76.604  31.045  85.553  76.723
0.86  0.86  0.86 7
  -0.089  -0.543   0.835   0.000  -0.456   0.890   0.077  -0.642   0.763 1
  31.045  85.553  76.723  30.705  85.373  76.604  31.049  85.379  76.575
0.86  0.86  0.86 7
   0.077  -0.642   0.763   0.000  -0.456   0.890   0.167  -0.536   0.828 1
  31.045  85.553  76.723  31.049  85.379  76.575  31.365  85.592  76.685
0.86  0.86  0.86 7
   0.077  -0.642   0.763   0.167  -0.536   0.828   0.256  -0.677   0.690 1
  31.365  85.592  76.685  31.049  85.379  76.575  31.362  85.418  76.525
0.86  0.86  0.86 7
   0.256  -0.677   0.690   0.167  -0.536   0.828   0.372  -0.581   0.724 1
  31.548  85.396  76.378  31.723  85.545  76.388  31.738  85.681  76.579
0.86  0.86  0.86 7
   0.478  -0.633   0.609   0.549  -0.685   0.479   0.489  -0.683   0.543 1
  31.548  85.396  76.378  31.738  85.681  76.579  31.554  85.707  76.731
0.86  0.86  0.86 7
   0.478  -0.633   0.609   0.489  -0.683   0.543   0.337  -0.642   0.689 1
  31.548  85.396  76.378  31.554  85.707  76.731  31.365  85.592  76.685
0.86  0.86  0.86 7
   0.478  -0.633   0.609   0.337  -0.642   0.689   0.256  -0.677   0.690 1
  31.548  85.396  76.378  31.365  85.592  76.685  31.362  85.418  76.525
0.86  0.86  0.86 7
   0.478  -0.633   0.609   0.256  -0.677   0.690   0.372  -0.581   0.724 1
  31.912  85.682  76.403  31.738  85.681  76.579  31.723  85.545  76.388
0.86  0.86  0.86 7
   0.549  -0.661   0.512   0.489  -0.683   0.543   0.549  -0.685   0.479 1
  29.378  85.733  76.527  29.349  85.923  76.408  29.189  85.761  76.407
0.86  0.86  0.86 7
  -0.316   0.410   0.856  -0.424   0.320   0.847  -0.358   0.461   0.812 1
  29.489  86.092  76.439  29.349  85.923  76.408  29.658  86.088  76.584
0.86  0.86  0.86 7
  -0.587   0.194   0.786  -0.424   0.320   0.847  -0.576   0.069   0.815 1
  29.691  85.741  76.599  29.658  86.088  76.584  29.349  85.923  76.408
0.86  0.86  0.86 7
  -0.233   0.030   0.972  -0.576   0.069   0.815  -0.424   0.320   0.847 1
  29.691  85.741  76.599  29.349  85.923  76.408  29.378  85.733  76.527
0.86  0.86  0.86 7
  -0.233   0.030   0.972  -0.424   0.320   0.847  -0.316   0.410   0.856 1
  29.658  86.088  76.584  29.691  85.741  76.599  29.876  86.076  76.690
0.86  0.86  0.86 7
  -0.576   0.069   0.815  -0.233   0.030   0.972  -0.427  -0.197   0.883 1
  29.876  86.076  76.690  29.691  85.741  76.599  30.038  85.907  76.703
0.86  0.86  0.86 7
  -0.427  -0.197   0.883  -0.233   0.030   0.972  -0.277  -0.273   0.921 1
  30.038  85.907  76.703  29.691  85.741  76.599  30.016  85.717  76.643
0.86  0.86  0.86 7
  -0.277  -0.273   0.921  -0.233   0.030   0.972  -0.153  -0.216   0.964 1
  30.205  85.740  76.702  30.038  85.907  76.703  30.016  85.717  76.643
0.86  0.86  0.86 7
  -0.248  -0.349   0.904  -0.277  -0.273   0.921  -0.153  -0.216   0.964 1
  31.743  85.849  76.760  31.554  85.707  76.731  31.738  85.681  76.579
0.86  0.86  0.86 7
   0.474  -0.607   0.638   0.337  -0.642   0.689   0.489  -0.683   0.543 1
  31.912  85.682  76.403  32.093  85.852  76.406  32.099  86.022  76.588
0.86  0.86  0.86 7
   0.549  -0.661   0.512   0.612  -0.597   0.520   0.648  -0.525   0.552 1
  31.912  85.682  76.403  32.099  86.022  76.588  31.923  86.021  76.766
0.86  0.86  0.86 7
   0.549  -0.661   0.512   0.648  -0.525   0.552   0.559  -0.471   0.682 1
  31.912  85.682  76.403  31.923  86.021  76.766  31.743  85.849  76.760
0.86  0.86  0.86 7
   0.549  -0.661   0.512   0.559  -0.471   0.682   0.474  -0.607   0.638 1
  31.912  85.682  76.403  31.743  85.849  76.760  31.738  85.681  76.579
0.86  0.86  0.86 7
   0.549  -0.661   0.512   0.474  -0.607   0.638   0.489  -0.683   0.543 1
  32.246  86.045  76.397  32.099  86.022  76.588  32.093  85.852  76.406
0.86  0.86  0.86 7
   0.750  -0.427   0.505   0.648  -0.525   0.552   0.612  -0.597   0.520 1
  29.509  86.406  76.410  29.489  86.092  76.439  29.683  86.406  76.558
0.86  0.86  0.86 7
  -0.618   0.075   0.782  -0.587   0.194   0.786  -0.706   0.015   0.708 1
  29.683  86.406  76.558  29.489  86.092  76.439  29.658  86.088  76.584
0.86  0.86  0.86 7
  -0.706   0.015   0.708  -0.587   0.194   0.786  -0.576   0.069   0.815 1
  29.683  86.406  76.558  29.658  86.088  76.584  29.837  86.406  76.738
0.86  0.86  0.86 7
  -0.706   0.015   0.708  -0.576   0.069   0.815  -0.658  -0.097   0.747 1
  29.837  86.406  76.738  29.658  86.088  76.584  29.876  86.076  76.690
0.86  0.86  0.86 7
  -0.658  -0.097   0.747  -0.576   0.069   0.815  -0.427  -0.197   0.883 1
  32.087  86.215  76.744  31.923  86.021  76.766  32.099  86.022  76.588
0.86  0.86  0.86 7
   0.679  -0.384   0.626   0.559  -0.471   0.682   0.648  -0.525   0.552 1
  32.246  86.045  76.397  32.366  86.242  76.367  32.346  86.414  76.518
0.86  0.86  0.86 7
   0.750  -0.427   0.505   0.786  -0.371   0.494   0.814  -0.253   0.522 1
  32.246  86.045  76.397  32.346  86.414  76.518  32.208  86.405  76.706
0.86  0.86  0.86 7
   0.750  -0.427   0.505   0.814  -0.253   0.522   0.739  -0.256   0.623 1
  32.246  86.045  76.397  32.208  86.405  76.706  32.087  86.215  76.744
0.86  0.86  0.86 7
   0.750  -0.427   0.505   0.739  -0.256   0.623   0.679  -0.384   0.626 1
  32.246  86.045  76.397  32.087  86.215  76.744  32.099  86.022  76.588
0.86  0.86  0.86 7
   0.750  -0.427   0.505   0.679  -0.384   0.626   0.648  -0.525   0.552 1
  32.447  86.432  76.331  32.346  86.414  76.518  32.366  86.242  76.367
0.86  0.86  0.86 7
   0.860  -0.205   0.468   0.814  -0.253   0.522   0.786  -0.371   0.494 1
  29.526  86.743  76.379  29.509  86.406  76.410  29.664  86.740  76.577
0.86  0.86  0.86 7
  -0.780   0.218   0.586  -0.618   0.075   0.782  -0.771   0.032   0.636 1
  29.664  86.740  76.577  29.509  86.406  76.410  29.683  86.406  76.558
0.86  0.86  0.86 7
  -0.771   0.032   0.636  -0.618   0.075   0.782  -0.706   0.015   0.708 1
  29.664  86.740  76.577  29.683  86.406  76.558  29.817  86.740  76.757
0.86  0.86  0.86 7
  -0.771   0.032   0.636  -0.706   0.015   0.708  -0.733  -0.013   0.680 1
  29.817  86.740  76.757  29.683  86.406  76.558  29.837  86.406  76.738
0.86  0.86  0.86 7
  -0.733  -0.013   0.680  -0.706   0.015   0.708  -0.658  -0.097   0.747 1
  32.208  86.405  76.706  32.346  86.414  76.518  32.251  86.740  76.737
0.86  0.86  0.86 7
   0.739  -0.256   0.623   0.814  -0.253   0.522   0.763  -0.049   0.645 1
  32.251  86.740  76.737  32.346  86.414  76.518  32.387  86.740  76.548
0.86  0.86  0.86 7
   0.763  -0.049   0.645   0.814  -0.253   0.522   0.850  -0.050   0.525 1
  32.447  86.432  76.331  32.492  86.740  76.347  32.387  86.740  76.548
0.86  0.86  0.86 7
   0.860  -0.205   0.468   0.886  -0.048   0.461   0.850  -0.050   0.525 1
  32.447  86.432  76.331  32.387  86.740  76.548  32.346  86.414  76.518
0.86  0.86  0.86 7
   0.860  -0.205   0.468   0.850  -0.050   0.525   0.814  -0.253   0.522 1
  29.577  87.062  76.353  29.526  86.743  76.379  29.687  87.078  76.550
0.86  0.86  0.86 7
  -0.873   0.238   0.426  -0.780   0.218   0.586  -0.820   0.188   0.540 1
  29.687  87.078  76.550  29.526  86.743  76.379  29.664  86.740  76.577
0.86  0.86  0.86 7
  -0.820   0.188   0.540  -0.780   0.218   0.586  -0.771   0.032   0.636 1
  29.687  87.078  76.550  29.664  86.740  76.577  29.831  87.086  76.743
0.86  0.86  0.86 7
  -0.820   0.188   0.540  -0.771   0.032   0.636  -0.739   0.162   0.654 1
  29.831  87.086  76.743  29.664  86.740  76.577  29.817  86.740  76.757
0.86  0.86  0.86 7
  -0.739   0.162   0.654  -0.771   0.032   0.636  -0.733  -0.013   0.680 1
  32.251  86.740  76.737  32.387  86.740  76.548  32.236  87.082  76.725
0.86  0.86  0.86 7
   0.763  -0.049   0.645   0.850  -0.050   0.525   0.762   0.175   0.623 1
  32.236  87.082  76.725  32.387  86.740  76.548  32.373  87.073  76.538
0.86  0.86  0.86 7
   0.762   0.175   0.623   0.850  -0.050   0.525   0.850   0.129   0.510 1
  32.492  86.740  76.347  32.478  87.056  76.344  32.373  87.073  76.538
0.86  0.86  0.86 7
   0.886  -0.048   0.461   0.881   0.099   0.463   0.850   0.129   0.510 1
  32.492  86.740  76.347  32.373  87.073  76.538  32.387  86.740  76.548
0.86  0.86  0.86 7
   0.886  -0.048   0.461   0.850   0.129   0.510   0.850  -0.050   0.525 1
  29.652  87.374  76.321  29.577  87.062  76.353  29.748  87.385  76.500
0.86  0.86  0.86 7
  -0.872   0.330   0.363  -0.873   0.238   0.426  -0.814   0.323   0.483 1
  29.748  87.385  76.500  29.577  87.062  76.353  29.687  87.078  76.550
0.86  0.86  0.86 7
  -0.814   0.323   0.483  -0.873   0.238   0.426  -0.820   0.188   0.540 1
  29.748  87.385  76.500  29.687  87.078  76.550  29.886  87.397  76.685
0.86  0.86  0.86 7
  -0.814   0.323   0.483  -0.820   0.188   0.540  -0.727   0.352   0.589 1
  29.886  87.397  76.685  29.687  87.078  76.550  29.831  87.086  76.743
0.86  0.86  0.86 7
  -0.727   0.352   0.589  -0.820   0.188   0.540  -0.739   0.162   0.654 1
  32.408  87.255  76.391  32.307  87.458  76.421  32.168  87.394  76.679
0.86  0.86  0.86 7
   0.832   0.282   0.478   0.777   0.432   0.457   0.741   0.341   0.579 1
  32.408  87.255  76.391  32.168  87.394  76.679  32.236  87.082  76.725
0.86  0.86  0.86 7
   0.832   0.282   0.478   0.741   0.341   0.579   0.762   0.175   0.623 1
  32.408  87.255  76.391  32.236  87.082  76.725  32.373  87.073  76.538
0.86  0.86  0.86 7
   0.832   0.282   0.478   0.762   0.175   0.623   0.850   0.129   0.510 1
  32.408  87.255  76.391  32.373  87.073  76.538  32.478  87.056  76.344
0.86  0.86  0.86 7
   0.832   0.282   0.478   0.850   0.129   0.510   0.881   0.099   0.463 1
  29.748  87.385  76.500  29.744  87.547  76.344  29.652  87.374  76.321
0.86  0.86  0.86 7
  -0.814   0.323   0.483  -0.782   0.461   0.420  -0.872   0.330   0.363 1
  29.881  87.733  76.363  29.744  87.547  76.344  30.025  87.750  76.550
0.86  0.86  0.86 7
  -0.730   0.571   0.375  -0.782   0.461   0.420  -0.642   0.566   0.518 1
  30.025  87.750  76.550  29.744  87.547  76.344  30.029  87.579  76.714
0.86  0.86  0.86 7
  -0.642   0.566   0.518  -0.782   0.461   0.420  -0.590   0.479   0.650 1
  30.029  87.579  76.714  29.744  87.547  76.344  29.886  87.397  76.685
0.86  0.86  0.86 7
  -0.590   0.479   0.650  -0.782   0.461   0.420  -0.727   0.352   0.589 1
  29.886  87.397  76.685  29.744  87.547  76.344  29.748  87.385  76.500
0.86  0.86  0.86 7
  -0.727   0.352   0.589  -0.782   0.461   0.420  -0.814   0.323   0.483 1
  30.029  87.579  76.714  30.192  87.750  76.716  30.025  87.750  76.550
0.86  0.86  0.86 7
  -0.590   0.479   0.650  -0.514   0.609   0.604  -0.642   0.566   0.518 1
  31.875  87.742  76.707  32.037  87.573  76.703  32.041  87.742  76.540
0.86  0.86  0.86 7
   0.523   0.584   0.621   0.627   0.476   0.617   0.649   0.561   0.513 1
  32.307  87.458  76.421  32.181  87.724  76.354  32.041  87.742  76.540
0.86  0.86  0.86 7
   0.777   0.432   0.457   0.731   0.559   0.391   0.649   0.561   0.513 1
  32.307  87.458  76.421  32.041  87.742  76.540  32.037  87.573  76.703
0.86  0.86  0.86 7
   0.777   0.432   0.457   0.649   0.561   0.513   0.627   0.476   0.617 1
  32.307  87.458  76.421  32.037  87.573  76.703  32.168  87.394  76.679
0.86  0.86  0.86 7
   0.777   0.432   0.457   0.627   0.476   0.617   0.741   0.341   0.579 1
  30.025  87.750  76.550  30.043  87.901  76.366  29.881  87.733  76.363
0.86  0.86  0.86 7
  -0.642   0.566   0.518  -0.589   0.683   0.432  -0.730   0.571   0.375 1
  30.222  88.047  76.352  30.043  87.901  76.366  30.389  88.046  76.519
0.86  0.86  0.86 7
  -0.529   0.759   0.379  -0.589   0.683   0.432  -0.398   0.749   0.530 1
  30.389  88.046  76.519  30.043  87.901  76.366  30.376  87.900  76.697
0.86  0.86  0.86 7
  -0.398   0.749   0.530  -0.589   0.683   0.432  -0.396   0.679   0.618 1
  30.376  87.900  76.697  30.043  87.901  76.366  30.192  87.750  76.716
0.86  0.86  0.86 7
  -0.396   0.679   0.618  -0.589   0.683   0.432  -0.514   0.609   0.604 1
  30.192  87.750  76.716  30.043  87.901  76.366  30.025  87.750  76.550
0.86  0.86  0.86 7
  -0.514   0.609   0.604  -0.589   0.683   0.432  -0.642   0.566   0.518 1
  30.389  88.046  76.519  30.376  87.900  76.697  30.684  87.969  76.766
0.86  0.86  0.86 7
  -0.398   0.749   0.530  -0.396   0.679   0.618  -0.202   0.720   0.664 1
  30.389  88.046  76.519  30.684  87.969  76.766  30.691  88.122  76.572
0.86  0.86  0.86 7
  -0.398   0.749   0.530  -0.202   0.720   0.664  -0.195   0.813   0.548 1
  30.691  88.122  76.572  30.684  87.969  76.766  31.038  87.995  76.792
0.86  0.86  0.86 7
  -0.195   0.813   0.548  -0.202   0.720   0.664   0.008   0.736   0.677 1
  30.691  88.122  76.572  31.038  87.995  76.792  31.038  88.151  76.592
0.86  0.86  0.86 7
  -0.195   0.813   0.548   0.008   0.736   0.677   0.009   0.831   0.556 1
  31.038  88.151  76.592  31.038  87.995  76.792  31.391  87.965  76.762
0.86  0.86  0.86 7
   0.009   0.831   0.556   0.008   0.736   0.677   0.218   0.720   0.659 1
  31.038  88.151  76.592  31.391  87.965  76.762  31.384  88.118  76.569
0.86  0.86  0.86 7
   0.009   0.831   0.556   0.218   0.720   0.659   0.215   0.813   0.541 1
  31.384  88.118  76.569  31.391  87.965  76.762  31.694  87.893  76.690
0.86  0.86  0.86 7
   0.215   0.813   0.541   0.218   0.720   0.659   0.410   0.692   0.594 1
  31.384  88.118  76.569  31.694  87.893  76.690  31.681  88.038  76.513
0.86  0.86  0.86 7
   0.215   0.813   0.541   0.410   0.692   0.594   0.405   0.757   0.513 1
  32.023  87.891  76.358  31.847  88.037  76.346  31.681  88.038  76.513
0.86  0.86  0.86 7
   0.596   0.678   0.430   0.539   0.753   0.377   0.405   0.757   0.513 1
  32.023  87.891  76.358  31.681  88.038  76.513  31.694  87.893  76.690
0.86  0.86  0.86 7
   0.596   0.678   0.430   0.405   0.757   0.513   0.410   0.692   0.594 1
  32.023  87.891  76.358  31.694  87.893  76.690  31.875  87.742  76.707
0.86  0.86  0.86 7
   0.596   0.678   0.430   0.410   0.692   0.594   0.523   0.584   0.621 1
  32.023  87.891  76.358  31.875  87.742  76.707  32.041  87.742  76.540
0.86  0.86  0.86 7
   0.596   0.678   0.430   0.523   0.584   0.621   0.649   0.561   0.513 1
  32.023  87.891  76.358  32.041  87.742  76.540  32.181  87.724  76.354
0.86  0.86  0.86 7
   0.596   0.678   0.430   0.649   0.561   0.513   0.731   0.559   0.391 1
  30.389  88.046  76.519  30.395  88.158  76.335  30.222  88.047  76.352
0.86  0.86  0.86 7
  -0.398   0.749   0.530  -0.378   0.844   0.381  -0.529   0.759   0.379 1
  30.705  88.239  76.370  30.395  88.158  76.335  30.691  88.122  76.572
0.86  0.86  0.86 7
  -0.193   0.897   0.397  -0.378   0.844   0.381  -0.195   0.813   0.548 1
  30.691  88.122  76.572  30.395  88.158  76.335  30.389  88.046  76.519
0.86  0.86  0.86 7
  -0.195   0.813   0.548  -0.378   0.844   0.381  -0.398   0.749   0.530 1
  31.038  88.268  76.384  30.705  88.239  76.370  31.038  88.151  76.592
0.86  0.86  0.86 7
   0.008   0.913   0.408  -0.193   0.897   0.397   0.009   0.831   0.556 1
  31.038  88.151  76.592  30.705  88.239  76.370  30.691  88.122  76.572
0.86  0.86  0.86 7
   0.009   0.831   0.556  -0.193   0.897   0.397  -0.195   0.813   0.548 1
  31.370  88.234  76.367  31.038  88.268  76.384  31.384  88.118  76.569
0.86  0.86  0.86 7
   0.204   0.891   0.407   0.008   0.913   0.408   0.215   0.813   0.541 1
  31.384  88.118  76.569  31.038  88.268  76.384  31.038  88.151  76.592
0.86  0.86  0.86 7
   0.215   0.813   0.541   0.008   0.913   0.408   0.009   0.831   0.556 1
  31.666  88.149  76.344  31.370  88.234  76.367  31.681  88.038  76.513
0.86  0.86  0.86 7
   0.391   0.847   0.359   0.204   0.891   0.407   0.405   0.757   0.513 1
  31.681  88.038  76.513  31.370  88.234  76.367  31.384  88.118  76.569
0.86  0.86  0.86 7
   0.405   0.757   0.513   0.204   0.891   0.407   0.215   0.813   0.541 1
  31.666  88.149  76.344  31.681  88.038  76.513  31.847  88.037  76.346
0.86  0.86  0.86 7
   0.391   0.847   0.359   0.405   0.757   0.513   0.539   0.753   0.377 1
  28.738  84.739  76.738  28.541  84.740  76.693  28.703  84.572  76.711
0.86  0.86  0.86 7
  -0.111  -0.033   0.993  -0.265  -0.059   0.962  -0.156  -0.167   0.974 1
  28.703  84.572  76.711  29.038  84.570  76.729  29.038  84.740  76.748
0.86  0.86  0.86 7
  -0.156  -0.167   0.974   0.031  -0.184   0.982   0.018  -0.064   0.998 1
  28.703  84.572  76.711  29.038  84.740  76.748  28.738  84.739  76.738
0.86  0.86  0.86 7
  -0.156  -0.167   0.974   0.018  -0.064   0.998  -0.111  -0.033   0.993 1
  29.208  84.740  76.730  29.038  84.740  76.748  29.038  84.570  76.729
0.86  0.86  0.86 7
   0.270  -0.092   0.959   0.018  -0.064   0.998   0.031  -0.184   0.982 1
  28.541  85.070  76.683  28.541  84.740  76.693  28.745  85.053  76.727
0.86  0.86  0.86 7
  -0.283   0.125   0.951  -0.265  -0.059   0.962  -0.140   0.104   0.985 1
  28.745  85.053  76.727  28.541  84.740  76.693  28.738  84.739  76.738
0.86  0.86  0.86 7
  -0.140   0.104   0.985  -0.265  -0.059   0.962  -0.111  -0.033   0.993 1
  28.745  85.053  76.727  28.738  84.739  76.738  29.038  85.040  76.740
0.86  0.86  0.86 7
  -0.140   0.104   0.985  -0.111  -0.033   0.993   0.030   0.115   0.993 1
  29.038  85.040  76.740  28.738  84.739  76.738  29.038  84.740  76.748
0.86  0.86  0.86 7
   0.030   0.115   0.993  -0.111  -0.033   0.993   0.018  -0.064   0.998 1
  29.208  84.740  76.730  29.206  85.075  76.714  29.038  85.040  76.740
0.86  0.86  0.86 7
   0.270  -0.092   0.959   0.252   0.098   0.963   0.030   0.115   0.993 1
  29.208  84.740  76.730  29.038  85.040  76.740  29.038  84.740  76.748
0.86  0.86  0.86 7
   0.270  -0.092   0.959   0.030   0.115   0.993   0.018  -0.064   0.998 1
  28.745  85.053  76.727  28.707  85.237  76.683  28.541  85.070  76.683
0.86  0.86  0.86 7
  -0.140   0.104   0.985  -0.169   0.355   0.919  -0.283   0.125   0.951 1
  29.038  85.238  76.695  28.707  85.237  76.683  29.038  85.040  76.740
0.86  0.86  0.86 7
   0.061   0.388   0.919  -0.169   0.355   0.919   0.030   0.115   0.993 1
  29.038  85.040  76.740  28.707  85.237  76.683  28.745  85.053  76.727
0.86  0.86  0.86 7
   0.030   0.115   0.993  -0.169   0.355   0.919  -0.140   0.104   0.985 1
  29.038  85.238  76.695  29.038  85.040  76.740  29.206  85.075  76.714
0.86  0.86  0.86 7
   0.061   0.388   0.919   0.030   0.115   0.993   0.252   0.098   0.963 1
  30.399  85.798  76.776  30.205  85.740  76.702  30.381  85.589  76.665
0.86  0.86  0.86 7
  -0.311  -0.483   0.818  -0.248  -0.349   0.904  -0.175  -0.412   0.894 1
  30.381  85.589  76.665  30.705  85.563  76.717  30.707  85.746  76.861
0.86  0.86  0.86 7
  -0.175  -0.412   0.894  -0.089  -0.543   0.835  -0.173  -0.579   0.797 1
  30.381  85.589  76.665  30.707  85.746  76.861  30.399  85.798  76.776
0.86  0.86  0.86 7
  -0.175  -0.412   0.894  -0.173  -0.579   0.797  -0.311  -0.483   0.818 1
  30.705  85.563  76.717  31.045  85.553  76.723  31.038  85.729  76.880
0.86  0.86  0.86 7
  -0.089  -0.543   0.835   0.077  -0.642   0.763   0.024  -0.636   0.771 1
  30.705  85.563  76.717  31.038  85.729  76.880  30.707  85.746  76.861
0.86  0.86  0.86 7
  -0.089  -0.543   0.835   0.024  -0.636   0.771  -0.173  -0.579   0.797 1
  31.045  85.553  76.723  31.365  85.592  76.685  31.366  85.755  76.854
0.86  0.86  0.86 7
   0.077  -0.642   0.763   0.256  -0.677   0.690   0.198  -0.658   0.727 1
  31.045  85.553  76.723  31.366  85.755  76.854  31.038  85.729  76.880
0.86  0.86  0.86 7
   0.077  -0.642   0.763   0.198  -0.658   0.727   0.024  -0.636   0.771 1
  31.554  85.707  76.731  31.366  85.755  76.854  31.365  85.592  76.685
0.86  0.86  0.86 7
   0.337  -0.642   0.689   0.198  -0.658   0.727   0.256  -0.677   0.690 1
  30.083  86.094  76.795  29.876  86.076  76.690  30.038  85.907  76.703
0.86  0.86  0.86 7
  -0.415  -0.378   0.828  -0.427  -0.197   0.883  -0.277  -0.273   0.921 1
  30.038  85.907  76.703  30.205  85.740  76.702  30.083  86.094  76.795
0.86  0.86  0.86 7
  -0.277  -0.273   0.921  -0.248  -0.349   0.904  -0.415  -0.378   0.828 1
  30.356  86.058  76.897  30.083  86.094  76.795  30.205  85.740  76.702
0.86  0.86  0.86 7
  -0.393  -0.458   0.798  -0.415  -0.378   0.828  -0.248  -0.349   0.904 1
  30.356  86.058  76.897  30.205  85.740  76.702  30.399  85.798  76.776
0.86  0.86  0.86 7
  -0.393  -0.458   0.798  -0.248  -0.349   0.904  -0.311  -0.483   0.818 1
  30.356  86.058  76.897  30.399  85.798  76.776  30.539  86.074  77.035
0.86  0.86  0.86 7
  -0.393  -0.458   0.798  -0.311  -0.483   0.818  -0.367  -0.439   0.820 1
  30.539  86.074  77.035  30.399  85.798  76.776  30.714  85.931  77.003
0.86  0.86  0.86 7
  -0.367  -0.439   0.820  -0.311  -0.483   0.818  -0.191  -0.548   0.814 1
  30.714  85.931  77.003  30.399  85.798  76.776  30.707  85.746  76.861
0.86  0.86  0.86 7
  -0.191  -0.548   0.814  -0.311  -0.483   0.818  -0.173  -0.579   0.797 1
  30.714  85.931  77.003  30.707  85.746  76.861  31.038  85.913  77.027
0.86  0.86  0.86 7
  -0.191  -0.548   0.814  -0.173  -0.579   0.797   0.009  -0.568   0.823 1
  31.038  85.913  77.027  30.707  85.746  76.861  31.038  85.729  76.880
0.86  0.86  0.86 7
   0.009  -0.568   0.823  -0.173  -0.579   0.797   0.024  -0.636   0.771 1
  31.038  85.913  77.027  31.038  85.729  76.880  31.360  85.934  76.998
0.86  0.86  0.86 7
   0.009  -0.568   0.823   0.024  -0.636   0.771   0.210  -0.575   0.791 1
  31.360  85.934  76.998  31.038  85.729  76.880  31.366  85.755  76.854
0.86  0.86  0.86 7
   0.210  -0.575   0.791   0.024  -0.636   0.771   0.198  -0.658   0.727 1
  31.554  85.707  76.731  31.743  85.849  76.760  31.734  86.043  76.915
0.86  0.86  0.86 7
   0.337  -0.642   0.689   0.474  -0.607   0.638   0.420  -0.507   0.753 1
  31.554  85.707  76.731  31.734  86.043  76.915  31.535  86.077  77.030
0.86  0.86  0.86 7
   0.337  -0.642   0.689   0.420  -0.507   0.753   0.321  -0.450   0.834 1
  31.554  85.707  76.731  31.535  86.077  77.030  31.360  85.934  76.998
0.86  0.86  0.86 7
   0.337  -0.642   0.689   0.321  -0.450   0.834   0.210  -0.575   0.791 1
  31.554  85.707  76.731  31.360  85.934  76.998  31.366  85.755  76.854
0.86  0.86  0.86 7
   0.337  -0.642   0.689   0.210  -0.575   0.791   0.198  -0.658   0.727 1
  31.923  86.021  76.766  31.734  86.043  76.915  31.743  85.849  76.760
0.86  0.86  0.86 7
   0.559  -0.471   0.682   0.420  -0.507   0.753   0.474  -0.607   0.638 1
  29.837  86.406  76.738  29.876  86.076  76.690  30.025  86.401  76.888
0.86  0.86  0.86 7
  -0.658  -0.097   0.747  -0.427  -0.197   0.883  -0.562  -0.221   0.797 1
  30.025  86.401  76.888  29.876  86.076  76.690  30.083  86.094  76.795
0.86  0.86  0.86 7
  -0.562  -0.221   0.797  -0.427  -0.197   0.883  -0.415  -0.378   0.828 1
  30.025  86.401  76.888  30.083  86.094  76.795  30.212  86.409  77.026
0.86  0.86  0.86 7
  -0.562  -0.221   0.797  -0.415  -0.378   0.828  -0.491  -0.258   0.832 1
  30.212  86.409  77.026  30.083  86.094  76.795  30.372  86.241  77.036
0.86  0.86  0.86 7
  -0.491  -0.258   0.832  -0.415  -0.378   0.828  -0.421  -0.432   0.797 1
  30.372  86.241  77.036  30.083  86.094  76.795  30.356  86.058  76.897
0.86  0.86  0.86 7
  -0.421  -0.432   0.797  -0.415  -0.378   0.828  -0.393  -0.458   0.798 1
  30.539  86.074  77.035  30.372  86.241  77.036  30.356  86.058  76.897
0.86  0.86  0.86 7
  -0.367  -0.439   0.820  -0.421  -0.432   0.797  -0.393  -0.458   0.798 1
  31.704  86.240  77.036  31.535  86.077  77.030  31.734  86.043  76.915
0.86  0.86  0.86 7
   0.449  -0.367   0.815   0.321  -0.450   0.834   0.420  -0.507   0.753 1
  31.923  86.021  76.766  32.087  86.215  76.744  32.042  86.405  76.874
0.86  0.86  0.86 7
   0.559  -0.471   0.682   0.679  -0.384   0.626   0.615  -0.256   0.746 1
  31.923  86.021  76.766  32.042  86.405  76.874  31.856  86.413  77.015
0.86  0.86  0.86 7
   0.559  -0.471   0.682   0.615  -0.256   0.746   0.516  -0.253   0.818 1
  31.923  86.021  76.766  31.856  86.413  77.015  31.704  86.240  77.036
0.86  0.86  0.86 7
   0.559  -0.471   0.682   0.516  -0.253   0.818   0.449  -0.367   0.815 1
  31.923  86.021  76.766  31.704  86.240  77.036  31.734  86.043  76.915
0.86  0.86  0.86 7
   0.559  -0.471   0.682   0.449  -0.367   0.815   0.420  -0.507   0.753 1
  32.208  86.405  76.706  32.042  86.405  76.874  32.087  86.215  76.744
0.86  0.86  0.86 7
   0.739  -0.256   0.623   0.615  -0.256   0.746   0.679  -0.384   0.626 1
  29.817  86.740  76.757  29.837  86.406  76.738  29.984  86.740  76.924
0.86  0.86  0.86 7
  -0.733  -0.013   0.680  -0.658  -0.097   0.747  -0.636  -0.037   0.771 1
  29.984  86.740  76.924  29.837  86.406  76.738  30.025  86.401  76.888
0.86  0.86  0.86 7
  -0.636  -0.037   0.771  -0.658  -0.097   0.747  -0.562  -0.221   0.797 1
  29.984  86.740  76.924  30.025  86.401  76.888  30.182  86.740  77.068
0.86  0.86  0.86 7
  -0.636  -0.037   0.771  -0.562  -0.221   0.797  -0.528  -0.052   0.848 1
  30.182  86.740  77.068  30.025  86.401  76.888  30.212  86.409  77.026
0.86  0.86  0.86 7
  -0.528  -0.052   0.848  -0.562  -0.221   0.797  -0.491  -0.258   0.832 1
  31.856  86.413  77.015  32.042  86.405  76.874  31.885  86.740  77.056
0.86  0.86  0.86 7
   0.516  -0.253   0.818   0.615  -0.256   0.746   0.538  -0.052   0.841 1
  31.885  86.740  77.056  32.042  86.405  76.874  32.079  86.740  76.911
0.86  0.86  0.86 7
   0.538  -0.052   0.841   0.615  -0.256   0.746   0.656  -0.050   0.753 1
  32.208  86.405  76.706  32.251  86.740  76.737  32.079  86.740  76.911
0.86  0.86  0.86 7
   0.739  -0.256   0.623   0.763  -0.049   0.645   0.656  -0.050   0.753 1
  32.208  86.405  76.706  32.079  86.740  76.911  32.042  86.405  76.874
0.86  0.86  0.86 7
   0.739  -0.256   0.623   0.656  -0.050   0.753   0.615  -0.256   0.746 1
  29.831  87.086  76.743  29.817  86.740  76.757  29.998  87.086  76.910
0.86  0.86  0.86 7
  -0.739   0.162   0.654  -0.733  -0.013   0.680  -0.639   0.158   0.753 1
  29.998  87.086  76.910  29.817  86.740  76.757  29.984  86.740  76.924
0.86  0.86  0.86 7
  -0.639   0.158   0.753  -0.733  -0.013   0.680  -0.636  -0.037   0.771 1
  29.998  87.086  76.910  29.984  86.740  76.924  30.193  87.078  77.053
0.86  0.86  0.86 7
  -0.639   0.158   0.753  -0.636  -0.037   0.771  -0.523   0.157   0.837 1
  30.193  87.078  77.053  29.984  86.740  76.924  30.182  86.740  77.068
0.86  0.86  0.86 7
  -0.523   0.157   0.837  -0.636  -0.037   0.771  -0.528  -0.052   0.848 1
  31.885  86.740  77.056  32.079  86.740  76.911  31.875  87.074  77.042
0.86  0.86  0.86 7
   0.538  -0.052   0.841   0.656  -0.050   0.753   0.547   0.133   0.827 1
  31.875  87.074  77.042  32.079  86.740  76.911  32.066  87.082  76.898
0.86  0.86  0.86 7
   0.547   0.133   0.827   0.656  -0.050   0.753   0.629   0.181   0.756 1
  32.251  86.740  76.737  32.236  87.082  76.725  32.066  87.082  76.898
0.86  0.86  0.86 7
   0.763  -0.049   0.645   0.762   0.175   0.623   0.629   0.181   0.756 1
  32.251  86.740  76.737  32.066  87.082  76.898  32.079  86.740  76.911
0.86  0.86  0.86 7
   0.763  -0.049   0.645   0.629   0.181   0.756   0.656  -0.050   0.753 1
  29.886  87.397  76.685  29.831  87.086  76.743  30.053  87.399  76.848
0.86  0.86  0.86 7
  -0.727   0.352   0.589  -0.739   0.162   0.654  -0.617   0.328   0.715 1
  30.053  87.399  76.848  29.831  87.086  76.743  29.998  87.086  76.910
0.86  0.86  0.86 7
  -0.617   0.328   0.715  -0.739   0.162   0.654  -0.639   0.158   0.753 1
  30.053  87.399  76.848  29.998  87.086  76.910  30.240  87.388  76.983
0.86  0.86  0.86 7
  -0.617   0.328   0.715  -0.639   0.158   0.753  -0.506   0.349   0.789 1
  30.240  87.388  76.983  29.998  87.086  76.910  30.193  87.078  77.053
0.86  0.86  0.86 7
  -0.506   0.349   0.789  -0.639   0.158   0.753  -0.523   0.157   0.837 1
  31.558  87.426  77.089  31.729  87.258  77.079  31.758  87.460  76.978
0.86  0.86  0.86 7
   0.330   0.358   0.874   0.442   0.283   0.851   0.456   0.428   0.780 1
  31.875  87.074  77.042  32.066  87.082  76.898  31.729  87.258  77.079
0.86  0.86  0.86 7
   0.547   0.133   0.827   0.629   0.181   0.756   0.442   0.283   0.851 1
  31.729  87.258  77.079  32.066  87.082  76.898  31.758  87.460  76.978
0.86  0.86  0.86 7
   0.442   0.283   0.851   0.629   0.181   0.756   0.456   0.428   0.780 1
  31.758  87.460  76.978  32.066  87.082  76.898  32.015  87.395  76.836
0.86  0.86  0.86 7
   0.456   0.428   0.780   0.629   0.181   0.756   0.620   0.326   0.713 1
  32.236  87.082  76.725  32.168  87.394  76.679  32.015  87.395  76.836
0.86  0.86  0.86 7
   0.762   0.175   0.623   0.741   0.341   0.579   0.620   0.326   0.713 1
  32.236  87.082  76.725  32.015  87.395  76.836  32.066  87.082  76.898
0.86  0.86  0.86 7
   0.762   0.175   0.623   0.620   0.326   0.713   0.629   0.181   0.756 1
  30.053  87.399  76.848  30.029  87.579  76.714  29.886  87.397  76.685
0.86  0.86  0.86 7
  -0.617   0.328   0.715  -0.590   0.479   0.650  -0.727   0.352   0.589 1
  30.192  87.750  76.716  30.029  87.579  76.714  30.379  87.732  76.858
0.86  0.86  0.86 7
  -0.514   0.609   0.604  -0.590   0.479   0.650  -0.391   0.556   0.733 1
  30.379  87.732  76.858  30.029  87.579  76.714  30.399  87.545  76.995
0.86  0.86  0.86 7
  -0.391   0.556   0.733  -0.590   0.479   0.650  -0.387   0.449   0.805 1
  30.399  87.545  76.995  30.029  87.579  76.714  30.240  87.388  76.983
0.86  0.86  0.86 7
  -0.387   0.449   0.805  -0.590   0.479   0.650  -0.506   0.349   0.789 1
  30.240  87.388  76.983  30.029  87.579  76.714  30.053  87.399  76.848
0.86  0.86  0.86 7
  -0.506   0.349   0.789  -0.590   0.479   0.650  -0.617   0.328   0.715 1
  30.379  87.732  76.858  30.399  87.545  76.995  30.695  87.597  77.070
0.86  0.86  0.86 7
  -0.391   0.556   0.733  -0.387   0.449   0.805  -0.195   0.491   0.849 1
  30.379  87.732  76.858  30.695  87.597  77.070  30.686  87.787  76.936
0.86  0.86  0.86 7
  -0.391   0.556   0.733  -0.195   0.491   0.849  -0.199   0.613   0.765 1
  30.686  87.787  76.936  30.695  87.597  77.070  31.038  87.605  77.101
0.86  0.86  0.86 7
  -0.199   0.613   0.765  -0.195   0.491   0.849   0.008   0.501   0.866 1
  30.686  87.787  76.936  31.038  87.605  77.101  31.038  87.808  76.965
0.86  0.86  0.86 7
  -0.199   0.613   0.765   0.008   0.501   0.866   0.006   0.623   0.782 1
  31.038  87.808  76.965  31.038  87.605  77.101  31.380  87.594  77.065
0.86  0.86  0.86 7
   0.006   0.623   0.782   0.008   0.501   0.866   0.221   0.500   0.837 1
  31.038  87.808  76.965  31.380  87.594  77.065  31.389  87.783  76.931
0.86  0.86  0.86 7
   0.006   0.623   0.782   0.221   0.500   0.837   0.226   0.600   0.767 1
  31.558  87.426  77.089  31.758  87.460  76.978  31.380  87.594  77.065
0.86  0.86  0.86 7
   0.330   0.358   0.874   0.456   0.428   0.780   0.221   0.500   0.837 1
  31.380  87.594  77.065  31.758  87.460  76.978  31.389  87.783  76.931
0.86  0.86  0.86 7
   0.221   0.500   0.837   0.456   0.428   0.780   0.226   0.600   0.767 1
  31.389  87.783  76.931  31.758  87.460  76.978  31.691  87.726  76.850
0.86  0.86  0.86 7
   0.226   0.600   0.767   0.456   0.428   0.780   0.384   0.577   0.721 1
  31.691  87.726  76.850  31.758  87.460  76.978  31.875  87.742  76.707
0.86  0.86  0.86 7
   0.384   0.577   0.721   0.456   0.428   0.780   0.523   0.584   0.621 1
  31.875  87.742  76.707  31.758  87.460  76.978  32.037  87.573  76.703
0.86  0.86  0.86 7
   0.523   0.584   0.621   0.456   0.428   0.780   0.627   0.476   0.617 1
  32.037  87.573  76.703  31.758  87.460  76.978  32.015  87.395  76.836
0.86  0.86  0.86 7
   0.627   0.476   0.617   0.456   0.428   0.780   0.620   0.326   0.713 1
  32.037  87.573  76.703  32.015  87.395  76.836  32.168  87.394  76.679
0.86  0.86  0.86 7
   0.627   0.476   0.617   0.620   0.326   0.713   0.741   0.341   0.579 1
  30.379  87.732  76.858  30.376  87.900  76.697  30.192  87.750  76.716
0.86  0.86  0.86 7
  -0.391   0.556   0.733  -0.396   0.679   0.618  -0.514   0.609   0.604 1
  30.684  87.969  76.766  30.376  87.900  76.697  30.686  87.787  76.936
0.86  0.86  0.86 7
  -0.202   0.720   0.664  -0.396   0.679   0.618  -0.199   0.613   0.765 1
  30.686  87.787  76.936  30.376  87.900  76.697  30.379  87.732  76.858
0.86  0.86  0.86 7
  -0.199   0.613   0.765  -0.396   0.679   0.618  -0.391   0.556   0.733 1
  31.038  87.995  76.792  30.684  87.969  76.766  31.038  87.808  76.965
0.86  0.86  0.86 7
   0.008   0.736   0.677  -0.202   0.720   0.664   0.006   0.623   0.782 1
  31.038  87.808  76.965  30.684  87.969  76.766  30.686  87.787  76.936
0.86  0.86  0.86 7
   0.006   0.623   0.782  -0.202   0.720   0.664  -0.199   0.613   0.765 1
  31.391  87.965  76.762  31.038  87.995  76.792  31.389  87.783  76.931
0.86  0.86  0.86 7
   0.218   0.720   0.659   0.008   0.736   0.677   0.226   0.600   0.767 1
  31.389  87.783  76.931  31.038  87.995  76.792  31.038  87.808  76.965
0.86  0.86  0.86 7
   0.226   0.600   0.767   0.008   0.736   0.677   0.006   0.623   0.782 1
  31.694  87.893  76.690  31.391  87.965  76.762  31.691  87.726  76.850
0.86  0.86  0.86 7
   0.410   0.692   0.594   0.218   0.720   0.659   0.384   0.577   0.721 1
  31.691  87.726  76.850  31.391  87.965  76.762  31.389  87.783  76.931
0.86  0.86  0.86 7
   0.384   0.577   0.721   0.218   0.720   0.659   0.226   0.600   0.767 1
  31.694  87.893  76.690  31.691  87.726  76.850  31.875  87.742  76.707
0.86  0.86  0.86 7
   0.410   0.692   0.594   0.384   0.577   0.721   0.523   0.584   0.621 1
  30.730  86.111  77.115  30.539  86.074  77.035  30.714  85.931  77.003
0.86  0.86  0.86 7
  -0.165  -0.416   0.894  -0.367  -0.439   0.820  -0.191  -0.548   0.814 1
  30.714  85.931  77.003  31.038  85.913  77.027  31.038  86.101  77.139
0.86  0.86  0.86 7
  -0.191  -0.548   0.814   0.009  -0.568   0.823   0.010  -0.436   0.900 1
  30.714  85.931  77.003  31.038  86.101  77.139  30.730  86.111  77.115
0.86  0.86  0.86 7
  -0.191  -0.548   0.814   0.010  -0.436   0.900  -0.165  -0.416   0.894 1
  31.038  85.913  77.027  31.360  85.934  76.998  31.345  86.113  77.110
0.86  0.86  0.86 7
   0.009  -0.568   0.823   0.210  -0.575   0.791   0.175  -0.446   0.878 1
  31.038  85.913  77.027  31.345  86.113  77.110  31.038  86.101  77.139
0.86  0.86  0.86 7
   0.009  -0.568   0.823   0.175  -0.446   0.878   0.010  -0.436   0.900 1
  31.535  86.077  77.030  31.345  86.113  77.110  31.360  85.934  76.998
0.86  0.86  0.86 7
   0.321  -0.450   0.834   0.175  -0.446   0.878   0.210  -0.575   0.791 1
  30.403  86.428  77.129  30.212  86.409  77.026  30.372  86.241  77.036
0.86  0.86  0.86 7
  -0.358  -0.256   0.898  -0.491  -0.258   0.832  -0.421  -0.432   0.797 1
  30.372  86.241  77.036  30.539  86.074  77.035  30.403  86.428  77.129
0.86  0.86  0.86 7
  -0.421  -0.432   0.797  -0.367  -0.439   0.820  -0.358  -0.256   0.898 1
  30.701  86.403  77.218  30.403  86.428  77.129  30.539  86.074  77.035
0.86  0.86  0.86 7
  -0.201  -0.254   0.946  -0.358  -0.256   0.898  -0.367  -0.439   0.820 1
  30.701  86.403  77.218  30.539  86.074  77.035  30.730  86.111  77.115
0.86  0.86  0.86 7
  -0.201  -0.254   0.946  -0.367  -0.439   0.820  -0.165  -0.416   0.894 1
  30.701  86.403  77.218  30.730  86.111  77.115  31.038  86.395  77.250
0.86  0.86  0.86 7
  -0.201  -0.254   0.946  -0.165  -0.416   0.894   0.011  -0.256   0.967 1
  31.038  86.395  77.250  30.730  86.111  77.115  31.038  86.101  77.139
0.86  0.86  0.86 7
   0.011  -0.256   0.967  -0.165  -0.416   0.894   0.010  -0.436   0.900 1
  31.038  86.395  77.250  31.038  86.101  77.139  31.374  86.404  77.213
0.86  0.86  0.86 7
   0.011  -0.256   0.967   0.010  -0.436   0.900   0.226  -0.266   0.937 1
  31.374  86.404  77.213  31.038  86.101  77.139  31.345  86.113  77.110
0.86  0.86  0.86 7
   0.226  -0.266   0.937   0.010  -0.436   0.900   0.175  -0.446   0.878 1
  31.535  86.077  77.030  31.704  86.240  77.036  31.669  86.430  77.120
0.86  0.86  0.86 7
   0.321  -0.450   0.834   0.449  -0.367   0.815   0.370  -0.255   0.893 1
  31.535  86.077  77.030  31.669  86.430  77.120  31.374  86.404  77.213
0.86  0.86  0.86 7
   0.321  -0.450   0.834   0.370  -0.255   0.893   0.226  -0.266   0.937 1
  31.535  86.077  77.030  31.374  86.404  77.213  31.345  86.113  77.110
0.86  0.86  0.86 7
   0.321  -0.450   0.834   0.226  -0.266   0.937   0.175  -0.446   0.878 1
  31.856  86.413  77.015  31.669  86.430  77.120  31.704  86.240  77.036
0.86  0.86  0.86 7
   0.516  -0.253   0.818   0.370  -0.255   0.893   0.449  -0.367   0.815 1
  30.182  86.740  77.068  30.212  86.409  77.026  30.386  86.740  77.174
0.86  0.86  0.86 7
  -0.528  -0.052   0.848  -0.491  -0.258   0.832  -0.382  -0.052   0.923 1
  30.386  86.740  77.174  30.212  86.409  77.026  30.403  86.428  77.129
0.86  0.86  0.86 7
  -0.382  -0.052   0.923  -0.491  -0.258   0.832  -0.358  -0.256   0.898 1
  30.386  86.740  77.174  30.403  86.428  77.129  30.688  86.740  77.270
0.86  0.86  0.86 7
  -0.382  -0.052   0.923  -0.358  -0.256   0.898  -0.202  -0.050   0.978 1
  30.688  86.740  77.270  30.403  86.428  77.129  30.701  86.403  77.218
0.86  0.86  0.86 7
  -0.202  -0.050   0.978  -0.358  -0.256   0.898  -0.201  -0.254   0.946 1
  30.688  86.740  77.270  30.701  86.403  77.218  31.038  86.740  77.306
0.86  0.86  0.86 7
  -0.202  -0.050   0.978  -0.201  -0.254   0.946   0.009  -0.050   0.999 1
  31.038  86.740  77.306  30.701  86.403  77.218  31.038  86.395  77.250
0.86  0.86  0.86 7
   0.009  -0.050   0.999  -0.201  -0.254   0.946   0.011  -0.256   0.967 1
  31.038  86.740  77.306  31.038  86.395  77.250  31.387  86.740  77.265
0.86  0.86  0.86 7
   0.009  -0.050   0.999   0.011  -0.256   0.967   0.217  -0.053   0.975 1
  31.387  86.740  77.265  31.038  86.395  77.250  31.374  86.404  77.213
0.86  0.86  0.86 7
   0.217  -0.053   0.975   0.011  -0.256   0.967   0.226  -0.266   0.937 1
  31.387  86.740  77.265  31.374  86.404  77.213  31.685  86.740  77.164
0.86  0.86  0.86 7
   0.217  -0.053   0.975   0.226  -0.266   0.937   0.397  -0.087   0.914 1
  31.685  86.740  77.164  31.374  86.404  77.213  31.669  86.430  77.120
0.86  0.86  0.86 7
   0.397  -0.087   0.914   0.226  -0.266   0.937   0.370  -0.255   0.893 1
  31.856  86.413  77.015  31.885  86.740  77.056  31.685  86.740  77.164
0.86  0.86  0.86 7
   0.516  -0.253   0.818   0.538  -0.052   0.841   0.397  -0.087   0.914 1
  31.856  86.413  77.015  31.685  86.740  77.164  31.669  86.430  77.120
0.86  0.86  0.86 7
   0.516  -0.253   0.818   0.397  -0.087   0.914   0.370  -0.255   0.893 1
  30.193  87.078  77.053  30.182  86.740  77.068  30.390  87.061  77.160
0.86  0.86  0.86 7
  -0.523   0.157   0.837  -0.528  -0.052   0.848  -0.380   0.153   0.912 1
  30.390  87.061  77.160  30.182  86.740  77.068  30.386  86.740  77.174
0.86  0.86  0.86 7
  -0.380   0.153   0.912  -0.528  -0.052   0.848  -0.382  -0.052   0.923 1
  30.390  87.061  77.160  30.386  86.740  77.174  30.693  87.085  77.251
0.86  0.86  0.86 7
  -0.380   0.153   0.912  -0.382  -0.052   0.923  -0.200   0.160   0.967 1
  30.693  87.085  77.251  30.386  86.740  77.174  30.688  86.740  77.270
0.86  0.86  0.86 7
  -0.200   0.160   0.967  -0.382  -0.052   0.923  -0.202  -0.050   0.978 1
  30.693  87.085  77.251  30.688  86.740  77.270  31.038  87.093  77.285
0.86  0.86  0.86 7
  -0.200   0.160   0.967  -0.202  -0.050   0.978   0.008   0.163   0.987 1
  31.038  87.093  77.285  30.688  86.740  77.270  31.038  86.740  77.306
0.86  0.86  0.86 7
   0.008   0.163   0.987  -0.202  -0.050   0.978   0.009  -0.050   0.999 1
  31.038  87.093  77.285  31.038  86.740  77.306  31.382  87.084  77.246
0.86  0.86  0.86 7
   0.008   0.163   0.987   0.009  -0.050   0.999   0.228   0.176   0.958 1
  31.382  87.084  77.246  31.038  86.740  77.306  31.387  86.740  77.265
0.86  0.86  0.86 7
   0.228   0.176   0.958   0.009  -0.050   0.999   0.217  -0.053   0.975 1
  31.382  87.084  77.246  31.387  86.740  77.265  31.675  87.066  77.152
0.86  0.86  0.86 7
   0.228   0.176   0.958   0.217  -0.053   0.975   0.396   0.112   0.911 1
  31.675  87.066  77.152  31.387  86.740  77.265  31.685  86.740  77.164
0.86  0.86  0.86 7
   0.396   0.112   0.911   0.217  -0.053   0.975   0.397  -0.087   0.914 1
  31.885  86.740  77.056  31.875  87.074  77.042  31.675  87.066  77.152
0.86  0.86  0.86 7
   0.538  -0.052   0.841   0.547   0.133   0.827   0.396   0.112   0.911 1
  31.885  86.740  77.056  31.675  87.066  77.152  31.685  86.740  77.164
0.86  0.86  0.86 7
   0.538  -0.052   0.841   0.396   0.112   0.911   0.397  -0.087   0.914 1
  30.240  87.388  76.983  30.193  87.078  77.053  30.422  87.373  77.085
0.86  0.86  0.86 7
  -0.506   0.349   0.789  -0.523   0.157   0.837  -0.380   0.312   0.871 1
  30.422  87.373  77.085  30.193  87.078  77.053  30.390  87.061  77.160
0.86  0.86  0.86 7
  -0.380   0.312   0.871  -0.523   0.157   0.837  -0.380   0.153   0.912 1
  30.422  87.373  77.085  30.390  87.061  77.160  30.714  87.392  77.170
0.86  0.86  0.86 7
  -0.380   0.312   0.871  -0.380   0.153   0.912  -0.226   0.340   0.913 1
  30.714  87.392  77.170  30.390  87.061  77.160  30.693  87.085  77.251
0.86  0.86  0.86 7
  -0.226   0.340   0.913  -0.380   0.153   0.912  -0.200   0.160   0.967 1
  30.714  87.392  77.170  30.693  87.085  77.251  31.038  87.404  77.199
0.86  0.86  0.86 7
  -0.226   0.340   0.913  -0.200   0.160   0.967  -0.026   0.352   0.936 1
  31.038  87.404  77.199  30.693  87.085  77.251  31.038  87.093  77.285
0.86  0.86  0.86 7
  -0.026   0.352   0.936  -0.200   0.160   0.967   0.008   0.163   0.987 1
  31.038  87.404  77.199  31.038  87.093  77.285  31.360  87.390  77.164
0.86  0.86  0.86 7
  -0.026   0.352   0.936   0.008   0.163   0.987   0.171   0.345   0.923 1
  31.360  87.390  77.164  31.038  87.093  77.285  31.382  87.084  77.246
0.86  0.86  0.86 7
   0.171   0.345   0.923   0.008   0.163   0.987   0.228   0.176   0.958 1
  31.360  87.390  77.164  31.382  87.084  77.246  31.558  87.426  77.089
0.86  0.86  0.86 7
   0.171   0.345   0.923   0.228   0.176   0.958   0.330   0.358   0.874 1
  31.558  87.426  77.089  31.382  87.084  77.246  31.729  87.258  77.079
0.86  0.86  0.86 7
   0.330   0.358   0.874   0.228   0.176   0.958   0.442   0.283   0.851 1
  31.729  87.258  77.079  31.382  87.084  77.246  31.675  87.066  77.152
0.86  0.86  0.86 7
   0.442   0.283   0.851   0.228   0.176   0.958   0.396   0.112   0.911 1
  31.729  87.258  77.079  31.675  87.066  77.152  31.875  87.074  77.042
0.86  0.86  0.86 7
   0.442   0.283   0.851   0.396   0.112   0.911   0.547   0.133   0.827 1
  30.422  87.373  77.085  30.399  87.545  76.995  30.240  87.388  76.983
0.86  0.86  0.86 7
  -0.380   0.312   0.871  -0.387   0.449   0.805  -0.506   0.349   0.789 1
  30.695  87.597  77.070  30.399  87.545  76.995  30.714  87.392  77.170
0.86  0.86  0.86 7
  -0.195   0.491   0.849  -0.387   0.449   0.805  -0.226   0.340   0.913 1
  30.714  87.392  77.170  30.399  87.545  76.995  30.422  87.373  77.085
0.86  0.86  0.86 7
  -0.226   0.340   0.913  -0.387   0.449   0.805  -0.380   0.312   0.871 1
  31.038  87.605  77.101  30.695  87.597  77.070  31.038  87.404  77.199
0.86  0.86  0.86 7
   0.008   0.501   0.866  -0.195   0.491   0.849  -0.026   0.352   0.936 1
  31.038  87.404  77.199  30.695  87.597  77.070  30.714  87.392  77.170
0.86  0.86  0.86 7
  -0.026   0.352   0.936  -0.195   0.491   0.849  -0.226   0.340   0.913 1
  31.380  87.594  77.065  31.038  87.605  77.101  31.360  87.390  77.164
0.86  0.86  0.86 7
   0.221   0.500   0.837   0.008   0.501   0.866   0.171   0.345   0.923 1
  31.360  87.390  77.164  31.038  87.605  77.101  31.038  87.404  77.199
0.86  0.86  0.86 7
   0.171   0.345   0.923   0.008   0.501   0.866  -0.026   0.352   0.936 1
  31.380  87.594  77.065  31.360  87.390  77.164  31.558  87.426  77.089
0.86  0.86  0.86 7
   0.221   0.500   0.837   0.171   0.345   0.923   0.330   0.358   0.874

                                                                            ()
